ex:monk/a_nan","Tôn Giả A Nan"
"ex:monk/a_tung_thanh","Á Tùng Thánh"
"ex:monk/ai_tri","Ðại Trí"
"ex:monk/am_chu_dong_phong","Am Chủ Đồng Phong"
"ex:monk/am_chu_dong_phong_dong_phong","Đồng Phong"
"ex:monk/am_chu_ho_khe","Am Chủ Hổ Khê"
"ex:monk/am_chu_phuc_bon","Am Chủ Phúc Bồn"
"ex:monk/am_chu_sam_duong","Am Chủ Sam Dương"
"ex:monk/am_chu_sam_duong_am_chu_sam_duong","Am Chủ Sam Dương"
"ex:monk/am_chu_sam_duong_sam_duong_phap_tu","Sam Dương Pháp tự"
"ex:monk/am_chu_sam_duong_thien_su","Thiền Sư"
"ex:monk/am_chu_tu_ngon","Am Chủ Tử Ngôn"
"ex:monk/an_bao_chanh_nhon","Ấn Bảo Chánh Nhơn"
"ex:monk/an_binh_buu_quang","Ấn Bình Bửu Quang"
"ex:monk/an_binh_pho_bao","Ấn Bính Phổ Bảo"
"ex:monk/an_bon_vinh_gia","Ấn Bổn Vĩnh Gia"
"ex:monk/an_chanh_hue_minh","Ấn Chánh Huệ Minh"
"ex:monk/an_chanh_to_nghi","Ấn Chánh Tổ Nghị"
"ex:monk/an_chat_pho_tinh","Ấn Chất Phổ Tịnh"
"ex:monk/an_chau_cuu_tong_son","An Châu Cửu Tông Sơn"
"ex:monk/an_chau_dai_an_tinh","An Châu Đại An Tỉnh"
"ex:monk/an_chau_dien_phuoc","An Châu Diên Phước"
"ex:monk/an_chau_muc","An Châu Mục"
"ex:monk/an_chi_hoang_chinh","Ấn Chí Hoằng Chỉnh"
"ex:monk/an_chieu_duong_niem","Ấn Chiếu Đương Niệm"
"ex:monk/an_cu_hoang_tri","Ấn Cứ Hoằng Tri"
"ex:monk/an_dai_van_hanh","Ấn Đại Vạn Hạnh"
"ex:monk/an_dieu_tu_nhan","Ấn Diệu Từ Nhẫn"
"ex:monk/an_dinh_hue_dang","Ấn Định Huệ Đăng"
"ex:monk/an_doan_hoang_nghia","Ấn Đoan Hoằng Nghĩa"
"ex:monk/an_du_pho_quang","Ấn Du Phổ Quang"
"ex:monk/an_duc_tu_hang","Ấn Đức Từ Hàng"
"ex:monk/an_hoa_pho_hue","Ấn Hoa Phổ Huệ"
"ex:monk/an_hoa_pho_hue","Ấn Hoa Phổ Huệ"
"ex:monk/an_hoa_to_duong","Ấn Hoa Tổ Đường"
"ex:monk/an_hoa_van_nhat","An Hóa Văn Nhất"
"ex:monk/an_hong_to_nhu","Ấn Hồng Tổ Như"
"ex:monk/an_huong_phap_nhan","Ấn Hướng Pháp Nhãn"
"ex:monk/an_kim_hoang_tinh","Ấn Kim Hoằng Tịnh"
"ex:monk/an_lan_tu_tri","Ấn Lan Từ Trí"
"ex:monk/an_lanh_hoang_thac","Ấn Lãnh Hoằng Thạc"
"ex:monk/an_long_thien_quoi","Ấn Long Thiện Quới"
"ex:monk/an_luan_hoang_hoa","Ấn Luân Hoằng Hóa"
"ex:monk/an_muc_hoang_cam","Ấn Mục Hoằng Cam"
"ex:monk/an_ngan_tin_thanh","Ấn Ngân Tín Thành"
"ex:monk/an_nghiem_pho_thoai","Ấn Nghiêm Phổ Thoại"
"ex:monk/an_ngoc_huyen_chon","Ấn Chiếu Đương Niệm"
"ex:monk/an_ngoc_huyen_chon","Ấn Ngọc Huyền Chơn"
"ex:monk/an_ngu_quang_loi","Ấn Ngữ Quảng Lợi"
"ex:monk/an_nhat_hoang_tin","Ấn Nhật Hoằng Tín"
"ex:monk/an_nhu_hue_huong","Ấn Như Huệ Hương"
"ex:monk/an_phuoc_chi_thanh","Ấn Phước Chí Thành"
"ex:monk/an_phuoc_dien_huu","An Phước Diên Hưu"
"ex:monk/an_phuong_hue_dieu","Ấn Phương Huệ Diệu"
"ex:monk/an_quoc_hoang_thao","An Quốc Hoằng Thao"
"ex:monk/an_quoc_huyen_dinh","An Quốc Huyền Đĩnh"
"ex:monk/an_quoc_tue_cau","An Quốc Tuệ Cầu"
"ex:monk/an_quoc_tung_quy","An Quốc Tùng Quý"
"ex:monk/an_tam_dieu_nghia","Ấn Tâm Diệu Nghĩa"
"ex:monk/an_tam_dieu_nghia","Ấn Tâm Diệu Nghĩa"
"ex:monk/an_tham_hoang_phuc","Ấn Tham Hoằng Phúc"
"ex:monk/an_thanh_chi_thanh","Ấn Thanh Chí Thành"
"ex:monk/an_thanh_huyen_an","Ấn Thành Huyền An"
"ex:monk/an_thi_hoang_quan","Ấn Thị Hoằng Quán"
"ex:monk/an_thien_hue_nhan","Ấn Thiên Huệ Nhãn"
"ex:monk/an_thuc_chanh_truc","Ấn Thức Chánh Trực"
"ex:monk/an_tin_hue_nhat","Ấn Tín Huệ Nhật"
"ex:monk/an_tinh_hoang_thanh","Ấn Tịnh Hoằng Thanh"
"ex:monk/an_tinh_ngan_sam","Ẩn Tỉnh Ngạn Sầm"
"ex:monk/an_to_phuoc_minh","Ấn Tổ Phước Minh"
"ex:monk/an_tri_minh_giac","Ấn Trí Minh Giác"
"ex:monk/an_triem_tu_minh","Thích Ấn Lực"
"ex:monk/an_triem_tu_minh","Ấn Triêm Từ Minh"
"ex:monk/an_tung_hoang_niem","Ấn Tụng Hoằng Niệm"
"ex:monk/an_vo_chanh_giac","Ấn Võ Chánh Giác"
"ex:monk/anh_chau_dai_dung_yen","Anh Châu Đại Dung Yên"
"ex:monk/anh_chau_quan_am","Anh Châu Quán Âm"
"ex:monk/anh_cong_ha_tung","Anh Công Hạ Tủng"
"ex:monk/anh_cong_ha_tung","Cư Sĩ Anh Công Hạ Tủng"
"ex:monk/ba_lang_hao_giam","Ba Lăng Hạo Giám"
"ex:monk/ba_nhan_minh_triet","Bá Nhan Minh Triết"
"ex:monk/ba_tieu_coc_tuyen","Ba Tiêu Cốc Tuyền"
"ex:monk/ba_tieu_hoang_nghia","Ba Tiêu Hoằng Nghĩa"
"ex:monk/ba_tieu_hue_thanh","Ba Tiêu Huệ Thanh"
"ex:monk/ba_tu_ban_dau","Tôn Giả Bà Tu Bàn Đầu"
"ex:monk/ba_tu_mat","Tôn Giả Bà Tu Mật"
"ex:monk/ba_xa_tu_da","Bà Xá Tư Đa"
"ex:monk/ba_xa_tu_da","Tôn Giả Bà Xá Tư Đa"
"ex:monk/bac_giang_tay_lan_nhuong","Bắc Giang Tây Lan Nhượng"
"ex:monk/bac_son_nguyen_lai","Bác Sơn Nguyên Lai"
"ex:monk/bac_son_phap_thong","Bắc Sơn Pháp Thông"
"ex:monk/bac_son_tu_kinh","Bắc Sơn Tử Kinh"
"ex:monk/bac_thien_duy_truc","Bắc Thiền Duy Trực"
"ex:monk/bac_thien_tong_giac","Bắc Thiền Tông Giác"
"ex:monk/bac_trieu_phap_thong","Bắc Triệu Pháp Thông"
"ex:monk/bach_duong_phap_thuan","Bạch Dương Pháp Thuận"
"ex:monk/bach_linh","Bách Linh"
"ex:monk/bach_loc_hien_doan","Bạch Lộc Hiển Ðoan"
"ex:monk/bach_loc_su_quy","Bạch Lộc Sư Quý"
"ex:monk/bach_long_dao_hy","Bạch Long Đạo Hy"
"ex:monk/bach_ma_dam_chieu","Bạch Mã Đàm Chiếu"
"ex:monk/bach_ma_don_nho","Bạch Mã Độn Nho"
"ex:monk/bach_ma_hanh_ai","Bạch Mã Hành Ái"
"ex:monk/bach_ma_hy","Bạch Mã Hy"
"ex:monk/bach_ma_quy_hy","Bạch Mã Quy Hỷ"
"ex:monk/bach_ma_quy_xuan","Bạch Mã Quy Xuân"
"ex:monk/bach_nham_minh_triet","Bách Nham Minh Triết"
"ex:monk/bach_nhan_minh_triet","Bách Nhan Minh Triết"
"ex:monk/bach_tao_nghiem","Bạch Tảo Nghiễm"
"ex:monk/bach_thuy_bon_nhan","Bạch Thủy Bổn Nhân"
"ex:monk/bach_thuy_nhu_tan","Bạch Thủy Như Tân"
"ex:monk/bach_thuy_tu_di","Bạch Thủy Tu Dĩ"
"ex:monk/bach_trieu_chi_vien","Bạch Triệu Chỉ Viên"
"ex:monk/bach_trieu_hoai_so","Bạch Triệu Hoài Sở"
"ex:monk/bach_truong_di_the","Bách Trượng Dĩ Thê"
"ex:monk/bach_truong_duy_chanh","Bách Trượng Duy Chánh"
"ex:monk/bach_truong_duy_chinh","Bách Trượng Duy Chính"
"ex:monk/bach_truong_duy_co","Bách Trượng Duy Cổ"
"ex:monk/bach_truong_hoai_hai","Bách Trượng Hoài Hải"
"ex:monk/bach_truong_nguyen_tuc","Bách Trượng Nguyên Túc"
"ex:monk/bach_truong_xiem","Bách Trượng Xiêm"
"ex:monk/bach_tu_duc_tung","Bách Tử Ðức Tung"
"ex:monk/bach_van_khong_do","Bích Thiên Thanh Không"
"ex:monk/bach_van_khong_do","Bạch Vân Không Độ"
"ex:monk/bach_van_khong_do","Nguyệt Khê Diệu Trừng"
"ex:monk/bach_van_khong_do","Vô Huyễn Tịnh Xung"
"ex:monk/bach_van_khong_do","Vô Tận Tuệ Hải"
"ex:monk/bach_van_khong_do","Đột Không Trí Bản"
"ex:monk/bach_van_linh_yem","Bạch Vân Linh Yểm"
"ex:monk/bach_van_thu_doan","Bạch Vân Thủ Đoan"
"ex:monk/bach_van_thu_doan","Long Hoa Cao"
"ex:monk/bach_van_tri_tac","Bạch Vân Trí Tác"
"ex:monk/bach_van_vo_huu","Bạch Vân Vô Hưu"
"ex:monk/ban_giac_nha_chau","Bản Giác Nhã Châu"
"ex:monk/ban_long_kha_van","Bàn Long Khả Văn"
"ex:monk/ban_nha_tinh_lu","Ban Nhã Tịnh Lữ"
"ex:monk/ban_son_bao_tich","Bàn Sơn Bảo Tích"
"ex:monk/ban_tich_van_quan","Bản Tịch Văn Quan"
"ex:monk/banh_chau_thien_thai","Bành Châu Thiên Thai"
"ex:monk/banh_nhu_lam","Cư Sĩ Gián Nghị Bành Nhữ Lâm"
"ex:monk/bao_an_bao_tu","Báo Ân Bảo Tư"
"ex:monk/bao_an_hanh_sung","Báo Ân Hạnh Sùng"
"ex:monk/bao_an_hoai_nhac","Báo Ân Hoài Nhạc"
"ex:monk/bao_an_huyen_tac","Báo Ân Huyền Tắc"
"ex:monk/bao_an_kha_phong","Bảo An Khả Phong"
"ex:monk/bao_an_phap_an","Báo Ân Pháp An"
"ex:monk/bao_an_phap_dien","Báo Ân Pháp Diễn"
"ex:monk/bao_an_sieu","Bảo An Siêu"
"ex:monk/bao_an_su_mat","Bảo An Sư Mật"
"ex:monk/bao_an_thanh","Báo Ân Thành"
"ex:monk/bao_an_thanh","Thanh Nguyên Như"
"ex:monk/bao_an_thanh_ho","Báo Ân Thanh Hộ"
"ex:monk/bao_an_thong","Báo Ân Thông"
"ex:monk/bao_an_tue_minh","Báo Ân Tuệ Minh"
"ex:monk/bao_ban_tue_nguyen","Báo Bản Tuệ Nguyên"
"ex:monk/bao_cai_tu_can","Bảo Cái Tử Cần"
"ex:monk/bao_chan","Bảo Chân"
"ex:monk/bao_hoa_hien","Bảo Hoa Hiển"
"ex:monk/bao_hoa_pho_giam","Bảo Hoa Phổ Giám"
"ex:monk/bao_ninh_hung_du","Bảo Ninh Hưng Dự"
"ex:monk/bao_ninh_nhan_dung","Bảo Ninh Nhân Dũng"
"ex:monk/bao_ninh_vien_co","Bảo Ninh Viên Cơ"
"ex:monk/bao_phong_duy_chieu","Bảo Phong Duy Chiếu"
"ex:monk/bao_phuoc_ban_quyen","Bảo Phước Bản Quyền"
"ex:monk/bao_phuoc_ban_quyen","Tuệ An Tuệ Uyên"
"ex:monk/bao_phuoc_kha_tru","Bảo Phước Khả Trù"
"ex:monk/bao_phuoc_ngo","Bảo Phước Ngộ"
"ex:monk/bao_phuoc_sieu_ngo","Bảo Phước Siêu Ngộ"
"ex:monk/bao_phuoc_thanh_khoat","Bảo Phước Thanh Khoát"
"ex:monk/bao_phuoc_thu","Bảo Phước Thù"
"ex:monk/bao_phuoc_tung_trien","Bảo Phước Tùng Triển"
"ex:monk/bao_tang_ban","Bảo Tạng Bản"
"ex:monk/bao_than_huu_thuy","Bao Thân Hữu Thụy"
"ex:monk/bao_than_tong_du","Bao Thân Tông Dụ"
"ex:monk/bao_thap_thieu_nham","Bảo Tháp Thiệu Nham"
"ex:monk/bao_tho","Bảo Thọ (Đời thứ 2)"
"ex:monk/bao_tho","Bảo Thọ"
"ex:monk/bao_tho_dien_chieu","Bảo Thọ Diên Chiểu"
"ex:monk/bao_tho_toi_lac","Bảo Thọ Tối Lạc"
"ex:monk/bao_thong","Bảo Thông"
"ex:monk/bao_tu_hanh_ngon","Báo Từ Hành Ngôn"
"ex:monk/bao_tu_quang_van","Báo Từ Quang Vân"
"ex:monk/bao_tu_tan_anh","Báo Từ Tấn Anh"
"ex:monk/bao_tu_tue_lang","Báo Từ Tuệ Lãng"
"ex:monk/bao_tu_tung_hoai","Báo Từ Tùng Hoài"
"ex:monk/bao_tu_van_kham","Báo Từ Văn Khâm"
"ex:monk/bao_tu_van_toai","Báo Từ Văn Toại"
"ex:monk/bao_ung_phap_chieu","Bảo Ứng Pháp Chiêu"
"ex:monk/bat_nha_da_la","Tôn Giả Bát Nhã Đa La"
"ex:monk/bat_nha_khai_nhu","Bát Nhã Khải Nhu"
"ex:monk/bat_nha_kinh_tuan","Bát Nhã Kỉnh Tuân"
"ex:monk/bat_nha_thien_doan","Bát Nhã Thiện Ðoan"
"ex:monk/bat_nha_tung_tan","Bát Nhã Tùng Tấn"
"ex:monk/bat_nhu_mat_da","Tôn Giả Bất Như Mật Đa"
"ex:monk/bich_phong_tanh_kim","Bích Phong Tánh Kim"
"ex:monk/bich_thien_thanh_khong","Bích Thiên Thanh Không"
"ex:monk/bien_dam_hieu_lieu","Biển Đam Hiểu Liễu"
"ex:monk/bien_dam_hieu_lieu","Tây Vực Quật Đa Tam Tạng"
"ex:monk/bo_de_dat_ma","Tôn Giả Bồ Đề Đạt Ma"
"ex:monk/bo_de_quang_dung","Bồ Đề Quang Dụng"
"ex:monk/bo_tat_long_tho","Bồ Tát Long Thọ"
"ex:monk/bo_tat_long_tho_klusgrub","Klu-sgrub"
"ex:monk/bo_tat_long_tho_long_manh","Long Mãnh"
"ex:monk/bo_tat_long_tho_long_shu","龍樹"
"ex:monk/bo_tat_long_tho_long_thang","Long Thăng"
"ex:monk/bo_tat_long_tho_nagarjuna","Nāgārjuna"
"ex:monk/bo_tat_long_tho_ryuju","Ryūju"
"ex:monk/bo_tat_long_tho_thien_su","Thiền sư"
"ex:monk/bo_tat_ma_minh","Bồ Tát Mã Minh"
"ex:monk/bo_tat_ma_minh_asvaghosa","aśvaghoṣa"
"ex:monk/bo_tat_ma_minh_cong_thang","Công Thắng"
"ex:monk/bo_tat_ma_minh_ma_ming","馬鳴"
"ex:monk/bo_tat_ma_minh_rtadbyans","Rta-dbyans"
"ex:monk/bon_binh_dao_dat","Bổn Bình Đạo Đạt"
"ex:monk/bon_dong","Bổn Đồng"
"ex:monk/bon_khe","Bổn Khê"
"ex:monk/bon_luong","Bổn Lượng"
"ex:monk/bon_qua_khoang_vien","Bổn Quả Khoáng Viên"
"ex:monk/bon_tri_minh_giac","Bổn Trí Minh Giác"
"ex:monk/bon_tru","Bổn Trú"
"ex:monk/bong_lai_khanh","Bồng Lai Khanh"
"ex:monk/bong_lai_vien","Bồng Lai Viên"
"ex:monk/bui_huu","Tướng Quốc Bùi Hưu"
"ex:monk/ca_na_de_ba","Tôn Giả Ca Na Đề Bà"
"ex:monk/ca_ty_ma_la","Tôn Giả Ca Tỳ Ma La"
"ex:monk/cac_chau_thu_son","Các Châu Thự Sơn"
"ex:monk/cam_dam_tu_quoc","Cảm Đàm Tư Quốc"
"ex:monk/cam_thanh","Cảm Thành"
"ex:monk/can_le","Cận Lễ"
"ex:monk/can_minh_co_thong","Càn Minh Cơ Thông"
"ex:monk/can_nguyen_tong_dinh","Càn Nguyên Tông Dĩnh"
"ex:monk/can_nguyen_vien","Càn Nguyên Viên"
"ex:monk/can_phong_vien_tue","Càn Phong Viên Tuệ"
"ex:monk/can_tu_son_sung_hue","Cân Tử Sơn Sùng Huệ"
"ex:monk/canh_han_dung_tuyen","Cảnh Hân Dũng Tuyền"
"ex:monk/canh_phuoc_nhat_du","Cảnh Phước Nhật Dư"
"ex:monk/canh_phuoc_tinh_duyet","Cảnh Phước Tỉnh Duyệt"
"ex:monk/canh_son_cu","Cảnh Sơn Cư"
"ex:monk/canh_thanh_cu_to","Cảnh Thanh Cư Tố"
"ex:monk/cao_am_vien_thanh","Cao Am Viên Thanh"
"ex:monk/cao_an_dai_ngu","Cao An Đại Ngu"
"ex:monk/cao_duong_phap_quang","Cao Dương Pháp Quảng"
"ex:monk/cao_ly_linh_giam","Cao Ly Linh Giám"
"ex:monk/cao_phong_nguyen_dieu","Cao Phong Nguyên Diệu"
"ex:monk/cat_chau_chi_quan","Cát Châu Chỉ Quán"
"ex:monk/cat_chau_chi_thanh","Cát Châu Chí Thành"
"ex:monk/cat_chau_gian_chi","Cát Châu Giản Chi"
"ex:monk/cat_chau_hoa_son","Cát Châu Hòa Sơn"
"ex:monk/cat_chau_sung_an","Cát Châu Sùng Ân"
"ex:monk/cat_chau_tanh_khong","Cát Châu Tánh Không"
"ex:monk/cat_chau_thu_son","Cát Châu Thu Sơn"
"ex:monk/cat_chau_tien_cu","Cát Châu Tiên Cư"
"ex:monk/cat_chau_uong_son","Cát Châu Uông Sơn"
"ex:monk/cat_tuong_phap_tuyen","Cát Tường Pháp Tuyên"
"ex:monk/cau_khong_khe_ban","Câu Không Khế Bân"
"ex:monk/cham_phong_thanh_hoan","Chẩm Phong Thanh Hoán"
"ex:monk/chan_dao_bich_phong","Chân Đạo Bích Phong"
"ex:monk/chan_nhu_ao_hoi","Chân Như Ðạo Hội"
"ex:monk/chan_nhu_gioi_huong","Chân Như Giới Hương"
"ex:monk/chan_nhu_phuong","Chân Như Phương"
"ex:monk/chan_tue","Thiền Sư Chân Tuệ"
"ex:monk/chan_yet_thanh_lieu","Chân Yết Thanh Liễu"
"ex:monk/chanh_binh_vo_tuong","Chánh Bỉnh Vô Tướng"
"ex:monk/chanh_can_hy_phung","Chánh Cần Hy Phụng"
"ex:monk/chanh_nhac_bon_sieu","Chánh Nhạc Bổn Siêu"
"ex:monk/chanh_phap_hy_ninh","Chánh Pháp Hy Ninh"
"ex:monk/chanh_phap_kien","Chánh Pháp Kiến"
"ex:monk/chanh_truyen_huyen_huu","Chánh Truyền Huyễn Hữu"
"ex:monk/chat_sanh_tich_van","Chất Sanh Tịch Văn"
"ex:monk/chi_sieu","Chí Siêu"
"ex:monk/chieu_de_bao","Chiêu Đề Bảo"
"ex:monk/chieu_de_tue_lang","Chiều Đề Tuệ Lãng"
"ex:monk/chieu_giac_dao_nguyen","Chiêu Giác Ðạo Nguyên"
"ex:monk/chieu_giac_dao_to","Chiêu Giác Ðạo Tổ"
"ex:monk/chieu_giac_thieu_an","Chiêu Giác Thiệu Uyên"
"ex:monk/chieu_giac_thuan_bach","Chiêu Giác Thuần Bạch"
"ex:monk/chieu_giac_thuong_tong","Chiếu Giác Thường Tổng"
"ex:monk/chieu_hien_hoi_thong","Chiêu Hiền Hội Thông"
"ex:monk/chieu_hien_hoi_thong","Chiều Hiền Hội Thông"
"ex:monk/chieu_khanh_phap_nhan","Chiêu Khánh Pháp Nhân"
"ex:monk/chieu_khanh_tinh_dang","Chiêu Khánh Tỉnh Đăng"
"ex:monk/chon_an_chanh_liem","Chơn An Chánh Liêm"
"ex:monk/chon_an_duong_tin","Chơn Ấn Đương Tín"
"ex:monk/chon_bang_hue_lien","Chơn Bàng Huệ Liên"
"ex:monk/chon_bang_hue_lien","Thích Đương Dung"
"ex:monk/chon_bich_tri_huy","Chơn Bích Trí Huy"
"ex:monk/chon_bon_phuoc_khanh","Chơn Bổn  Phước Khánh"
"ex:monk/chon_bon_phuoc_khanh","Chơn Bổn Phước Khánh"
"ex:monk/chon_can_dieu_ly","Chơn Cần Diệu Lý"
"ex:monk/chon_cang_phuoc_truyen","Chơn Cang Phước Truyền"
"ex:monk/chon_canh_hue_duyet","Chơn Cảnh Huệ Duyệt"
"ex:monk/chon_canh_tri_thang","Chơn Cảnh Trí Thắng"
"ex:monk/chon_chanh_phap_tang","Chơn Chánh Pháp Tạng"
"ex:monk/chon_chat_quang_long","Chơn Chất Quang Long"
"ex:monk/chon_chau_van_thanh","Chơn Châu Vạn Thành"
"ex:monk/chon_chi_bao_tho","Chơn Chi Bảo Thọ"
"ex:monk/chon_chinh_thien_qua","Chơn Chính Thiện Quả"
"ex:monk/chon_chung_thien_qua","Chơn Chứng Thiện Quả"
"ex:monk/chon_chuyen_long_tuong","Chơn Chuyên Long Tường"
"ex:monk/chon_cong_vien_giac","Chơn Công Viên Giác"
"ex:monk/chon_dam_duong_phong","Chơn Đàm Đương Phong"
"ex:monk/chon_dang_long_huong","Chơn Đằng Long Hương"
"ex:monk/chon_danh_long_chuong","Chơn Đảnh Long Chương"
"ex:monk/chon_dao_chi_tam","Chơn Đạo Chí Tâm"
"ex:monk/chon_dat_thien_an","Chơn Đạt Thiện Ân"
"ex:monk/chon_de_duong_chi","Chơn Đề Đương Chí"
"ex:monk/chon_dien_dao_phuoc","Chơn Ðiền Ðạo Phước"
"ex:monk/chon_dien_khanh_tri","Chơn Điển Khánh Trí"
"ex:monk/chon_dien_phuoc_hau","Chơn Diễn Phước Hậu"
"ex:monk/chon_dinh_phuoc_thong","Chơn Đỉnh Phước Thông"
"ex:monk/chon_dong_duong_can","Chơn Đồng Đương Cần"
"ex:monk/chon_dung_pho_nhuan","Chơn Dung Phổ Nhuận"
"ex:monk/chon_gia_phuoc_loc","Chơn Giá Phước Lộc"
"ex:monk/chon_giac_long_hai","Chơn Giác Long Hải"
"ex:monk/chon_giam_tri_hai","Chơn Giám Trí Hải"
"ex:monk/chon_hoa_long_an","Chơn Hòa Long Ân"
"ex:monk/chon_hue_pho_tri","Chơn Huệ Phổ Trí"
"ex:monk/chon_hue_pho_tri","Chơn Huệ Phổ Trí"
"ex:monk/chon_huong_chi_bao","Chơn Hương Chí Bảo"
"ex:monk/chon_huong_duong_dat","Chơn Hương Đương Đạt"
"ex:monk/chon_huong_thien_quang","Chơn Hương Thiên Quang"
"ex:monk/chon_huy_long_quang","Chơn Huy Long Quang"
"ex:monk/chon_ien_ao_phuoc","Chơn Ðiền Ðạo Phước"
"ex:monk/chon_khai_pho_hy","Chơn Khai Phổ Hy"
"ex:monk/chon_kiet_pho_hoa","Chơn Kiết Phổ Hóa"
"ex:monk/chon_kim_buu_lien","Chơn Kim Bửu Liên"
"ex:monk/chon_kim_phap_lam","Chơn Kim Pháp Lâm"
"ex:monk/chon_kinh_phap_huong","Chơn Kinh Pháp Hương"
"ex:monk/chon_lac_long_khanh","Chơn Lạc Long Khánh"
"ex:monk/chon_lam_pho_truyen","Chơn Lâm Phổ Truyền"
"ex:monk/chon_lang_duong_khanh","Chơn Lăng Đương Khánh"
"ex:monk/chon_lich_hoang_tho","Chơn Lịch Hoằng Thọ"
"ex:monk/chon_lich_hoang_tho","Chơn Phước Phổ Đồng"
"ex:monk/chon_long_thanh_van","Chơn Long Thanh Văn"
"ex:monk/chon_luan_phuoc_hue","Chơn Luận Phước Huệ"
"ex:monk/chon_luong_duong_thai","Chơn Lượng Đương Thái"
"ex:monk/chon_man_khanh_phu","Chơn Mẫn Khánh Phú"
"ex:monk/chon_mien_tri_hung","Chơn Miên Trí Hưng"
"ex:monk/chon_minh_thien_thanh","Chơn Minh Thiện Thành"
"ex:monk/chon_ngoc_long_tri","Chơn Ngọc Long Trí"
"ex:monk/chon_nguyen_long_phuc","Chơn Nguyện Long Phúc"
"ex:monk/chon_nha_hoang_nghia","Chơn Nhã Hoằng Nghĩa"
"ex:monk/chon_nhan_phuoc_dien","Chơn Nhẫn Phước Điền"
"ex:monk/chon_nhan_phuoc_dien","Chơn Nhẫn Phước Điền"
"ex:monk/chon_nhat_quang_minh","Chơn Nhật Quang Minh"
"ex:monk/chon_phap_phuoc_tri","Chơn Pháp Phước Trí"
"ex:monk/chon_phat_long_ton","Chơn Phát Long Tôn"
"ex:monk/chon_phong_chi_tam","Chơn Phong Chí Tâm"
"ex:monk/chon_phong_chi_tam","Chơn Thật Chí Bảo"
"ex:monk/chon_phu_bich_lam","Chơn Phú Bích Lâm"
"ex:monk/chon_phuoc_hoang_tho","Chơn Phước Hoằng Thọ"
"ex:monk/chon_phuoc_hue_phap","Chơn Phước Huệ Pháp"
"ex:monk/chon_phuoc_pho_dong","Chơn Phước Phổ Đồng"
"ex:monk/chon_phuong_thien_trung","Chơn Phương Thiện Trung"
"ex:monk/chon_qua_duong_nhu","Chơn Quả Đương Như"
"ex:monk/chon_quan_bao_hung","Chơn Quán Bảo Hưng"
"ex:monk/chon_quang_hoang_nhon","Chơn Quang Hoằng Nhơn"
"ex:monk/chon_quang_ngo_dat","Chơn Quang Ngộ Đạt"
"ex:monk/chon_quy_khanh_anh","Chơn Quý Khánh Anh"
"ex:monk/chon_quy_phuoc_long","Chơn Quý Phước Long"
"ex:monk/chon_quy_phuoc_long","Chơn Quý Phước Long"
"ex:monk/chon_quyen_hung_long","Chơn Quyên Hưng Long"
"ex:monk/chon_quynh_dieu_nguyen","Chơn Quỳnh Diệu Nguyên"
"ex:monk/chon_sam_pho_truyen","Chơn Sâm Phổ Truyền"
"ex:monk/chon_sao_duong_tiet","Chơn Sao Đương Tiết"
"ex:monk/chon_su_khanh_quy","Chơn Sự Khánh Quý"
"ex:monk/chon_su_khanh_tin","Chơn Sử Khánh Tín"
"ex:monk/chon_ta_ton_bao","Chơn Tá Tôn Bảo"
"ex:monk/chon_tam_phap_than","Chơn Tâm Pháp Thân"
"ex:monk/chon_tam_vien_minh","Chơn Tâm Viên Minh"
"ex:monk/chon_tan_quy_an","Chơn Tấn Quý An"
"ex:monk/chon_tanh_hoang_dinh","Chơn Tánh Hoằng Định"
"ex:monk/chon_tanh_hoang_dinh","Chơn Tánh Hoằng Định"
"ex:monk/chon_tanh_phuoc_hoa","Chơn Tánh Phước Hòa"
"ex:monk/chon_tanh_phuoc_loi","Chơn Tánh Phước Lợi"
"ex:monk/chon_tap_phuoc_hai","Chơn Tập Phước Hải"
"ex:monk/chon_thanh_bich_nguyen","Chơn Thanh Bích Nguyên"
"ex:monk/chon_thanh_khanh_ngoc","Chơn Thành Khánh Ngọc"
"ex:monk/chon_thanh_pho_quang","Chơn Thành Phổ Quang"
"ex:monk/chon_thanh_pho_quang","Chơn Thành Phổ Quang"
"ex:monk/chon_thanh_quan_hue","Chơn Thành Quan Huệ"
"ex:monk/chon_thanh_tu_van","Chơn Thanh Từ Văn"
"ex:monk/chon_that_chi_bao","Chơn Thật Chí Bảo"
"ex:monk/chon_that_phap_ngai","Chơn Thật Pháp Ngãi"
"ex:monk/chon_the_pho_minh","Chơn Thể Phổ Minh"
"ex:monk/chon_the_pho_minh","Chơn Thể Phổ Minh"
"ex:monk/chon_thien_chanh_tin","Chơn Thiện Chánh Tín"
"ex:monk/chon_tho_hoang_niem","Chơn Thọ Hoằng Niệm"
"ex:monk/chon_thong_dong_phuoc","Chơn Thông Đồng Phước"
"ex:monk/chon_thuan_thien_hoa","Chơn Thuần Thiện Hòa"
"ex:monk/chon_thuong_khanh_do","Chơn Thường Khánh Độ"
"ex:monk/chon_thuong_quan_thien","Chơn Thường Quan Thiện"
"ex:monk/chon_tin_phap_hy","Chơn Tín Pháp Hỷ"
"ex:monk/chon_tran_hoang_hoa","Chơn Trân Hoằng Hóa"
"ex:monk/chon_trung_dao_thanh","Chơn Trừng Đạo Thanh"
"ex:monk/chon_trung_dieu_quang","Chơn Trung Diệu Quang"
"ex:monk/chon_trung_duong_nhat","Chơn Trừng Đương Nhật"
"ex:monk/chon_trung_hung_duyen","Chơn Trừng Hưng Duyên"
"ex:monk/chon_trung_minh_uc","Chơn Trung Minh Ðức"
"ex:monk/chon_tu_phuoc_du","Chơn Tư Phước Dư"
"ex:monk/chu_kinh","Chữ Kính"
"ex:monk/chuc_tho_quang_thien","Chúc Thọ Quảng Thiện"
"ex:monk/chung_nam_phong_duc","Chung Nam Phong Đức"
"ex:monk/chung_nam_su_to_van_te","Chung Nam Sư Tổ Vân Tế"
"ex:monk/chung_son_dam_thoi","Chung Sơn Đàm Thôi"
"ex:monk/chung_son_dao_long","Chung Sơn Ðạo Long"
"ex:monk/chuong_ac_tri_tap","Chương Ðắc Trí Tập"
"ex:monk/chuong_an_quang_khanh","Chương An Quảng Khánh"
"ex:monk/chuong_bang_tri_tinh","Chương Bằng Trí Tịnh"
"ex:monk/chuong_binh","Thích Chương Bình"
"ex:monk/chuong_chat_quang_thanh","Chương Chất Quảng Thành"
"ex:monk/chuong_chau_bao_an_hy","Chương Châu Báo Ân Hy"
"ex:monk/chuong_chau_bao_phuoc","Chương Châu Bảo Phước"
"ex:monk/chuong_chau_la_han","Chương Châu La Hán"
"ex:monk/chuong_chau_nhac_loc","Chương Châu Nhạc Lộc"
"ex:monk/chuong_chau_phu_thach","Chương Châu Phù Thạch"
"ex:monk/chuong_chi_thien_phuoc","Chương Chí Thiên Phước"
"ex:monk/chuong_dan_huyen_dat","Chương Đàn Huyền Đạt"
"ex:monk/chuong_dao_quang_vien","Chương Đạo Quảng Viên"
"ex:monk/chuong_dien_lieu_minh","Chương Điền Liễu Minh"
"ex:monk/chuong_do_pho_quang","Chương Đồ Phổ Quảng"
"ex:monk/chuong_giang_tue_khiem","Chương Giang Tuệ Khiêm"
"ex:monk/chuong_hai_thanh_nguyen","Chương Hải Thanh Nguyên"
"ex:monk/chuong_hiep_chanh_tri","Chương Hiệp Chánh Trì"
"ex:monk/chuong_huong_chi_thang","Chương Hương Chí Thắng"
"ex:monk/chuong_khoang_chung_dao","Chương Khoáng Chứng Đạo"
"ex:monk/chuong_khuoc_giac_tanh","Chương Khước Giác Tánh"
"ex:monk/chuong_kinh_hoai_uan","Chương Kính Hoài Uẩn"
"ex:monk/chuong_lanh_nguyen_tu","Chương Lành Nguyên Từ"
"ex:monk/chuong_loc_chi_kien","Chương Lộc Chí Kiên"
"ex:monk/chuong_ly_hoang_hoa","Chương Lý Hoằng Hóa"
"ex:monk/chuong_ly_tri_quang","Chương Lý Trí Quang"
"ex:monk/chuong_ly_tri_quang","Chương Lý Trí Quang"
"ex:monk/chuong_nghia_quang_dam","Chương Nghĩa Quảng Đàm"
"ex:monk/chuong_nghia_thanh_tuyen","Chương Nghĩa Thanh Tuyền"
"ex:monk/chuong_nguyet_long_tang","Chương Nguyệt Long Tạng"
"ex:monk/chuong_nhan_quang_hoa","Chương Nhẫn Quảng Hóa"
"ex:monk/chuong_nhan_quang_hoa","Chương Nhẫn Quảng Hóa"
"ex:monk/chuong_nhan_thien_uc","Chương Nhân Thiện Ðức"
"ex:monk/chuong_nhan_tu_nhan","Chương Nhẫn Từ Nhân"
"ex:monk/chuong_nhu_tu_y","Chương Như Từ Ý"
"ex:monk/chuong_niem_quang_giac","Chương Niệm Quảng Giác"
"ex:monk/chuong_quang_mat_hanh","Chương Quảng Mật Hạnh"
"ex:monk/chuong_quang_tuyen_can","Chương Quảng Tuyên Cần"
"ex:monk/chuong_tam_phuoc_thuong","Chương Tâm Phước Thường"
"ex:monk/chuong_tan_chanh_nhan","Chương Tân Chánh Nhân"
"ex:monk/chuong_tanh_quang_nhuan","Chương Tánh Quảng Nhuận"
"ex:monk/chuong_thai_quang_lien","Chương Thái Quảng Liên"
"ex:monk/chuong_thien_hoang_ao","Chương Thiện Hoằng Ðạo"
"ex:monk/chuong_thu_hoang_vi","Chương Thư Hoằng Vĩ"
"ex:monk/chuong_tin_hoang_an","Chương Tín Hoằng Ân"
"ex:monk/chuong_tin_hoang_an","Chương Tín Hoằng Ân"
"ex:monk/chuong_trang_quang_chan","Chương Trang Quảng Chấn"
"ex:monk/chuong_tri_quang_giac","Chương Trí Quảng Giác"
"ex:monk/chuong_truyen_phap_hoa","Chương Truyền Pháp Hóa"
"ex:monk/chuong_tu_hue_quang","Chương Tư Huệ Quang"
"ex:monk/chuong_tu_quang_thien","Chương Từ Quảng Thiện"
"ex:monk/chuong_tuan_quang_van","Chương Tuấn Quảng Văn"
"ex:monk/chuong_tuong_vinh_ien","Chương Tường Vĩnh Ðiền"
"ex:monk/chuong_van_quang_o","Chương Vạn Quảng Ðộ"
"ex:monk/co_chuyet_nguyen_hau","Cổ Chuyết Nguyên Hậu"
"ex:monk/co_dien_nguyen_nghiem","Cổ Điền Nguyên Nghiểm"
"ex:monk/co_linh_than_tan","Cổ Linh Thần Tán"
"ex:monk/co_luong_nhan_phon","Cơ Lượng Nhân Phồn"
"ex:monk/co_nhai_tinh_thong","Cô Nhai Tịnh Thông"
"ex:monk/co_son_an_vinh","Cổ Sơn An Vĩnh"
"ex:monk/co_son_tang_tuan","Cổ Sơn Tăng Tuân"
"ex:monk/co_son_than_yen","Cổ Sơn Thần Yến"
"ex:monk/co_son_thanh_ngac","Cổ Sơn Thanh Ngạc"
"ex:monk/co_son_to_tran","Cổ Sơn Tổ Trân"
"ex:monk/co_son_to_tran","Thượng Phong Bản Tài"
"ex:monk/co_son_tong_dai","Cổ Sơn Tông Ðãi"
"ex:monk/co_son_tri_nghiem","Cổ Sơn Trí Nghiêm"
"ex:monk/co_thiem_oanh","Cô Thiềm Oánh"
"ex:monk/co_tu","Cổ Tự"
"ex:monk/co_van_hoai_trang","Cô Vân  Hoài Trang"
"ex:monk/co_van_hoai_trang","Cô Vân Hoài Trang"
"ex:monk/coc_an_tinh_hien","Cốc Ẩn Tĩnh Hiển"
"ex:monk/coc_an_uan_thong","Cốc Ẩn Uẩn Thông"
"ex:monk/coc_son_hai","Cốc Sơn Hải"
"ex:monk/cong_an_to_chau","Công An Tổ Châu"
"ex:monk/cong_than_dao_nhan","Công Thần Đạo Nhàn"
"ex:monk/cs_huong","Cs Hướng"
"ex:monk/cs_huong","Cư Sĩ Hướng"
"ex:monk/cs_thieu_duong_hau","Cs Thiều Dương Hầu"
"ex:monk/cu_chau_loi_tung_tu_ho","Cù Châu Lợi Tung Tử Hồ"
"ex:monk/cu_chau_nam_dai_nhan","Cù Châu Nam Đài Nhân"
"ex:monk/cu_si_e_hinh_duong","Cư Sĩ Ðề Hình Dương"
"ex:monk/cu_si_tam_hoa_truong_xuong","Cư Sĩ Tâm Hòa Trương Xướng"
"ex:monk/cu_si_thai_pho_cao_the_tac","Cư Sĩ Thái Phó Cao Thế Tắc"
"ex:monk/cu_si_thanh_phuoc_diem_tinh","Cư Sĩ Thanh Phước Điềm Tịnh"
"ex:monk/cu_si_trieu_thinh_thoi_cong","Cư Sĩ Triều Thỉnh Thôi Công"
"ex:monk/cuu_danh_to","Cửu Đảnh Tố"
"ex:monk/cuu_danh_to","Long Hoa Ðạo Sơ"
"ex:monk/cuu_danh_tu_pho","Cửu Đảnh Từ Phổ"
"ex:monk/cuu_danh_tue_tuyen","Cửu Đảnh Tuệ Tuyền"
"ex:monk/cuu_ma_la_da","Tôn Giả Cưu Ma La Đa"
"ex:monk/cuu_mac_dai_am","Cửu Mặc Đại Âm"
"ex:monk/cuu_phong_dao_kien","Cửu Phong Đạo Kiền"
"ex:monk/cuu_phong_hy_quang","Cửu Phong Hy Quảng"
"ex:monk/cuu_phong_pho_man","Cửu Phong Phổ Mãn"
"ex:monk/cuu_phong_tu_tue","Cửu Phong Từ Tuệ"
"ex:monk/cuu_tien_phap","Cửu Tiên Pháp"
"ex:monk/cuu_tong_kinh_tue","Cửu Tông Kính Tuệ"
"ex:monk/cuu_tong_phap_minh","Cửu Tông Pháp Minh"
"ex:monk/da_da_xa_da","Tôn Giả Dà Da Xá Đa"
"ex:monk/da_phu_dao_xuyen","Dã Phụ Ðạo Xuyên"
"ex:monk/dai_an_thanh_can","Đại An Thanh Cán"
"ex:monk/dai_an_truyen_tanh","Đại An Truyền Tánh"
"ex:monk/dai_bo_thien_de","Đại Bồ Thiện Đề"
"ex:monk/dai_buu_kim_cang","Đại Bửu Kim Cang"
"ex:monk/dai_chau_hue_hai","Đại Châu Huệ Hải"
"ex:monk/dai_chuong_khe_nhu","Đại Chương Khế Như"
"ex:monk/dai_chuong_tong_thu","Đại Chương Tông Thư"
"ex:monk/dai_dong_quang_trung","Đại Đồng Quảng Trừng"
"ex:monk/dai_duong","Đại Dương"
"ex:monk/dai_duong_an","Đại Dương Ðán"
"ex:monk/dai_duong_canh_huyen","Đại Dương Cảnh Huyền"
"ex:monk/dai_duong_hanh_xung","Đại Dương Hành Xung"
"ex:monk/dai_duong_ky","Đại Dương Kỳ"
"ex:monk/dai_duong_man","Đại Dương Mãn"
"ex:monk/dai_duong_nhu_han","Đại Dương Như Hán"
"ex:monk/dai_duong_tue","Đại Dương Tuệ"
"ex:monk/dai_giac_nguy_phu","Đại Giác Ngụy Phủ"
"ex:monk/dai_giam_hue_nang","Tôn Giả Đại Giám Huệ Năng"
"ex:monk/dai_hanh_pho_hien","Đại Hạnh Phổ Hiền"
"ex:monk/dai_hong_bao_an","Đại Hồng Báo Ân"
"ex:monk/dai_hong_cung","Đại Hồng Cung"
"ex:monk/dai_hong_khanh_du","Đại Hồng Khánh Dự"
"ex:monk/dai_hong_khanh_hien","Đại Hồng Khánh Hiển"
"ex:monk/dai_hong_phap_vi","Đại Hồng Pháp Vi"
"ex:monk/dai_hong_thu_toai","Đại Hồng Thủ Toại"
"ex:monk/dai_hong_to_chung","Đại Hồng Tổ Chứng"
"ex:monk/dai_hong_tri","Đại Hồng Trí"
"ex:monk/dai_hue_chieu_nhien","Đại Huệ Chiếu Nhiên"
"ex:monk/dai_hue_tong_cao","Đại Huệ Tông Cảo"
"ex:monk/dai_lam_tang_don","Đại Lâm Tăng Độn"
"ex:monk/dai_long_tri_hong","Đại Long Trí Hồng"
"ex:monk/dai_luong_hong_phuong","Đại Lương Hồng Phương"
"ex:monk/dai_mai_phap_thuong","Đại Mai Pháp Thường"
"ex:monk/dai_minh_dao_mai","Đại Minh Đạo Mai"
"ex:monk/dai_minh_tang_bao","Đại Minh Tăng Bảo"
"ex:monk/dai_nghia_chi_hao","Đại Nghĩa Chí Hạo"
"ex:monk/dai_ngu_thu_chi","Đại Ngu Thủ Chi"
"ex:monk/dai_nguyet_linh_chieu","Đại Nguyệt Linh Chiếu"
"ex:monk/dai_ninh_an_vi","Đại Ninh Ẩn Vi"
"ex:monk/dai_ninh_hai_nhat","Đại Ninh Hải Nhất"
"ex:monk/dai_phung_ngan_tan","Đại Phụng Ngạn Tân"
"ex:monk/dai_phuoc_lieu_tanh","Đại Phước Liễu Tánh"
"ex:monk/dai_quang_cu_hoi","Đại Quang Cư Hối"
"ex:monk/dai_quy_canh_vung","Đại Quy Cảnh Vựng"
"ex:monk/dai_quy_dinh_thuyen","Đại Quy Dĩnh Thuyên"
"ex:monk/dai_quy_duc_can","Đại Quy Ðức Càn"
"ex:monk/dai_quy_giam","Ðại Quy Giám"
"ex:monk/dai_quy_hai_binh","Đại Quy Hải Bình"
"ex:monk/dai_quy_hanh","Đại Quy Hạnh"
"ex:monk/dai_quy_hoai_huu","Đại Quy Hoài Hựu"
"ex:monk/dai_quy_hoai_tu","Đại Quy Hoài Tú"
"ex:monk/dai_quy_mo_triet","Đại Quy Mộ Triết"
"ex:monk/dai_quy_phap_bao","Đại Quy Pháp Bảo"
"ex:monk/dai_quy_phap_thai","Đại Quy Pháp Thái"
"ex:monk/dai_quy_te_tuan","Đại Quy Tề Tuân"
"ex:monk/dai_quy_thien_qua","Đại Quy Thiện Quả"
"ex:monk/dai_quy_to_xuan","Đại Quy Tổ Xuân"
"ex:monk/dai_thanh_thu_hien","Đại Thánh Thủ Hiền"
"ex:monk/dai_thien_tue_hai","Đại Thiện Tuệ Hải"
"ex:monk/dai_thong_chanh_niem","Đại Thông Chánh Niệm"
"ex:monk/dai_thua_duc_tuan","Đại Thừa Ðức Tuân"
"ex:monk/dai_thua_thang","Đại Thừa Thăng"
"ex:monk/dai_thua_tue_qua","Đại Thừa Tuệ Quả"
"ex:monk/dai_tien_tung_tap","Đại Tiền Tùng Tập"
"ex:monk/dai_tri_phuoc_khanh","Đại Trì Phước Khánh"
"ex:monk/dai_tri_te_lien","Đại Trí Tề Liên"
"ex:monk/dai_trung_lam_chi","Đại Trung Lập Chí"
"ex:monk/dai_trung_tuong_phu_hai","Đại Trung Tường Phù Hải"
"ex:monk/dai_tu_hoan_trung","Đại Từ Hoàn Trung"
"ex:monk/dai_tuy_nguyen_tinh","Đại Tùy Nguyên Tỉnh"
"ex:monk/dai_xa_nhu_truong","Đại Xa Như Trường"
"ex:monk/dam_chau_bao_cai","Đàm Châu Bảo Cái"
"ex:monk/dam_chau_bao_cai_uoc","Đàm Châu Bảo Cái Ước"
"ex:monk/dam_chau_coc_son","Đàm Châu Cốc Sơn"
"ex:monk/dam_chau_coc_son_tang","Đàm Châu Cốc Sơn Tạng"
"ex:monk/dam_chau_dai_xuyen","Đàm Châu Đại Xuyên"
"ex:monk/dam_chau_hoa_lam","Đàm Châu Hoa Lâm"
"ex:monk/dam_chau_loc_uyen_huy","Đàm Châu Lộc Uyển Huy"
"ex:monk/dam_chau_long_son","Đàm Châu Long Sơn"
"ex:monk/dam_chau_mo_phu","Đàm Châu Mộ Phụ"
"ex:monk/dam_chau_phi_dien_phuc","Đàm Châu Phi Điền Phục"
"ex:monk/dam_chau_quy_son_the","Đàm Châu Quy Sơn Thê"
"ex:monk/dam_chau_son_cau_coc","Đàm Châu Sơn Câu Cốc"
"ex:monk/dam_chau_thach_suong_lam","Đàm Châu Thạch Sương Lâm"
"ex:monk/dam_chau_thach_suong_sang","Đàm Châu Thạch Sương Sảng"
"ex:monk/dam_chau_tong_an","Đàm Châu Tổng Ấn"
"ex:monk/dam_chau_trung_van_cai","Đàm Châu Trung Vân Cái"
"ex:monk/dam_chau_truong_ty_khoang","Đàm Châu Trường Tỳ Khoáng"
"ex:monk/dam_chau_tu_khe","Đàm Châu Tú Khê"
"ex:monk/dam_chau_van_cai_canh","Đàm Châu Trung Vân Cái"
"ex:monk/dam_chau_van_cai_canh","Đàm Châu Vân Cái Cảnh"
"ex:monk/dam_chau_van_dien","Đàm Châu Văn Diễn"
"ex:monk/dam_chau_van_thu","Đàm Châu Văn Thù"
"ex:monk/dam_loan","Đàm Loan"
"ex:monk/dan_ha_pho_nguyet","Đan Hà Phổ Nguyệt"
"ex:monk/dang_chau_trung_do","Đặng Châu Trung Độ"
"ex:monk/dang_giac_pho_minh","Đẳng Giác Phổ Minh"
"ex:monk/dang_van_sieu_cap","Am Chủ Tích Thúy Vĩnh"
"ex:monk/dang_van_sieu_cap","Đăng Vân Siêu Cập"
"ex:monk/dao_an_pho_nhuan","Đạo An Phổ Nhuận"
"ex:monk/dao_dieu","Đạo Diệu"
"ex:monk/dao_duc","Đạo Đức"
"ex:monk/dao_dung_duc_quang","Đạo Dụng Đức Quảng"
"ex:monk/dao_gia_giang_chau_song_khe_dien","Đạo Giả Giang Châu Song Khê Điền"
"ex:monk/dao_lam_uyen","Đạo Lâm Uyên"
"ex:monk/dao_man_moc_tran","Đạo Mân Mộc Trần"
"ex:monk/dao_minh_hue_sam","Đạo Minh Huệ Sảm"
"ex:monk/dao_minh_pho_tinh","Đạo Minh Phổ Tịnh"
"ex:monk/dao_ngo_khe_thuyen","Đạo Ngô Khế Thuyên"
"ex:monk/dao_ngo_ngo_chan","Đạo Ngô Ngộ Chân"
"ex:monk/dao_ngo_nhu_nang","Đạo Ngô Nhữ Năng"
"ex:monk/dao_ngo_so_phuong","Đạo Ngô Sở Phương"
"ex:monk/dao_ngo_trong_vien","Đạo Ngô Trọng Viên"
"ex:monk/dao_ngo_tung_thanh","Đạo Ngô Tùng Thạnh"
"ex:monk/dao_ngo_vien_tri","Đạo Ngô Viên Trí"
"ex:monk/dao_nguyen_hy_huyen","Đạo Nguyên Hy Huyền"
"ex:monk/dao_nguyen_vien_dung","Đạo Nguyên Viên Dung"
"ex:monk/dao_nhan_tich_lac","Đạo Nhẫn Tịch Lạc"
"ex:monk/dao_ninh_dao_khoan","Đại Ninh Ðạo Khoan"
"ex:monk/dao_phong_tue_cu","Đạo Phong Tuệ Cư"
"ex:monk/dao_phu","Đạo Phủ"
"ex:monk/dao_sinh_minh_dat","Đạo Sinh Minh Đạt"
"ex:monk/dao_tam_trung_hau","Đạo Tâm Trung Hậu"
"ex:monk/dao_thanh_nhu_canh","Đạo Thành Như Cảnh"
"ex:monk/dao_thien_quang_tuan","Đạo Thiện Quang Tuấn"
"ex:monk/dao_tin","Tôn Giả Đạo Tín"
"ex:monk/dao_trang_cu_tue","Đạo Tràng Cư Tuệ"
"ex:monk/dao_trang_minh_bien","Đạo Tràng Minh Biện"
"ex:monk/dao_trang_nhu_not","Đạo Tràng Như Nột"
"ex:monk/dao_trang_phap_nhu","Đạo Tràng Pháp Như"
"ex:monk/dao_trang_phap_toan","Đạo Tràng Pháp Toàn"
"ex:monk/dao_trang_pho_nham","Đạo Tràng Phổ Nham"
"ex:monk/dao_trang_tue_lam","Đạo Tràng Tuệ Lâm"
"ex:monk/dao_trung_chanh_dinh","Đạo Trung Chánh Định"
"ex:monk/dao_tuyen","Đạo Tuyên"
"ex:monk/dao_xuoc","TS Đạo Xước"
"ex:monk/dao_xuoc_dao_xuoc","Đạo Xước"
"ex:monk/dao_xuoc_tay_ha_thien_su","Tây Hà Thiền Sư"
"ex:monk/dao_xuoc_thien_su","Thiền Sư"
"ex:monk/dat_khoan_chanh_an","Đạt Khoan Chánh An"
"ex:monk/dat_khuong_vien_giac","Đạt Khương Viên Giác"
"ex:monk/dat_luong_hung_long","Đạt Lượng Hưng Long"
"ex:monk/dat_ma_dat","Đạt Ma Đạt"
"ex:monk/dat_thuyen_nhut_chanh","Đạt Thuyên Nhựt Chánh"
"ex:monk/dau_suat_chi_an","Đâu Suất Chí Ân"
"ex:monk/dau_suat_tue_chieu","Đâu Suất Tuệ Chiếu"
"ex:monk/dau_suat_tung_duyet","Đâu Suất Tùng Duyệt"
"ex:monk/dau_tu_cam_on","Đầu Tử Cảm Ôn"
"ex:monk/dau_tu_dai_dong","Đầu Tử Đại Đồng"
"ex:monk/dau_tu_nghia_thanh","Đầu Tử Nghĩa Thanh"
"ex:monk/dau_tu_vien_tu","Đầu Tử Viên Tu"
"ex:monk/dd_dong_thien_thien_an","ĐĐ Đồng Thiện Thiện Ân"
"ex:monk/dd_dong_thien_thien_an","Đồng Thiện Thiện Ân"
"ex:monk/dd_tam_kien_chon_the","ĐĐ Tâm Kiên Chơn Thể"
"ex:monk/de_da_ca","Tôn Giả Đề Đa Ca"
"ex:monk/di_gia_ca","Tôn Giả Di Già Ca"
"ex:monk/di_phong_kinh_ninh","Di Phong Kính Ninh"
"ex:monk/di_son_tang_dung","Di Sơn Tạng Dụng"
"ex:monk/dia_tang_tue_tu","Địa Tạng Tuệ Từ"
"ex:monk/diem_quan_te_an","Diêm Quan Tề An"
"ex:monk/dien_hong_thien","Diên Hồng Thiện"
"ex:monk/dien_khanh_hong_chuan","Diên Khánh Hồng Chuẩn"
"ex:monk/dien_khanh_phap_doan","Diên Khánh Pháp Đoan"
"ex:monk/dien_khanh_phung_lan","Diên Khánh Phụng Lân"
"ex:monk/dien_khanh_thong_tanh","Diên Khánh Thông Tánh"
"ex:monk/dien_khanh_thuc","Diên Khánh Thúc"
"ex:monk/dien_khanh_truyen_an","Diên Khánh Truyền Ân"
"ex:monk/dien_phuc_tue_thang","Diên Phúc Tuệ Thăng"
"ex:monk/dien_phuc_tue_thang","Tịnh Từ Sư Nhất"
"ex:monk/dien_tho_tue_luan","Diên Thọ Tuệ Luân"
"ex:monk/dien_tong_ban","Diện Tông Bản"
"ex:monk/dien_triet_hu_van","Diễn Triệt Hư Vân"
"ex:monk/diep_huyen_quy_tinh","Diệp Huyện Quy Tỉnh"
"ex:monk/dieu_khoa_dao_lam","Điểu Khòa Đạo Lâm"
"ex:monk/dieu_khoa_dao_lam_phan_huong_quang","Phan Hương Quang"
"ex:monk/dieu_khoa_dao_lam_thien_su","Thiền sư"
"ex:monk/dieu_khoa_dao_lam_vien_tu_thien_su","Viên Tu Thiền sư"
"ex:monk/dieu_lien_thanh_hoa","Diệu Liên Thánh Hóa"
"ex:monk/dieu_phong_van","Diệu Phong Vân"
"ex:monk/dieu_te_su_hao","Diệu Tế Sư Hạo"
"ex:monk/dieu_tue","Diệu Tuệ"
"ex:monk/dinh_bao_phong_tri","Đinh Bảo Phong Trí"
"ex:monk/dinh_chau_ba_tieu","Dĩnh Châu Ba Tiêu"
"ex:monk/dinh_chau_dai_duong","Dĩnh Châu Đại Dương"
"ex:monk/dinh_chau_thien_thoi","Định Châu Thiện Thôi"
"ex:monk/dinh_chau_thuy_duong","Đinh Châu Thủy Đường"
"ex:monk/dinh_hue_sieu_tin","Định Huệ Siêu Tín"
"ex:monk/dinh_lam_canh_phuong","Định Lâm Cảnh Phượng"
"ex:monk/dinh_lam_tue_sam","Định Lâm Tuệ Sâm"
"ex:monk/dinh_phong_qua_thanh","Đỉnh Phong Quả Thành"
"ex:monk/do_huong_trinh","Cư Sĩ Tả Ty Ðô Huống Trịnh"
"ex:monk/do_luong_ton_thuc","Đô Lương Tồn Thực"
"ex:monk/doan_huc_nhu_hoang","Đoan Húc Như Hoằng"
"ex:monk/doan_kieu_dieu_luan","Đoạn Kiều Diệu Luân"
"ex:monk/doan_nghiem_su_tan","Đoan Nghiêm Sư Tấn"
"ex:monk/doan_truc_trong_hoa","Đoạn Trúc Trọng Hòa"
"ex:monk/doan_vien_chieu_hoa","Đoan Viên Chiếu Hóa"
"ex:monk/doi_dao_thuan","Cư Sĩ Tự Thừa Ðới Đạo Thuần"
"ex:monk/doi_thu_77","Đời Thứ 77"
"ex:monk/don_chau_bac_thien_tich","Đơn Châu Bắc Thiền Tịch"
"ex:monk/don_chau_dong_thien","Đơn Châu Đông Thiền"
"ex:monk/don_ha_nghia_an","Đơn Hà Nghĩa An"
"ex:monk/don_ha_thien_nhien","Đơn Hà Thiên Nhiên"
"ex:monk/don_ha_tu_thuan","Đơn Hà Tử Thuần"
"ex:monk/don_ha_tue_can","Đơn Hà Tuệ Cần"
"ex:monk/dong_an","Động An"
"ex:monk/dong_an_bao_lac","Đồng An Bảo Lạc"
"ex:monk/dong_an_dao_phi","Đồng An Đạo Phi"
"ex:monk/dong_an_dieu_tri","Đồng An Diệu Trí"
"ex:monk/dong_an_quan_tri","Đồng An Quan Trí"
"ex:monk/dong_an_thieu_hien","Đồng An Thiệu Hiển"
"ex:monk/dong_an_thuong_sat","Đồng An Thường Sát"
"ex:monk/dong_chon_long_hung","Đồng Chơn Long Hưng"
"ex:monk/dong_chon_tri_vien","Đồng Chơn Trí Viên"
"ex:monk/dong_coc_minh_quang","Đông Cốc Minh Quang"
"ex:monk/dong_dat_thanh_an","Đồng Đạt Thanh An"
"ex:monk/dong_diem_minh_thanh","Đồng Điểm Minh Thành"
"ex:monk/dong_dinh_tue_nguyet","Động Đình Tuệ Nguyệt"
"ex:monk/dong_duong_huyen_sach","Đông Dương Huyền Sách"
"ex:monk/dong_giac_giac_minh","Đồng Giác Giác Minh"
"ex:monk/dong_giac_tinh_giac","Đồng Giác Tịnh Giác"
"ex:monk/dong_hao_thong_hanh","Đồng Hảo Thông Hạnh"
"ex:monk/dong_hoa_giac_dinh","Đồng Hóa Giác Định"
"ex:monk/dong_huy_phap_do","Đồng Huy Pháp Độ"
"ex:monk/dong_lam_dao_nhan","Đông Lâm Đạo Nhan"
"ex:monk/dong_lam_thong_ly","Đông Lâm Thông Lý"
"ex:monk/dong_lam_tu_tuan","Đông Lâm Tự Tuân"
"ex:monk/dong_lang_vinh_du","Đông Lăng Vĩnh Dư"
"ex:monk/dong_ly_thong_nguyen","Đồng Lý Thông Nguyên"
"ex:monk/dong_man_hue_tanh","Đồng Mẫn Huệ Tánh"
"ex:monk/dong_minh_hue_nhat","Đông Minh Huệ Nhật"
"ex:monk/dong_minh_nhan_tien","Đông Minh Nhân Tiên"
"ex:monk/dong_minh_thien","Đông Minh Thiên"
"ex:monk/dong_nghia_thong_hanh","Đồng Nghĩa Thông Hạnh"
"ex:monk/dong_nguyen_bao_tinh","Đồng Nguyện Bảo Tịnh"
"ex:monk/dong_nguyen_thien_nguyen","Đồng Nguyện Thiện Nguyện"
"ex:monk/dong_nham_kha_huu","Động Nham Khả Hưu"
"ex:monk/dong_qua_thien_phuoc","Đồng Quả Thiện Phước"
"ex:monk/dong_son_ao_vi","Động Sơn Ðạo Vi"
"ex:monk/dong_son_bien","Động Sơn Biện"
"ex:monk/dong_son_cat","Đông Sơn Cát"
"ex:monk/dong_son_chi_can","Ðộng Sơn Chí Càn"
"ex:monk/dong_son_dao_dien","Động Sơn Đạo Diên"
"ex:monk/dong_son_dao_toan","Động Sơn Đạo Toàn"
"ex:monk/dong_son_giac","Đông Sơn Giác"
"ex:monk/dong_son_hieu_thong","Động Sơn Hiểu Thông"
"ex:monk/dong_son_kien","Động Sơn Kiền"
"ex:monk/dong_son_luong_gioi","Động Sơn Lương Giới"
"ex:monk/dong_son_pham_ngon","Đông Sơn Phạm Ngôn"
"ex:monk/dong_son_pham_ngon","Động Sơn Trạch Ngôn"
"ex:monk/dong_son_quy_doan","Động Sơn Quy Đoan"
"ex:monk/dong_son_te_vi","Giác A"
"ex:monk/dong_son_te_vi","Đông Sơn Tề Vĩ"
"ex:monk/dong_son_thanh_bam","Động Sơn Thanh Bẩm"
"ex:monk/dong_son_ton","Động Sơn Tồn"
"ex:monk/dong_son_tong_hue_thu_so","Động Sơn Tông Huệ Thủ Sơ"
"ex:monk/dong_son_trach_ngon","Động Sơn Trạch Ngôn"
"ex:monk/dong_son_van","Động Sơn Vân"
"ex:monk/dong_thanh_vi_thuy","Đồng Thanh Vị Thủy"
"ex:monk/dong_thien_duy_tu","Đông Thiền Duy Tư"
"ex:monk/dong_thien_huyen_giai","Đông Thiền Huyền Giai"
"ex:monk/dong_thien_kha_long","Đông Thiền Khả Long"
"ex:monk/dong_thien_khe_not","Đông Thiền Khế Nột"
"ex:monk/dong_thien_tu_nhac","Đông Thiền Tư Nhạc"
"ex:monk/dong_thien_tung_mat","Đông Thiền Tùng Mật"
"ex:monk/dong_thien_vuong_quang_tu","Đông Thiên Vương Quảng Từ"
"ex:monk/dong_tri_bao_hue","Đồng Trí Bảo Huệ"
"ex:monk/dong_tu_anh_lac_bo_tat_dai_the_chi","Đồng tử Anh Lạc (Bồ tát Đại Thế Chí)"
"ex:monk/dong_vien_phap_hoa","Đồng Viễn Pháp Hoa"
"ex:monk/dot_khong_tri_ban","Đột Không Trí Bản"
"ex:monk/duc_ban_tien_thong","Đức Bản Tiến Thông"
"ex:monk/duc_nhuan_thanh_thieu","Đức Nhuận Thanh Thiệu"
"ex:monk/duc_phong_tien_thinh","Đức Phong Tiến Thịnh"
"ex:monk/duc_son_duyen_mat","Đức Sơn Duyên Mật"
"ex:monk/duc_son_tong_thap","Am Chủ Đỉnh Châu Đức Sơn Tông Thập"
"ex:monk/duc_son_tu_quyen","Đức Sơn Tử Quyên"
"ex:monk/duc_son_tuyen_giam","Đức Sơn Tuyên Giám"
"ex:monk/duc_thien_nhan_hoi","Đức Thiền Nhân Hội"
"ex:monk/duc_vuong_dai_quan","Dục Vương Đại Quan"
"ex:monk/duc_vuong_doan_du","Diên Phúc Tuệ Thăng"
"ex:monk/duc_vuong_doan_du","Dục Vương Ðoan Dụ"
"ex:monk/duc_vuong_duc_quang","Dục Vương Đại Quan"
"ex:monk/duc_vuong_duc_quang","Dục Vương Đức Quang"
"ex:monk/duc_vuong_gioi_kham","Dục Vương Giới Kham"
"ex:monk/duc_vuong_hoang_thong","Dục Vương Hoằng Thông"
"ex:monk/duc_vuong_phap_dat","Dục Vương Pháp Ðạt"
"ex:monk/duc_vuong_tinh_dam","Dục Vương Tịnh Ðàm"
"ex:monk/duc_vuong_tuan_phac","Dục Vương Tuân Phác"
"ex:monk/duoc_lam_thach_quan","Dược Lâm Thạch Quan"
"ex:monk/duoc_lam_thanh_quan","Dược Lâm Thạch Quan"
"ex:monk/duoc_son_duy_nghiem","Dược Sơn Duy Nghiễm"
"ex:monk/duoc_son_quy","Dược Sơn Quỳ"
"ex:monk/duoc_son_sa_di_cao","Dược Sơn Sa Di Cao"
"ex:monk/duoc_son_vien_quang","Dược Sơn Viên Quang"
"ex:monk/duong_chau_dai_nham_bach","Dương Châu Đại Nham Bạch"
"ex:monk/duong_chau_phong_hoa","Dương Châu Phong Hóa"
"ex:monk/duong_chau_te_mat","Dương Châu Tề Mật"
"ex:monk/duong_chau_tue_giac","Dương Châu Tuệ Giác"
"ex:monk/duong_chau_tuong_quang_vien","Dương Châu Tường Quang Viễn"
"ex:monk/duong_ky_chan_thuc","Dương Kỳ Chân Thúc"
"ex:monk/duong_ky_phuong_hoi","Dương Kỳ Phương Hội"
"ex:monk/duy_chau_hoa_thanh","Duy Châu Hóa Thành"
"ex:monk/duy_sieu_nang_xan","Duy Siêu Năng Xán"
"ex:monk/duy_tac","Duy Tắc"
"ex:monk/duy_thanh_linh_nguyen","Duy Thanh Linh Nguyên"
"ex:monk/duyet_chau_hang_ma_tang","Duyện Châu Hàng Ma Tạng"
"ex:monk/gia_chau_bach_thuy_tu","Gia Châu Bạch Thủy Tự"
"ex:monk/gia_chau_dang_khe","Gia Châu Đặng Khê"
"ex:monk/gia_tien","Gia Tiền"
"ex:monk/gia_tuong_cat_tang","Gia Tường Cát Tạng"
"ex:monk/giac_a","Giác A"
"ex:monk/giac_am_to_thi","Đạo Nhân Giác Am Tổ Thị"
"ex:monk/giac_bao_thanh","Giác Báo Thanh"
"ex:monk/giac_hai_phap_nhan","Am Chủ Giác Hải Pháp Nhân"
"ex:monk/giac_lang_dao_thanh","Giác Lãng Đạo Thạnh"
"ex:monk/giac_linh_hien_thong","Giác Lĩnh Hiển Thông"
"ex:monk/giac_tam","Giác Tâm"
"ex:monk/giac_thanh_ao_te","Giác Thành Ðạo Tề"
"ex:monk/giang_chau_khanh_van_chan","Giang Châu Khánh Vân Chân"
"ex:monk/giang_chau_lo_son_not","Giang Châu Lô Sơn Nột"
"ex:monk/giang_chau_long_van_dai","Giang Châu Long Vân Đài"
"ex:monk/giang_chau_ly_bot","Giang Châu Lý Bột"
"ex:monk/giang_chau_song_khe_dien","Giang Châu Song Khê Điền"
"ex:monk/giang_chau_song_khe_dien","Đạo Giả Giang Châu Song Khê Điền"
"ex:monk/giang_tay_bai_tho","Giang Tây Bại Thọ"
"ex:monk/giang_tay_chi_triet","Giang Tây Chí Triệt"
"ex:monk/giang_tay_linh_son","Giang Tây Linh Sơn"
"ex:monk/giang_to_linh_mac","Giang Tô Linh Mặc"
"ex:monk/giao_trung_di_quang","Giáo Trung Di Quang"
"ex:monk/giap_son_hieu_thuan","Giáp Sơn Hiểu Thuần"
"ex:monk/giap_son_thien_hoi","Giáp Sơn Thiện Hội"
"ex:monk/gioi_hai_vinh_tu","Giới Hải Vĩnh Từ"
"ex:monk/ha_bac_tri_hoang","Hà Bắc Trí Hoàng"
"ex:monk/ha_dong_bac_vien_gian","Hà Đông Bắc Viện Giản"
"ex:monk/ha_ngoc_quang_tue","Hà Ngọc Quang Tuệ"
"ex:monk/ha_son_nhien"," Hà Sơn Nhiên"
"ex:monk/ha_son_nhien","Hà Sơn Nhiên"
"ex:monk/ha_son_thu_tuan","Hà Sơn Thủ Tuân"
"ex:monk/ha_trach_than_hoi","Hà Trạch Thần Hội"
"ex:monk/ha_trung_cong_ky","Hà Trung Công Kỳ"
"ex:monk/hac_lac_na","Tôn Giả Hạc Lặc Na"
"ex:monk/hac_lam_huyen_to","Hạc Lâm Huyền Tố"
"ex:monk/hac_nhan","Hắc Nhãn"
"ex:monk/hac_thuy_tue_thong","Hắc Thủy Tuệ Thông"
"ex:monk/hai_an_bao_thuan","Hải An Bảo Thuận"
"ex:monk/hai_an_tu_diep","Hải Ân Từ Điệp"
"ex:monk/hai_binh_bao_tang","Hải Bình Bảo Tạng"
"ex:monk/hai_binh_khiet_bach","Hải Bình Khiết Bạch"
"ex:monk/hai_chan_chanh_ky","Hải Chấn Chánh Ký"
"ex:monk/hai_chanh_bao_thanh","Hải Chánh Bảo Thanh"
"ex:monk/hai_dang","Hải Đăng"
"ex:monk/hai_dien_mat_da","Hải Điện Mật Đa"
"ex:monk/hai_hoa_phat_dat","Hải Hoa Phát Đạt"
"ex:monk/hai_hoi_thu_tung","Hải Hội Thủ Tung"
"ex:monk/hai_hue_chanh_nhon","Hải Huệ Chánh Nhơn"
"ex:monk/hai_lang_dai_bien","Hải Lăng Đại Biện"
"ex:monk/hai_luu_mat_niem","Hải Lưu Mật Niệm"
"ex:monk/hai_nhu_tin_nham","Hải Nhu Tín Nhậm"
"ex:monk/hai_phong_vinh_mau","Hải Phong Vĩnh Mậu"
"ex:monk/hai_tai_tri_thiep","Hải Tại Trí Thiếp"
"ex:monk/hai_thieu_cuong_ky","Hải Thiệu Cương Kỷ"
"ex:monk/hai_thuan_luong_duyen","Hải Thuận Lương Duyên"
"ex:monk/hai_toan_linh_co","Hải Toàn Linh Cơ"
"ex:monk/hai_trach_thien_hoa","Hải Trạch Thiền Hoa"
"ex:monk/hai_tran_thoai_uyen","Hải Trân Thoại Uyển"
"ex:monk/hai_tran_thuy_uyen","Hải Trân Thụy Uyển"
"ex:monk/hai_truong_phap_lu","Hải Trường Pháp Lữ"
"ex:monk/hai_tu_tam_chanh","Hải Từ Tâm Chánh"
"ex:monk/hai_vinh_pho_tuong","Hải Vinh Phổ Tường"
"ex:monk/ham_nham_nghia_y","Hàm Nham Nghĩa Y"
"ex:monk/han_chau_da_dia","Hân Châu Đả Địa"
"ex:monk/han_chau_thuong_thanh","Hán Châu Thường Thanh"
"ex:monk/han_nam_cao_dinh","Hán Nam Cao Đình"
"ex:monk/hang_chau_bao_an_lien","Hàng Châu Bảo An Liên"
"ex:monk/hang_chau_da_phuoc","Hàng Châu Đa Phước"
"ex:monk/hang_chau_long_tinh_thong","Hàng Châu Long Tỉnh Thông"
"ex:monk/hang_chau_long_tuyen_kinh","Hàng Châu Long Tuyền Kính"
"ex:monk/hang_chau_phat_nhat","Hàng Châu Phật Nhật"
"ex:monk/hang_chau_so_nam","Hàng Châu Sở Nam"
"ex:monk/hang_chau_thien_long","Hàng Châu Thiên Long"
"ex:monk/hang_chau_thien_long_tu","Hàng Châu Thiên Long Tú"
"ex:monk/hang_chau_van_hy","Hàng Châu Văn Hỷ"
"ex:monk/hang_chau_van_long_quy","Hàng Châu Vân Long Quy"
"ex:monk/hang_thong_du","Hàng Thông Dư"
"ex:monk/hanh_chau_dao_san","Hành Châu Đạo Sần"
"ex:monk/hanh_chau_hoa_quang_pham","Hành Châu Hoa Quang Phạm"
"ex:monk/hanh_dao_chung_hoa","Hạnh Đạo Chủng Hoa"
"ex:monk/hanh_nhac_dao_bien","Hành Nhạc Đạo Biện"
"ex:monk/hanh_nhac_nam_dai_thanh","Hành Nhạc Nam Đài Thành"
"ex:monk/hanh_nhac_phung_nang","Hành Nhạc Phụng Năng"
"ex:monk/hanh_son_giam_hong","Hạnh Sơn Giám Hồng"
"ex:monk/hao_chau_tu_minh","Hào Châu Tư Minh"
"ex:monk/hau_hoanh_nhac_kim_luan","Hậu Hoành Nhạc Kim Luân"
"ex:monk/hien_ninh_vien_tri","Hiển Ninh Viên Trí"
"ex:monk/hiep_ton_gia","Hiếp Tôn Giả"
"ex:monk/hiep_ton_gia_hiep_ti_kheo","Hiếp tì kheo"
"ex:monk/hiep_ton_gia_nan_sanh","Nan Sanh"
"ex:monk/ho_chau_thanh_tinh","Hồ Châu Thanh Tịnh"
"ex:monk/ho_khau_nguyen_tinh","Hổ Khâu Nguyên Tịnh"
"ex:monk/ho_khau_thieu_long","Hổ Khâu Thiệu Long"
"ex:monk/ho_nam_dam_vinh","Hồ Nam Đàm Vinh"
"ex:monk/ho_nam_dong_tu_nhu_hoi","Hồ Nam Đông Tự Như Hội"
"ex:monk/ho_nam_van_thu","Hồ Nam Văn Thù"
"ex:monk/ho_nam_vinh_an_lang","Hồ Nam Vĩnh An Lãng"
"ex:monk/ho_quoc_canh_nguyen","Hộ Quốc Cảnh Nguyên"
"ex:monk/ho_quoc_canh_tan","Hộ Quốc Cảnh Tân"
"ex:monk/ho_quoc_te_nguyet","Hộ Quốc Tề Nguyệt"
"ex:monk/ho_quoc_thu_trung","Hộ Quốc Thủ Trừng"
"ex:monk/ho_quoc_thu_xuong","Hộ Quốc Thủ Xướng"
"ex:monk/ho_quoc_tue_ban","Hộ Quốc Tuệ Bản"
"ex:monk/ho_thanh_cu_tinh","Hộ Thánh Cư Tỉnh"
"ex:monk/hoa_dinh_thuyen_tu_duc_thanh","Hoa Đình Thuyền Tử Đức Thành"
"ex:monk/hoa_do_su_uc","Hóa Độ Sư Úc"
"ex:monk/hoa_duoc_nghia_nhien","Hoa Dược Nghĩa Nhiên"
"ex:monk/hoa_duoc_nguyen_cung","Hoa Dược Nguyên Cung"
"ex:monk/hoa_duoc_tri_bang","Hoa Dược Trí Bằng"
"ex:monk/hoa_lam_giac","Hoa Lâm Giác"
"ex:monk/hoa_lam_thien_giac","Hoa Lâm Thiện Giác"
"ex:monk/hoa_nghiem_chi_on","Hoa Nghiêm Chí Ôn"
"ex:monk/hoa_nghiem_dao_long","Hoa Nghiêm Ðạo Long"
"ex:monk/hoa_nghiem_hue_lan","Hoa Nghiêm Huệ Lan"
"ex:monk/hoa_nghiem_huu_tinh","Hoa Nghiêm Hưu Tĩnh"
"ex:monk/hoa_nghiem_pho_tu","Hoa Nghiêm Phổ Tư"
"ex:monk/hoa_nghiem_to_giac","Hoa Nghiêm Tổ Giác"
"ex:monk/hoa_son_chi_truyen","Hòa Sơn Chí Truyền"
"ex:monk/hoa_son_duc_pho","Hòa Sơn Ðức Phổ"
"ex:monk/hoa_son_hue_phuong","Hòa Sơn Huệ Phương"
"ex:monk/hoa_son_khe_van","Hòa Sơn Khế Vân"
"ex:monk/hoa_son_ngu_am","Hòa Sơn Ngũ Âm"
"ex:monk/hoa_son_vo_an","Hòa Sơn Vô Ân"
"ex:monk/hoa_tang_an_dan","Hoa Tạng An Dân"
"ex:monk/hoa_tang_giac_thong","Hoa Tạng Giác Thông"
"ex:monk/hoa_tang_tong_dien","Hoa Tạng Tông Diễn"
"ex:monk/hoa_tang_tri_tham","Hoa Tạng Trí Thâm"
"ex:monk/hoa_tang_tue_to","Hoa Tạng Tuệ Tộ"
"ex:monk/hoa_thanh_tue_lang","Hóa Thành Tuệ Lãng"
"ex:monk/hoac_am_su_the","Hoặc Am Sư Thể"
"ex:monk/hoac_son_canh_thong","Hoắc Sơn Cảnh Thông"
"ex:monk/hoai_chau_huyen_tuyen","Hoài Châu Huyền Tuyền"
"ex:monk/hoai_chau_huyen_tuyen_ngan","Hoài Châu Huyền Tuyền Ngạn"
"ex:monk/hoan_nguyen_phuc_ngo","Hoàn Nguyên Phúc Ngộ"
"ex:monk/hoang_ba_dao_toan","Hoàng Bá Ðạo Toàn"
"ex:monk/hoang_ba_duy_thang","Hoàng Bá Duy Thắng"
"ex:monk/hoang_ba_hy_van","Hoàng Bá Hy Vận"
"ex:monk/hoang_ba_hy_van_doan_te_thien_su","Đoan Tế Thiền Sư"
"ex:monk/hoang_ba_linh_uoc","Hoàng Bá Linh Ước"
"ex:monk/hoang_ba_phap_te","Hoàng Bá Pháp Tế"
"ex:monk/hoang_ba_vinh_thai","Hoàng Bá Vĩnh Thái"
"ex:monk/hoang_canh_vien_dung","Hoàng Cảnh Viên Dung"
"ex:monk/hoang_chat","Hoằng Chất"
"ex:monk/hoang_dinh_kien","Cư Sĩ Thái Sử Hoàng Ðình Kiên"
"ex:monk/hoang_lau_dieu_tan","Hoàng Lầu Diệu Tấn"
"ex:monk/hoang_lien_nghia_so","Hoàng Liên Nghĩa Sơ"
"ex:monk/hoang_long_dao_quan","Hoàng Long Ðạo Quán"
"ex:monk/hoang_long_duc_phung","Hoàng Long Ðức Phùng"
"ex:monk/hoang_long_hoi_co","Hoàng Long Hối Cơ"
"ex:monk/hoang_long_hue_nam","Hoàng Long Huệ Nam"
"ex:monk/hoang_long_hue_nam","hoang long hue nam"
"ex:monk/hoang_long_ngo_tan","Hoàng Long Ngộ Tân"
"ex:monk/hoang_long_nhu_hieu","Hoàng Long Như Hiểu"
"ex:monk/hoang_long_phap_trung","Hoàng Long Pháp Trung"
"ex:monk/hoang_long_thu_not","Hoàng Long Thủ Nột"
"ex:monk/hoang_long_tri_minh","Cư Sĩ Thái Sử Hoàng Ðình Kiên"
"ex:monk/hoang_long_tri_minh","Hoàng Long Trí Minh"
"ex:monk/hoang_mai_hoang_nhan","Tôn Giả Hoàng Mai Hoằng Nhẫn"
"ex:monk/hoang_mai_hoang_nhan","Tôn Giả Hoằng Nhẫn"
"ex:monk/hoang_ngan_tiet","Cư Sĩ Môn Ty Hoàng Ngạn Tiết"
"ex:monk/hoang_nguyen","Hoằng Nguyện"
"ex:monk/hoang_nham_bao_hien","Hoàng Nham Bảo Hiên"
"ex:monk/hoang_son_luong_khuong","Hoàng Sơn Lương Khuông"
"ex:monk/hoang_son_nguyet_luan","Hoàng Sơn Nguyệt Luân"
"ex:monk/hoang_tho","Hoằng Thọ"
"ex:monk/hoang_tri_chanh_giac","Hoằng Trí Chánh Giác"
"ex:monk/hoanh_hoa_nguyen_ngo","Hoành Hóa Nguyên Ngộ"
"ex:monk/hoat_chau_quan_am","Hoạt Châu Quán Âm"
"ex:monk/hoat_ngo_long_tham","Hoát Ngộ Long Tham"
"ex:monk/hoi_dai_nguyen_kinh","Hối Đài Nguyên Kính"
"ex:monk/hoi_duong_to_tam","Hối Đường Tổ Tâm"
"ex:monk/hoi_thuc_vuong_thu","Hối Thúc Vương Thự"
"ex:monk/hong_chau_bach_truong_an","Hồng Châu Bách Trượng An"
"ex:monk/hong_chau_bach_truong_sieu","Hồng Châu Bách Trượng Siêu"
"ex:monk/hong_chau_dai_ninh_nap","Hồng Châu Đại Ninh Nạp"
"ex:monk/hong_chau_dong_an","Hồng Châu  Đồng An"
"ex:monk/hong_chau_dong_an","Hồng Châu Đồng An"
"ex:monk/hong_chau_dong_an_oai","Hồng Châu Đồng An Oai"
"ex:monk/hong_chau_dong_son_tue","Hồng Châu Đông Sơn Tuệ"
"ex:monk/hong_chau_kien_son_trung","Hồng Châu Kiến Sơn Trừng"
"ex:monk/hong_chau_lac_dam_mau","Hồng Châu Lặc Đàm Mâu"
"ex:monk/hong_chau_lac_dam_minh","Hồng Châu Lặc Đàm Minh"
"ex:monk/hong_chau_lac_dam_ngo","Hồng Châu Lặc Đàm Ngộ"
"ex:monk/hong_chau_loc_nguyen","Hồng Châu Lộc Nguyên"
"ex:monk/hong_chau_me_linh","Hồng Châu Mễ Lĩnh"
"ex:monk/hong_chau_phap_dat","Hồng Châu Pháp Đạt"
"ex:monk/hong_chau_tan_hung_te","Hồng Châu Tân Hưng Tế"
"ex:monk/hong_chau_tay_son_luong","Hồng Châu Tây Sơn Lượng"
"ex:monk/hong_chau_thien_vuong_vien","Hồng Châu Thiên Vương Viện"
"ex:monk/hong_chau_thuy_lao","Hồng Châu Thủy Lão"
"ex:monk/hong_chau_van_cu_dung","Hồng Châu Vân Cư Dung"
"ex:monk/hong_chau_vinh_an_minh","Hồng Châu Vĩnh An Minh"
"ex:monk/hong_chuong_tri_duc","Hồng Chương Trí Đức"
"ex:monk/hong_dieu_thien_dao","Hồng Diệu Thiện Đạo"
"ex:monk/hong_lau_dieu_tan","Hồng Lầu Diệu Tấn"
"ex:monk/hong_mao_thien_tam","Hồng Mão Thiện Tâm"
"ex:monk/hong_minh_tu_hoi","Hồng Minh Từ Hội"
"ex:monk/hong_nam_huyen_khong","Hồng Nam Huyền Không"
"ex:monk/hong_nhan_tu_nhon","Hồng Nhẫn Từ Nhơn"
"ex:monk/hong_nhon_tu_nhan","Hồng Nhơn Từ Nhẫn"
"ex:monk/hong_phap_thien_minh","Hồng Pháp Thiện Minh"
"ex:monk/hong_phuoc_tu_giao","Hồng Phước Tử Giao"
"ex:monk/hong_quy_buu_thanh","Hồng Quý Bửu Thanh"
"ex:monk/hong_sang_thien_quang","Hồng Sáng Thiện Quang"
"ex:monk/hong_thong_tri_chau","Hồng Thông Trí Châu"
"ex:monk/hong_toi_thien_tuong","Hồng Tôi Thiện Tường"
"ex:monk/hong_tong_pho_quang","Hồng Tòng Phổ Quảng"
"ex:monk/hong_tong_quang_dat","Hồng Tồng Quảng Đạt"
"ex:monk/hong_trung_dieu_hau","Hồng Trung Diệu Hậu"
"ex:monk/hong_trung_thien_tin","Hồng Trung Thiện Tín"
"ex:monk/hong_tu_dieu_nga","Hồng Từ Diệu Nga"
"ex:monk/hong_tuyen_tu_thong","Hồng Tuyên Từ Thông"
"ex:monk/hong_xung_thien_quang","Hồng Xứng Thiện Quang"
"ex:monk/hop_chau_giam","Hợp Châu Giám"
"ex:monk/hu_chu_pho_do","Hư Chu Phổ Độ"
"ex:monk/hua_chau_khanh_tho","Hứa Châu Khánh Thọ"
"ex:monk/hue_doan","Huệ Đoan"
"ex:monk/hue_huy_tu_dac","Huệ Huy Tự Đắc"
"ex:monk/hue_kha","Tôn Giả Huệ Khả"
"ex:monk/hue_kha_hue_kha","Huệ Khả"
"ex:monk/hue_kha_tang_kha","Tăng Khả"
"ex:monk/hue_kha_than_quang","Thần Quang"
"ex:monk/hue_kha_thien_su","Thiền sư"
"ex:monk/hue_lam","Huệ Lâm"
"ex:monk/hue_trang","Huệ Tràng"
"ex:monk/hung_duong_hien","Hưng Dương Hiền"
"ex:monk/hung_duong_thanh_phau","Hưng Dương Thanh Phẩu"
"ex:monk/hung_giao_than","Hưng Giáo Thản"
"ex:monk/hung_giao_tue_thuan","Hưng Giáo Tuệ Thuân"
"ex:monk/hung_hoa_kha_do","Hưng Hóa Khả Ðô"
"ex:monk/hung_hoa_nhan_nhac","Hưng Hóa Nhân Nhạc"
"ex:monk/hung_hoa_nhan_nhac","Định Lâm Cảnh Phượng"
"ex:monk/hung_hoa_phap_trung","Hưng Hóa Pháp Trừng"
"ex:monk/hung_hoa_thieu_thanh","Hưng Hóa Thiệu Thanh"
"ex:monk/hung_hoa_ton_tuong","Hưng Hóa Tồn Tương"
"ex:monk/hung_hoa_ton_tuong","Hưng Hóa Tồn Tưởng"
"ex:monk/hung_nguyen_pho_thong_phong","Hưng Nguyên Phổ Thông Phong"
"ex:monk/hung_nhi_tu","Hùng Nhĩ Từ"
"ex:monk/hung_phuoc_kha_huan","Hưng Phước Khả Huân"
"ex:monk/hung_phuoc_khuong_nguyen","Hưng Phước Khương Nguyên"
"ex:monk/hung_quoc_chan_lang","Hưng Quốc Chấn Lãng"
"ex:monk/hung_quoc_khe_nha","Hưng Quốc Khế Nhã"
"ex:monk/hung_thanh","Hưng Thạnh"
"ex:monk/hung_thien_the_luan","Hưng Thiện Thê Luân"
"ex:monk/hung_triet","Hưng Triệt"
"ex:monk/huong_duong_hy_an","Hương Dương Hy Ẩn"
"ex:monk/huong_khe_tung_pham","Hương Khê Tùng Phạm"
"ex:monk/huong_lam_trung_vien","Hương Lâm Trừng Viễn"
"ex:monk/huong_nghiem_dong_phu","Hương Nghiêm Ðộng Phu"
"ex:monk/huong_nghiem_nghia_doan","Hương Nghiêm Nghĩa Đoan"
"ex:monk/huong_nghiem_tri_nhan","Hương Nghiêm Trí Nhàn"
"ex:monk/huong_son_duy_duc","Hương Sơn Duy Đức"
"ex:monk/huong_son_phap_thanh","Hương Sơn Pháp Thành"
"ex:monk/huong_son_uan_luong","Hương Sơn Uẩn Lương"
"ex:monk/huu_thanh_phap_cu","Hựu Thánh Pháp Cư"
"ex:monk/huyen_huu_thuong_nhuan","Huyễn Hưu Thường Nhuận"
"ex:monk/huyen_sa_hop_van","Huyền Sa Hợp Văn"
"ex:monk/huyen_sa_su_bi","Huyền Sa Sư Bị"
"ex:monk/huyen_sa_tang_chieu","Huyền Sa Tăng Chiêu"
"ex:monk/huyen_sach","Huyền Sách"
"ex:monk/huynh_sinh_thieu_can","Huỳnh Sinh Thiệu Cẩn"
"ex:monk/ich_chau_bac_vien_thong","Ích Châu Bắc Viện Thông"
"ex:monk/ich_chau_bach","Ích Châu Bạch"
"ex:monk/ich_chau_hoai_qua","Ích Châu Hoài Quả"
"ex:monk/ich_chau_son_vien_giap","Ích Châu Sơn Viện Giáp"
"ex:monk/ich_chau_tay_muc","Ích Châu Tây Mục"
"ex:monk/ich_chau_the_muc","Ích Châu Thê Mục"
"ex:monk/ich_chau_truong_binh","Ích Châu Trường Bình"
"ex:monk/ich_chau_ung_thien","Ích Châu Ứng Thiên"
"ex:monk/ich_chau_vo_tuong","Ích Châu Vô Tướng"
"ex:monk/ke_lam_dao_nghia","Kê Lâm Đạo Nghĩa"
"ex:monk/khai_nguyen_chi_khiem","Khai Nguyên Chí Khiêm"
"ex:monk/khai_nguyen_tu_kha","Khai Nguyên Tử Kha"
"ex:monk/khai_phuoc_dao_ninh","Khai Phước Đạo Ninh"
"ex:monk/khai_phuoc_tong_triet","Khai Phước Tông Triết"
"ex:monk/khai_thanh_bao_tinh","Khai Thánh Bảo Tình"
"ex:monk/khai_thanh_bao_tinh","Sơn Chủ Khai Thánh Bảo Tình"
"ex:monk/khai_thien_dao_khiem","Khai Thiện Đạo Khiêm"
"ex:monk/khai_tien_hanh_anh","Khai Tiên Hạnh Anh"
"ex:monk/khai_tien_thanh_dieu","Khai Tiên Thanh Diệu"
"ex:monk/khai_tien_thieu_tong","Khai Tiên Thiệu Tông"
"ex:monk/kham_son_pho_so","Khâm Sơn Phổ Sơ"
"ex:monk/kham_son_van_thuy","Khâm Sơn Văn Thúy"
"ex:monk/khang_son_khe_an","Khang Sơn Khế Ẩn"
"ex:monk/khanh_thien_pho_nang","Khánh Thiện Phổ Năng"
"ex:monk/khanh_thien_thu_long","Khánh Thiện Thủ Long"
"ex:monk/khanh_thien_tong_chan","Khánh Thiện Tông Chấn"
"ex:monk/khe_son_chuong","Khê Sơn Chương"
"ex:monk/khe_vi","Khế Vi"
"ex:monk/khoan_duc_thanh_lang","Khoan Dực Thanh Lãng"
"ex:monk/khoan_giao_nhu_hoa","Khoan Giáo Nhu Hòa"
"ex:monk/khoan_thong_chanh_tri","Khoan Thông Chánh Trí"
"ex:monk/khoan_tinh","Khoan Tịnh"
"ex:monk/khoat_duong_dai_van","Khoát Đường Đại Văn"
"ex:monk/khong_hoa_hue_chieu","Không Hoa Huệ Chiếu"
"ex:monk/khong_tam_tri_quang","Không Tâm Trí Quảng"
"ex:monk/khong_that_tri_thong","Không Thất Trí Thông"
"ex:monk/khong_tin_ke_chau","Không Tín Kế Châu"
"ex:monk/khuong_dat_bao_an","Khuông Dật Báo Ân"
"ex:monk/khuong_son_phuong","Khương Sơn Phương"
"ex:monk/khuynh_tam_phap_diem","Khuynh Tâm Pháp Diễm"
"ex:monk/kiem_mon_an_phan","Am Chủ Kiếm Môn An Phần"
"ex:monk/kiem_mon_nam_tu_tao","Kiếm Môn Nam Tu Tạo"
"ex:monk/kien_chau_bach_van_giam","Kiến Châu Bạch Vân Giảm"
"ex:monk/kien_chau_bach_van_uoc","Kiến Châu Bạch Vân Ước"
"ex:monk/kien_chau_mong_but","Kiến Châu Mộng Bút"
"ex:monk/kien_chau_xu_triet","Kiền Châu Xứ Triệt"
"ex:monk/kien_chau_xu_triet","Kiền Châu Xứ Vy"
"ex:monk/kien_chau_xu_vy","Kiền Châu Xứ Vy"
"ex:monk/kien_long_chieu_khanh","Kiến Long Chiêu Khánh"
"ex:monk/kien_son_kien","Kiến Sơn Kiên"
"ex:monk/kim_chau_thao","Kim Châu Thao"
"ex:monk/kim_hoa_cau_chi","Kim Hoa Câu Chi"
"ex:monk/kim_lang_bao_an_chi","Kim Lăng Bảo An Chỉ"
"ex:monk/kim_lang_du_dao_ba","Kim Lăng Du Đạo Bà"
"ex:monk/kim_lang_phap_tri","Kim Lăng Pháp Trì"
"ex:monk/kim_lang_phap_tri_kim_lang_phap_tri","Kim Lăng Pháp Trì"
"ex:monk/kim_lang_phap_tri_thien_su","Thiền sư"
"ex:monk/kim_lang_phap_tri_truong","Trương"
"ex:monk/kim_lang_thanh_luong_minh","Kim Lăng Thanh Lương Minh"
"ex:monk/kim_luan_kha_quan","Kim Luân Khả Quán"
"ex:monk/kim_phong_tung_chi","Kim Phong Tùng Chí"
"ex:monk/kim_son_dam_dinh","Kim Sơn Ðàm Dĩnh"
"ex:monk/kim_son_kien","Kim Sơn Kiên"
"ex:monk/kim_son_thien_khai","Kim Sơn Thiện Khai"
"ex:monk/kim_son_vien_thong","Kim Sơn Viên Thông"
"ex:monk/kim_thang_van","Kim Thằng Văn"
"ex:monk/kim_tru_nghia_chieu","Kim Trụ Nghĩa Chiêu"
"ex:monk/kinh_chau_cong_an_man","Kinh Châu Công An Mẫn"
"ex:monk/kinh_chau_ho_quoc_mai","Kinh Châu Hộ Quốc Mại"
"ex:monk/kinh_mon_thuong_tuyen","Kinh Môn Thượng Tuyền"
"ex:monk/kinh_nguyen_quang_luc","Kinh Nguyên Quang Lực"
"ex:monk/kinh_son_bao_an","Kính Sơn Bảo Ấn"
"ex:monk/kinh_son_dao_kham","Kính Sơn Đạo Khâm"
"ex:monk/kinh_son_dao_xung","Kính Sơn Đạo Xung"
"ex:monk/kinh_son_dieu_cao","Kính Sơn Diệu Cao"
"ex:monk/kinh_son_giam_tong","Kính Sơn Giám Tông"
"ex:monk/kinh_son_hanh_doan","Kính Sơn Hạnh Ðoan"
"ex:monk/kinh_son_hong_nhan","Kính Sơn Hồng Nhân"
"ex:monk/kinh_son_lieu_minh","Kính Sơn Liễu Minh"
"ex:monk/kinh_son_nguyen_hy","Kính Sơn Nguyên Hy"
"ex:monk/kinh_son_nhu_diem","Kính Sơn Như Diễm"
"ex:monk/kinh_son_thien_tran","Kính Sơn Thiện Trân"
"ex:monk/kinh_son_tri_sach","Kính Sơn Trí Sách"
"ex:monk/kinh_thanh_dao_pho","Kính Thanh Đạo Phó"
"ex:monk/kinh_trieu_ban_long","Kinh Triệu Bàn Long"
"ex:monk/kinh_trieu_bao_phuoc","Kinh Triệu Bảo Phước"
"ex:monk/kinh_trieu_duy_khoan","Kinh Triệu Duy Khoan"
"ex:monk/kinh_trieu_hien_tu","Kinh Triệu Hiện Tử"
"ex:monk/kinh_trieu_hoang_bien","Kinh Triệu Hoằng Biện"
"ex:monk/kinh_trieu_hung_binh","Kinh Triệu Hưng Bình"
"ex:monk/kinh_trieu_huong_thanh","Kinh Triệu Hương Thành"
"ex:monk/kinh_trieu_me_ho","Kinh Triệu Mễ Hồ"
"ex:monk/kinh_trieu_ngoa_long","Kinh Triệu Ngọa Long"
"ex:monk/kinh_trieu_tam_tuong","Kinh Triệu Tam Tướng"
"ex:monk/kinh_trieu_thao_duong","Kinh Triệu Thảo Đường"
"ex:monk/kinh_trieu_thi_loi","Kinh Triệu Thi Lợi"
"ex:monk/ky_ngan_pho_minh","Kỳ Ngạn Phổ Minh"
"ex:monk/la_han_he_nam","La Hán Hệ Nam"
"ex:monk/la_han_que_sam","La Hán Quế Sâm"
"ex:monk/la_han_tong_triet","La Hán Tông Triệt"
"ex:monk/la_han_tri_y","La Hán Trí Y"
"ex:monk/la_han_uong_qua","La Hán Uông Quả"
"ex:monk/la_hau_la_da","Tôn Giả La Hầu La Da"
"ex:monk/la_phu_hien_nhu","La Phù Hiển Như"
"ex:monk/la_phu_hy","La Phù Hy"
"ex:monk/la_phu_vien","La Phù Viễn"
"ex:monk/la_son_dao_nhan","La Sơn Đạo Nhàn"
"ex:monk/la_son_nghia_nhan","La Sơn Nghĩa Nhân"
"ex:monk/la_son_nghia_thong","La Sơn Nghĩa Thông"
"ex:monk/la_son_thieu_du","La Sơn Thiệu Du"
"ex:monk/lac_dam_buu_long","Lặc Đàm Bửu Long"
"ex:monk/lac_dam_canh_tuong","Lặc Đàm Cảnh Tường"
"ex:monk/lac_dam_dao_khiem","Lặc Đàm Đạo Khiêm"
"ex:monk/lac_dam_dien_mau","Lặc Đàm Diên Mậu"
"ex:monk/lac_dam_duc_thuan","Lặc Đàm Ðức Thuần"
"ex:monk/lac_dam_duy_kien","Lặc Đàm Duy Kiến"
"ex:monk/lac_dam_hieu_nguyet","Lặc Đàm Hiểu Nguyệt"
"ex:monk/lac_dam_hong_anh","Lặc Đàm Hồng Anh"
"ex:monk/lac_dam_khac_van","Lặc Đàm Khắc Văn"
"ex:monk/lac_dam_phap_hoi","Lặc Đàm Pháp Hội"
"ex:monk/lac_dam_than_dang","Lặc Đàm Thần Đảng"
"ex:monk/lac_dam_thien_thanh","Lặc Đàm Thiện Thanh"
"ex:monk/lac_dam_thuong_hung","Lặc Đàm Thường Hưng"
"ex:monk/lac_dam_trach_minh","Lặc Đàm Trạch Minh"
"ex:monk/lac_dam_ung_can","Lặc Đàm Ứng Càn"
"ex:monk/lac_dam_van_chuan","Lặc Đàm Văn Chuẩn"
"ex:monk/lac_kinh_bach_coc","Lạc Kinh Bách Cốc"
"ex:monk/lac_kinh_hac_gian","Lạc Kinh Hắc Giản"
"ex:monk/lac_kinh_khe_hac","Lạc Kinh Khế Hạc"
"ex:monk/lac_kinh_nam_vien","Lạc Kinh Nam Viện"
"ex:monk/lac_pho_nguyen_an","Lạc Phổ Nguyên An"
"ex:monk/lam_duong_chi_doan","Lâm Dương Chí Đoan"
"ex:monk/lam_khe_canh_thoat","Lâm Khê Cảnh Thoát"
"ex:monk/lam_te_nghia_huyen","Bồ Đề Quang Dụng"
"ex:monk/lam_te_nghia_huyen","Lâm Tế Nghĩa Huyền"
"ex:monk/lam_tuyen_tung_luan","Lâm Tuyền Tùng Luân"
"ex:monk/lang_chau_co_de","Lãng Châu Cổ Đề"
"ex:monk/lang_chau_duc_son","Lãng Châu Đức Sơn"
"ex:monk/lang_chau_duc_son_hai","Lãng Châu Đức Sơn Hải"
"ex:monk/lang_chau_hoai_chinh","Lãng Châu Hoài Chính"
"ex:monk/lang_chau_ky_xa","Lãng Châu Kỳ Xà"
"ex:monk/lang_chau_luong_son_gian","Lãng Châu Lương Sơn Giản"
"ex:monk/lang_chau_thuong_khe_lan","Lãng Châu Thương Khê Lân"
"ex:monk/lang_da_vinh_khoi","Lang Da Vĩnh Khởi"
"ex:monk/lang_nha_phuong_duyet","Lang Nha Phương Duyệt"
"ex:monk/lang_nha_tri_thien","Lang Nha Trí Thiên"
"ex:monk/lang_nha_tue_giac","Lang Nha Tuệ Giác"
"ex:monk/lang_son_tue_on","Lang Sơn Tuệ Ôn"
"ex:monk/lao_na_tu_dang_dai_hoang","Lão Na Từ Đăng Đại Hoằng"
"ex:monk/lao_na_tu_dang_dai_hoang","Đại Hồng Tổ Chứng"
"ex:monk/lenh_nhan_minh_that","Ðạo Nhân Lệnh Nhân Minh Thất"
"ex:monk/liem_tuyen_dam_tu","Liêm Tuyền Ðàm Tú"
"ex:monk/lien_van_dao_nang","Liên Vân Ðạo Năng"
"ex:monk/lieu_dao_chi_tan","Liễu Đạo Chí Tân"
"ex:monk/lieu_dieu_chanh_quang","Liễu Diệu Chánh Quang"
"ex:monk/lieu_duc_hue_giao","Liễu Đức Huệ Giáo"
"ex:monk/lieu_kien_tu_hoa","Liễu Kiến Từ Hòa"
"ex:monk/lieu_minh","Liễu Minh"
"ex:monk/lieu_nang_uc_chat","Liễu Năng Ðức Chất"
"ex:monk/lieu_thong_hue_giam","Liễu Thông Huệ Giám"
"ex:monk/lieu_tri_hue_nhut","Liễu Trí Huệ Nhựt"
"ex:monk/lieu_triet_tu_minh","Liễu Triệt Từ Minh"
"ex:monk/linh_an_chi_thien","Linh Ẩn Chi Thiện"
"ex:monk/linh_an_dao_an","Linh Ẩn Ðạo Ấn"
"ex:monk/linh_an_duc_chuong","Linh Ẩn Ðức Chương"
"ex:monk/linh_an_duc_tu","Linh Ẩn Ðức Tư"
"ex:monk/linh_an_lieu_dien","Linh Ẩn Liễu Diễn"
"ex:monk/linh_an_sung_nhac","Linh Ẩn Sùng Nhạc"
"ex:monk/linh_an_thanh_tung","Linh Ẩn Thanh Tùng"
"ex:monk/linh_an_to_ngan","Linh Ẩn Tổ Ngân"
"ex:monk/linh_an_tue_vien","Linh Ẩn Tuệ Viễn"
"ex:monk/linh_an_van_thai","Linh Ẩn Văn Thái"
"ex:monk/linh_ban","Lĩnh Ban"
"ex:monk/linh_kieu","Linh Kiệu"
"ex:monk/linh_nham_lieu_tanh","Linh Nham Liễu Tánh"
"ex:monk/linh_nham_trong_xac","Linh Nham Trọng Xác"
"ex:monk/linh_nham_tue_tong","Linh Nham Tuệ Tông"
"ex:monk/linh_nham_ung","Linh Nham Ứng"
"ex:monk/linh_son_ban_ngon","Linh Sơn Bản Ngôn"
"ex:monk/linh_son_ngan_van","Linh Sơn Ngạn Văn"
"ex:monk/linh_thuu_tong_anh","Linh Thứu Tông Ánh"
"ex:monk/linh_thuu_tue_giac","Linh Thứu Tuệ Giác"
"ex:monk/linh_truc_thu_tran","Linh Trúc Thủ Trân"
"ex:monk/linh_tuyen_quy_nhan","Linh Tuyền Quy Nhân"
"ex:monk/linh_van_chi_can","Linh Vân Chí Cần"
"ex:monk/lo_chau_bac_thien_vuong_vi","Lô Châu Bắc Thiên Vương Vi"
"ex:monk/lo_chau_da_phu_son","Lô Châu Dã Phụ Sơn"
"ex:monk/lo_chau_huyen_vi","Lộ Châu Huyền Vi"
"ex:monk/lo_chau_thien_lai","Lỗ Châu Thiện Lai"
"ex:monk/lo_phu_ban_dinh_tong_man","Lộ Phủ Bàn Đình Tông Mẫn"
"ex:monk/lo_phu_dieu_thang_huyen_mat","Lộ Phủ Diệu Thắng Huyền Mật"
"ex:monk/lo_phu_dieu_thang_tran","Lộ Phủ Diệu Thắng Trăn"
"ex:monk/lo_son_hoai_huu","Lô Sơn Hoài Hựu"
"ex:monk/lo_son_phap_chan","Lô Sơn Pháp Chân"
"ex:monk/lo_son_tri_long_son_chu","Lô Sơn Trì Long Sơn Chủ"
"ex:monk/lo_thien_dien_khanh","Lô Thiên Diên Khánh"
"ex:monk/lo_thien_duc_minh","Lô Thiên Đức Minh"
"ex:monk/lo_to_bao_van","Lỗ Tổ Bảo Vân"
"ex:monk/loa_phong_xung_ao","Loa Phong Xung Áo"
"ex:monk/loc_mon_phap_ang","Lộc Môn Pháp Ðăng"
"ex:monk/loc_mon_tu_giac","Lộc Môn Tự Giác"
"ex:monk/loc_mon_tue_chieu","Lộc Môn Tuệ Chiêu"
"ex:monk/loc_mon_tue_chieu","Sơn Chủ Lộc Môn Tuệ Chiêu"
"ex:monk/loc_mon_xu_chan","Lộc Môn Xử Chân"
"ex:monk/loc_thanh","Lộc Thanh"
"ex:monk/loi_son","Lợi Sơn"
"ex:monk/long_an_nhu_hai","Long An Như Hải"
"ex:monk/long_an_the_nang","Long An Thế Năng"
"ex:monk/long_bang_am_quang","Long Bàng Ðàm Quảng"
"ex:monk/long_dam_sung_tin","Long Đàm Sùng Tín"
"ex:monk/long_dam_tri_vien","Long Đàm Trí Viên"
"ex:monk/long_ho_vuong_tieu","Cư Sĩ Long Hồ Vương Tiêu"
"ex:monk/long_hoa_ban","Long Hoa Bản"
"ex:monk/long_hoa_cao","Long Hoa Cao"
"ex:monk/long_hoa_chi_cau","Long Hoa Chí Cầu"
"ex:monk/long_hoa_dao_so","Long Hoa Ðạo Sơ"
"ex:monk/long_hoa_hieu_ngu","Long Hoa Hiểu Ngu"
"ex:monk/long_hoa_khe_doanh","Long Hoa Khế Doanh"
"ex:monk/long_hoa_linh_chieu","Long Hoa Linh Chiếu"
"ex:monk/long_hoa_te_nhac","Long Hoa Tề Nhạc"
"ex:monk/long_hoi_son_giam","Long Hội Sơn Giám"
"ex:monk/long_hung_duc_tan","Long Hưng Đức Tân"
"ex:monk/long_hung_ngo_khong","Long Hưng Ngộ Không"
"ex:monk/long_hung_su_dinh","Long Hưng Sư Ðịnh"
"ex:monk/long_hung_tong_tinh","Long Hưng Tông Tĩnh"
"ex:monk/long_khanh_khanh_nhan","Long Khánh Khánh Nhàn"
"ex:monk/long_minh_hien","Long Minh Hiền"
"ex:monk/long_mon_chieu","Long Môn Chiếu"
"ex:monk/long_mon_nam","Long Môn Nam"
"ex:monk/long_nha_cu_don","Long Nha Cư Độn"
"ex:monk/long_nha_tong_mat","Long Nha Tông Mật"
"ex:monk/long_nha_tri_tai","Long Nha Trí Tài"
"ex:monk/long_nha_vien_suong","Long Nha Viên Sướng"
"ex:monk/long_sach_dao_pho","Long Sách Đạo Phó"
"ex:monk/long_sach_tu_hung","Long Sách Tử Hưng"
"ex:monk/long_son_tri_tung","Long Sơn Trí Tung"
"ex:monk/long_son_van_nghia","Long Sơn Văn Nghĩa"
"ex:monk/long_te_thieu_tu","Long Tế Thiệu Tu"
"ex:monk/long_tho","Long Thọ"
"ex:monk/long_tho_thieu_khanh","Long Thọ Thiệu Khanh"
"ex:monk/long_tri_du","Long Trì Dự"
"ex:monk/long_tu_dao_an","Long Tu Đạo Ân"
"ex:monk/long_tuong_ao_huy","Long Tường Ðạo Huy"
"ex:monk/long_tuong_dao_huy","Long Tường Ðạo Huy"
"ex:monk/long_tuong_hy_lien","Long Tường Hy Liên"
"ex:monk/long_tuong_nam_nha","Long Tường Nam Nhã"
"ex:monk/long_tuong_si_khue","Long Tường Sĩ Khuê"
"ex:monk/long_tuyen_quy","Long Tuyền Quỳ"
"ex:monk/long_vuong_thien_tuy","Long Vương Thiện Tùy"
"ex:monk/long_vuong_van","Long Vương Vân"
"ex:monk/lu_chau_dai_giac","Lư Châu Đại Giác"
"ex:monk/lu_hang","Cư Sĩ Trung Thừa Lư Hàng"
"ex:monk/luat_su_phap_trieu","Luật sư Pháp Triều"
"ex:monk/luc_hop_dai_an","Lục Hợp Đại Ẩn"
"ex:monk/luc_thong_chi_cau","Lục Thông Chí Cầu"
"ex:monk/luc_thong_thai_chau_thieu","Lục Thông Thai Châu Thiệu"
"ex:monk/lung_chau_quoc_thanh_phung","Lũng Châu Quốc Thanh Phụng"
"ex:monk/lung_nhung_tri_vien","Lũng Nhung Trí Viên"
"ex:monk/luong_phong_dong_uyen","Lương Phong Ðộng Uyên"
"ex:monk/luong_son_duyen_quan","Lương Sơn Duyên Quán"
"ex:monk/luong_son_hoai","Lương Sơn Hoài"
"ex:monk/luong_son_su_vien","Lương Sơn Sư Viễn"
"ex:monk/luu_ngan_tu","Cư Sĩ Bảo Học Lưu Ngạn Tu"
"ex:monk/luu_thiet_ma","Lưu Thiết Ma"
"ex:monk/ly_binh","Cư sĩ Tham Chánh Lý Bính"
"ex:monk/ly_di_ton","Cư Sĩ Thị Lang Lý Di Tốn"
"ex:monk/ly_doan_nguyen","Cư Sĩ Tiết Sứ Lý Ðoan Nguyện"
"ex:monk/ly_doan_nguyen","Lý Ðoan Nguyện"
"ex:monk/ly_hao","Cư Sĩ Thị Lang Lý Hạo"
"ex:monk/ly_thon_tu_man","Ly Thôn Tự Mãn"
"ex:monk/ly_tuan_uc","Cư Sĩ Phù Mã Lý Tuân Úc"
"ex:monk/ly_tuan_uc","Lý Tuân Úc"
"ex:monk/ma_coc_bao_triet","Ma Cốc Bảo Triệt"
"ex:monk/ma_dau_than_tang","Mã Đầu Thần Tạng"
"ex:monk/ma_ha_ca_diep","Ma Ha Ca Diếp"
"ex:monk/ma_ha_ca_diep","Tôn Giả Ma Ha Ca Diếp"
"ex:monk/ma_minh","Mã Minh"
"ex:monk/ma_noa_la","Tôn Giả Ma Noa La"
"ex:monk/ma_to_dao_nhat","Mã Tổ Đạo Nhất"
"ex:monk/mac_tuong_thieu_hu","Cư Sĩ Mạc Tướng Thượng Thư Thiếu Hư"
"ex:monk/man_son_linh_ham","Mân Sơn Linh Hàm"
"ex:monk/mat_am_han_kiet","Mật Am Hàn Kiệt"
"ex:monk/mat_dien_de_ca","Mạt Điền Để Ca"
"ex:monk/mat_dien_de_ca","Tôn Giả Mạt Điền Để Ca"
"ex:monk/mat_son_lieu_nhien","Mạt Sơn Liễu Nhiên"
"ex:monk/mat_ung_huyen_co","Mật Ứng Huyền Cơ"
"ex:monk/mat_van_vien_ngo","Mật Vân Viên Ngộ"
"ex:monk/me_lanh","Mễ Lãnh"
"ex:monk/me_thuong","Mễ Thương"
"ex:monk/mi_chau_phuoc_hoa_quang","Mi Châu Phước Hóa Quang"
"ex:monk/mien_truc_dien_tue","Miên Trúc Diên Tuệ"
"ex:monk/minh_chau_quan_tong","Minh Châu Quán Tông"
"ex:monk/minh_chau_thien_dong_nghia","Minh Châu Thiên Đồng Nghĩa"
"ex:monk/minh_chieu_duc_khiem","Minh Chiêu Đức Khiêm"
"ex:monk/minh_giac_ky_phuong","Minh Giác Kỳ Phương"
"ex:monk/minh_hai_phap_bao","Minh Hải Pháp Bảo"
"ex:monk/minh_hang_dinh_nhien","Minh Hằng Định Nhiên"
"ex:monk/minh_hanh_tai_tai","Minh Hành Tại Tại"
"ex:monk/minh_hoang_tu_dung","Minh Hoàng Tử Dung"
"ex:monk/minh_khiem_hoang_an","Minh Khiêm Hoằng Ân"
"ex:monk/minh_khue_dao_hanh","Minh Khê Đạo Hạnh"
"ex:monk/minh_lieu_luc_hoa","Minh Liễu Lục Hòa"
"ex:monk/minh_ly_quang_an","Minh Lý Quảng An"
"ex:monk/minh_nhan_dam_ngoan","Minh Nhân Ðàm Ngoạn"
"ex:monk/minh_phung","Minh Phụng"
"ex:monk/minh_phuong_chon_huong","Minh Phương Chơn Hương"
"ex:monk/minh_thuy_hoai_trung","Minh Thủy Hoài Trung"
"ex:monk/minh_vat_nhut_tri","Minh Vật Nhứt Tri"
"ex:monk/minh_vi_mat_hanh","Minh Vi Mật Hạnh"
"ex:monk/moc_binh_thien_dao","Mộc Bình Thiện Đạo"
"ex:monk/moc_tran_tung_lang","Mộc Trần Tùng Lãng"
"ex:monk/mong_khe","Mông Khê"
"ex:monk/mong_son_hue_minh","Mông Sơn Huệ Minh"
"ex:monk/muc_chau_dao_minh","Mục Châu Đạo Minh"
"ex:monk/muc_chau_kinh_lien","Mục Châu Kỉnh Liên"
"ex:monk/muc_chau_tran_thao","Mục Châu Trần Thao"
"ex:monk/n_dieu_tue_tue_quang","N Diệu Tuệ Tuệ Quang"
"ex:monk/n_huong_son_phat_thong","N Hương Sơn Phật Thông"
"ex:monk/n_linh_chieu","N Linh Chiếu"
"ex:monk/n_tay_kinh_ao_tham","N Tây Kinh Ðạo Thâm"
"ex:monk/nam_an_nham_tu_nghiem","Nam An Nham Tự Nghiêm"
"ex:monk/nam_binh_vuong_chung_truyen","Nam Bình Vương Chung Truyền"
"ex:monk/nam_dai_dao_tuan","Nam Đài Đạo Tuân"
"ex:monk/nam_dai_duan_cung","Nam Đài Duẫn Cung"
"ex:monk/nam_dai_thu_an","Nam Đài Thủ An"
"ex:monk/nam_dang_phap_khong","Nam Đãng Pháp Không"
"ex:monk/nam_duong_hue_trung","Nam Dương Huệ Trung"
"ex:monk/nam_hoa_minh","Nam Hoa Minh"
"ex:monk/nam_hoa_tri_binh","Nam Hoa Tri Bính"
"ex:monk/nam_minh_dao_quang","Nam Minh Đạo Quảng"
"ex:monk/nam_nguyen_dao_minh","Nam Nguyên Đạo Minh"
"ex:monk/nam_nguyen_hanh_tu","Nam Nguyên Hành Tu"
"ex:monk/nam_nhac_duy_kinh","Nam Nhạc Duy Kính"
"ex:monk/nam_nhac_hoai_nhuong","Nam Nhạc Hoài Nhượng"
"ex:monk/nam_nhac_hoang_long","Nam Nhạc Hoàng Long"
"ex:monk/nam_nhac_huyen_thai","Nam Nhạc Huyền Thái"
"ex:monk/nam_nhac_minh_toan","Nam Nhạc Minh Toản"
"ex:monk/nam_nhac_minh_toan","Đạo Tuyên"
"ex:monk/nam_nhac_nam_dai","Nam Nhạc Nam Đài"
"ex:monk/nam_nhac_phap_chi","Nam Nhạc Pháp Chí"
"ex:monk/nam_nham_thang","Nam Nham Thắng"
"ex:monk/nam_phong_duy_quang","Nam Phong Duy Quảng"
"ex:monk/nam_phong_van_bien","Nam Phong Vân Biện"
"ex:monk/nam_phong_vinh_trinh","Nam Phong Vĩnh Trình"
"ex:monk/nam_te_tang_nhat","Nam Tế Tăng Nhất"
"ex:monk/nam_thap_quang_dung","Nam Tháp Quang Dũng"
"ex:monk/nam_thien_khe_phan","Nam Thiền Khế Phan"
"ex:monk/nam_thien_ngo_duyen","Nam Thiền Ngộ Duyên"
"ex:monk/nam_thien_vo_nhiem","Nam Thiền Vô Nhiễm"
"ex:monk/nam_thien_vuong_vinh_binh","Nam Thiên Vương Vĩnh Bình"
"ex:monk/nam_tuyen_pho_nguyen","Nam Tuyền Phổ Nguyện"
"ex:monk/nam_vien_hue_ngung","Nam Viện Huệ Ngung"
"ex:monk/nang_nhan_ly","Năng Nhân Lý"
"ex:monk/nang_nhan_sung_tho","Năng Nhân Sùng Thọ"
"ex:monk/nang_nhan_thieu_ngo","Năng Nhân Thiệu Ngộ"
"ex:monk/nang_nhan_to_nguyen","Năng Nhân Tổ Nguyên"
"ex:monk/nga_ho_dai_nghia","Nga Hồ Đại Nghĩa"
"ex:monk/nga_ho_thieu_thich","Nga Hồ Thiệu Thích"
"ex:monk/nga_ho_tri_phu","Nga Hồ Trí Phù"
"ex:monk/nga_ho_van_chan","Nga Hồ Vân Chấn"
"ex:monk/ngac_chau_hoang_long_nhan","Ngạc Châu Hoàng Long Nhân"
"ex:monk/ngac_chau_linh_truc","Ngạc Châu Linh Trúc"
"ex:monk/ngac_chau_phu_dung","Ngạc Châu Phù Dung"
"ex:monk/ngac_chau_vo_dang","Ngạc Châu Vô Đẳng"
"ex:monk/nghia_gioi","Nghĩa Giới"
"ex:monk/ngo_cu_hau","Cư Sĩ Xu Mật Ngô Cư Hậu"
"ex:monk/ngo_hung_phap_hai","Ngô Hưng Pháp Hải"
"ex:monk/ngo_tanh_phuoc_hue","Ngộ Tánh Phước Huệ"
"ex:monk/ngo_thap_tam","Ðạo Nhân Ngô Thập Tam"
"ex:monk/ngo_thap_tam","Đạo nhân Ngô Thập Tam"
"ex:monk/ngo_thieu_minh_ly","Ngộ Thiệu Minh Lý"
"ex:monk/ngo_tu_tam_khong","Ngộ Tu Tâm Không"
"ex:monk/ngo_tuan","Cư Sĩ Bí Thư Ngô Tuân"
"ex:monk/ngo_tuan","Ngô Tuân"
"ex:monk/ngo_vi_minh","Cư Sĩ Ðề Hình Ngô Vĩ Minh"
"ex:monk/ngoc_son_su_the","Ngọc Sơn Sư Thể"
"ex:monk/ngoc_tuyen_dam_y","Ngọc Tuyền Ðàm Ý"
"ex:monk/ngoc_tuyen_ngo_khong","Ngọc Tuyền Ngộ Không"
"ex:monk/ngoc_tuyen_than_tu","Ngọc Tuyền Thần Tú"
"ex:monk/ngoc_tuyen_thien_sieu","Ngọc Tuyền Thiên Siêu"
"ex:monk/ngoc_tuyen_tong_lien","Ngọc Tuyền Tông Liên"
"ex:monk/ngoc_tuyen_vi_phuong","Ngọc Tuyền Vị Phương"
"ex:monk/ngu_dai_an_phong","Ngũ Đài Ẩn Phong"
"ex:monk/ngu_dai_cu_phuong","Ngũ Đài Cự Phương"
"ex:monk/ngu_dai_tri_thong","Ngũ Đài Trí Thông"
"ex:monk/ngu_due_linh_mac","Ngũ Duệ Linh Mặc"
"ex:monk/ngu_phong_ban","Ngũ Phong Bản"
"ex:monk/ngu_phong_hanh_ke","Ngũ Phong Hành Kế"
"ex:monk/ngu_phong_thuong_quan","Ngũ Phong Thường Quán"
"ex:monk/ngu_to_bieu_tu","Ngũ Tổ Biểu Tự"
"ex:monk/ngu_to_hieu_thuong","Ngũ Tổ Hiểu Thường"
"ex:monk/ngu_to_phap_dien","Ngũ Tổ Pháp Diễn"
"ex:monk/ngung_nhien_lieu_cai","Ngưng Nhiên Liễu Cải"
"ex:monk/nguong_son_dong_thap","Ngưỡng Sơn Đông Tháp"
"ex:monk/nguong_son_hanh_vy","Ngưỡng Sơn Hạnh Vỹ"
"ex:monk/nguong_son_hue_tich","Ngưỡng Sơn Huệ Tịch"
"ex:monk/nguong_son_huu_an","Ngưỡng Sơn Hữu Ân"
"ex:monk/nguong_son_luong_cung","Ngưỡng Sơn Lương Cúng"
"ex:monk/nguong_son_quy","Ngưỡng Sơn Quý"
"ex:monk/nguong_son_thanh_gian","Ngưỡng Sơn Thanh Giản"
"ex:monk/nguu_dau_hue_phuong","Ngưu Đầu Huệ Phương"
"ex:monk/nguu_dau_hue_trung","Ngưu Đầu Huệ Trung"
"ex:monk/nguu_dau_phap_dung","Ngưu Đầu Pháp Dung"
"ex:monk/nguu_dau_tri_nham","Ngưu Đầu Trí Nham"
"ex:monk/nguu_dau_tri_oai","Ngưu Đầu Trí Oai"
"ex:monk/nguyen_cao_man_giac","Nguyên Cao Mãn Giác"
"ex:monk/nguyen_chanh_minh_bon","Nguyên Chánh Minh Bổn"
"ex:monk/nguyen_dinh_duc_tri","Nguyên Định Đức Trì"
"ex:monk/nguyen_giac_quang_phu","Nguyên Giác Quang Phú"
"ex:monk/nguyen_khiet_tinh_oanh","Nguyên Khiết Tịnh Oánh"
"ex:monk/nguyen_khong_tu_phuong","Nguyên Không Từ Phương"
"ex:monk/nguyen_le","Nguyên Lễ"
"ex:monk/nguyen_minh_duc_thieu","Nguyên Minh Đức Thiệu"
"ex:monk/nguyen_minh_huyen_giac","Nguyên Minh Huyền Giác"
"ex:monk/nguyen_minh_phuoc_thanh","Nguyên Minh Phước Thành"
"ex:monk/nguyen_nguyen_tam_huong","Nguyên Nguyện Tâm Hướng"
"ex:monk/nguyen_phuoc_quang_the","Nguyên Phước Quang Thể"
"ex:monk/nguyen_phuoc_thien_hy","Nguyên Phước Thiên Hỷ"
"ex:monk/nguyen_quang_huyen_khanh","Nguyên Quang Huyền Khánh"
"ex:monk/nguyen_tanh_duc_tam","Nguyên Tánh Đức Tâm"
"ex:monk/nguyen_thien_dao_dung","Nguyên Thiện Đạo Dung"
"ex:monk/nguyen_thieu_sieu_bach","Nguyên Thiều Siêu Bạch"
"ex:monk/nguyen_thieu_tho_tong","Nguyên Thiều Thọ Tông"
"ex:monk/nguyen_thuan_duc_tanh","Nguyên Thuận Đức Tánh"
"ex:monk/nguyen_tin_chau_duc","Nguyên Tín Châu Đức"
"ex:monk/nguyen_tri_chau_toan","Nguyên Trí Châu Toàn"
"ex:monk/nguyen_truyen_huyen_phong","Nguyên Truyền Huyền Phong"
"ex:monk/nguyen_tue_dieu_dinh","Nguyên Tuệ Diệu Định"
"ex:monk/nguyen_tuyet_nhu_y","Nguyên Tuyết Như Ý"
"ex:monk/nguyen_y_phuoc_chau","Nguyên Ý Phước Châu"
"ex:monk/nguyet_chau_than_giam","Nguyệt Châu Thần Giám"
"ex:monk/nguyet_chu_van_tai","Nguyệt Chu Văn Tải"
"ex:monk/nguyet_chuong_tri_uyen","Bảo Ninh Nhân Dũng"
"ex:monk/nguyet_chuong_tri_uyen","Nguyệt Chưởng Trí Uyên"
"ex:monk/nguyet_danh_dao_luan","Nguyệt Đảnh Ðạo Luân"
"ex:monk/nguyet_khe_dieu_trung","Nguyệt Khê Diệu Trừng"
"ex:monk/nhac_loc_khue","Nhạc Lộc Khuê"
"ex:monk/nhac_son_am_chu_to","Nhạc Sơn Am Chủ Tổ"
"ex:monk/nham_dau_toan_khoat","Nham Đầu Toàn Khoát"
"ex:monk/nhan_tho_tu_tran","Nhân Thọ Từ Trân"
"ex:monk/nhan_vuong_duyen_thang","Nhân Vương Duyên Thắng"
"ex:monk/nhat_cu_tri_giao","Nhất Cú Trí Giáo"
"ex:monk/nhat_dung","Nhật Dung"
"ex:monk/nhat_tu","Nhật Tử"
"ex:monk/nhi_linh_tri_hoa","Am Chủ Nhị Linh Tri Hòa"
"ex:monk/nhi_tuong_hanh_tu","Nhĩ Tướng Hành Tu"
"ex:monk/nhieu_chau_chi_lanh_chieu","Nhiêu Châu Chi Lãnh Chiếu"
"ex:monk/nhu_ac_thien_phuong","Như Ðắc Thiền Phương"
"ex:monk/nhu_ai_hoang_tham","Như Ái Hoằng Thâm"
"ex:monk/nhu_an_hue_man","Như An Huệ Mãn"
"ex:monk/nhu_an_huyen_quang","Như An Huyền Quang"
"ex:monk/nhu_an_tri_nguyen","Như Ân Trí Nguyện"
"ex:monk/nhu_ang_tri_o","Như Ðăng Trí Ðộ"
"ex:monk/nhu_binh_huyen_tinh","Như Bình Huyền Tịnh"
"ex:monk/nhu_binh_tri_tanh","Như Bình Trí Tánh"
"ex:monk/nhu_but_tanh_chau","Như Bút Tánh Châu"
"ex:monk/nhu_buu_dat_thanh","Như Bửu Đạt Thanh"
"ex:monk/nhu_cam_giac_chon","Như Cẩm Giác Chơn"
"ex:monk/nhu_cam_giac_chon","Như Tín Giác Chánh"
"ex:monk/nhu_cam_tri_tich","Như Cam Trí Tích"
"ex:monk/nhu_cang_giai_hai","Như Cang Giải Hải"
"ex:monk/nhu_chanh_huyen_tan","Như Chánh Huyền Tấn"
"ex:monk/nhu_chau_bao_ung","Nhữ Châu Bảo Ứng"
"ex:monk/nhu_chau_nam_vien","Nhữ Châu Nam Viện"
"ex:monk/nhu_chi_giac_tu","Như Chí Giác Từ"
"ex:monk/nhu_chon_tri_dinh","Như Chơn Trí Dinh"
"ex:monk/nhu_dac_tri_nghia","Như Đắc Trí Nghĩa"
"ex:monk/nhu_dac_tu_nhan","Như Đắc Từ Nhẫn"
"ex:monk/nhu_dai_giac_vien","Như Đài Giác Viên"
"ex:monk/nhu_dam_hue_luan","Như Đàm Huệ Luận"
"ex:monk/nhu_dang_tri_tan","Như Đăng Trí Tấn"
"ex:monk/nhu_danh_hoang_tu","Như Danh Hoằng Tu"
"ex:monk/nhu_dat_giac_hoang","Như Đạt Giác Hoàng"
"ex:monk/nhu_dat_hoang_tham","Như Đạt Hoằng Thâm"
"ex:monk/nhu_dat_thien_cang","Như Đạt Thiện Cang"
"ex:monk/nhu_dien_hue_chan","Như Ðiền Huệ Chấn"
"ex:monk/nhu_dien_tri_tam","Như Điển Trí Tâm"
"ex:monk/nhu_dieu_vien_nhu","Như Diệu Viên Như"
"ex:monk/nhu_dong_dac_quang","Như Đồng Đắc Quang"
"ex:monk/nhu_duc_giac_dinh","Như Dục Giác Định"
"ex:monk/nhu_duong_giac_tinh","Như Đương Giác Tỉnh"
"ex:monk/nhu_duong_hue_quy","Như Đường Huệ Quý"
"ex:monk/nhu_giac_giac_ngo","Như Giác Giác Ngộ"
"ex:monk/nhu_giac_ton_hoi","Như Giác Tôn Hội"
"ex:monk/nhu_hai_hue_duc","Như Hải Huệ Đức"
"ex:monk/nhu_hai_hue_duc","Như Hải Huệ Đức"
"ex:monk/nhu_han_nguyen_cat","Như Hán Nguyên Cát"
"ex:monk/nhu_hanh_huyen_tham","Như Hạnh Huyền Thâm"
"ex:monk/nhu_hien_chi_thien","Như Hiền Chí Thiền"
"ex:monk/nhu_hien_hue_huu","Như Hiến Huệ Hựu"
"ex:monk/nhu_hoa_tam_an","Như Hòa Tâm Ấn"
"ex:monk/nhu_hoan_hue_trang","Như Hoàn Huệ Tràng"
"ex:monk/nhu_hue_thien_tam","Như Huệ Thiền Tâm"
"ex:monk/nhu_hue_tri_thong","Như Huệ Trí Thông"
"ex:monk/nhu_huong_giac_hoa","Như Hương Giác Hoa"
"ex:monk/nhu_huong_hoa_phuoc","Như Hương Hòa Phước"
"ex:monk/nhu_huong_huyen_tam","Như Hương Huyền Tâm"
"ex:monk/nhu_huong_tho_minh","Như Hường Thọ Minh"
"ex:monk/nhu_huu_vien_thuan","Như Hữu Viên Thuận"
"ex:monk/nhu_ien_hue_chan","Như Ðiền Huệ Chấn"
"ex:monk/nhu_ien_tri_tam","Như Ðiển Trí Tâm"
"ex:monk/nhu_ke_huyen_duc","Như Kế Huyền Đức"
"ex:monk/nhu_ke_huyen_ton","Như Kế Huyền Tôn"
"ex:monk/nhu_ke_huyen_vi","Như Kế Huyền Vi"
"ex:monk/nhu_khanh_hue_tien","Như Khanh Huệ Tiên"
"ex:monk/nhu_khoa_thien_chanh","Như Khoa Thiện Chánh"
"ex:monk/nhu_khuon_giac_son","Như Khuôn Giác Sơn"
"ex:monk/nhu_khuong_giac_son","Như Khuông Giác Sơn"
"ex:monk/nhu_khuong_thanh_quang","Như Khương Thanh Quang"
"ex:monk/nhu_lam_minh_tri","Như Lâm Minh Trí"
"ex:monk/nhu_lam_quang_danh","Như Lâm Quang Đảnh"
"ex:monk/nhu_lap_giai_thanh","Như Lập Giải Thành"
"ex:monk/nhu_le_huyen_dung","Như Lễ Huyền Dung"
"ex:monk/nhu_le_tin_tri","Như Lễ Tín Trí"
"ex:monk/nhu_long_giai_thanh","Như Long Giải Thạnh"
"ex:monk/nhu_luan_tri_thuc","Như Luận Trí Thức"
"ex:monk/nhu_man_hoan_phu","Như Mẫn Hoàn Phú"
"ex:monk/nhu_mau_hue_phuong","Như Mậu Huệ Phương"
"ex:monk/nhu_mau_truong_xuan","Như Mậu Trường Xuân"
"ex:monk/nhu_minh","Như Minh"
"ex:monk/nhu_minh_tanh_tinh","Như Minh Tánh Tịnh"
"ex:monk/nhu_nghi_giac_tuong","Như Nghi Giác Tường"
"ex:monk/nhu_nghia_giac_hanh","Như Nghĩa Giác Hạnh"
"ex:monk/nhu_nghia_tan_hanh","Như Nghĩa Tấn Hạnh"
"ex:monk/nhu_nghia_tin_truyen","Như Nghĩa Tín Truyền"
"ex:monk/nhu_nha_giac_y","Như Nhã Giác Ý"
"ex:monk/nhu_nhan_tri_giac","Như Nhàn Trí Giác"
"ex:monk/nhu_nhiem_giai_tanh","Như Nhiệm Giải Tánh"
"ex:monk/nhu_niem_bao_toan","Như Niệm Bảo Toàn"
"ex:monk/nhu_pham_chung_quang","Như Phẩm Chủng Quang"
"ex:monk/nhu_pham_huyen_hoa","Như Phẩm Huyền Hoa"
"ex:monk/nhu_phuc_giai_dieu","Như Phục Giải Điều"
"ex:monk/nhu_phung_thien_tri","Như Phụng Thiện Trì"
"ex:monk/nhu_phuoc_huyen_y","Như Phước Huyền Ý"
"ex:monk/nhu_qua_hoan_tuyen","Như Quả Hoàn Tuyên"
"ex:monk/nhu_quang_giac_duc","Như Quang Giác Đức"
"ex:monk/nhu_quang_hoang_phuc","Như Quang Hoằng Phúc"
"ex:monk/nhu_quang_tri_minh","Như Quang Trí Minh"
"ex:monk/nhu_quy_phap_an","Như Quý Pháp Ấn"
"ex:monk/nhu_quy_tri_nghiem","Như Quý Trí Nghiêm"
"ex:monk/nhu_quy_vien_thien","Như Quý Viên Thiện"
"ex:monk/nhu_quyen_giai_dat","Như Quyền Giải Đạt"
"ex:monk/nhu_sum_giac_tri","Như Sum Giác Trí"
"ex:monk/nhu_sum_giac_tri","Như Sum Giác Trí"
"ex:monk/nhu_tam_phuoc_nhu","Như Tâm Phước Như"
"ex:monk/nhu_tan_hue_minh","Như Tấn Huệ Minh"
"ex:monk/nhu_tham_giai_nguyen","Như Thâm Giải Nguyện"
"ex:monk/nhu_thanh_hue_chau","Như Thạnh  Huệ Châu"
"ex:monk/nhu_thanh_phuoc_loc","Như Thanh Phước Lộc"
"ex:monk/nhu_thi_hue_oai","Như Thị Huệ Oai"
"ex:monk/nhu_thien_hoan_quan","Như Thiện Hoàn Quan"
"ex:monk/nhu_thien_huyen_an","Như Thiền Huyền An"
"ex:monk/nhu_thien_phuoc_dat","Như Thiện Phước Đạt"
"ex:monk/nhu_tho_buu_lam","Như Thọ Bửu Lâm"
"ex:monk/nhu_tho_giac_hoa","Như Thọ Giác Hoa"
"ex:monk/nhu_tho_huyen_tan","Như Thọ Huyền Tân"
"ex:monk/nhu_thong_huyen_an","Như Thông Huyền Ấn"
"ex:monk/nhu_thong_huyen_ngo","Như Thông Huyền Ngộ"
"ex:monk/nhu_thong_ton_nguyen","Như Thông Tôn Nguyên"
"ex:monk/nhu_thu_giai_hoc","Như Thư Giải Học"
"ex:monk/nhu_thua_hoang_nguyen","Như Thừa Hoằng Nguyện"
"ex:monk/nhu_thuan_tin_tan","Như Thuận Tín Tấn"
"ex:monk/nhu_thuat_tam_minh","Như Thuật Tâm Minh"
"ex:monk/nhu_thuy_phuoc_hung","Như Thùy Phước Hưng"
"ex:monk/nhu_tien_quang_hung","Như Tiến Quảng Hưng"
"ex:monk/nhu_tin_giac_chanh","Như Cẩm Giác Chơn"
"ex:monk/nhu_tin_giac_chanh","Như Tín Giác Chánh"
"ex:monk/nhu_tin_hue_phat","Như Tín Huệ Phát"
"ex:monk/nhu_trach_bao_danh","Như Trạch Bảo Đảnh"
"ex:monk/nhu_trach_hue_lam","Như Trạch Huệ Lâm"
"ex:monk/nhu_tri_bao_trung","Như Trí Bảo Trung"
"ex:monk/nhu_trien_tri_nhan","Như Triện Trí Nhãn"
"ex:monk/nhu_truc_tri_lam","Như Trúc Trí Lâm"
"ex:monk/nhu_truc_vinh_chau","Như Trực Vĩnh Châu"
"ex:monk/nhu_trung_phuoc_hau","Như Trung Phước Hậu"
"ex:monk/nhu_truyen_tri_nhan","Như Truyện Trí Nhãn"
"ex:monk/nhu_tu_hue_tri","Như Từ Huệ Trí"
"ex:monk/nhu_tuoc_hoang_an","Như Tước Hoằng An"
"ex:monk/nhu_tuyet_luu_duc","Như Tuyết Lưu Đức"
"ex:monk/nhu_van_tri_phuoc","Như Vạn Trí Phước"
"ex:monk/nhu_vinh_giac_chuong","Như Vinh Giác Chương"
"ex:monk/nhu_vinh_phap_y","Như Vinh Pháp Ý"
"ex:monk/nhu_xuan_van_tho","Như Xuân Vạn Thọ"
"ex:monk/nhu_xuong_giai_an","Như Xướng Giải Ân"
"ex:monk/nhuan_vuong_xu_binh","Nhuận Vương Xứ Bình"
"ex:monk/nhut_binh_tri_tinh","Nhựt Bình Trí Tịnh"
"ex:monk/noi_hang_to_thuc","Nội Hàng Tô Thức"
"ex:monk/noi_hang_to_thuc","Nội hàng Tô Thức"
"ex:monk/o_cu_nhu_y","Ô Cự Như Ý"
"ex:monk/o_cu_quang","Ô Cự Quang"
"ex:monk/o_cuu","Ô Cựu"
"ex:monk/o_hoi_luong_pham","Ô Hồi Lương Phạm"
"ex:monk/o_nha_ngan_tan","Ô Nha Ngạn Tân"
"ex:monk/o_nhai_so","Ô Nhai Sở"
"ex:monk/o_thach_linh_quan","Ô Thạch Linh Quán"
"ex:monk/on_chau_canh_phong","Ôn Châu Cảnh Phong"
"ex:monk/on_chau_phat_ao","Ôn Châu Phật Áo"
"ex:monk/ong_chanh_tinh_giac","Ðồng Chánh Tịnh Giác"
"ex:monk/ong_chanh_tinh_nhu","Ðồng Chánh Tịnh Như"
"ex:monk/ong_chon_thong_niem","Ðồng Chơn Thông Niệm"
"ex:monk/ong_huy_quang_tu","Ðồng Huy Quảng Tú"
"ex:monk/ong_ien","Ðồng Ðiển"
"ex:monk/ong_kinh_tin_qua","Ðồng Kỉnh Tín Quả"
"ex:monk/ong_o_tinh_khiet","Ðồng Ðộ Tịnh Khiết"
"ex:monk/ong_phuoc_thong_buu","Ðồng Phước Thông Bửu"
"ex:monk/pha_am_tinh_dang","Phá Ám Tịnh Đăng"
"ex:monk/pha_am_to_tien","Phá Am Tổ Tiên"
"ex:monk/pha_am_to_tien","Vô Chuẩn Sư Phạm"
"ex:monk/pham_huyen_quan","Thành Đô Phạm Huyện Quân"
"ex:monk/pham_xung","Cư Sĩ Tả Thừa Phạm Xung"
"ex:monk/phan_chau_thach_lau","Phần Châu Thạch Lâu"
"ex:monk/phan_chau_vo_nghiep","Phần Châu Vô Nghiệp"
"ex:monk/phan_duong_thang","Phần Dương Thảng"
"ex:monk/phan_duong_thien_chieu","Phần Dương Thiện Chiêu"
"ex:monk/phan_luong_quy","Cư Sĩ Đãi Chế Phan Lương Quý"
"ex:monk/phan_quang_tinh_xan","Phan Quang Tịnh Xán"
"ex:monk/phap_an_quang_do","Pháp Ấn Quảng Độ"
"ex:monk/phap_chau","Pháp Châu"
"ex:monk/phap_chau_ke_thi","Pháp Châu Kế Thị"
"ex:monk/phap_chuyen_dieu_nghiem","Pháp Chuyên Diệu Nghiêm"
"ex:monk/phap_dien_bao_trang","Pháp Diễn Bảo Tràng"
"ex:monk/phap_hai_vien_hanh_chu","Pháp Hải Viện Hành Chu"
"ex:monk/phap_hien","Pháp Hiền"
"ex:monk/phap_hoa_toan_cu","Pháp Hoa Toàn Cử"
"ex:monk/phap_kiem_minh_giac","Pháp Kiêm Minh Giác"
"ex:monk/phap_kinh_ngo_trung","Pháp Kính Ngô Trung"
"ex:monk/phap_le","Pháp Lệ"
"ex:monk/phap_luan_ngan_tu","Pháp Luân Ngạn Tư"
"ex:monk/phap_luan_te_thiem","Pháp Luân Tề Thiêm"
"ex:monk/phap_luan_ung_doan","Pháp Luân Ứng Ðoan"
"ex:monk/phap_luan_ung_doan","Trường Linh Thủ Trác"
"ex:monk/phap_luan_van_duc","Pháp Luân Văn Dục"
"ex:monk/phap_mon_phat_da","Pháp Môn Phật Đà"
"ex:monk/phap_nhan_thien_truong","Pháp Nhân Thiên Trường"
"ex:monk/phap_nhu","Pháp Như"
"ex:monk/phap_so","Pháp Sơ"
"ex:monk/phap_tanh_an_tong","Pháp Tánh Ấn Tông"
"ex:monk/phap_te_hai_thiem","Pháp Tế Hải Thiềm"
"ex:monk/phap_thach_tue_khong","Pháp Thạch Tuệ Không"
"ex:monk/phap_thai_nhat_le","Pháp Thái Nhật Lệ"
"ex:monk/phap_than_dao_minh","Pháp Thân Đạo Minh"
"ex:monk/phap_tinh_vien_quang","Pháp Tịnh Viên Quang"
"ex:monk/phap_van_cao","Pháp Vân Cảo"
"ex:monk/phat_bao_phap_hoa","Phật Bảo Pháp Hóa"
"ex:monk/phat_chi_duc_hanh","Phật Chí Đức Hạnh"
"ex:monk/phat_da_mat_da","Tôn Giả Phật Đà Mật Đa"
"ex:monk/phat_da_nan_de","Tôn Giả Phật Đà Nan Đề"
"ex:monk/phat_nhat_khe_tung","Phật Nhật Khế Tung"
"ex:monk/phat_quang_nhu_man","Phật Quang Như Mãn"
"ex:monk/phat_quat_duy_tac","Phật Quật Duy Tắc"
"ex:monk/phat_thien_hoa_nghiem","Phật Thiền Hoa Nghiêm"
"ex:monk/phat_thu_nham_nhan","Phật Thủ Nham Nhân"
"ex:monk/phat_tinh_tu_nghiem","Phật Tỉnh Từ Nghiêm"
"ex:monk/phat_tuong_duc_lien","Phật Tường Đức Liên"
"ex:monk/phat_tuyet_tuong_quang","Phật Tuyết Tường Quang"
"ex:monk/phat_y_linh_nhac","Phật Ý Linh Nhạc"
"ex:monk/phi_van_tri_tich","Phi Vân Trí Tịch"
"ex:monk/pho_chieu_hieu_kham","Phổ Chiếu Hiểu Khâm"
"ex:monk/pho_chieu_nhat_bien","Phổ Chiếu Nhất Biện"
"ex:monk/pho_chieu_sung","Phổ Chiếu Sung"
"ex:monk/pho_hien_nguyen_to","Phổ Hiền Nguyên Tố"
"ex:monk/pho_hien_thien_tu","Phổ Hiền Thiện Tú"
"ex:monk/pho_hien_tieu","Phổ Hiền Tiêu"
"ex:monk/pho_minh_duc_dung","Phổ Minh Đức Dụng"
"ex:monk/pho_ninh_to_ngo","Phổ Ninh Tổ Ngộ"
"ex:monk/pho_thong_pho_minh","Phổ Thông Phổ Minh"
"ex:monk/pho_tu_sung_tran","Phổ Từ Sùng Trân"
"ex:monk/phong_huyet_dien_chieu","Phong Huyệt Diên Chiểu"
"ex:monk/phu_boi","Phù Bôi"
"ex:monk/phu_chan_chan_kien","Phù Chẩn Chân Kiên"
"ex:monk/phu_chau_phu_thuyen","Phủ Châu Phú Thuyền"
"ex:monk/phu_chau_thien_nha","Phù Châu Thiện Nhã"
"ex:monk/phu_dung_dao_giai","Phù Dung Đạo Giai"
"ex:monk/phu_dung_linh_huan","Phù Dung Linh Huấn"
"ex:monk/phu_dung_nhu_the","Phù Dung Như Thê"
"ex:monk/phu_dung_thai_duc","Phù Dung Thái Dục"
"ex:monk/phu_na_da_xa","Tôn Giả Phú Na Dạ Xa"
"ex:monk/phu_phong_tuong_chieu_phuoc","Phủ Phong Tường Chiêu Phước"
"ex:monk/phu_son_duc_tuyen","Phù Sơn Ðức Tuyên"
"ex:monk/phu_son_phap_vien","Phù Sơn Pháp Viễn"
"ex:monk/phu_thuyen_hong_tien","Phú Thuyền Hồng Tiến"
"ex:monk/phuc_chau_dai_an","Phúc Châu Đại An"
"ex:monk/phuc_nguu_nguyen_thong","Phục Ngưu Nguyên Thông"
"ex:monk/phuc_nguu_tu_tai","Phục Ngưu Tự Tại"
"ex:monk/phuc_tien_nhan_kiem","Phúc Tiên Nhân Kiệm"
"ex:monk/phung_hoang_the_dao","Phụng Hoàng Thế Dao"
"ex:monk/phung_hoang_tung_tham","Phụng Hoàng Tùng Thâm"
"ex:monk/phung_quoc_thanh_hai","Phụng Quốc Thanh Hải"
"ex:monk/phung_the_tue_chi","Phụng Thê Tuệ Chí"
"ex:monk/phung_the_tue_quan","Phụng Thê Tuệ Quán"
"ex:monk/phung_tien_dao_tham","Phụng Tiên Đạo Thâm"
"ex:monk/phung_tien_phap_hoai","Phụng Tiên Pháp Hoài"
"ex:monk/phung_tiep","Cư Sĩ Cấp Sự Phùng Tiếp"
"ex:monk/phung_tuong_phat_da","Phụng Tường Phật Đà"
"ex:monk/phung_tuong_phu_thanh_phong","Phụng Tường Phủ Thanh Phong"
"ex:monk/phung_tuong_thach_tru","Phụng Tường Thạch Trụ"
"ex:monk/phung_tuong_thien_cai_u","Phụng Tường Thiên Cái U"
"ex:monk/phung_tuong_vo_cau","Phụng Tường Vô Cấu"
"ex:monk/phuoc_chau_an_quoc_tuong","Phước Châu An Quốc Tường"
"ex:monk/phuoc_chau_bao_quoc_chieu","Phước Châu Báo Quốc Chiếu"
"ex:monk/phuoc_chau_cham_phong","Phước Châu Chẩm Phong"
"ex:monk/phuoc_chau_hung_thanh_man","Phước Châu Hưng Thánh Mãn"
"ex:monk/phuoc_chau_huyen_thong","Phước Châu Huyền Thông"
"ex:monk/phuoc_chau_nguu_dau_vi","Phước Châu Ngưu Đầu Vi"
"ex:monk/phuoc_chau_pho_quang","Phước Châu Phổ Quang"
"ex:monk/phuoc_chau_song_phong","Phước Châu Song Phong"
"ex:monk/phuoc_chau_thach_phat_tinh","Phước Châu Thạch Phật Tịnh"
"ex:monk/phuoc_chau_thang_son_nhu","Phước Châu Thăng Sơn Nhu"
"ex:monk/phuoc_chau_thien_tong_minh","Phước Châu Thiên Tông Minh"
"ex:monk/phuoc_chau_toai_thach","Phước Châu Toái Thạch"
"ex:monk/phuoc_chau_vinh_hung_loc","Phước Châu Vĩnh Hưng Lộc"
"ex:monk/phuoc_chau_vinh_long_doanh","Phước Châu Vĩnh Long Doanh"
"ex:monk/phuoc_chau_vinh_thai","Phước Châu Vĩnh Thái"
"ex:monk/phuoc_khe","Phước Khê"
"ex:monk/phuoc_nghiem_bao_tong","Phước Nghiêm Bảo Tông"
"ex:monk/phuoc_nghiem_hien","Phước Nghiêm Hiền"
"ex:monk/phuoc_nghiem_tham_thua","Phước Nghiêm Thẩm Thừa"
"ex:monk/phuoc_nghiem_tri","Phước Nghiêm Trí"
"ex:monk/phuoc_nghiem_tu_cam","Phước Nghiêm Từ Cảm"
"ex:monk/phuoc_nghiem_van_dien","Phước Nghiêm Vân Diễn"
"ex:monk/phuoc_thanh_huyen_not","Phước Thanh Huyền Nột"
"ex:monk/phuoc_thanh_su_nguy","Phước Thanh Sư Nguy"
"ex:monk/phuoc_tinh","Phước Tịnh"
"ex:monk/phuoc_ung_van","Phước Ứng Văn"
"ex:monk/phuong_bien","Phương Biện"
"ex:monk/phuong_lai_xuong_vien","Phương Lai Xương Viễn"
"ex:monk/phuong_quang_huu_dat","Phương Quảng Hữu Ðạt"
"ex:monk/phuong_quang_long","Phương Quảng Long"
"ex:monk/phuong_quang_tham","Phương Quảng Thâm"
"ex:monk/phuong_son_tue_bao","Phương Sơn Tuệ Bảo"
"ex:monk/phuong_van_minh_thong","Phương Văn Minh Thông"
"ex:monk/qua_hoang_hung_lien","Quả Hoằng Hưng Liên"
"ex:monk/qua_lang_tuyen_thap","Quả Lãng Tuyên Thập"
"ex:monk/quach_tuong_chanh","Cư Sĩ Ðề Hình Quách Tường Chánh"
"ex:monk/quan_am_tung_hien","Quán Âm Tùng Hiển"
"ex:monk/quan_am_vien_nham_tuan","Quan Âm Viện Nham Tuấn"
"ex:monk/quan_chau_dong_son_lam","Quân Châu Động Sơn Lẫm"
"ex:monk/quan_chau_hoang_ba_doanh","Quân Châu Hoàng Bá Doanh"
"ex:monk/quan_chau_hoang_ba_tue","Quân Châu Hoàng Bá Tuệ"
"ex:monk/quan_chau_linh_nham","Quán Châu Linh Nham"
"ex:monk/quan_khe_chi_nhan","Quán Khê Chí Nhàn"
"ex:monk/quan_son_giac","Quân Sơn Giác"
"ex:monk/quan_son_pho_tinh","Quân Sơn Phổ Tịnh"
"ex:monk/quan_van_vuong_thieu","Cư Sĩ Quán Văn Vương Thiều"
"ex:monk/quang_chau_chi_dao","Quảng Châu Chí Đạo"
"ex:monk/quang_chau_hoa_nghiem_tue","Quảng Châu Hoa Nghiêm Tuệ"
"ex:monk/quang_chau_la_son_sung","Quảng Châu La Sơn Sùng"
"ex:monk/quang_chau_long_canh_luan","Quảng Châu Long Cảnh Luân"
"ex:monk/quang_chau_quang_van_nguyen","Quảng Châu Quảng Vân Nguyên"
"ex:monk/quang_giao_ke_chan","Quảng Giáo Kế Chân"
"ex:monk/quang_hieu_dam","Quang Hiếu Ðàm"
"ex:monk/quang_hieu_duc_chu","Quang Hiếu Ðức Chu"
"ex:monk/quang_hieu_duy_sang","Quang Hiếu Duy Sảng"
"ex:monk/quang_hieu_ngo_so","Quang Hiếu Ngộ Sơ"
"ex:monk/quang_hieu_pho_an","Quang Hiếu Phổ Ấn"
"ex:monk/quang_hieu_qua_man","Quang Hiếu Quả Mẫn"
"ex:monk/quang_hieu_tri_vien","Quang Hiếu Trí Viễn"
"ex:monk/quang_hieu_tu_triet","Quang Hiếu Tư Triệt"
"ex:monk/quang_hieu_tue_lan","Quang Hiếu Tuệ Lan"
"ex:monk/quang_hoa_tuong","Quang Hóa Tường"
"ex:monk/quang_lu_nhu_nhu","Quang Lư Như Như"
"ex:monk/quang_nam_dao_ngo","Quang Nam Đạo Ngô"
"ex:monk/quang_nam_dao_thuong","Quang Nam Đạo Thường"
"ex:monk/quang_nghiem_ham_trach","Quảng Nghiêm Hàm Trạch"
"ex:monk/quang_nguyet_duc_bao","Quảng Nguyệt Đức Bảo"
"ex:monk/quang_phap_nguyen","Quảng Pháp Nguyên"
"ex:monk/quang_phuoc_ao_can","Quảng Phước Ðạo Cần"
"ex:monk/quang_quoc_van_tan","Quang Quốc Văn Tán"
"ex:monk/quang_te_phuong","Quảng Tế Phương"
"ex:monk/quang_tue_dat_cao","Quảng Tuệ Đạt Cảo"
"ex:monk/quang_tue_duc_tuyen","Quảng Tuệ Ðức Tuyên"
"ex:monk/quang_tue_nguyen_lien","Quảng Tuệ Nguyên Liên"
"ex:monk/quang_tue_nguyen_lien","Động Đình Tuệ Nguyệt"
"ex:monk/quang_tue_phap_thong","Quảng Tuệ Pháp Thông"
"ex:monk/quang_van_dieu_tri","Quang Vân Diệu Trí"
"ex:monk/que_duong_chi_thong","Quế Dương Chí Thông"
"ex:monk/que_duong_long_phuoc_chan","Quế Dương Long Phước Chân"
"ex:monk/quoc_su_thien_thai_duc_thieu","Quốc Sư Thiên Thai Đức Thiều"
"ex:monk/quoc_thanh_hanh_co","Quốc Thanh Hạnh Cơ"
"ex:monk/quoc_thanh_su_tinh","Quốc Thanh Sư Tịnh"
"ex:monk/quy_duong_vo_lieu","Quy Dương Vô Liễu"
"ex:monk/quy_phong_tu_quynh","Quy Phong Tử Quỳnh"
"ex:monk/quy_son_hieu_tan","Quy Sơn Hiểu Tân"
"ex:monk/quy_son_linh_huu","Quy Sơn Linh Hựu"
"ex:monk/quy_son_nghia_so","Quy Sơn Nghĩa Sơ"
"ex:monk/quy_son_tri_chan","Quy Sơn Trí Chân"
"ex:monk/quy_tong_chanh_hien","Quy Tông Chánh Hiền"
"ex:monk/quy_tong_chi_chi","Am Chủ Quy Tông Chí Chi"
"ex:monk/quy_tong_dam_quyen","Quy Tông Đạm Quyền"
"ex:monk/quy_tong_hoai_uan","Quy Tông Hoài Uẩn"
"ex:monk/quy_tong_kha_tuyen","Quy Tông Khả Tuyên"
"ex:monk/quy_tong_minh","Quy Tông Minh"
"ex:monk/quy_tong_mong_kham","Quy Tông Mộng Khâm"
"ex:monk/quy_tong_nghia_nhu","Quy Tông Nghĩa Nhu"
"ex:monk/quy_tong_sach_chan","Quy Tông Sách Chân"
"ex:monk/quy_tong_su_tue","Quy Tông Sư Tuệ"
"ex:monk/quy_tong_tinh_nhat","Quy Tông Tĩnh Nhất"
"ex:monk/quy_tong_tri_thuong","Quy Tông Trí Thường"
"ex:monk/sa_di_ni_an_than_to_niem","Sa Di Ni Ấn Thận Tổ Niệm"
"ex:monk/sieu_hoa_tao","Siêu Hóa Tảo"
"ex:monk/sieu_hoa_tinh","Siêu Hóa Tỉnh"
"ex:monk/sieu_ngan","Siêu Ngạn"
"ex:monk/sinh_chau_dong_tuyen","Sính Châu Đồng Tuyền"
"ex:monk/sinh_chau_hung_duong_son","Sính Châu Hưng Dương Sơn"
"ex:monk/so_an_hue_phuong","Sở An Huệ Phương"
"ex:monk/so_chau_quan_am_ban","Sở Châu Quán Âm Bân"
"ex:monk/so_son_chung","Sơ Sơn Chứng"
"ex:monk/so_son_lieu_thuong","Sơ Sơn Liễu Thường"
"ex:monk/so_son_nhu_ban","Sơ Sơn Như Bản"
"ex:monk/so_son_quang_nhan","Sơ Sơn Quang Nhân"
"ex:monk/son_chu_dong_lam_uc","Sơn Chủ Ðông Lâm Úc"
"ex:monk/song_khe_an","Song Khê Ấn"
"ex:monk/song_khe_duan_quang","Song Khê Duẫn Quang"
"ex:monk/song_lam_duc_dung","Song Lâm Đức Dụng"
"ex:monk/song_lanh_hoa","Song Lãnh Hóa"
"ex:monk/song_linh_huyen_chan","Song Lĩnh Huyền Chân"
"ex:monk/song_long_bang","Song Lâm Bằng"
"ex:monk/song_luu_uy_tri","Song Lưu Úy Trì"
"ex:monk/song_phong_canh_kham","Song Phong Cảnh Khâm"
"ex:monk/song_phong_canh_te","Song Phong Cảnh Tề"
"ex:monk/song_phong_co","Song Phong Cổ"
"ex:monk/song_phong_tinh_hoi","Song Phong Tỉnh Hồi"
"ex:monk/song_phong_tue_chan","Song Phong Tuệ Chân"
"ex:monk/song_tuyen_luong_gia","Song Tuyền Lương Gia"
"ex:monk/song_tuyen_nguyet","Song Tuyền Nguyệt"
"ex:monk/song_tuyen_nhan_uc","Song Tuyền Nhân Úc"
"ex:monk/song_tuyen_su_khoan","Song Tuyền Sư Khoan"
"ex:monk/su_tu_ty_kheo","Tôn Giả Sư Tử Tỳ Kheo"
"ex:monk/sung_phuoc_dien_giao","Sùng Phước Diễn Giáo"
"ex:monk/sung_thang_ky","Sùng Thắng Kỳ"
"ex:monk/sung_thang_tri_thong","Sùng Thắng Trí Thông"
"ex:monk/sung_tho_khe_dieu","Sùng Thọ Khế Điều"
"ex:monk/t_s_bac_giang_tay_lan_nhuong_nhuong","Nhượng"
"ex:monk/t_s_bach_nham_minh_triet_fa_tu_doi_thu_hai_cua_nam_nhac_hoai_nhuong_phap_tu_cua_ma_to_dao_nhat","法 tự đời thứ hai của Nam Nhạc Hoài Nhượng Pháp tự của Mã Tổ Đạo Nhất"
"ex:monk/t_s_bach_nham_minh_triet_minh_triet","Minh Triết"
"ex:monk/t_s_bach_nham_minh_triet_thien_su","Thiền Sư"
"ex:monk/t_s_bon_khe_bon_khe","Bổn Khê"
"ex:monk/t_s_bon_khe_thien_su","Thiền sư"
"ex:monk/tac_xuyen","Tắc Xuyên"
"ex:monk/tam_an_vien_quang","Tâm Ấn Viên Quang"
"ex:monk/tam_ang_chon_nhu","Tâm Ðăng Chơn Như"
"ex:monk/tam_binh_nghia_trung","Tam Bình Nghĩa Trung"
"ex:monk/tam_canh_giac_hanh","Tâm Cảnh Giác Hạnh"
"ex:monk/tam_chon_mat_tin","Tâm Chơn Mật Tín"
"ex:monk/tam_dang_tri_hien","Tâm Đăng Trí Hiển"
"ex:monk/tam_dao_thanh_quang","Tâm Đạo Thanh Quang"
"ex:monk/tam_dia_mat_khe","Tâm Địa Mật Khế"
"ex:monk/tam_duong_nhat_tam","Tâm Đương Nhất Tâm"
"ex:monk/tam_giac_chan_giam","Tam Giác Chân Giám"
"ex:monk/tam_giac_chi_thao","Tam Giác Chí Thao"
"ex:monk/tam_giac_linh_khue","Tam Giác Linh Khuê"
"ex:monk/tam_giac_tri_nghieu","Tam Giác Trí Nghiêu"
"ex:monk/tam_giac_tue_trach","Tam Giác Tuệ Trạch"
"ex:monk/tam_giai_tuong_ung","Tâm Giải Tương Ưng"
"ex:monk/tam_giao_tri_tung","Tam Giao Trí Tung"
"ex:monk/tam_hoa_thien_thai","Tâm Hòa Thiên Thái"
"ex:monk/tam_hong_tu_huong","Tâm Hồng Từ Hương"
"ex:monk/tam_huong_mat_hien","Tâm Hương Mật Hiển"
"ex:monk/tam_khai_nhat_lien","Tâm Khai Nhật Liên"
"ex:monk/tam_le_chanh_kien","Tâm Lễ Chánh Kiến"
"ex:monk/tam_luong_dieu_hoang","Tâm Lương Diệu Hoằng"
"ex:monk/tam_luong_tu_man","Tâm Lượng Từ Mẫn"
"ex:monk/tam_minh_chon_thiet","Tâm Minh Chơn Thiệt"
"ex:monk/tam_nghi_minh_vu","Tam Nghi Minh Vu"
"ex:monk/tam_nghia_nhan_tu","Tâm Nghĩa Nhân Từ"
"ex:monk/tam_nguyen_tieu_dieu","Tâm Nguyện Tiêu Diêu"
"ex:monk/tam_nguyet_the_yen","Tâm Nguyệt Thể Yến"
"ex:monk/tam_nhat_mat_the","Tâm Nhất Mật Thể"
"ex:monk/tam_nhu_mat_nguyen","Tâm Như Mật Nguyện"
"ex:monk/tam_nhu_tri_thu","Tâm Như Trí Thủ"
"ex:monk/tam_niem_tu_y","Tâm Niệm Từ Ý"
"ex:monk/tam_phat_thien_sieu","Tâm Phật Thiện Siêu"
"ex:monk/tam_pho_thien_loc","Tâm Phổ Thiện Lộc"
"ex:monk/tam_pho_tri_uyen","Tâm Phổ Trí Uyên"
"ex:monk/tam_phong_an","Tam Phong Ấn"
"ex:monk/tam_quang_chanh_phap","Tâm Quang Chánh Pháp"
"ex:monk/tam_quang_dam_minh","Tâm Quang Đàm Minh"
"ex:monk/tam_tang_na_de","Tam Tạng Na Đề"
"ex:monk/tam_tang_na_de_bo_nhuo_phat_ta","Bố-Như-Ô-Phạt-Tà"
"ex:monk/tam_tang_na_de_phuoc_sinh","Phước Sinh"
"ex:monk/tam_tang_na_de_tam_tang_na_de","Tam Tạng Na Đề"
"ex:monk/tam_tang_na_de_thien_su","Thiền sư"
"ex:monk/tam_thai_thien_tri","Tâm Thái Thiện Trí"
"ex:monk/tam_thanh_chon_hien","Tâm Thanh Chơn Hiền"
"ex:monk/tam_thanh_chon_nghiem","Tâm Thanh Chơn Nghiêm"
"ex:monk/tam_thanh_chon_thuc","Tâm Thành Chơn Thức"
"ex:monk/tam_thanh_hue_nhien","Tam Thánh Huệ Nhiên"
"ex:monk/tam_thanh_ke_xuong","Tam Thánh Kế Xương"
"ex:monk/tam_thanh_tich_trang","Tâm Thanh Tịch Tràng"
"ex:monk/tam_that_thien_chau","Tâm Thật Thiện Châu"
"ex:monk/tam_thi_thien_minh","Tâm Thị Thiện Minh"
"ex:monk/tam_tho_thien_hy","Tâm Thọ Thiện Hỷ"
"ex:monk/tam_tho_tri_giai","Tâm Thọ Trí Giải"
"ex:monk/tam_thong_quang_hue","Tâm Thông Quảng Huệ"
"ex:monk/tam_to_phap_tong","Tam Tổ Pháp Tông"
"ex:monk/tam_tri_vien_giac","Tâm Trí Viên Giác"
"ex:monk/tam_truc_gioi_huong","Tâm Trực Giới Hương"
"ex:monk/tam_trung_chanh_truc","Tâm Trung Chánh Trực"
"ex:monk/tam_tue_thanh_tri","Tâm Tuệ Thanh Trí"
"ex:monk/tam_tue_thien_giai","Tâm Tuệ Thiện Giải"
"ex:monk/tam_ung_danh_le","Tâm Ưng Đảnh Lễ"
"ex:monk/tan_chau_dai_pham","Tấn Châu Đại Phạm"
"ex:monk/tan_chau_hoac_son","Tấn Châu Hoắc Sơn"
"ex:monk/tan_chau_hung_giao_pho","Tấn Châu Hưng Giáo Phổ"
"ex:monk/tan_la_bac_nghiem","Tân La Bạc Nghiêm"
"ex:monk/tan_la_ca_tri","Tân La Ca Trí"
"ex:monk/tan_la_dai_chung","Tân La Đại Chứng"
"ex:monk/tan_la_dai_lanh","Tân La Đại Lãnh"
"ex:monk/tan_la_dai_vo_vy","Tân La Đại Vô Vy"
"ex:monk/tan_la_hanh_tich","Tân La Hành Tịch"
"ex:monk/tan_la_kham_trung","Tân La Khâm Trung"
"ex:monk/tan_la_khanh_hien","Tân La Khánh Hiến"
"ex:monk/tan_la_kim_tang","Tân La Kim Tạng"
"ex:monk/tan_la_lang","Tân La Lãng"
"ex:monk/tan_la_ngoa_long","Tân La Ngọa Long"
"ex:monk/tan_la_phap_lang","Tân La Pháp Lãng"
"ex:monk/tan_la_quy_son","Tân La Quy Sơn"
"ex:monk/tan_la_thanh_hu","Tân La Thành Hư"
"ex:monk/tan_la_thanh_vien","Tân La Thanh Viện"
"ex:monk/tan_la_thuan_chi","Tân La Thuận Chi"
"ex:monk/tan_la_thuy_nham","Tân La Thụy Nham"
"ex:monk/tan_la_tue","Tân La Tuệ"
"ex:monk/tan_la_tue_van","Tân La Tuệ Vân"
"ex:monk/tan_la_van_tru","Tân La Vân Trú"
"ex:monk/tang_chu_pho_dung","Tạng Chủ Phổ Dung"
"ex:monk/tang_dien","Tăng Diễn"
"ex:monk/tang_gia_nan_de","Tôn Giả Tăng Già Nan Đề"
"ex:monk/tang_khai","Cư Sĩ Nội Hàng Tăng Khai"
"ex:monk/tang_na","Tăng Na"
"ex:monk/tang_xan","Tôn Giả Tăng Xán"
"ex:monk/tanh_chieu_nhat_niem","Tánh Chiếu Nhất Niệm"
"ex:monk/tanh_chuc_thien_thuan","Tánh Chúc Thiện Thuận"
"ex:monk/tanh_hoat_hue_canh","Tánh Hoạt Huệ Cảnh"
"ex:monk/tanh_hong_hai_tang","Tánh Hồng Hải Tạng"
"ex:monk/tanh_hue_nhat_chon","Tánh Huệ Nhất Chơn"
"ex:monk/tanh_hue_nhat_nguyen","Tánh Huệ Nhất Nguyên"
"ex:monk/tanh_khong_dieu_pho","Tánh Không Diệu Phổ"
"ex:monk/tanh_thien_an_cu","Tánh Thiện An Cư"
"ex:monk/tanh_thien_nhat_dinh","Tánh Thiên Nhất Định"
"ex:monk/tanh_thong_giac_ngo","Tánh Thông Giác Ngộ"
"ex:monk/tanh_thong_nhat_tri","Tánh Thông Nhất Trí"
"ex:monk/tanh_tinh_nhat_xuong","Tánh Tịnh Nhất Xương"
"ex:monk/tanh_toan_nhat_the","Tánh Toàn Nhất Thể"
"ex:monk/tanh_tri_giac_quang","Tánh Trí Giác Quang"
"ex:monk/tao_khe_linh_thao","Tào Khê Linh Thao"
"ex:monk/tao_lang_phap_thao","Tào Lãng Pháp Thao"
"ex:monk/tao_son_bon_tich","Tào Sơn Bổn Tịch"
"ex:monk/tao_son_nghia_sung","Tào Sơn Nghĩa Sùng"
"ex:monk/tao_son_tue_ha","Tào Sơn Tuệ Hà"
"ex:monk/tay_du_tinh_doan","Tây Du Tịnh Đoan"
"ex:monk/tay_du_tinh_doan","Tây Dư Tịnh Đoan"
"ex:monk/tay_duong_tri_tang","Tây Đường Trí Tạng"
"ex:monk/tay_khe_dao_thai","Tây Khê Đạo Thái"
"ex:monk/tay_kinh_nghia_phuoc","Tung Sơn Phổ Tịch"
"ex:monk/tay_kinh_nghia_phuoc","Tây Kinh Nghĩa Phước"
"ex:monk/tay_kinh_van_nham","Tây Kinh Vân Nham"
"ex:monk/tay_lam_sung_ao","Tây Lâm Sùng Áo"
"ex:monk/tay_nham_tong_hoi","Tây Nham Tông Hồi"
"ex:monk/tay_phong_ky_tuc_khoat","Tây Phong Kỳ Túc Khoát"
"ex:monk/tay_son_dao_tung","Tây Sơn Đạo Tùng"
"ex:monk/tay_son_hue_chieu","Tây Sơn Huệ Chiếu"
"ex:monk/tay_son_tue","Tây Sơn Tuệ"
"ex:monk/tay_su_cung_than","Tây Sư Củng Thần"
"ex:monk/tay_thap_quang_muc","Tây Tháp Quang Mục"
"ex:monk/tay_thien_danh_nhu","Tây Thiền Ðảnh Nhu"
"ex:monk/tay_thien_hy_tu","Tây Thiền Hy Tú"
"ex:monk/tay_thien_thu_tinh","Tây Thiền Thủ Tịnh"
"ex:monk/tay_thien_van_lien","Tây Thiền Văn Liên"
"ex:monk/tay_thien_vien","Tây Thiền Viễn"
"ex:monk/tay_thuc_loan","Tây Thục Loan"
"ex:monk/tay_viem_dam_tang","Tây Viên Đàm Tạng"
"ex:monk/tay_vien_tu_minh","Tây Viện Tư Minh"
"ex:monk/tay_vuc_quat_da_tam_tang","Tây Vực Quật Đa Tam Tạng"
"ex:monk/tay_xuyen_bo_thuy_nham","Tây Xuyên Bố Thủy Nham"
"ex:monk/tay_xuyen_thanh_thanh_thua","Tây Xuyên Thanh Thành Thừa"
"ex:monk/tay_xuyen_trung_chieu","Tây Xuyên Trừng Chiếu"
"ex:monk/te_an_luu_quang","Tế Ân Lưu Quang"
"ex:monk/te_bon_vien_thuong","Tế Bổn Viên Thường"
"ex:monk/te_cam_linh_phu","Tế Cảm Linh Phù"
"ex:monk/te_can_tu_chieu","Tế Căn Từ Chiếu"
"ex:monk/te_chanh_bon_giac","Tế Chánh Bổn Giác"
"ex:monk/te_chau_thien_ung","Tề Châu Thiện Ứng"
"ex:monk/te_dai_khanh_thuy","Tế Đài Khánh Thụy"
"ex:monk/te_dien_nhu_bon","Tế Điền Như Bổn"
"ex:monk/te_dung","Tế Dũng"
"ex:monk/te_duong_chau_cap","Tế Đường Châu Cấp"
"ex:monk/te_duyen_quang_giac","Tế Duyên Quảng Giác"
"ex:monk/te_hau_khanh_lien","Tế Hẩu Khánh Liên"
"ex:monk/te_hien_buu_duong","Tế Hiển Bửu Dương"
"ex:monk/te_hiep_hai_dien","Tế Hiệp Hải Điện"
"ex:monk/te_huyen_ung_am","Tế Huyền Ứng Am"
"ex:monk/te_khoan_trung_hung","Tế Khoán Trừng Hưng"
"ex:monk/te_ky","Tề Kỷ"
"ex:monk/te_lich_chanh_van","Tế Lịch Chánh Văn"
"ex:monk/te_man_to_huan","Tế Mẫn Tổ Huấn"
"ex:monk/te_ngan_thanh_tung","Tế Ngạn Thanh Tùng"
"ex:monk/te_ngu_chanh_dung","Tế Ngữ Chánh Dũng"
"ex:monk/te_nhon_huu_bui","Tế Nhơn Hữu Bùi"
"ex:monk/te_phap_chi_kha","Tế Pháp Chí Khả"
"ex:monk/te_pho_vien_tri","Tế Phổ Viên Trì"
"ex:monk/te_phong","Tề Phong"
"ex:monk/te_quang_pho_chan","Tế Quảng Phổ Chấn"
"ex:monk/te_thuong_an_duong","Tế Thường An Dưỡng"
"ex:monk/te_tin_chanh_truc","Tế Tín Chánh Trực"
"ex:monk/te_tri_huu_phi","Tế Trí Hữu Phỉ"
"ex:monk/te_triet_giac_nguyen","Tế Triệt Giác Nguyên"
"ex:monk/te_vi_truong_chieu","Tế Vĩ Trường Chiếu"
"ex:monk/te_y_hoang_cau","Tế Ý Hoằng Câu"
"ex:monk/thach_co_dong_chau","Thạch Cổ Ðộng Châu"
"ex:monk/thach_cu_hao_thang","Thạch Cư Hạo Thăng"
"ex:monk/thach_cung_hue_tang","Ngũ Đài Ẩn Phong"
"ex:monk/thach_cung_hue_tang","Thạch Củng Huệ Tạng"
"ex:monk/thach_cuu","Thạch Cữu"
"ex:monk/thach_dau_hoai_chi","Am Chủ Thạch Đầu Hoài Chí"
"ex:monk/thach_dau_hy_thien","Thạch Đầu Hy Thiên"
"ex:monk/thach_dau_tu_hoi","Thạch Đầu Tự Hồi"
"ex:monk/thach_dinh_to_tuyen","Thạch Đình Tổ Tuyền"
"ex:monk/thach_lam","Thạch Lâm"
"ex:monk/thach_lam_tu","Thạch Lâm Tú"
"ex:monk/thach_liem_dai_san","Thạch Liêm Đại Sán"
"ex:monk/thach_mon_nguyen_di","Thạch Môn Nguyên Dị"
"ex:monk/thach_mon_nha","Thạch Môn Nhã"
"ex:monk/thach_mon_phap_chan","Thạch Môn Pháp Chân"
"ex:monk/thach_mon_thieu_vien","Thạch Môn Thiệu Viễn"
"ex:monk/thach_mon_thu_tan","Thạch Môn Thủ Tấn"
"ex:monk/thach_mon_tue_triet","Thạch Môn Tuệ Triệt"
"ex:monk/thach_phat_hien_trong","Thạch Phật Hiển Trọng"
"ex:monk/thach_phat_tue_minh","Thạch Phật Tuệ Minh"
"ex:monk/thach_suong_dai_thien","Thạch Sương Đại Thiện"
"ex:monk/thach_suong_huy","Thạch Sương Huy"
"ex:monk/thach_suong_khanh_chu","Thạch Sương Khánh Chư"
"ex:monk/thach_suong_phap_vinh","Thạch Sương Pháp Vĩnh"
"ex:monk/thach_suong_so_vien","Thạch Sương Sở Viên"
"ex:monk/thach_suong_tanh_khong","Thạch Sương Tánh Không"
"ex:monk/thach_suong_thu_ton","Thạch Sương Thủ Tôn"
"ex:monk/thach_suong_tiet_thanh","Thạch Sương Tiết Thành"
"ex:monk/thach_suong_tong_giam","Thạch Sương Tông Giám"
"ex:monk/thach_tang_tue_cu","Thạch Tạng Tuệ Cự"
"ex:monk/thach_that_thien_dao","Thạch Thất Thiện Đạo"
"ex:monk/thach_vu_minh_phuong","Thạch Vũ Minh Phương"
"ex:monk/thai_binh_an","Thái Bình An"
"ex:monk/thai_binh_hue_can_phat_giam","Thái Bình Huệ Cần Phật Giám"
"ex:monk/thai_binh_tue_khong","Thái Bình Tuệ Không"
"ex:monk/thai_chau_bach_van_nai","Thai Châu Bạch Vân Nãi"
"ex:monk/thai_chau_thang_quang","Thai Châu Thắng Quang"
"ex:monk/thai_duong_canh_huyen","Thái Dương Cảnh Huyền"
"ex:monk/thai_nguyen_hai_ho","Thái Nguyên Hải Hồ"
"ex:monk/thai_nguyen_phu","Thái Nguyên Phù"
"ex:monk/thai_nguyen_tu_phuoc_doan","Thái Nguyên Tư Phước Đoan"
"ex:monk/thai_nguyen_tu_thanh_phuong","Thái Nguyên Tư Thánh Phương"
"ex:monk/thai_son_tri_kien","Thái Sơn Trí Kiên"
"ex:monk/thai_thu_hua_thuc_lang_trung","Thái Thú Hứa Thức Lang Trung"
"ex:monk/thai_thu_le_chau_loi_man","Thái Thú Lễ Châu Lôi Mãn"
"ex:monk/thai_tu_dao_nhat","Thái Tử Ðạo Nhất"
"ex:monk/thai_tu_dong_quang","Thái Tử Ðạo Nhất"
"ex:monk/thai_tu_dong_quang","Thái Tử Đồng Quảng"
"ex:monk/than_danh_hong_nhan","Thần Đảnh Hồng Nhân"
"ex:monk/than_nhien","Quốc Sư Cao Ly Thản Nhiên"
"ex:monk/than_quang_ao_tan","Thần Quang Ðạo Tân"
"ex:monk/than_quang_dao_tan","Thần Quang Ðạo Tân"
"ex:monk/than_son_tang_mat","Thần Sơn Tăng Mật"
"ex:monk/thang_chau_hoa_nghiem_u","Thăng Châu Hoa Nghiêm U"
"ex:monk/thang_nghiep_duy_huong","Thắng Nghiệp Duy Hưởng"
"ex:monk/thang_nhan_ham_tinh","Thắng Nhân Hàm Tỉnh"
"ex:monk/thang_qua_ao_hoa","Thắng Quả Ðạo Hòa"
"ex:monk/thanh_an_duy_thuc","Thanh Ẩn Duy Thục"
"ex:monk/thanh_an_thanh_nguyen","Thanh Ẩn Thanh Nguyên"
"ex:monk/thanh_binh_duy_khoang","Thanh Bình Duy Khoáng"
"ex:monk/thanh_binh_linh_tuan","Thanh Bình Linh Tuân"
"ex:monk/thanh_binh_so_kim","Thanh Bình Sở Kim"
"ex:monk/thanh_chan_vien_giac","Thanh Chân Viên Giác"
"ex:monk/thanh_chi_minh_dung","Thành Chí Minh Dung"
"ex:monk/thanh_chu_mat_nghia","Thanh Chư Mật Nghĩa"
"ex:monk/thanh_dam_minh_chanh","Thanh Đàm Minh Chánh"
"ex:monk/thanh_dang_minh_luong","Thành Đẳng Minh Lượng"
"ex:monk/thanh_do_the_ky","Thành Đô Thế Kỳ"
"ex:monk/thanh_duc_tam_khoan","Thanh Đức Tâm Khoan"
"ex:monk/thanh_duong_thong_huyen","Thanh Dương Thông Huyền"
"ex:monk/thanh_hoa_su_not","Thanh Hóa Sư Nột"
"ex:monk/thanh_hoa_toan_pho","Thanh Hóa Toàn Phó"
"ex:monk/thanh_khe_hong_tan","Thanh Khê Hồng Tấn"
"ex:monk/thanh_kim_quang_diem","Thanh Kim Quang Diễm"
"ex:monk/thanh_lam_su_kien","Thanh Lâm Sư Kiền"
"ex:monk/thanh_liem_tam_thien","Thanh Liêm Tâm Thiền"
"ex:monk/thanh_lien_tam_thien","Thanh Liên Tâm Thiền"
"ex:monk/thanh_linh_dien_truong","Thanh Linh Diên Trường"
"ex:monk/thanh_luong_duc_hong","Thanh Lương Ðức Hồng"
"ex:monk/thanh_luong_hong_tinh","Thanh Lương Hồng Tịnh"
"ex:monk/thanh_luong_huu_phuc","Thanh Lương Hưu Phục"
"ex:monk/thanh_luong_pho_hien","Thanh Lương Phổ Hiện"
"ex:monk/thanh_luong_thai_kham","Thanh Lương Thái Khâm"
"ex:monk/thanh_luong_than","Thanh Lương Thản"
"ex:monk/thanh_luong_tong_quy","Thanh Lương Tổng Quy"
"ex:monk/thanh_ngo_nghiem_am","Thành Ngộ Nghiêm Am"
"ex:monk/thanh_nguyen_duy_tin","Thanh Nguyên Duy Tín"
"ex:monk/thanh_nguyen_hanh_tu","Thanh Nguyên Hành Tư"
"ex:monk/thanh_nguyen_minh_nam","Thanh Nguyên Minh Nam"
"ex:monk/thanh_nguyen_nhu","Thanh Nguyên Như"
"ex:monk/thanh_nguyen_te","Thanh Nguyên Tề"
"ex:monk/thanh_nguyen_tien_giang","Thanh Nguyên Tiên Giảng"
"ex:monk/thanh_nhac_an_son","Thành Nhạc Ẩn Sơn"
"ex:monk/thanh_nhan_quang_lam","Thanh Nhàn Quảng Lãm"
"ex:monk/thanh_nhan_tam_quang","Thanh Nhàn Tâm Quảng"
"ex:monk/thanh_ninh_tam_tinh","Thanh Ninh Tâm Tịnh"
"ex:monk/thanh_ninh_tam_truyen","Thanh Ninh Tâm Truyền"
"ex:monk/thanh_phuoc_nhu_lam","Thanh Phước Như Lâm"
"ex:monk/thanh_phuoc_tam_an","Thanh Phước Tâm An"
"ex:monk/thanh_quang_thuong_doanh","Thanh Quang Thường Doanh"
"ex:monk/thanh_quy_chon_thiet","Thanh Quý Chơn Thiệt"
"ex:monk/thanh_tam_dieu_ung","Thanh Tâm Diệu Ứng"
"ex:monk/thanh_thai_hue_minh","Thanh Thái Huệ Minh"
"ex:monk/thanh_thai_phuoc_chi","Thanh Thái Phước Chỉ"
"ex:monk/thanh_thien_hoang_chinh","Thánh Thiện Hoằng Chính"
"ex:monk/thanh_tho_la_nguyen_nghiem","Thánh Thọ La Nguyên Nghiêm"
"ex:monk/thanh_thuan_hanh_nha","Thanh Thuần Hạnh Nhã"
"ex:monk/thanh_tien_bao_ung","Thành Tiến Bảo Ứng"
"ex:monk/thanh_tin_ung_nghiem","Thanh Tín Ứng Nghiệm"
"ex:monk/thanh_tinh_tam_the","Thanh Tịnh Tâm Thể"
"ex:monk/thanh_trang_nhu_tinh","Thanh Tràng Như Tịnh"
"ex:monk/thanh_tri_hai_luan","Thanh Trí Hải Luận"
"ex:monk/thanh_tu","Thanh Từ"
"ex:monk/thanh_tu_hue_phap","Thanh Tú Huệ Pháp"
"ex:monk/thanh_tuyen_thu_thanh","Thanh Tuyền Thủ Thanh"
"ex:monk/thanh_van_tam_thanh","Thanh Vân Tâm Thành"
"ex:monk/thanh_vien_nhan_tu","Thanh Viên Nhân Từ"
"ex:monk/thanh_vien_phat_nhan","Lang Sơn Tuệ Ôn"
"ex:monk/thanh_vien_phat_nhan","Thanh Viễn Phật Nhãn"
"ex:monk/thanh_y_giac_hue","Thanh Y Giác Huệ"
"ex:monk/thao_am_phap_nghia","Thảo Am Pháp Nghĩa"
"ex:monk/thao_xao_thong_thanh","Thao Xảo Thông Thánh"
"ex:monk/thao_y_nham_khanh","Thảo Y Nham Khánh"
"ex:monk/thap_tuong_tham_sieu","Thập Tướng Thẩm Siêu"
"ex:monk/the_hien_tue_vien","Thê Hiền Tuệ Viên"
"ex:monk/the_nham_ton_tho","Thê Nham Tồn Thọ"
"ex:monk/the_thang_ke_sieu","Thê Thắng Kế Siêu"
"ex:monk/thi_an_dieu_tho","Thị An Diệu Thọ"
"ex:monk/thi_an_phuoc_binh","Thị An Phước Bình"
"ex:monk/thi_ban_hanh_thien","Thị Bản Hạnh Thiện"
"ex:monk/thi_binh_dieu_khai","Thị Bình Diệu Khai"
"ex:monk/thi_cang_trang_nghiem","Thị Cang Trang Nghiêm"
"ex:monk/thi_canh_vien_minh","Thị Cảnh Viên Minh"
"ex:monk/thi_chau_minh_nghia","Thị Châu Minh Nghĩa"
"ex:monk/thi_chau_quang_thanh","Thị Châu  Quang Thanh"
"ex:monk/thi_chau_quang_thanh","Thị Châu Quang Thanh"
"ex:monk/thi_chi_dieu_qua","Thị Chi Diệu Quả"
"ex:monk/thi_chi_phuoc_ho","Thị Chí Phước Hộ"
"ex:monk/thi_dam_tue_trung","Thị Đàm Tuệ Trung"
"ex:monk/thi_dan_hanh_chau","Thị Đản Hạnh Châu"
"ex:monk/thi_gia_qua","Thị Giả Quả"
"ex:monk/thi_hai_chanh_niem","Thị Hải Chánh Niệm"
"ex:monk/thi_hai_hanh_son","Thị Hải Hành Sơn"
"ex:monk/thi_hai_hanh_son","Thị Hải Hạnh Sơn"
"ex:monk/thi_hoa_vien_giac","Thị Hòa Viên Giác"
"ex:monk/thi_hon_nhon_tho","Thị Hớn Nhơn Thọ"
"ex:monk/thi_hue_bao_an","Thị Huệ Bảo An"
"ex:monk/thi_huu_giac_quang","Thị Hữu Giác Quang"
"ex:monk/thi_khai_ong_minh","Thị Khai Ðỗng Minh"
"ex:monk/thi_khoa_hanh_le","Thị Khoa Hạnh Lễ"
"ex:monk/thi_lac_hung_tu","Thị Lạc Hưng Từ"
"ex:monk/thi_loi_hanh_loc","Thị Lợi Hạnh Lộc"
"ex:monk/thi_long","Thị Long"
"ex:monk/thi_man_quang_phuc","Thị Mẫn Quang Phúc"
"ex:monk/thi_nang_tri_huu","Thị Năng Trí Hữu"
"ex:monk/thi_ngo_my_quang","Thị Ngộ Mỹ Quang"
"ex:monk/thi_ngoc_hanh_chau","Thị Ngọc Hạnh Châu"
"ex:monk/thi_nguyen_phuoc_hue","Thị Nguyên Phước Huệ"
"ex:monk/thi_nguyen_thanh_quang","Thị Nguyện Thanh Quang"
"ex:monk/thi_nhat_hanh_dat","Thị Nhật Hạnh Đạt"
"ex:monk/thi_niem_phuoc_ninh","Thị Niệm Phước Ninh"
"ex:monk/thi_phuoc_tue_vien","Thị Phước Tuệ Viên"
"ex:monk/thi_quang_dat_ngo","Thị Quang Đạt Ngộ"
"ex:monk/thi_quang_hue_minh","Thị Quang Huệ Minh"
"ex:monk/thi_sa_phuoc_hue","Thị Sa Phước Huệ"
"ex:monk/thi_son_hanh_chon","Thị Sơn Hạnh Chơn"
"ex:monk/thi_tan_hue_tu","Thị Tân  Huệ Từ"
"ex:monk/thi_tap_hue_thong","Thị Tập Huệ Thông"
"ex:monk/thi_thanh_vo_vi","Thị Thanh Vô Vi"
"ex:monk/thi_thien_doan_nghiem","Thị Thiện Đoan Nghiêm"
"ex:monk/thi_thinh_bao_quang","Thị Thỉnh Bảo Quang"
"ex:monk/thi_tho_nhon_hien","Thị Thọ Nhơn Hiền"
"ex:monk/thi_thuong_bao_phuoc","Thị Thượng Bảo Phước"
"ex:monk/thi_thuy_quang_duc","Thị Thuỷ Quảng Đức"
"ex:monk/thi_tiet_hanh_phong","Thị Tiết Hạnh Phong"
"ex:monk/thi_tin_phuoc_tri","Thị Tín Phước Trí"
"ex:monk/thi_tram_hai_nhu","Thị Trạm Hải Như"
"ex:monk/thi_trinh","Thị Trình"
"ex:monk/thi_truc_buu_nghia","Thị Trực Bửu Nghĩa"
"ex:monk/thi_trung_hanh_truc","Thị Trung Hạnh Trực"
"ex:monk/thi_trung_ngo_thong","Thị Trung Ngộ Thông"
"ex:monk/thi_tu_hanh_phuoc","Thị Tư Hạnh Phước"
"ex:monk/thi_uan_thuan_phong","Thị Uẩn Thuần Phong"
"ex:monk/thi_viet_hue_nghiem","Thị Việt Huệ Nghiêm"
"ex:monk/thi_vinh_hue_lien","Thị Vinh Huệ Liên"
"ex:monk/thi_xuat_giac_hue","Thị Xuất Giác Huệ"
"ex:monk/thi_xuat_hue_quy","Thị Xuất  Huệ Quý"
"ex:monk/thi_y_hanh_dao","Thị Ý Hạnh Đạo"
"ex:monk/thich_an_luc","Thích Ấn Lực"
"ex:monk/thich_an_luc","Ấn Triêm Từ Minh"
"ex:monk/thich_ca_mau_ni_phat","Thích Ca Mâu Ni Phật"
"ex:monk/thich_chon_chau","Thích Chơn Châu"
"ex:monk/thich_chon_dung","Thích Chơn Dung"
"ex:monk/thich_chon_nguyen","Thích Chơn Nguyên"
"ex:monk/thich_chon_tuc","Thích Chơn Túc"
"ex:monk/thich_dao_chuong","Thích Đạo Chương"
"ex:monk/thich_duong_dung","Thích Đương Dung"
"ex:monk/thich_nhu_hien","Thích Như Hiền"
"ex:monk/thich_nu_chuc_tam","Thích Nữ Chúc Tâm"
"ex:monk/thich_pho_dieu","Thích Phổ Diệu"
"ex:monk/thiem_chau_long_the","Thiểm Châu Long Thê"
"ex:monk/thiem_phu_thien_phuoc","Thiểm Phủ Thiên Phước"
"ex:monk/thien_an","Thiên Ân"
"ex:monk/thien_binh_khe_ngu","Thiên Bình Khế Ngu"
"ex:monk/thien_chuong_xu","Thiên Chương Xu"
"ex:monk/thien_dai_van_cu_tri","Thiên Thai Vân Cư Trí"
"ex:monk/thien_dao","Thiện Đạo"
"ex:monk/thien_dong_dam_hoa","Thiên Đồng Đàm Hoa"
"ex:monk/thien_dong_ham_khai","Thiên Đồng Hàm Khải"
"ex:monk/thien_dong_lieu_phac","Thiên Đồng Liễu Phác"
"ex:monk/thien_dong_nhu_tinh","Thiên Đồng Như Tịnh"
"ex:monk/thien_dong_pho_giao","Long Nha Tông Mật"
"ex:monk/thien_dong_pho_giao","Thiên Đồng Phổ Giao"
"ex:monk/thien_dong_thanh_toai","Thiên Đồng Thanh Toại"
"ex:monk/thien_dong_tinh_toan","Thiên Đồng Tịnh Toàn"
"ex:monk/thien_dong_tong_giac","Thiên Đồng Tông Giác"
"ex:monk/thien_dong_tu_ngung","Thiên Đồng Tử Ngưng"
"ex:monk/thien_hoang_dao_ngo","Thiên Hoàng Đạo Ngộ"
"ex:monk/thien_khanh_thu_long","Thiện Khánh Thủ Long"
"ex:monk/thien_khe_kha_trang","Thiền Khê Khả Trang"
"ex:monk/thien_long_trong_co","Thiên Long Trọng Cơ"
"ex:monk/thien_muc_duy_tac","Thiên Mục Duy Tắc"
"ex:monk/thien_muc_van_le","Thiên Mục Văn Lễ"
"ex:monk/thien_nham_nguyen_truong","Thiên Nham Nguyên Trường"
"ex:monk/thien_ninh_kha","Thiên Ninh Kha"
"ex:monk/thien_ninh_pham_tu","Thiên Ninh Phạm Tư"
"ex:monk/thien_ninh_quynh","Thiên Ninh Quỳnh"
"ex:monk/thien_phong_giac","Thiên Phong Giác"
"ex:monk/thien_phong_tu_quy","Thiên Phong Tử Quy"
"ex:monk/thien_phuc","Thiện Phục"
"ex:monk/thien_quang_tan","Thiện Quang Tấn"
"ex:monk/thien_quyen_phap_tri","Thiện Quyền Pháp Trí"
"ex:monk/thien_thai_pho_ngan","Thiên Thai Phổ Ngạn"
"ex:monk/thien_thai_van_cu_tri","Thiên Thai Vân Cư Trí"
"ex:monk/thien_thanh_hao_thai","Thiên Thánh Hạo Thái"
"ex:monk/thien_tong_hanh_thao","Thiên Tông Hành Thao"
"ex:monk/thien_tong_khe_phu","Thiên Tông Khế Phù"
"ex:monk/thien_tong_thu_phe","Thiên Tông Thủ Phê"
"ex:monk/thien_tru_sung_hue","Thiên Trụ Sùng Huệ"
"ex:monk/thien_truc_nghia_chung","Thiên Trúc Nghĩa Chứng"
"ex:monk/thien_truc_tu_nghi","Thiên Trúc Tử Nghi"
"ex:monk/thien_tu_thuong_khai","Thiện Từ Thường Khai"
"ex:monk/thien_tue_bao_chuong","Thiên Tuế Bảo Chưởng"
"ex:monk/thien_vuong_chi","Thiên Vương Chí"
"ex:monk/thien_vuong_dao_ngo","Thiên Vương Đạo Ngộ"
"ex:monk/thien_vuong_tang_chu_thong","Thiên Vương Tạng Chủ Thông"
"ex:monk/thien_y_phap_thong","Thiên Y Pháp Thông"
"ex:monk/thiep_chau_chu_khe_khiem","Thiệp Châu Chu Khê Khiêm"
"ex:monk/thiep_chau_mau_nguyen","Thiệp Châu Mậu Nguyên"
"ex:monk/thiet_bao_cam_ung","Thiệt Bảo Cảm Ứng"
"ex:monk/thiet_dam_chanh_luan","Thiệt Đàm Chánh Luân"
"ex:monk/thiet_dam_chanh_luan","Thiệt Đàm Chánh Luân"
"ex:monk/thiet_dang_bao_quang","Thiệt Đăng Bảo Quang"
"ex:monk/thiet_dia_phap_an","Thiệt Địa Pháp Ấn"
"ex:monk/thiet_dieu_chanh_hien","Thiệt Diệu Chánh Hiền"
"ex:monk/thiet_dieu_lieu_quan","Thiệt Diệu Liễu Quán"
"ex:monk/thiet_dinh_an_triem","Thiệt Dinh Ân Triêm"
"ex:monk/thiet_hoi_vien_quang","Thiệt Hội Viên Quang"
"ex:monk/thiet_kien_lieu_triet","Thiệt Kiến Liễu Triệt"
"ex:monk/thiet_lam_chi_kien","Thiệt Lãm Chí Kiên"
"ex:monk/thiet_luong","Thiệt Lương"
"ex:monk/thiet_luong","Thiệt Uyên Chí Bảo"
"ex:monk/thiet_phat_tri_trung","Thiết Phật Trí Trung"
"ex:monk/thiet_phat_tri_tung","Thiết Phật Trí Tung"
"ex:monk/thiet_tam_thien_truc","Thiệt Tâm Thiện Trực"
"ex:monk/thiet_tanh_tri_hai","Thiệt Tánh Trí Hải"
"ex:monk/thiet_thanh_lieu_dat","Thiệt Thành Liễu Đạt"
"ex:monk/thiet_the_triem_an","Thiệt Thể Triêm Ân"
"ex:monk/thiet_tho_chanh_khoa","Thiệt Thọ Chánh Khóa"
"ex:monk/thiet_thoai_tanh_tuong","Thiệt Thoại Tánh Tường"
"ex:monk/thiet_thuan_hue_truong","Thiệt Thuận Huệ Trương"
"ex:monk/thiet_thuan_hue_truong","Thiệt Thuận Huệ Trương"
"ex:monk/thiet_uy_khanh_van","Thiệt Úy Khánh Vân"
"ex:monk/thiet_uyen_chi_bao","Thiệt Uyên Chí Bảo"
"ex:monk/thiet_vinh_buu_hanh","Thiệt Vinh Bửu Hạnh"
"ex:monk/thieu_chau_bach_van_tuong","Thiều Châu Bạch Vân Tường"
"ex:monk/thieu_chau_bach_van_van","Thiều Châu Bạch Vân Văn"
"ex:monk/thieu_chau_dai_pham_vien","Thiều Châu Đại Phạm Viên"
"ex:monk/thieu_chau_dam_pho","Thiều Châu Đàm Phổ"
"ex:monk/thieu_chau_dang_phong","Thiều Châu Đăng Phong"
"ex:monk/thieu_chau_hoa_nghiem","Thiều Châu Hoa Nghiêm"
"ex:monk/thieu_chau_hy_bo","Thiều Châu Hy Bô"
"ex:monk/thieu_chau_khong_nguyen","Thiều Châu Khổng Nguyên"
"ex:monk/thieu_chau_lam_tuyen","Thiều Châu Lâm Tuyền"
"ex:monk/thieu_chau_long_quang","Thiều Châu Long Quang"
"ex:monk/thieu_chau_on_mon_man","Thiều Châu Ôn Môn Mãn"
"ex:monk/thieu_chau_phap_hai","Thiều Châu Pháp Hải"
"ex:monk/thieu_chau_tay_ho","Thiều Châu Tây Hồ"
"ex:monk/thieu_chau_thuan_phong_thieu","Thiều Châu Thuấn Phong Thiều"
"ex:monk/thieu_chau_tinh_phap_chuong","Thiều Châu Tịnh Pháp Chương"
"ex:monk/thieu_chau_tu_phuoc","Thiều Châu Tư Phước"
"ex:monk/thieu_chau_tu_quang","Thiều Châu Từ Quang"
"ex:monk/thieu_chau_van_mon_bao","Thiều Châu Vân Môn Bảo"
"ex:monk/thieu_chau_van_mon_hy","Thiều Châu Vân Môn Hy"
"ex:monk/thieu_chau_van_mon_sang","Thiều Châu Vân Môn Sảng"
"ex:monk/thieu_hu","Cư Sĩ Mạc Tướng Thượng Thư Thiếu Hư"
"ex:monk/thieu_lam_giang","Thiếu Lâm Giang"
"ex:monk/thieu_son_hoan_pho","Thiều Sơn Hoàn Phổ"
"ex:monk/tho_chau_dao_tho","Thọ Châu Đạo Thọ"
"ex:monk/tho_chau_thien_thieu_tong","Thọ Châu Thiệu Tông"
"ex:monk/tho_chau_tri_thong","Thọ Châu Trí Thông"
"ex:monk/tho_ninh_dao_hoan","Thọ Ninh Ðạo Hoàn"
"ex:monk/tho_ninh_thien_tu","Thọ Ninh Thiện Tư"
"ex:monk/tho_ninh_thu_kha","Thọ Ninh Thủ Kha"
"ex:monk/tho_son_uc_so","Thọ Sơn Ðức Sơ"
"ex:monk/tho_thanh_so_van","Nguyệt Chưởng Trí Uyên"
"ex:monk/tho_thanh_so_van","Thọ Thánh Sở Văn"
"ex:monk/tho_xuong_tinh_tich","Thọ Xương Tịnh Tịch"
"ex:monk/thong_chanh_tue_thanh","Thông Chánh Tuệ Thành"
"ex:monk/thu_chau_bach_thuy","Thư Châu Bạch Thủy"
"ex:monk/thu_chau_bach_thuy_huy","Thư Châu Bạch Thủy Huy"
"ex:monk/thu_dao_tuc_tien","Thủ Đạo Tục Tiên"
"ex:monk/thu_ky_nam","Thư Ký Nam"
"ex:monk/thu_son_hoai_chi","Thủ Sơn Hoài Chí"
"ex:monk/thu_son_tinh_niem","Thủ Sơn Tỉnh Niệm"
"ex:monk/thu_son_xu_khe","Thủ Sơn Xử Khuê"
"ex:monk/thu_su_lang_chau_ly_cao","Thứ Sử Lãng Châu Lý Cao"
"ex:monk/thua_hy_ung_duyet","Thừa Hy Ứng Duyệt"
"ex:monk/thua_thien_tong","Thừa Thiên Tông"
"ex:monk/thua_thien_tri_duc","Thừa Thiên Trí Dục"
"ex:monk/thua_thien_tu_hien","Thừa Thiên Tự Hiền"
"ex:monk/thua_thien_tue_lien","Thừa Thiên Tuệ Liên"
"ex:monk/thua_vien","ĐS Thừa Viễn"
"ex:monk/thuan_chuyet_van_tai","Thuần Chuyết Văn Tài"
"ex:monk/thuan_kiet_tanh_khue","Thuần Kiệt Tánh Khuê"
"ex:monk/thuc_an_tinh_chu","Thục An Tịnh Chu"
"ex:monk/thuc_xuyen_tay_thien","Thục Xuyên Tây Thiền"
"ex:monk/thuong_anh","Cư Sĩ Thừa Tướng Trương Thương Anh"
"ex:monk/thuong_chau_cao_minh","Thương Châu Cao Minh"
"ex:monk/thuong_chau_chanh_can_uan","Thường Châu Chánh Cần Uẩn"
"ex:monk/thuong_chau_me_thuong","Thương Châu Mễ Thương"
"ex:monk/thuong_chau_nghia_hung","Thường Châu Nghĩa Hưng"
"ex:monk/thuong_chau_thuong_lanh","Thường Châu Thương Lãnh"
"ex:monk/thuong_lam_linh_sieu","Thượng Lam Linh Siêu"
"ex:monk/thuong_lam_thu_nap","Thượng Lam Thủ Nạp"
"ex:monk/thuong_lam_thuan","Thượng Lam Thuận"
"ex:monk/thuong_lam_to_khanh","Thượng Lam Tổ Khanh"
"ex:monk/thuong_lam_tu_co","Thượng Lam Tự Cổ"
"ex:monk/thuong_na_hoa_tu","Thương Na Hòa Tu"
"ex:monk/thuong_na_hoa_tu","Tôn Giả Thương Na Hòa Tu"
"ex:monk/thuong_phong_ban_tai","Thượng Phong Bản Tài"
"ex:monk/thuong_phong_tho_tu","Thượng Phong Tổ Tú"
"ex:monk/thuong_phong_tue_hoa","Thượng Phong Tuệ Hòa"
"ex:monk/thuong_phuong_nhat_ich","Thượng Phương Nhật Ích"
"ex:monk/thuong_phuong_tue_anh","Thượng Phương Tuệ Anh"
"ex:monk/thuu_lanh_minh_vien","Thứu Lãnh Minh Viễn"
"ex:monk/thuu_lanh_thien_bon","Thứu Lãnh Thiện Bổn"
"ex:monk/thuy_bach_minh_tuyet","Thụy Bạch Minh Tuyết"
"ex:monk/thuy_khong","Thủy Không"
"ex:monk/thuy_long_an_chuong","Thụy Long Ẩn Chương"
"ex:monk/thuy_long_dao_pho","Thủy Long Đạo Phổ"
"ex:monk/thuy_long_vien_tue_cung","Thụy Long Viện Tuệ Cung"
"ex:monk/thuy_luc_hong_nghiem","Thủy Lục Hồng Nghiễm"
"ex:monk/thuy_nghiem_su_am","Thúy Nghiêm Sư Âm"
"ex:monk/thuy_nguyet_thong_giac","Thủy Nguyệt Thông Giác"
"ex:monk/thuy_nham_kha_chan","Thúy Nham Khả Chân"
"ex:monk/thuy_nham_kha_chan","Thúy nham Khả Chân"
"ex:monk/thuy_nham_linh_tham","Thúy Nham Linh Tham"
"ex:monk/thuy_nham_nhu_thang","Thụy Nham Như Thắng"
"ex:monk/thuy_nham_phap_cung","Thụy Nham Pháp Cung"
"ex:monk/thuy_nham_quang_muc","Thụy Nham Quang Mục"
"ex:monk/thuy_nham_su_ngan","Thụy Nham Sư Ngạn"
"ex:monk/thuy_nham_tong_tinh","Thúy Nham Tông Tỉnh"
"ex:monk/thuy_nham_tri_tai","Thụy Nham Trí Tài"
"ex:monk/thuy_phong_than_loc","Thụy Phong Thần Lộc"
"ex:monk/thuy_phong_tung_han","Thúy Phong Tùng Hân"
"ex:monk/thuy_tay_nam_dai","Thủy Tây Nam Đài"
"ex:monk/thuy_vi_vo_hoc","Thúy Vi Vô Học"
"ex:monk/tich_thuy_vinh","Am Chủ Tích Thúy Vĩnh"
"ex:monk/tiem_nguyen_trong_hung","Tiệm Nguyên Trọng Hưng"
"ex:monk/tien","Tiến"
"ex:monk/tien_an_khanh_tuong","Tiên An Khánh Tường"
"ex:monk/tien_de_chon_pham","Tiên Đề Chơn Phẩm"
"ex:monk/tien_doan_le","Cư Sĩ Tham Chánh Tiền Ðoan Lễ"
"ex:monk/tien_giac_hai_tinh","Tiên Giác Hải Tịnh"
"ex:monk/tien_hue_tinh_nhan","Tiên Huệ Tịnh Nhãn"
"ex:monk/tien_phuc_dao_sinh","Tiến Phúc Đạo Sinh"
"ex:monk/tien_phuoc_dao_anh","Tiến Phước Ðạo Anh"
"ex:monk/tien_phuoc_dien","Tiến Phước Diễn"
"ex:monk/tien_phuoc_luong","Tiến Phước Lượng"
"ex:monk/tien_phuoc_ngo_ban","Tiến Phước Ngộ Bản"
"ex:monk/tien_phuoc_thieu_minh","Tiến Phước Thiệu Minh"
"ex:monk/tien_phuoc_trach_sung","Tiến Phước Trạch Sùng"
"ex:monk/tien_phuoc_tran","Tiến Phước Trăn"
"ex:monk/tien_thien","Tiên Thiên"
"ex:monk/tien_thuong_vien_trung","Tiên Thường Viên Trừng"
"ex:monk/tieu_dao","Tiêu Dao"
"ex:monk/tieu_dao_hoai_trung","Tiêu Dao Hoài Trung"
"ex:monk/tieu_khe_hanh_truyen","Tiểu Khê Hành Truyền"
"ex:monk/tieu_ong_sieu_tram","Tiếu Ông Diệu Trạm"
"ex:monk/tin_chau_khang_quoc_dieu","Tín Châu Khang Quốc Diệu"
"ex:monk/tin_chau_nga_ho_thieu","Tín Châu Nga Hồ Thiều"
"ex:monk/tin_chau_tay_thien_kham","Tín Châu Tây Thiền Khâm"
"ex:monk/tin_chau_tri_thuong","Tín Châu Trí Thường"
"ex:monk/tin_tuong_gioi_tu","Tín Tướng Giới Tu"
"ex:monk/tin_tuong_tong_hien","Tín Tướng Tông Hiển"
"ex:monk/tinh_chung_lieu_xan","Tịnh Chúng Liễu Xán"
"ex:monk/tinh_chung_tien","Tịnh Chúng Tiên"
"ex:monk/tinh_cu_dieu_dao","Tịnh Cư Diệu Ðạo"
"ex:monk/tinh_dinh_tam_chau","Tính Định Tâm Châu"
"ex:monk/tinh_do_duy_chinh","Tịnh Độ Duy Chính"
"ex:monk/tinh_do_duy_to","Tịnh Độ Duy Tố"
"ex:monk/tinh_do_thien_tu","Tịnh Độ Thiện Tư"
"ex:monk/tinh_duc_tri_quan","Tịnh Đức Trí Quân"
"ex:monk/tinh_duc_xung_chieu","Tịnh Đức Xung Chiếu"
"ex:monk/tinh_nhan_dao_trang","Tịnh Nhân Ðạo Trăng"
"ex:monk/tinh_nhan_giac","Tịnh Nhân Giác"
"ex:monk/tinh_nhan_ke_thanh","Tịnh Nhân Kế Thành"
"ex:monk/tinh_nhan_khai","Tịnh Nhân Khải"
"ex:monk/tinh_tru_chan_tinh","Tịnh Trụ Chân Tịnh"
"ex:monk/tinh_tu_bich","Tịnh Từ Bích"
"ex:monk/tinh_tu_cu_gian","Tịnh Từ Cư Giản"
"ex:monk/tinh_tu_dam_mat","Tịnh Từ Ðàm Mật"
"ex:monk/tinh_tu_ngan_sung","Tịnh Từ Ngạn Sung"
"ex:monk/tinh_tu_su_nhat","Tịnh Từ Sư Nhất"
"ex:monk/tinh_tu_trong_kieu","Tịnh Từ Trọng Kiểu"
"ex:monk/tinh_tu_van","Tịnh Từ Văn"
"ex:monk/tkn_hue_huong_chon_chat","TKN Huệ Hương Chơn Chất"
"ex:monk/to_an_cu_nap","Tổ Ấn Cư Nạp"
"ex:monk/to_an_mat_hoang","Tổ Ấn Mật Hoằng"
"ex:monk/to_chau_tay_thien","Tô Châu Tây Thiền"
"ex:monk/to_chau_vinh_quang_chan","Tô Châu Vĩnh Quang Chân"
"ex:monk/to_dat_tri_tam","Tổ Đạt Trí Tâm"
"ex:monk/to_duc_bao_tang","Tổ Đức Bảo Tạng"
"ex:monk/to_nhan_thien_truong","Tổ Nhân Thiên Trường"
"ex:monk/to_tong_vien_quang","Tổ Tông Viên Quang"
"ex:monk/to_triet","Cư Sĩ Tham Chánh Tô Triệt"
"ex:monk/toan_ao_vien_am","Toàn Ðạo Viên Ðàm"
"ex:monk/toan_chieu_bao_an","Toàn Chiếu Bảo Ấn"
"ex:monk/toan_dai_hue_duc","Toàn Đài Huệ Đức"
"ex:monk/toan_dai_hue_duc","Toàn Trí Long Thọ"
"ex:monk/toan_dang_bao_nguyen","Toàn Đăng Bảo Nguyên"
"ex:monk/toan_dao_mat_hanh","Toàn Đạo Mật Hạnh"
"ex:monk/toan_dat_gia_hao","Toàn Đạt Gia Hào"
"ex:monk/toan_dinh_bao_tang","Toàn Ðịnh Bảo Tạng"
"ex:monk/toan_dinh_pho_dat","Toàn Đĩnh Phổ Đạt"
"ex:monk/toan_duc_hoang_tong","Toàn Đức Hoằng Tông"
"ex:monk/toan_hieu_gia_linh","Toàn Hiệu Gia Linh"
"ex:monk/toan_inh_bao_tang","Toàn Ðịnh Bảo Tạng"
"ex:monk/toan_nghia_chon_thuong","Toàn Nghĩa Chơn Thường"
"ex:monk/toan_nham_quan_thong","Toàn Nhâm Quán Thông"
"ex:monk/toan_nhat_quang_dai","Toàn Nhật Quang Đài"
"ex:monk/toan_tanh_chanh_ac","Toàn Tánh Chánh Ðắc"
"ex:monk/toan_the_linh_nguyen","Toàn Thể Linh Nguyên"
"ex:monk/toan_thien_duc_hoang","Toàn Thiện Đức Hoằng"
"ex:monk/toan_tin_uc_thanh","Toàn Tín Ðức Thành"
"ex:monk/toan_tri_long_tho","Toàn Trí Long Thọ"
"ex:monk/toan_uc_thieu_long","Toàn Ðức Thiệu Long"
"ex:monk/toan_vo_vien_quang","Toàn Võ Viên Quang"
"ex:monk/toan_y_pho_hue","Toàn Ý Phổ Huệ"
"ex:monk/ton_duc_tue_khong","Tồn Đức Tuệ Không"
"ex:monk/ton_gia_ba_tu_ban_dau_ba_tau_ban_dau","Bà Tâu Bàn Đâu"
"ex:monk/ton_gia_ba_tu_ban_dau_ba_tu_ban_da","Bà Tu Bàn Đà"
"ex:monk/ton_gia_ba_tu_ban_dau_ba_tu_ban_dau","Bà Tu Bàn Đâu"
"ex:monk/ton_gia_ba_tu_ban_dau_hoa_tu_ban_dau","Hoa Tu Bàn Đâu"
"ex:monk/ton_gia_ba_tu_ban_dau_phat_to_ban_do","Phat Tô Bàn Đô"
"ex:monk/ton_gia_ba_tu_ban_dau_phiet_to_ban_do","Phiệt Tô Bạn Đồ"
"ex:monk/ton_gia_ba_tu_ban_dau_po_xiu_pan_tou","婆修盤頭"
"ex:monk/ton_gia_ba_tu_ban_dau_the_than","Thế Thân"
"ex:monk/ton_gia_ba_tu_ban_dau_thien_su","Thiền sư"
"ex:monk/ton_gia_ba_tu_ban_dau_thien_than","Thiên Thân"
"ex:monk/ton_gia_ba_tu_mat_phiet_to_mat_dat_la","Phiệt Tô Mật Đát La"
"ex:monk/ton_gia_ba_tu_mat_the_huu","Thế Hữu"
"ex:monk/ton_gia_ba_xa_tu_da_ba_xa_tu_da","Bà Xá Tư Đa"
"ex:monk/ton_gia_ba_xa_tu_da_thien_su","Thiền sư"
"ex:monk/ton_gia_bat_nha_da_la_anh_lac_dong_tu","Anh Lạc Đồng Tử"
"ex:monk/ton_gia_bat_nha_da_la_bat_nha_da_la","Bát Nhã Đa La"
"ex:monk/ton_gia_bat_nha_da_la_thien_su","Thiền sư"
"ex:monk/ton_gia_bat_nhu_mat_da_bat_nhu_mat_da","Bất Như Mật Đa"
"ex:monk/ton_gia_bat_nhu_mat_da_purjamitra","Purjamitra"
"ex:monk/ton_gia_bat_nhu_mat_da_thien_su","Thiền sư"
"ex:monk/ton_gia_ca_na_de_ba_ca_na_de_ba","Ca Na Đề Bà"
"ex:monk/ton_gia_ca_na_de_ba_doc_nhan_bo_tat","Độc Nhãn Bồ Tát"
"ex:monk/ton_gia_ca_na_de_ba_phien_muc_de_ba","Phiến Mục Đề Bà"
"ex:monk/ton_gia_ca_na_de_ba_thanh_de_ba","Thánh Đề Bà"
"ex:monk/ton_gia_ca_na_de_ba_thanh_thien","Thánh Thiên"
"ex:monk/ton_gia_ca_na_de_ba_thien_su","Thiền sư"
"ex:monk/ton_gia_ca_ty_ma_la_thien_su","Thiền sư"
"ex:monk/ton_gia_cuu_ma_la_da_dong_thu","Đồng Thụ"
"ex:monk/ton_gia_da_da_xa_da_thien_su","Thiền sư"
"ex:monk/ton_gia_de_da_ca_huong_chung","Hương Chúng"
"ex:monk/ton_gia_de_da_ca_thien_su","Thiền sư"
"ex:monk/ton_gia_hac_lac_na_ton_gia_hac_lac_na","Tôn Giả Hạc Lặc Na"
"ex:monk/ton_gia_la_hau_la_da_la_hau_la_da","La Hầu La Da"
"ex:monk/ton_gia_la_hau_la_da_thien_su","Thiền sư"
"ex:monk/ton_gia_ma_ha_ca_diep_am_quang","Ẩm Quang"
"ex:monk/ton_gia_ma_ha_ca_diep_ca_diep_ba","Ca Diếp Ba"
"ex:monk/ton_gia_ma_ha_ca_diep_ca_nhiep_ba","Ca Nhiếp Ba"
"ex:monk/ton_gia_ma_ha_ca_diep_dai_ca_diep","Đại Ca Diếp"
"ex:monk/ton_gia_ma_ha_ca_diep_ma_ha_ca_diep","Ma Ha Ca Diếp"
"ex:monk/ton_gia_ma_ha_ca_diep_tay_thien_thu_truyen_ma_ha_ca_diep_ton_gia","Tây Thiên Thủ Truyền Ma Ha Ca Diếp Tôn Giả"
"ex:monk/ton_gia_ma_ha_ca_diep_thien_su","Thiền sư"
"ex:monk/ton_gia_ma_noa_la_ma_no_la","Ma Nô La"
"ex:monk/ton_gia_ma_noa_la_ma_noa_la","Ma Noa La"
"ex:monk/ton_gia_ma_noa_la_manorhita","Manorhita"
"ex:monk/ton_gia_ma_noa_la_mo_na_luo","摩拏羅"
"ex:monk/ton_gia_ma_noa_la_thien_su","Thiền sư"
"ex:monk/ton_gia_mat_dien_de_ca_ha_trung","Hà trung"
"ex:monk/ton_gia_mat_dien_de_ca_kim_dia","Kim Địa"
"ex:monk/ton_gia_mat_dien_de_ca_ma_thien_de","Ma Thiền Đề"
"ex:monk/ton_gia_mat_dien_de_ca_mat_dan_dia","Mạt Đàn Địa"
"ex:monk/ton_gia_mat_dien_de_ca_mat_dien","Mạt Điền"
"ex:monk/ton_gia_mat_dien_de_ca_mat_dien_dac_ca","Mạt Điền Đạc Ca"
"ex:monk/ton_gia_mat_dien_de_ca_mat_dien_de","Mạt Điền Đề"
"ex:monk/ton_gia_mat_dien_de_ca_mat_dien_de_ca","Mạt Điền Để Ca"
"ex:monk/ton_gia_mat_dien_de_ca_mat_dien_dia","Mạt Điền Địa"
"ex:monk/ton_gia_mat_dien_de_ca_mat_dien_dia_na","Mạt Điền Địa Na"
"ex:monk/ton_gia_mat_dien_de_ca_mat_xien_de","Mạt Xiển Đề"
"ex:monk/ton_gia_mat_dien_de_ca_nhat_trung","Nhật trung"
"ex:monk/ton_gia_mat_dien_de_ca_thien_su","Thiền sư"
"ex:monk/ton_gia_mat_dien_de_ca_thuy_trung","Thủy trung"
"ex:monk/ton_gia_mat_dien_de_ca_trung","Trung"
"ex:monk/ton_gia_phat_da_mat_da_giac_than","Giác Thân"
"ex:monk/ton_gia_phat_da_mat_da_thien_su","Thiền sư"
"ex:monk/ton_gia_phat_da_nan_de_thien_su","Thiền sư"
"ex:monk/ton_gia_phu_na_da_xa_da_xa","Dạ Xa"
"ex:monk/ton_gia_phu_na_da_xa_phu_na","Phú Na"
"ex:monk/ton_gia_phu_na_da_xa_thien_su","Thiền sư"
"ex:monk/ton_gia_su_tu_ty_kheo_su_tu_bo_de","Sư Tử Bồ Đề"
"ex:monk/ton_gia_su_tu_ty_kheo_su_tu_ton_gia","Sư Tử Tôn Giả"
"ex:monk/ton_gia_su_tu_ty_kheo_thien_su","Thiền sư"
"ex:monk/ton_gia_tang_gia_nan_de_saoghanandi","Saôghanandi"
"ex:monk/ton_gia_tang_gia_nan_de_tang_gia_nan_de","Tăng Già Nan Đề"
"ex:monk/ton_gia_tang_gia_nan_de_tang_khu_nan_de","Tăng Khư Nan Đề"
"ex:monk/ton_gia_tang_gia_nan_de_thien_su","Thiền sư"
"ex:monk/ton_gia_thuong_na_hoa_tu_na_hoa_tu","Na Hòa Tu"
"ex:monk/ton_gia_thuong_na_hoa_tu_thien_su","Thiền sư"
"ex:monk/ton_gia_thuong_na_hoa_tu_thiet_nac_ca","Thiết Nặc Ca"
"ex:monk/ton_gia_thuong_na_hoa_tu_thuong_na_hoa_tu","Thương Na Hòa Tu"
"ex:monk/ton_gia_thuong_na_hoa_tu_thuong_nac_ca","Thương Nặc Ca"
"ex:monk/ton_gia_thuong_na_hoa_tu_thuong_nac_ca_phuoc_sa","Thương Nặc Ca Phược Sa"
"ex:monk/ton_gia_thuong_na_hoa_tu_xa_na_ba_tu","Xá Na Ba Tư"
"ex:monk/ton_gia_uu_ba_cuc_da_thien_su","Thiền sư"
"ex:monk/ton_gia_uu_ba_cuc_da_upagupta","Upagupta"
"ex:monk/ton_gia_uu_ba_cuc_da_you_po_ju_duo_","優婆毱多"
"ex:monk/ton_gia_xa_da_da_ton_gia_xa_da_da","Tôn Giả Xà Dạ Đa"
"ex:monk/tong_dien_chan_dung","Tông Diễn Chân Dung"
"ex:monk/tong_son","Tòng Sơn"
"ex:monk/tong_thien_ban_thuy","Tông Thiền Bản Thụy"
"ex:monk/trac_chau_cap_y","Trác Châu Cấp Y"
"ex:monk/trach_chau_co_hien_can","Trạch Châu Cổ Hiền Cẩn"
"ex:monk/tram_nhien_vien_trung","Trạm Nhiên Viên Trừng"
"ex:monk/tran_canh_ngo_duyen","Trấn Cảnh Ngộ Duyên"
"ex:monk/tran_chau_dai_bi","Trấn Châu Đại Bi"
"ex:monk/tran_chau_hong_te","Trấn Châu Hồng Tế"
"ex:monk/tran_chau_kim_nguu","Trấn Châu Kim Ngưu"
"ex:monk/tran_chau_linh_tho","Trấn Châu Linh Thọ"
"ex:monk/tran_chau_linh_thong","Trần Châu Linh Thông"
"ex:monk/tran_chau_pho_hoa","Trấn Châu Phổ Hóa"
"ex:monk/tran_chau_van_tue","Trấn Châu Vạn Tuế"
"ex:monk/tri_binh_ngau","Trị Bình Ngẫu"
"ex:monk/tri_chau_cam_chi","Trì Châu Cam Chí"
"ex:monk/tri_chau_hoa_long","Trì Châu Hòa Long"
"ex:monk/tri_chau_ke_son_chuong","Trì Châu Kê Sơn Chương"
"ex:monk/tri_chau_linh_thuu_nhan","Trì Châu Linh Thứu Nhàn"
"ex:monk/tri_chau_lo_to_giao","Am Chủ Phúc Bồn"
"ex:monk/tri_chau_lo_to_giao","Trì Châu Lỗ Tổ Giáo "
"ex:monk/tri_chau_lo_to_giao","Trì Châu Lỗ Tổ Giáo"
"ex:monk/tri_chau_quang_te","Tri Châu Quảng Tế"
"ex:monk/tri_gia_chan_tu","Trí Giả Chân Từ"
"ex:monk/tri_hai_dao_binh","Trí Hải Ðạo Bình"
"ex:monk/tri_hai_tri","Trí Hải Trí"
"ex:monk/tri_mac_phat_ao","Tri Mặc Phật Áo"
"ex:monk/tri_mon_hoi_han","Trí Môn Hồi Hãn"
"ex:monk/tri_mon_nha","Trí Môn Nhã"
"ex:monk/tri_thong_canh_tham","Trí Thông Cảnh Thâm"
"ex:monk/tri_thuyen","Trí Thuyên"
"ex:monk/triet_thong_nghia_gioi","Triệt Thông Nghĩa Giới"
"ex:monk/trieu_chau_dai_dien","Triều Châu Đại Điên"
"ex:monk/trieu_chau_tung_tham","Triệu Châu Tùng Thẩm"
"ex:monk/trieu_lenh_cam","Cư Sĩ Quận Vương Triệu Lệnh Câm"
"ex:monk/trieu_son_dien_tong","Triều Sơn Diên Tông"
"ex:monk/trinh_chau_ba_tieu","Trình Châu Ba Tiêu"
"ex:monk/trong_man_hung_thanh","Trọng Mãn Hưng Thánh"
"ex:monk/tru_nham_lieu_van","Trù Nham Liễu Vân"
"ex:monk/truc_am_dai_thanh","Trúc Am Đại Thành"
"ex:monk/truc_nguyen_tong_nguyen","Trúc Nguyên Tông Nguyên"
"ex:monk/truc_ong_duc_cu","Trực Ông Đức Cử"
"ex:monk/truc_vien_phap_hien","Trúc Viên Pháp Hiển"
"ex:monk/trung_ap_hong_an","Trung Ấp Hồng Ân"
"ex:monk/trung_ba_giac_ngan","Trừng Ba Giác Ngạn"
"ex:monk/trung_can_son_chieu","Trung Cân Sơn Chiêu"
"ex:monk/trung_chiem_hue_nhat","Trừng Chiêm Huệ Nhật"
"ex:monk/trung_chieu_tu_man","Trừng Chiếu Từ Mãn"
"ex:monk/trung_dan_bich_khong","Trừng Dàn Bích Không"
"ex:monk/trung_dien_dieu_hue","Trừng Diên Diệu Huệ"
"ex:monk/trung_dien_hung_phuoc","Trừng Diên Hưng Phước"
"ex:monk/trung_dieu_tri_phong","Trung Điều Trí Phong"
"ex:monk/trung_gia_hung_man","Trừng Gia Hưng Mãn"
"ex:monk/trung_hao_dieu_khong","Trừng Hảo Diệu Không"
"ex:monk/trung_hoa_hung_dung","Trừng Hóa Hưng Dụng"
"ex:monk/trung_hue_giac_vien","Trừng Huệ Giác Viên"
"ex:monk/trung_huong_tinh_hanh","Trừng Hương Tịnh Hạnh"
"ex:monk/trung_ke_ton_thang","Trừng Kệ Tôn Thắng"
"ex:monk/trung_khiet_hung_nghia","Trừng Khiết Hưng Nghĩa"
"ex:monk/trung_khiet_nhu_nhu","Trừng Khiết Như Như"
"ex:monk/trung_khong_tinh_pho","Trừng Không Tịnh Phổ"
"ex:monk/trung_lien_quang_diep","Trừng Liên Quang Diệp"
"ex:monk/trung_luong_dao_co","Trung Lương Đạo Cổ"
"ex:monk/trung_nguyen_chon_nhu","Trừng Nguyên Chơn Như"
"ex:monk/trung_nguyen_don_hau","Trừng Nguyên Đôn Hậu"
"ex:monk/trung_ninh_dieu_huong","Trừng Ninh Diệu Hương"
"ex:monk/trung_phong_minh_bon","Trung Phong Minh Bổn"
"ex:monk/trung_san_hai_tue","Trừng San Hải Tuệ"
"ex:monk/trung_tam_man_duc","Trừng Tâm Mân Đức"
"ex:monk/trung_te_thien_nang","Trung Tế Thiện Năng"
"ex:monk/trung_thanh_giac_bon","Trừng Thanh Giác Bổn"
"ex:monk/trung_thanh_giac_tien","Trừng Thành Giác Tiên"
"ex:monk/trung_thanh_huong_dao","Trừng Thành Hướng Đạo"
"ex:monk/trung_thanh_tinh_nhan","Trừng Thanh Tịnh Nhãn"
"ex:monk/trung_thong_tinh_khiet","Trừng Thông Tịnh Khiết"
"ex:monk/trung_thuy_giac_nhien","Trừng Thủy Giác Nhiên"
"ex:monk/trung_tri_chi_niem","Trừng Trì Chí Niệm"
"ex:monk/trung_truc_trung_nhan","Trung Trúc Trung Nhân"
"ex:monk/trung_tue_chi_mau","Trừng Tuệ Chí Mậu"
"ex:monk/trung_van_giac_nguyen","Trừng Văn Giác Nguyên"
"ex:monk/truong_an_dien_quy","Trường An Diên Quy"
"ex:monk/truong_cuu_thanh","Cư Sĩ Thị Lang Trương Cửu Thành"
"ex:monk/truong_khanh_dao_hy","Trường Khánh Đạo Hy"
"ex:monk/truong_khanh_hoang_bien","Trường Khánh Hoằng Biện"
"ex:monk/truong_khanh_hue_lang","Trường Khánh Huệ Lăng"
"ex:monk/truong_khanh_thuong_tue","Trường Khánh Thường Tuệ"
"ex:monk/truong_khanh_tue_xiem","Trường Khánh Tuệ Xiêm"
"ex:monk/truong_linh_thu_trac","Long Hoa Bản"
"ex:monk/truong_linh_thu_trac","Trường Linh Thủ Trác"
"ex:monk/truong_lo_dieu_giac","Trường Lô Diệu Giác"
"ex:monk/truong_lo_lam","Trường Lô Lâm"
"ex:monk/truong_lo_tue_ngo","Trường Lô Tuệ Ngộ"
"ex:monk/truong_sa_canh_sam","Trường Sa Cảnh Sầm"
"ex:monk/truong_sanh_hao_nhien","Trường Sanh Hạo Nhiên"
"ex:monk/truong_thuy_tu_tuyen","Trường Thủy Tử Tuyền"
"ex:monk/truong_tich_sung_kien","Trượng Tích Sùng Kiên"
"ex:monk/truong_tich_tu_ky","Trượng Tích Tu Kỷ"
"ex:monk/truong_vien","Trường Viễn"
"ex:monk/truy_chau_thuy_luc","Truy Châu Thủy Lục"
"ex:monk/tt_duc_nguyen_tien_dat","TT Đức Nguyên Tiến Đạt"
"ex:monk/tt_nguyen_cat_thien_tuong","TT Nguyên Cát Thiện Tường"
"ex:monk/tt_nguyen_chi_hanh_minh","TT Nguyên Chi Hạnh Minh"
"ex:monk/tt_nguyen_hong_tu_phong","TT Nguyên Hồng Từ Phong"
"ex:monk/tt_nguyen_minh_minh_duc","TT Nguyên Minh Minh Đức"
"ex:monk/tt_ong_vien_vien_uc","TT Ðồng Viên Viên Ðức"
"ex:monk/tt_tam_chi_tinh_hanh","TT Tâm Chí Tịnh Hạnh"
"ex:monk/tt_tam_y_truong_dinh","TT Tâm Ý Trường Định"
"ex:monk/tt_thich_dong_chon","TT Thích Đồng Chơn"
"ex:monk/tt_thich_hanh_tuan","TT Thích Hạnh Tuấn"
"ex:monk/tt_thich_minh_dung","TT Thích Minh Dung"
"ex:monk/tt_thich_nguyen_hien","TT Thích Nguyên Hiền"
"ex:monk/tt_thich_ong_trung","TT Thích Ðồng Trung"
"ex:monk/tt_thich_vien_tinh","TT Thích Viên Tịnh"
"ex:monk/tt_trung_tuong_tinh_tri","TT Trừng Tường Tịnh Trí"
"ex:monk/tu_bach_chan_kha","Tử Bách Chân Khả"
"ex:monk/tu_chau_dung_nguyen","Tứ Châu Dụng Nguyên"
"ex:monk/tu_chau_tri_san","Tư Châu Trí Sằn"
"ex:monk/tu_chau_xu_tich","Tư Châu Xử Tịch"
"ex:monk/tu_chu_phuong_niem","Từ Chu Phương Niệm"
"ex:monk/tu_do_trong_tuyen","Tứ Độ Trọng Tuyên"
"ex:monk/tu_dong","Tử Đồng"
"ex:monk/tu_ho_ly_tong","Tử Hồ Lý Tông"
"ex:monk/tu_khong_bon_tinh","Tư Không Bổn Tịnh"
"ex:monk/tu_lang_khuong_nhat","Tử Lăng Khuông Nhất"
"ex:monk/tu_lang_to","Tử Lăng Tổ"
"ex:monk/tu_lang_tu_du","Tử Lăng Tự Du"
"ex:monk/tu_minh_hue_nhat","Từ Minh Huệ Nhật"
"ex:monk/tu_ngoc_dao_thong","Tử Ngọc Đạo Thông"
"ex:monk/tu_phuoc_nhu_bao","Tư Phước Như Bảo"
"ex:monk/tu_phuoc_thua","Tư Phước Thừa"
"ex:monk/tu_phuoc_tri_vien","Tư Phước Trí Viễn"
"ex:monk/tu_quoc_vien_tan","Tư Quốc Viên Tấn"
"ex:monk/tu_son_hanh_nhat","Từ Sơn Hành Nhất"
"ex:monk/tu_tai_truong_chuyet","Tú Tài Trương Chuyết"
"ex:monk/tu_thanh_nam","Tư Thánh Nam"
"ex:monk/tu_thi_thuy_tien","Từ Thị Thụy Tiên"
"ex:monk/tu_tho_dieu_tong","Tư Thọ Diệu Tổng"
"ex:monk/tu_to_hai","Tứ Tổ Hải"
"ex:monk/tu_to_phap_dien","Tứ Tổ Pháp Diễn"
"ex:monk/tu_to_thanh_hao","Tứ Tổ Thanh Hạo"
"ex:monk/tu_to_xu_nhan","Tứ Tổ Xử Nhân"
"ex:monk/tu_van_dao","Từ Vân Ðạo"
"ex:monk/tu_van_hai_tuan","Từ Vân Hải Tuấn"
"ex:monk/tu_van_ngan_long","Từ Vân Ngạn Long"
"ex:monk/tue_an_tue_uyen","Tuệ An Tuệ Uyên"
"ex:monk/tue_hai_nghi","Tuệ Hải Nghi"
"ex:monk/tue_lam_duc_ton","Tuệ Lâm Ðức Tốn"
"ex:monk/tue_lam_hong_cuu","Tuệ Lâm Hồng Cứu"
"ex:monk/tue_luc_dong_nguyen","Tuệ Lực Ðộng Nguyên"
"ex:monk/tue_luc_kha_xuong","Tuệ Lực Khả Xướng"
"ex:monk/tue_luc_ngo","Tuệ Lực Ngộ"
"ex:monk/tue_luc_tue_nam","Tuệ Lực Tuệ Nam"
"ex:monk/tue_minh_van","Tuệ Minh Vân"
"ex:monk/tue_nhat_hung_dao","Tuệ Nhật Hưng Ðạo"
"ex:monk/tue_nhat_huyen_ngac","Tuệ Nhật Huyền Ngạc"
"ex:monk/tue_nhat_minh","Hoàng Bá Vĩnh Thái"
"ex:monk/tue_nhat_minh","Tuệ Nhật Minh"
"ex:monk/tue_nhat_nam","Tuệ Nhật Nam"
"ex:monk/tue_nhat_van_nha","Tuệ Nhật Văn Nhã"
"ex:monk/tue_tinh_ty_tho","Tuệ Tĩnh Tỳ Thọ"
"ex:monk/tue_vien","Tuệ Viên"
"ex:monk/tung_dinh_tu_nghiem","Tùng Đình Tử Nghiêm"
"ex:monk/tung_nhac_hue_an","Quốc Sư Tung Nhạc Huệ An"
"ex:monk/tung_nhac_hue_an","Tung Nhạc Huệ An"
"ex:monk/tung_nhac_nguyen_khue","Tung Nhạc Nguyên Khuê"
"ex:monk/tung_nhac_pha_tao_doa","Tung Nhạc Phá Táo Đọa"
"ex:monk/tung_son_an_duc","Tung Sơn An Đức"
"ex:monk/tung_son_lac_kinh","Tung Sơn Lạc Kinh"
"ex:monk/tung_son_pho_tich","Tung Sơn Phổ Tịch"
"ex:monk/tung_son_toan","Tung Sơn Toàn"
"ex:monk/tuong_chau_bang_uan","Tương Châu Bàng Uẩn"
"ex:monk/tuong_chau_cao_dinh_gian","Tương Châu Cao Đình Giản"
"ex:monk/tuong_chau_coc_an","Tương Châu Cốc Ẩn"
"ex:monk/tuong_chau_coc_son_phong","Tương Châu Cốc Sơn Phong"
"ex:monk/tuong_chau_dinh_tue","Tương Châu Định Tuệ"
"ex:monk/tuong_chau_dong_son_hau","Tương Châu Động Sơn Hậu"
"ex:monk/tuong_chau_hue_man","Tương Châu Huệ Mãn"
"ex:monk/tuong_chau_hue_vien","Tương Châu Huệ Viễn"
"ex:monk/tuong_chau_lich_thon","Tương Châu Lịch Thôn"
"ex:monk/tuong_chau_phap_doan","Tương Châu Pháp Đoan"
"ex:monk/tuong_chau_quang_duc_nghia","Tương Châu Quảng Đức Nghĩa"
"ex:monk/tuong_chau_thach_mon_hien","Tương Châu Thạch Môn Hiến"
"ex:monk/tuong_chau_thuu_lanh","Tương Châu Thứu Lãnh"
"ex:monk/tuong_chau_vuong_kinh_so","Tương Châu Vương Kính Sơ"
"ex:monk/tuong_dam_minh","Tương Đàm Minh"
"ex:monk/tuong_dien_pham_khanh","Tượng Điền Phạm Khanh"
"ex:monk/tuong_nhi_vien_giac","Tượng Nhĩ Viên Giác"
"ex:monk/tuong_quang_trung_tinh","Tường Quang Trừng Tịnh"
"ex:monk/tuong_quoc_bui_huu_cong_my","Công Mỹ"
"ex:monk/tuong_quoc_bui_huu_te_nguyen","Tể Nguyên"
"ex:monk/tuong_quoc_bui_huu_thien_su","Thiền sư"
"ex:monk/tuong_son_bao_tam","Tương Sơn Bảo Tâm"
"ex:monk/tuong_son_giac_hai","Tương Sơn Giác Hải"
"ex:monk/tuong_son_thien_truc","Tương Sơn Thiện Trực"
"ex:monk/tuong_thanh_quang_tung","Tường Thanh Quảng Tùng"
"ex:monk/tuy_chau_sung_bao","Tùy Châu Sùng Bảo"
"ex:monk/tuy_chau_tu_son","Tùy Châu Tu Sơn"
"ex:monk/tuyen_chau_dong_thien","Tuyền Châu Đông Thiền"
"ex:monk/tuyen_chau_hau_chieu_khanh","Tuyền Châu Hậu Chiếu Khánh"
"ex:monk/tuyen_chau_lac_ha","Tuyên Châu Lạc Hà"
"ex:monk/tuyen_chau_luc_hoan","Tuyên Châu Lục Hoàn"
"ex:monk/tuyen_chau_ngoa_quan","Tuyền Châu Ngõa Quan"
"ex:monk/tuyen_chau_phung_hoang_cuong","Tuyền Châu Phụng Hoàng Cường"
"ex:monk/tuyen_chau_tay_minh_tham","Tuyền Châu Tây Minh Thâm"
"ex:monk/tuyen_chau_thuy_long","Tuyền Châu Thùy Long"
"ex:monk/tuyen_minh_phat_an","Tuyên Minh Phật Ấn"
"ex:monk/tuyet_dau_ai_chung","Tuyết Đậu Ðại Chứng"
"ex:monk/tuyet_dau_duc_van","Tuyết Đậu Đức Vân"
"ex:monk/tuyet_dau_hoan","Tuyết Đậu Hoán"
"ex:monk/tuyet_dau_phap_nha","Tuyết Đậu Pháp Nhã"
"ex:monk/tuyet_dau_thuong_thong","Tuyết Đậu Thương Thông"
"ex:monk/tuyet_dau_toai","Tuyết Đậu Toại"
"ex:monk/tuyet_dau_tri","Tuyết Đậu Trí"
"ex:monk/tuyet_dau_tri_giam","Tuyết Đậu Trí Giám"
"ex:monk/tuyet_dau_tu_tong","Tuyết Đậu Tự Tông"
"ex:monk/tuyet_dinh_phuc_du","Tuyết Đình Phúc Dụ"
"ex:monk/tuyet_giau_chon_phac","Tuyết Giậu Chơn Phác"
"ex:monk/tuyet_nham_nhu_man","Tuyết Nham Như Mãn"
"ex:monk/tuyet_nham_to_kham","Tuyết Nham Tổ Khâm"
"ex:monk/tuyet_phong_nghia_ton","Tuyết Phong Nghĩa Tồn"
"ex:monk/tuyet_phong_tue_tham","Tuyết Phong Tuệ Thâm"
"ex:monk/tuyet_phong_uan_van","Tuyết Phong Uẩn Vân"
"ex:monk/ty_bo_ton","Cư Sĩ Tỷ Bộ Tôn"
"ex:monk/ty_ni_da_luu_chi","Tỳ Ni Đa Lưu Chi"
"ex:monk/u_chau_ban_son","U Châu Bàn Sơn"
"ex:monk/u_chau_dam_khong","U Châu Đàm Không"
"ex:monk/u_chau_hong_loa","U Châu Hồng Loa"
"ex:monk/u_khe","U Khê"
"ex:monk/u_nham_tu_vinh","U Nham Tử Vịnh"
"ex:monk/u_the_dao_u","U Thê Đạo U"
"ex:monk/uan_khong_thuong_trung","Uẩn Không Thường Trung"
"ex:monk/uc_chau_thu_nhan","Ức Châu Thủ Nhàn"
"ex:monk/uu_ba_cuc_da","Tôn Giả Ưu Ba Cúc Đa"
"ex:monk/van_an_thanh_van","Vạn An Thanh Vận"
"ex:monk/van_cai_chi_han","Vân Cái Chí Hãn"
"ex:monk/van_cai_chi_nguyen","Vân Cái Chí Nguyên"
"ex:monk/van_cai_quy_ban","Vân Cái Quy Bản"
"ex:monk/van_cai_thu_tri","Vân Cái Thủ Trí"
"ex:monk/van_cai_tri_ban","Vân Cái Trí Bản"
"ex:monk/van_chau_chanh_giac","Vận Châu Chánh Giác"
"ex:monk/van_chau_tu_thien","Vận Châu Tứ Thiền"
"ex:monk/van_cong_duong_uc","Cư Sĩ Văn Công Dương Ức"
"ex:monk/van_cu_dao_gian","Vân Cư Đạo Giản"
"ex:monk/van_cu_dao_ung","Vân Cư Đạo Ưng"
"ex:monk/van_cu_duc_hoi","Vân Cư Ðức Hội"
"ex:monk/van_cu_duc_thang","Vân Cư Ðức Thăng"
"ex:monk/van_cu_hieu_thuan","Vân Cư Hiểu Thuấn"
"ex:monk/van_cu_hoai_nhac","Vân Cư Hoài Nhạc"
"ex:monk/van_cu_nang","Vân Cư Năng"
"ex:monk/van_cu_nguyen_huu","Vân Cư Nguyên Hựu"
"ex:monk/van_cu_phap_nhu","Vân Cư Pháp Như"
"ex:monk/van_cu_thanh_tich","Vân Cư Thanh Tích"
"ex:monk/van_cu_thien_ngo","Vân Cư Thiện Ngộ"
"ex:monk/van_cu_tong_chan","Vân Cư Tông Chấn"
"ex:monk/van_cu_tu_vien","Vân Cư Tự Viên"
"ex:monk/van_cu_xuong","Vân Cư Xương"
"ex:monk/van_dai_linh_sam","Vân Đài Linh Sầm"
"ex:monk/van_danh_giam","Vân Đảnh Giám"
"ex:monk/van_danh_hai_bang","Vân Đảnh Hải Bằng"
"ex:monk/van_dinh_ho_an_quoc","Cư Sĩ Văn Ðịnh Hồ An Quốc"
"ex:monk/van_ich_phap_nhan","Văn Ích Pháp Nhãn"
"ex:monk/van_mon_bao_an","Vân Môn Bảo Ấn"
"ex:monk/van_mon_hai_an","Vân Môn Hải Án"
"ex:monk/van_mon_hai_yen","Vân Môn Hải Yến"
"ex:monk/van_mon_hien_kham","Vân Môn Hiển Khâm"
"ex:monk/van_mon_linh_van","Vân Môn Linh Vận"
"ex:monk/van_mon_van_yen","Vân Môn Văn Yển"
"ex:monk/van_ngoai_van_tu","Vân Ngoại Vân Tụ"
"ex:monk/van_nham_dam_thanh","Vân Nham Đàm Thạnh"
"ex:monk/van_nham_thien_du","Vân Nham Thiên Du"
"ex:monk/van_nien_dam_bi","Vạn Niên Đàm Bí"
"ex:monk/van_nien_dao_nhan","Vạn Niên Đạo Nhàn"
"ex:monk/van_phong_dao_vien","Vân Phong Ðạo Viên"
"ex:monk/van_phong_quang_tu","Vân Phong Quang Tự"
"ex:monk/van_phong_thoi_uy","Vạn Phong Thời Ủy"
"ex:monk/van_phong_tue_xuong","Vân Phong Tuệ Xướng"
"ex:monk/van_sam_thieu_tu","Vạn Sam Thiệu Từ"
"ex:monk/van_son","Vân Sơn"
"ex:monk/van_tho_phap_thuyen","Vạn Thọ Pháp Thuyên"
"ex:monk/van_tho_pho_tin","Vạn Thọ Phổ Tín"
"ex:monk/van_tho_tu_ho","Vạn Thọ Tự Hộ"
"ex:monk/van_tho_ung_thanh","Vạn Thọ Ứng Thành"
"ex:monk/van_thu_tam_dao","Văn Thù Tâm Đạo"
"ex:monk/van_thu_tu_nghiep","Văn Thù Tư Nghiệp"
"ex:monk/van_thu_tuyen_nang","Văn Thù Tuyên Năng"
"ex:monk/van_thu_ung_chan","Văn Thù Ứng Chân"
"ex:monk/van_tong_tinh_not","Vân Tông Tịnh Nột"
"ex:monk/van_tung_hanh_tu","Vạn Tùng Hành Tú"
"ex:monk/ve_quoc_kinh_trieu_dao","Vệ Quốc Kinh Triệu Đạo"
"ex:monk/vien_ngo_khac_can","Viên Ngộ Khắc Cần Phật Quả"
"ex:monk/vien_thanh_trung_thong","Viên Thành Trừng Thông"
"ex:monk/vien_thong","Viên Thông"
"ex:monk/vien_thong_dao_man","Viên Thông Ðạo Mân"
"ex:monk/vien_thong_duyen_duc","Viên Thông Duyên Đức"
"ex:monk/vien_thong_thu_tue","Viên Thông Thủ Tuệ"
"ex:monk/vien_thong_uc_chi","Viên Thông Ðức Chỉ"
"ex:monk/vien_van_chuyet_cong","Viên Văn Chuyết Công"
"ex:monk/viet_chau_can_phong","Việt Châu Càn Phong"
"ex:monk/viet_chau_viet_phong","Việt Châu Việt Phong"
"ex:monk/viet_chau_viet_son_nai","Việt Châu Việt Sơn Nãi"
"ex:monk/vinh_an_dieu_hy","Vĩnh An Diệu Hỷ"
"ex:monk/vinh_an_hoai_liet","Vĩnh An Hoài Liệt"
"ex:monk/vinh_an_nguyen_chanh","Vĩnh An Nguyên Chánh"
"ex:monk/vinh_an_thien_tinh","Vĩnh An Thiện Tịnh"
"ex:monk/vinh_an_tinh_ngo","Vĩnh An Tịnh Ngộ"
"ex:monk/vinh_an_tue_do","Vĩnh An Tuệ Độ"
"ex:monk/vinh_an_tuyet_phong","Vĩnh An Tuyết Phong"
"ex:monk/vinh_gia_huyen_giac","Vĩnh Gia Huyền Giác"
"ex:monk/vinh_giac_nguyen_hien","Vĩnh Giác Nguyên Hiền"
"ex:monk/vinh_khanh_quang_pho","Vĩnh Khánh Quang Phổ"
"ex:monk/vinh_long_ngan_doan","Vĩnh Long Ngạn Đoan"
"ex:monk/vinh_minh_dao_hong","Vĩnh Minh Đạo Hồng"
"ex:monk/vinh_minh_dao_tiem","Vĩnh Minh Đạo Tiềm"
"ex:monk/vinh_phong_tue_nhat","Am Chủ Vĩnh Phong Tuệ Nhật"
"ex:monk/vinh_phuoc_dien_chieu","Vĩnh Phước Diên Chiếu"
"ex:monk/vinh_phuoc_tung_yem","Vĩnh Phước Tùng Yểm"
"ex:monk/vinh_xuong_giac_thua","Vĩnh Xướng Giác Thừa"
"ex:monk/vo_chau_so_son","Võ Châu Sơ Sơn"
"ex:monk/vo_chuan_su_pham","Vô Chuẩn Sư Phạm"
"ex:monk/vo_dang_phat_nham","Võ Đang Phật Nham"
"ex:monk/vo_dang_phat_nham_huy","Võ Đang Phật Nham Huy"
"ex:monk/vo_huyen_tinh_xung","Vô Huyễn Tịnh Xung"
"ex:monk/vo_minh_te_ngo","Vô Tế Minh Ngộ"
"ex:monk/vo_minh_tue_kinh","Vô Minh Tuệ Kinh"
"ex:monk/vo_mon_hue_khai","Vô Môn Huệ Khai"
"ex:monk/vo_ngon_thong","Vô Ngôn Thông"
"ex:monk/vo_phuong_kha_tung","Vô Phương Khả Tùng"
"ex:monk/vo_tan_tue_hai","Vô Tận Tuệ Hải"
"ex:monk/vo_tuyen_son_chinh","Võ Tuyền Sơn Chính"
"ex:monk/vo_vi_nghia_tung","Vô Vi Nghĩa Tung"
"ex:monk/vo_vi_thu_duyen","Vô Vi Thủ Duyên"
"ex:monk/vo_vi_tong_thai","Vô Vi Tông Thái"
"ex:monk/vu_chau_huyen_sach","Vụ Châu Huyền Sách"
"ex:monk/vu_chau_quoc_thai_thao","Vụ Châu Quốc Thái Thao"
"ex:monk/vu_chau_tan_kien","Vụ Châu Tân Kiến"
"ex:monk/vuong_tuy","Thừa Tướng Vương Tùy"
"ex:monk/xa_da_da","Tôn Giả Xà Dạ Đa"
"ex:monk/xa_loi_huyen_xien","Xá Lợi Huyền Xiển"
"ex:monk/xu_chau_quang_loi_dung","Xứ Châu Quảng Lợi Dung"
"ex:monk/xu_mat_tu_phu","Cư Sĩ Xu Mật Từ Phủ""