ttl_file,rdf_subject,formal_name_vi,formal_name_zh,dila_id_candidate,canonical_person_id,matching_method,verification_status,evidence,proposed_action,duplicate_group,rejection_or_review_reason
data/ttl/0-template.ttl,,,,,,none,rejected,,skip,,"No match: formal_zh='', bio_zh=''"
data/ttl/Cs-Anh-Cong-Ha-Tung.ttl,ex:monk/anh_cong_ha_tung,Anh Công Hạ Tủng,,,,none,rejected,,skip,,"No match: formal_zh='', bio_zh=''"
data/ttl/Cs-Banh-Nhu-Lam.ttl,ex:monk/banh_nhu_lam,Cư Sĩ Gián Nghị Bành Nhữ Lâm,,,,none,rejected,,skip,,"No match: formal_zh='', bio_zh=''"
data/ttl/Cs-Cap-Su-Phung-Tiep.ttl,ex:monk/phung_tiep,Cư Sĩ Cấp Sự Phùng Tiếp,,,,none,rejected,,skip,,"No match: formal_zh='', bio_zh=''"
data/ttl/Cs-De-Hinh-Quach-Tuong-Chanh.ttl,ex:monk/quach_tuong_chanh,Cư Sĩ Ðề Hình Quách Tường Chánh,,,,none,rejected,,skip,,"No match: formal_zh='', bio_zh=''"
data/ttl/Cs-Do-Huong-Trinh.ttl,ex:monk/do_huong_trinh,Cư Sĩ Tả Ty Ðô Huống Trịnh,,,,none,rejected,,skip,,"No match: formal_zh='', bio_zh=''"
data/ttl/Cs-Doi-Dao-Thuan.ttl,ex:monk/doi_dao_thuan,Cư Sĩ Tự Thừa Ðới Đạo Thuần,,,,none,rejected,,skip,,"No match: formal_zh='', bio_zh=''"
data/ttl/Cs-Giang-Chau-Ly-Bot.ttl,ex:monk/giang_chau_ly_bot,Giang Châu Lý Bột,,,,none,rejected,,skip,,"No match: formal_zh='', bio_zh=''"
data/ttl/Cs-Hoang-Dinh-Kien.ttl,ex:monk/hoang_dinh_kien,Cư Sĩ Thái Sử Hoàng Ðình Kiên,,,,none,rejected,,skip,,"No match: formal_zh='', bio_zh=''"
data/ttl/Cs-Hoang-Ngan-Tiet.ttl,ex:monk/hoang_ngan_tiet,Cư Sĩ Môn Ty Hoàng Ngạn Tiết,,,,none,rejected,,skip,,"No match: formal_zh='', bio_zh=''"
data/ttl/Cs-Huong.ttl,ex:monk/cs_huong,Cs Hướng,,,,none,rejected,,skip,,"No match: formal_zh='', bio_zh=''"
data/ttl/Cs-Long-Ho-Vuong-Tieu.ttl,ex:monk/long_ho_vuong_tieu,Cư Sĩ Long Hồ Vương Tiêu,,,,none,rejected,,skip,,"No match: formal_zh='', bio_zh=''"
data/ttl/Cs-Lu-Hang.ttl,ex:monk/lu_hang,Cư Sĩ Trung Thừa Lư Hàng,,,,none,rejected,,skip,,"No match: formal_zh='', bio_zh=''"
data/ttl/Cs-Luu-Ngan-Tu.ttl,ex:monk/luu_ngan_tu,Cư Sĩ Bảo Học Lưu Ngạn Tu,,,,none,rejected,,skip,,"No match: formal_zh='', bio_zh=''"
data/ttl/Cs-Ly-Binh.ttl,ex:monk/ly_binh,Cư sĩ Tham Chánh Lý Bính,,,,none,rejected,,skip,,"No match: formal_zh='', bio_zh=''"
data/ttl/Cs-Ly-Di-Ton.ttl,ex:monk/ly_di_ton,Cư Sĩ Thị Lang Lý Di Tốn,,,,none,rejected,,skip,,"No match: formal_zh='', bio_zh=''"
data/ttl/Cs-Ly-Doan-Nguyen.ttl,ex:monk/ly_doan_nguyen,Lý Ðoan Nguyện,,,,none,rejected,,skip,,"No match: formal_zh='', bio_zh=''"
data/ttl/Cs-Ly-Hao.ttl,ex:monk/ly_hao,Cư Sĩ Thị Lang Lý Hạo,,,,none,rejected,,skip,,"No match: formal_zh='', bio_zh=''"
data/ttl/Cs-Ly-Tuan-Uc.ttl,ex:monk/ly_tuan_uc,Lý Tuân Úc,,,,none,rejected,,skip,,"No match: formal_zh='', bio_zh=''"
data/ttl/Cs-Mac-Tuong-Thieu-Hu.ttl,ex:monk/mac_tuong_thieu_hu,Cư Sĩ Mạc Tướng Thượng Thư Thiếu Hư,,,,none,rejected,,skip,,"No match: formal_zh='', bio_zh=''"
data/ttl/Cs-Ngo-Cu-Hau.ttl,ex:monk/ngo_cu_hau,Cư Sĩ Xu Mật Ngô Cư Hậu,,,,none,rejected,,skip,,"No match: formal_zh='', bio_zh=''"
data/ttl/Cs-Ngo-Tuan.ttl,ex:monk/ngo_tuan,Ngô Tuân,,,,none,rejected,,skip,,"No match: formal_zh='', bio_zh=''"
data/ttl/Cs-Ngo-Vi-Minh.ttl,ex:monk/ngo_vi_minh,Cư Sĩ Ðề Hình Ngô Vĩ Minh,,,,none,rejected,,skip,,"No match: formal_zh='', bio_zh=''"
data/ttl/Cs-Noi-Hang-To-Thuc.ttl,ex:monk/noi_hang_to_thuc,Nội hàng Tô Thức,,,,none,rejected,,skip,,"No match: formal_zh='', bio_zh=''"
data/ttl/Cs-Pham-Huyen-Quan.ttl,ex:monk/pham_huyen_quan,Thành Đô Phạm Huyện Quân,,,,none,rejected,,skip,,"No match: formal_zh='', bio_zh=''"
data/ttl/Cs-Pham-Xung.ttl,ex:monk/pham_xung,Cư Sĩ Tả Thừa Phạm Xung,,,,none,rejected,,skip,,"No match: formal_zh='', bio_zh=''"
data/ttl/Cs-Phan-Luong-Quy.ttl,ex:monk/phan_luong_quy,Cư Sĩ Đãi Chế Phan Lương Quý,,,,none,rejected,,skip,,"No match: formal_zh='', bio_zh=''"
data/ttl/Cs-Phuoc-Chau-Nam.ttl,ex:monk/thu_ky_nam,Thư Ký Nam,,,,none,rejected,,skip,,"No match: formal_zh='', bio_zh=''"
data/ttl/Cs-Quan-Van-Vuong-Thieu.ttl,ex:monk/quan_van_vuong_thieu,Cư Sĩ Quán Văn Vương Thiều,,,,none,rejected,,skip,,"No match: formal_zh='', bio_zh=''"
data/ttl/Cs-Tang-Khai.ttl,ex:monk/tang_khai,Cư Sĩ Nội Hàng Tăng Khai,,,,none,rejected,,skip,,"No match: formal_zh='', bio_zh=''"
data/ttl/Cs-Thuong-Anh.ttl,ex:monk/thuong_anh,Cư Sĩ Thừa Tướng Trương Thương Anh,,,,none,rejected,,skip,,"No match: formal_zh='', bio_zh=''"
data/ttl/Cs-Tien-Doan-Le.ttl,ex:monk/tien_doan_le,Cư Sĩ Tham Chánh Tiền Ðoan Lễ,,,,none,rejected,,skip,,"No match: formal_zh='', bio_zh=''"
data/ttl/Cs-To-Triet.ttl,ex:monk/to_triet,Cư Sĩ Tham Chánh Tô Triệt,,,,none,rejected,,skip,,"No match: formal_zh='', bio_zh=''"
data/ttl/Cs-Trieu-Lenh-Cam.ttl,ex:monk/trieu_lenh_cam,Cư Sĩ Quận Vương Triệu Lệnh Câm,,,,none,rejected,,skip,,"No match: formal_zh='', bio_zh=''"
data/ttl/Cs-Truong-Cuu-Thanh.ttl,ex:monk/truong_cuu_thanh,Cư Sĩ Thị Lang Trương Cửu Thành,,,,none,rejected,,skip,,"No match: formal_zh='', bio_zh=''"
data/ttl/Cs-Tuong-Chau-Bang-Uan.ttl,ex:monk/tuong_chau_bang_uan,Tương Châu Bàng Uẩn,,,,none,rejected,,skip,,"No match: formal_zh='', bio_zh=''"
data/ttl/Cs-Tuong-Quoc-Bui-Huu.ttl,ex:monk/bui_huu,Tướng Quốc Bùi Hưu,,,,none,rejected,,skip,,"No match: formal_zh='', bio_zh=''"
data/ttl/Cs-Ty-Bo-Ton.ttl,ex:monk/ty_bo_ton,Cư Sĩ Tỷ Bộ Tôn,,,,none,rejected,,skip,,"No match: formal_zh='', bio_zh=''"
data/ttl/Cs-Van-Cong-Duong-Uc.ttl,ex:monk/van_cong_duong_uc,Cư Sĩ Văn Công Dương Ức,,,,none,rejected,,skip,,"No match: formal_zh='', bio_zh=''"
data/ttl/Cs-Van-Dinh-Ho-An-Quoc.ttl,ex:monk/van_dinh_ho_an_quoc,Cư Sĩ Văn Ðịnh Hồ An Quốc,,,,none,rejected,,skip,,"No match: formal_zh='', bio_zh=''"
data/ttl/Cs-Xu-Mat-Tu-Phu.ttl,ex:monk/xu_mat_tu_phu,Cư Sĩ Xu Mật Từ Phủ,,,,none,rejected,,skip,,"No match: formal_zh='', bio_zh=''"
data/ttl/Lam Te Duong Ky/TS-Bach-Van-Thu-Doan.ttl,ex:monk/bach_van_thu_doan,Bạch Vân Thủ Đoan,白雲守端,A033489,A033489,ttl_mapping_filename,verified_direct,ttl_mapping row stem=TS-Bach-Van-Thu-Doan,apply,,
data/ttl/Lam Te Duong Ky/TS-Dai-Hue-Tong-Cao.ttl,ex:monk/dai_hue_tong_cao,Đại Huệ Tông Cảo,,A038686,A038686,ttl_mapping_filename,verified_direct,ttl_mapping row stem=TS-Dai-Hue-Tong-Cao,apply,,
data/ttl/Lam Te Duong Ky/TS-Duong-Ki-Phuong-Hoi.ttl,ex:monk/duong_ki_phuong_hoi,Dương Kì Phương Hội,,A004146,A004146,ttl_mapping_filename,verified_direct,ttl_mapping row stem=TS-Duong-Ki-Phuong-Hoi,apply,,
data/ttl/Lam Te Duong Ky/TS-Ngu-To-Phap-Dien.ttl,ex:monk/ngu_to_phap_dien,Ngũ Tổ Pháp Diễn,,A036842,A036842,ttl_mapping_filename,verified_direct,ttl_mapping row stem=TS-Ngu-To-Phap-Dien,apply,,
data/ttl/Lam Te Duong Ky/TS-Vien-Ngo-Khac-Can.ttl,ex:monk/vien_ngo_khac_can,Viên Ngộ Khắc Cần,,A000453,A000453,ttl_mapping_filename,verified_direct,ttl_mapping row stem=TS-Vien-Ngo-Khac-Can,apply,,
data/ttl/Thien Tong An Do/Bo-Tat-Long-Tho.ttl,ex:monk/bo_tat_long_tho,Bồ Tát Long Thọ,龍樹,,,none,rejected,,skip,,"No match: formal_zh='龍樹', bio_zh=''"
data/ttl/Thien Tong An Do/Bo-Tat-Ma-Minh.ttl,ex:monk/bo_tat_ma_minh,Bồ Tát Mã Minh,,,,none,rejected,,skip,,"No match: formal_zh='', bio_zh=''"
data/ttl/Thien Tong An Do/Hiep-Ton-Gia.ttl,ex:monk/hiep_ton_gia,Hiếp Tôn Giả,波栗濕婆,,,none,rejected,,skip,,"No match: formal_zh='波栗濕婆', bio_zh=''"
data/ttl/Thien Tong An Do/Thich-Ca-Mau-Ni-Phat.ttl,ex:monk/thich_ca_mau_ni_phat,Thích Ca Mâu Ni Phật,,,,none,rejected,,skip,,"No match: formal_zh='', bio_zh=''"
data/ttl/Thien Tong An Do/Ton-Gia-A-Nan.ttl,ex:monk/a_nan,Tôn Giả A Nan,阿難,,,none,rejected,,skip,,"No match: formal_zh='阿難', bio_zh=''"
data/ttl/Thien Tong An Do/Ton-Gia-Ba-Tu-Ban-Dau.ttl,ex:monk/ba_tu_ban_dau,Tôn Giả Bà Tu Bàn Đầu,,,,none,rejected,,skip,,"No match: formal_zh='', bio_zh=''"
data/ttl/Thien Tong An Do/Ton-Gia-Ba-Tu-Mat.ttl,ex:monk/ba_tu_mat,Tôn Giả Bà Tu Mật,,,,none,rejected,,skip,,"No match: formal_zh='', bio_zh=''"
data/ttl/Thien Tong An Do/Ton-Gia-Ba-Xa-Tu-Da.ttl,ex:monk/ba_xa_tu_da,Tôn Giả Bà Xá Tư Đa,,,,none,rejected,,skip,,"No match: formal_zh='', bio_zh=''"
data/ttl/Thien Tong An Do/Ton-Gia-Bat-Nha-Da-La.ttl,ex:monk/bat_nha_da_la,Tôn Giả Bát Nhã Đa La,,,,none,rejected,,skip,,"No match: formal_zh='', bio_zh=''"
data/ttl/Thien Tong An Do/Ton-Gia-Bat-Nhu-Mat-Da.ttl,ex:monk/bat_nhu_mat_da,Tôn Giả Bất Như Mật Đa,,,,none,rejected,,skip,,"No match: formal_zh='', bio_zh=''"
data/ttl/Thien Tong An Do/Ton-Gia-Bo-De-Dat-Ma.ttl,ex:monk/bo_de_dat_ma,Tôn Giả Bồ Đề Đạt Ma,,,,none,rejected,,skip,,"No match: formal_zh='', bio_zh=''"
data/ttl/Thien Tong An Do/Ton-Gia-Ca-Na-De-Ba.ttl,ex:monk/ca_na_de_ba,Tôn Giả Ca Na Đề Bà,,,,none,rejected,,skip,,"No match: formal_zh='', bio_zh=''"
data/ttl/Thien Tong An Do/Ton-Gia-Ca-Ty-Ma-La.ttl,ex:monk/ca_ty_ma_la,Tôn Giả Ca Tỳ Ma La,,,,none,rejected,,skip,,"No match: formal_zh='', bio_zh=''"
data/ttl/Thien Tong An Do/Ton-Gia-Cuu-Ma-La-Da.ttl,ex:monk/cuu_ma_la_da,Tôn Giả Cưu Ma La Đa,,,,none,rejected,,skip,,"No match: formal_zh='', bio_zh=''"
data/ttl/Thien Tong An Do/Ton-Gia-Da-Da-Xa-Da.ttl,ex:monk/da_da_xa_da,Tôn Giả Dà Da Xá Đa,,,,none,rejected,,skip,,"No match: formal_zh='', bio_zh=''"
data/ttl/Thien Tong An Do/Ton-Gia-De-Da-Ca.ttl,ex:monk/de_da_ca,Tôn Giả Đề Đa Ca,,,,none,rejected,,skip,,"No match: formal_zh='', bio_zh=''"
data/ttl/Thien Tong An Do/Ton-Gia-Di-Gia-Ca.ttl,ex:monk/di_gia_ca,Tôn Giả Di Già Ca,,,,none,rejected,,skip,,"No match: formal_zh='', bio_zh=''"
data/ttl/Thien Tong An Do/Ton-Gia-Hac-Lac-Na.ttl,ex:monk/hac_lac_na,Tôn Giả Hạc Lặc Na,,,,none,rejected,,skip,,"No match: formal_zh='', bio_zh=''"
data/ttl/Thien Tong An Do/Ton-Gia-La-Hau-La-Da.ttl,ex:monk/la_hau_la_da,Tôn Giả La Hầu La Da,,,,none,rejected,,skip,,"No match: formal_zh='', bio_zh=''"
data/ttl/Thien Tong An Do/Ton-Gia-Ma-Ha-Ca-Diep.ttl,ex:monk/ma_ha_ca_diep,Tôn Giả Ma Ha Ca Diếp,,,,none,rejected,,skip,,"No match: formal_zh='', bio_zh=''"
data/ttl/Thien Tong An Do/Ton-Gia-Ma-Noa-La.ttl,ex:monk/ma_noa_la,Tôn Giả Ma Noa La,,,,none,rejected,,skip,,"No match: formal_zh='', bio_zh=''"
data/ttl/Thien Tong An Do/Ton-Gia-Phat-Da-Mat-Da.ttl,ex:monk/phat_da_mat_da,Tôn Giả Phật Đà Mật Đa,,,,none,rejected,,skip,,"No match: formal_zh='', bio_zh=''"
data/ttl/Thien Tong An Do/Ton-Gia-Phat-Da-Nan-De.ttl,ex:monk/phat_da_nan_de,Tôn Giả Phật Đà Nan Đề,,,,none,rejected,,skip,,"No match: formal_zh='', bio_zh=''"
data/ttl/Thien Tong An Do/Ton-Gia-Phu-Na-Da-Xa.ttl,ex:monk/phu_na_da_xa,Tôn Giả Phú Na Dạ Xa,,,,none,rejected,,skip,,"No match: formal_zh='', bio_zh=''"
data/ttl/Thien Tong An Do/Ton-Gia-Su-Tu-Ty-Kheo.ttl,ex:monk/su_tu_ty_kheo,Tôn Giả Sư Tử Tỳ Kheo,,,,none,rejected,,skip,,"No match: formal_zh='', bio_zh=''"
data/ttl/Thien Tong An Do/Ton-Gia-Tang-Gia-Nan-De.ttl,ex:monk/tang_gia_nan_de,Tôn Giả Tăng Già Nan Đề,,,,none,rejected,,skip,,"No match: formal_zh='', bio_zh=''"
data/ttl/Thien Tong An Do/Ton-Gia-Thuong-Na-Hoa-Tu.ttl,ex:monk/thuong_na_hoa_tu,Tôn Giả Thương Na Hòa Tu,,,,none,rejected,,skip,,"No match: formal_zh='', bio_zh=''"
data/ttl/Thien Tong An Do/Ton-Gia-Uu-Ba-Cuc-Da.ttl,ex:monk/uu_ba_cuc_da,Tôn Giả Ưu Ba Cúc Đa,,,,none,rejected,,skip,,"No match: formal_zh='', bio_zh=''"
data/ttl/Thien Tong An Do/Ton-Gia-Xa-Da-Da.ttl,ex:monk/xa_da_da,Tôn Giả Xà Dạ Đa,,,,none,rejected,,skip,,"No match: formal_zh='', bio_zh=''"
data/ttl/Thien Tong Trung Quoc/Ton-Gia-Dao-Tin.ttl,ex:monk/dao_tin,Tôn Giả Đạo Tín,,,,ttl_mapping_filename,review_required,ttl_mapping status=chưa xác định,skip,,ttl_mapping status: chưa xác định
data/ttl/Thien Tong Trung Quoc/TS-Thien-Tue-Bao-Chuong.ttl,ex:monk/thien_tue_bao_chuong,Thiên Tuế Bảo Chưởng,,,,ttl_mapping_filename,review_required,ttl_mapping status=chưa xác định,skip,,ttl_mapping status: chưa xác định
data/ttl/Ton-Gia-Dai-Giam-Hue-Nang.ttl,ex:monk/dai_giam_hue_nang,Tôn Giả Đại Giám Huệ Năng,,,,none,rejected,,skip,,"No match: formal_zh='', bio_zh=''"
data/ttl/Ton-Gia-Hoang-Mai-Hoang-Nhan.ttl,ex:monk/hoang_mai_hoang_nhan,Tôn Giả Hoàng Mai Hoằng Nhẫn,,,,none,rejected,,skip,,"No match: formal_zh='', bio_zh=''"
data/ttl/Ton-Gia-Hue-Kha.ttl,ex:monk/hue_kha,Tôn Giả Huệ Khả,,,,none,rejected,,skip,,"No match: formal_zh='', bio_zh=''"
data/ttl/Ton-Gia-Tang-Xan.ttl,ex:monk/tang_xan,Tôn Giả Tăng Xán,,,,none,rejected,,skip,,"No match: formal_zh='', bio_zh=''"
data/ttl/TS-Am-Chu-Dong-Phong.ttl,ex:monk/am_chu_dong_phong,Am Chủ Đồng Phong,,,,none,rejected,,skip,,"No match: formal_zh='', bio_zh=''"
data/ttl/TS-Am-Chu-Duc-Son-Tong-Thap.ttl,ex:monk/duc_son_tong_thap,Am Chủ Đỉnh Châu Đức Sơn Tông Thập,,,,none,rejected,,skip,,"No match: formal_zh='', bio_zh=''"
data/ttl/TS-Am-Chu-Ho-Khe.ttl,ex:monk/am_chu_ho_khe,Am Chủ Hổ Khê,,,,none,rejected,,skip,,"No match: formal_zh='', bio_zh=''"
data/ttl/TS-Am-Chu-Kiem-Mon-An-Phan.ttl,ex:monk/kiem_mon_an_phan,Am Chủ Kiếm Môn An Phần,,,,none,rejected,,skip,,"No match: formal_zh='', bio_zh=''"
data/ttl/TS-Am-Chu-Phap-Hai-Giac-Nhan.ttl,ex:monk/giac_hai_phap_nhan,Am Chủ Giác Hải Pháp Nhân,,,,none,rejected,,skip,,"No match: formal_zh='', bio_zh=''"
data/ttl/TS-Am-Chu-Phuc-Bon.ttl,ex:monk/am_chu_phuc_bon,Am Chủ Phúc Bồn,,,,none,rejected,,skip,,"No match: formal_zh='', bio_zh=''"
data/ttl/TS-Am-Chu-Quy-Tong-Chi-Chi.ttl,ex:monk/quy_tong_chi_chi,Am Chủ Quy Tông Chí Chi,,,,none,rejected,,skip,,"No match: formal_zh='', bio_zh=''"
data/ttl/TS-Am-Chu-Sam-Duong.ttl,ex:monk/am_chu_sam_duong,Am Chủ Sam Dương,,,,none,rejected,,skip,,"No match: formal_zh='', bio_zh=''"
data/ttl/TS-Am-Chu-Thach-Dau-Hoai-Chi.ttl,ex:monk/thach_dau_hoai_chi,Am Chủ Thạch Đầu Hoài Chí,,,,none,rejected,,skip,,"No match: formal_zh='', bio_zh=''"
data/ttl/TS-Am-Chu-Tu-Ngon.ttl,ex:monk/am_chu_tu_ngon,Am Chủ Tử Ngôn,,,,none,rejected,,skip,,"No match: formal_zh='', bio_zh=''"
data/ttl/TS-An-Hoa-Van-Nhat.ttl,ex:monk/an_hoa_van_nhat,Long Khánh Khánh Nhàn,,,,none,rejected,,skip,,"No match: formal_zh='', bio_zh=''"
data/ttl/TS-An-Quoc-Huyen-Dinh.ttl,ex:monk/an_quoc_huyen_dinh,An Quốc Huyền Đĩnh,安國玄挺,,,none,rejected,,skip,,"No match: formal_zh='', bio_zh='安國玄挺'"
data/ttl/TS-An-Tinh-Ngan-Sam.ttl,ex:monk/an_tinh_ngan_sam,Ẩn Tỉnh Ngạn Sầm,,,,none,rejected,,skip,,"No match: formal_zh='', bio_zh=''"
data/ttl/TS-Ba-Tieu-Coc-Tuyen.ttl,ex:monk/ba_tieu_coc_tuyen,Ba Tiêu Cốc Tuyền,,,,none,rejected,,skip,,"No match: formal_zh='', bio_zh=''"
data/ttl/TS-Ba-Tieu-Hue-Thanh.ttl,ex:monk/ba_tieu_hue_thanh,Ba Tiêu Huệ Thanh,,,,none,rejected,,skip,,"No match: formal_zh='', bio_zh=''"
data/ttl/TS-Bac-Giang-Tay-Lan-Nhuong.ttl,ex:monk/bac_giang_tay_lan_nhuong,Bắc Giang Tây Lan Nhượng,,,,none,rejected,,skip,,"No match: formal_zh='', bio_zh=''"
data/ttl/TS-Bac-Son-Tu-Kinh.ttl,ex:monk/bac_son_tu_kinh,Bắc Sơn Tử Kinh,,,,none,rejected,,skip,,"No match: formal_zh='', bio_zh=''"
data/ttl/TS-Bach-Duong-Phap-Thuan.ttl,ex:monk/bach_duong_phap_thuan,Bạch Dương Pháp Thuận,,,,none,rejected,,skip,,"No match: formal_zh='', bio_zh=''"
data/ttl/TS-Bach-Linh.ttl,ex:monk/bach_linh,Bách Linh,,,,none,rejected,,skip,,"No match: formal_zh='', bio_zh=''"
data/ttl/TS-Bach-Loc-Hien-Doan.ttl,ex:monk/bach_loc_hien_doan,Bạch Lộc Hiển Ðoan,,,,none,rejected,,skip,,"No match: formal_zh='', bio_zh=''"
data/ttl/TS-Bach-Ma-Dam-Chieu.ttl,ex:monk/bach_ma_dam_chieu,Bạch Mã Đàm Chiếu,,,,none,rejected,,skip,,"No match: formal_zh='', bio_zh=''"
data/ttl/TS-Bach-Nhan-Minh-Triet.ttl,ex:monk/bach_nhan_minh_triet,Bách Nhan Minh Triết,,,,none,rejected,,skip,,"No match: formal_zh='', bio_zh=''"
data/ttl/TS-Bach-Tao-Nghiem.ttl,ex:monk/bach_tao_nghiem,Bạch Tảo Nghiễm,,,,none,rejected,,skip,,"No match: formal_zh='', bio_zh=''"
data/ttl/TS-Bach-Truong-Di-The.ttl,ex:monk/bach_truong_di_the,Bách Trượng Dĩ Thê,,,,none,rejected,,skip,,"No match: formal_zh='', bio_zh=''"
data/ttl/TS-Bach-Truong-Duy-Chanh.ttl,ex:monk/bach_truong_duy_chanh,Bách Trượng Duy Chánh,,,,none,rejected,,skip,,"No match: formal_zh='', bio_zh=''"
data/ttl/TS-Bach-Truong-Duy-Chinh.ttl,ex:monk/bach_truong_duy_chinh,Bách Trượng Duy Chính,,,,none,rejected,,skip,,"No match: formal_zh='', bio_zh=''"
data/ttl/TS-Bach-Truong-Duy-Co.ttl,ex:monk/bach_truong_duy_co,Bách Trượng Duy Cổ,,,,none,rejected,,skip,,"No match: formal_zh='', bio_zh=''"
data/ttl/TS-Bach-Truong-Hoai-Hai.ttl,ex:monk/bach_truong_hoai_hai,Bách Trượng Hoài Hải,,,,none,rejected,,skip,,"No match: formal_zh='', bio_zh=''"
data/ttl/TS-Bach-Truong-Nguyen-Tuc.ttl,ex:monk/bach_truong_nguyen_tuc,Bách Trượng Nguyên Túc,,,,none,rejected,,skip,,"No match: formal_zh='', bio_zh=''"
data/ttl/TS-Bach-Tu-Duc-Tung.ttl,ex:monk/bach_tu_duc_tung,Bách Tử Ðức Tung,,,,none,rejected,,skip,,"No match: formal_zh='', bio_zh=''"
data/ttl/TS-Bach-Van-Khong-Do.ttl,ex:monk/bach_van_khong_do,Bạch Vân Không Độ,,,,none,rejected,,skip,,"No match: formal_zh='', bio_zh=''"
data/ttl/TS-Ban-Giac-Nha-Chau.ttl,ex:monk/ban_giac_nha_chau,Bản Giác Nhã Châu,,,,none,rejected,,skip,,"No match: formal_zh='', bio_zh=''"
data/ttl/TS-Ban-Son-Bao-Tich.ttl,,,,,,none,rejected,,skip,,"No match: formal_zh='', bio_zh=''"
data/ttl/TS-Ban-Tich-Van-Quan.ttl,ex:monk/ban_tich_van_quan,Bản Tịch Văn Quan,,,,none,rejected,,skip,,"No match: formal_zh='', bio_zh=''"
data/ttl/TS-Bao-An-Kha-Phong.ttl,ex:monk/bao_an_kha_phong,Bảo An Khả Phong,,,,none,rejected,,skip,,"No match: formal_zh='', bio_zh=''"
data/ttl/TS-Bao-An-Phap-Dien.ttl,ex:monk/bao_an_phap_dien,Báo Ân Pháp Diễn,,,,none,rejected,,skip,,"No match: formal_zh='', bio_zh=''"
data/ttl/TS-Bao-An-Thanh.ttl,ex:monk/bao_an_thanh,Báo Ân Thành,,,,none,rejected,,skip,,"No match: formal_zh='', bio_zh=''"
data/ttl/TS-Bao-Ban-Tue-Nguyen.ttl,ex:monk/bao_ban_tue_nguyen,Báo Bản Tuệ Nguyên,,,,none,rejected,,skip,,"No match: formal_zh='', bio_zh=''"
data/ttl/TS-Bao-Cai-Tu-Can.ttl,ex:monk/bao_cai_tu_can,Bảo Cái Tử Cần,,,,none,rejected,,skip,,"No match: formal_zh='', bio_zh=''"
data/ttl/TS-Bao-Hoa-Hien.ttl,ex:monk/bao_hoa_hien,Bảo Hoa Hiển,,,,none,rejected,,skip,,"No match: formal_zh='', bio_zh=''"
data/ttl/TS-Bao-Hoa-Pho-Giam.ttl,ex:monk/bao_hoa_pho_giam,Bảo Hoa Phổ Giám,,,,none,rejected,,skip,,"No match: formal_zh='', bio_zh=''"
data/ttl/TS-Bao-Ninh-Nhan-Dung.ttl,ex:monk/bao_ninh_nhan_dung,Bảo Ninh Nhân Dũng,,,,none,rejected,,skip,,"No match: formal_zh='', bio_zh=''"
data/ttl/TS-Bao-Ninh-Vien-Co.ttl,ex:monk/bao_ninh_vien_co,Bảo Ninh Viên Cơ,,,,none,rejected,,skip,,"No match: formal_zh='', bio_zh=''"
data/ttl/TS-Bao-Phuoc-Ban-Quyen.ttl,ex:monk/bao_phuoc_ban_quyen,Bảo Phước Bản Quyền,,,,none,rejected,,skip,,"No match: formal_zh='', bio_zh=''"
data/ttl/TS-Bao-Phuoc-Thu.ttl,ex:monk/bao_phuoc_thu,Bảo Phước Thù,,,,none,rejected,,skip,,"No match: formal_zh='', bio_zh=''"
data/ttl/TS-Bao-Tang-Ban.ttl,ex:monk/bao_tang_ban,Bảo Tạng Bản,,,,none,rejected,,skip,,"No match: formal_zh='', bio_zh=''"
data/ttl/TS-Bao-Than-Huu-Thuy.ttl,ex:monk/bao_than_huu_thuy,Bao Thân Hữu Thụy,,,,none,rejected,,skip,,"No match: formal_zh='', bio_zh=''"
data/ttl/TS-Bao-Than-Tong-Du.ttl,ex:monk/bao_than_tong_du,Bao Thân Tông Dụ,,,,none,rejected,,skip,,"No match: formal_zh='', bio_zh=''"
data/ttl/TS-Bao-Tho-Dien-Chieu.ttl,ex:monk/bao_tho_dien_chieu,Bảo Thọ Diên Chiểu,,,,none,rejected,,skip,,"No match: formal_zh='', bio_zh=''"
data/ttl/TS-Bao-Tho-Doi-Thu-Hai.ttl,ex:monk/bao_tho,Bảo Thọ (Đời thứ 2),,,,none,rejected,,skip,,"No match: formal_zh='', bio_zh=''"
data/ttl/TS-Bao-Tho-Toi-Lac.ttl,ex:monk/bao_tho_toi_lac,Bảo Thọ Tối Lạc,,,,none,rejected,,skip,,"No match: formal_zh='', bio_zh=''"
data/ttl/TS-Bao-Tu-Tan-Anh.ttl,ex:monk/bao_tu_tan_anh,Báo Từ Tấn Anh,,,,none,rejected,,skip,,"No match: formal_zh='', bio_zh=''"
data/ttl/TS-Bao-Ung-Phap-Chieu.ttl,ex:monk/bao_ung_phap_chieu,Bảo Ứng Pháp Chiêu,,,,none,rejected,,skip,,"No match: formal_zh='', bio_zh=''"
data/ttl/TS-Bat-Nha-Thien-Doan.ttl,ex:monk/bat_nha_thien_doan,Bát Nhã Thiện Ðoan,,,,none,rejected,,skip,,"No match: formal_zh='', bio_zh=''"
data/ttl/TS-Bich-Phong-Tanh-Kim.ttl,ex:monk/bich_phong_tanh_kim,Bích Phong Tánh Kim,,,,none,rejected,,skip,,"No match: formal_zh='', bio_zh=''"
data/ttl/TS-Bich-Thien-Thanh-Khong.ttl,ex:monk/bach_van_khong_do,Bích Thiên Thanh Không,,,,none,rejected,,skip,,"No match: formal_zh='', bio_zh=''"
data/ttl/TS-Bien-Dam-Hieu-Lieu.ttl,ex:monk/bien_dam_hieu_lieu,Tây Vực Quật Đa Tam Tạng,,,,none,rejected,,skip,,"No match: formal_zh='', bio_zh=''"
data/ttl/TS-Bo-De-Quang-Dung.ttl,ex:monk/bo_de_quang_dung,Bồ Đề Quang Dụng,,,,none,rejected,,skip,,"No match: formal_zh='', bio_zh=''"
data/ttl/TS-Bon-Dong.ttl,ex:monk/bon_dong,Bổn Đồng,,,,none,rejected,,skip,,"No match: formal_zh='', bio_zh=''"
data/ttl/TS-Bon-Khe.ttl,ex:monk/bon_khe,Bổn Khê,,,,none,rejected,,skip,,"No match: formal_zh='', bio_zh=''"
data/ttl/TS-Bon-Qua-Khoang-Vien.ttl,ex:monk/bon_qua_khoang_vien,Bổn Quả Khoáng Viên,,,,none,rejected,,skip,,"No match: formal_zh='', bio_zh=''"
data/ttl/TS-Bon-Tri-Minh-Giac.ttl,ex:monk/bon_tri_minh_giac,Bổn Trí Minh Giác,,,,none,rejected,,skip,,"No match: formal_zh='', bio_zh=''"
data/ttl/TS-Bong-Lai-Khanh.ttl,ex:monk/bong_lai_khanh,Bồng Lai Khanh,,,,none,rejected,,skip,,"No match: formal_zh='', bio_zh=''"
data/ttl/TS-Bong-Lai-Vien.ttl,ex:monk/bong_lai_vien,Bồng Lai Viên,,,,none,rejected,,skip,,"No match: formal_zh='', bio_zh=''"
data/ttl/TS-Can-Le.ttl,ex:monk/can_le,Cận Lễ,,,,none,rejected,,skip,,"No match: formal_zh='', bio_zh=''"
data/ttl/TS-Can-Nguyen-Tong-Dinh.ttl,ex:monk/can_nguyen_tong_dinh,Càn Nguyên Tông Dĩnh,,,,none,rejected,,skip,,"No match: formal_zh='', bio_zh=''"
data/ttl/TS-Can-Nguyen-Vien.ttl,ex:monk/can_nguyen_vien,Càn Nguyên Viên,,,,none,rejected,,skip,,"No match: formal_zh='', bio_zh=''"
data/ttl/TS-Can-Phong-Vien-Tue.ttl,ex:monk/can_phong_vien_tue,Càn Phong Viên Tuệ,,,,none,rejected,,skip,,"No match: formal_zh='', bio_zh=''"
data/ttl/TS-Can-Tu-Son-Sung-Hue.ttl,ex:monk/can_tu_son_sung_hue,Cân Tử Sơn Sùng Huệ,,,,none,rejected,,skip,,"No match: formal_zh='', bio_zh=''"
data/ttl/TS-Canh-Phuoc-Nhat-Du.ttl,ex:monk/canh_phuoc_nhat_du,Cảnh Phước Nhật Dư,,,,none,rejected,,skip,,"No match: formal_zh='', bio_zh=''"
data/ttl/TS-Canh-Phuoc-Tinh-Duyet.ttl,ex:monk/canh_phuoc_tinh_duyet,Cảnh Phước Tỉnh Duyệt,,,,none,rejected,,skip,,"No match: formal_zh='', bio_zh=''"
data/ttl/TS-Canh-Thanh-Cu-To.ttl,ex:monk/canh_thanh_cu_to,Cảnh Thanh Cư Tố,,,,none,rejected,,skip,,"No match: formal_zh='', bio_zh=''"
data/ttl/TS-Cao-Am-Vien-Thanh.ttl,ex:monk/cao_am_vien_thanh,Cao Am Viên Thanh,,,,none,rejected,,skip,,"No match: formal_zh='', bio_zh=''"
data/ttl/TS-Cao-An-Dai-Ngu.ttl,ex:monk/cao_an_dai_ngu,Cao An Đại Ngu,,,,none,rejected,,skip,,"No match: formal_zh='', bio_zh=''"
data/ttl/TS-Cao-Phong-Nguyen-Dieu.ttl,ex:monk/cao_phong_nguyen_dieu,Cao Phong Nguyên Diệu,,,,none,rejected,,skip,,"No match: formal_zh='', bio_zh=''"
data/ttl/TS-Cat-Chau-Chi-Quan.ttl,ex:monk/cat_chau_chi_quan,Cát Châu Chỉ Quán,,,,none,rejected,,skip,,"No match: formal_zh='', bio_zh=''"
data/ttl/TS-Cat-Chau-Chi-Thanh.ttl,ex:monk/cat_chau_chi_thanh,Cát Châu Chí Thành,,,,none,rejected,,skip,,"No match: formal_zh='', bio_zh=''"
data/ttl/TS-Cat-Chau-Tanh-Khong.ttl,ex:monk/cat_chau_tanh_khong,Cát Châu Tánh Không,,,,none,rejected,,skip,,"No match: formal_zh='', bio_zh=''"
data/ttl/TS-Chan-Nhu-Gioi-Huong.ttl,ex:monk/chan_nhu_gioi_huong,Chân Như Giới Hương,,,,none,rejected,,skip,,"No match: formal_zh='', bio_zh=''"
data/ttl/TS-Chan-Nhu-Phuong.ttl,ex:monk/chan_nhu_phuong,Chân Như Phương,,,,none,rejected,,skip,,"No match: formal_zh='', bio_zh=''"
data/ttl/TS-Chan-Tue.ttl,ex:monk/chan_tue,Thiền Sư Chân Tuệ,,,,none,rejected,,skip,,"No match: formal_zh='', bio_zh=''"
data/ttl/TS-Chanh-Nhac-Bon-Sieu.ttl,ex:monk/chanh_nhac_bon_sieu,Chánh Nhạc Bổn Siêu,,,,none,rejected,,skip,,"No match: formal_zh='', bio_zh=''"
data/ttl/TS-Chanh-Phap-Hy-Ninh.ttl,ex:monk/chanh_phap_hy_ninh,Chánh Pháp Hy Ninh,,,,none,rejected,,skip,,"No match: formal_zh='', bio_zh=''"
data/ttl/TS-Chanh-Phap-Kien.ttl,ex:monk/chanh_phap_kien,Chánh Pháp Kiến,,,,none,rejected,,skip,,"No match: formal_zh='', bio_zh=''"
data/ttl/TS-Chanh-Truyen-Huyen-Huu.ttl,ex:monk/chanh_truyen_huyen_huu,Chánh Truyền Huyễn Hữu,,,,none,rejected,,skip,,"No match: formal_zh='', bio_zh=''"
data/ttl/TS-Chat-Sanh-Tich-Van.ttl,ex:monk/chat_sanh_tich_van,Chất Sanh Tịch Văn,,,,none,rejected,,skip,,"No match: formal_zh='', bio_zh=''"
data/ttl/TS-Chieu-De-Tue-Lang.ttl,ex:monk/chieu_de_tue_lang,Chiều Đề Tuệ Lãng,,,,none,rejected,,skip,,"No match: formal_zh='', bio_zh=''"
data/ttl/TS-Chieu-Giac-Dao-Nguyen.ttl,ex:monk/chieu_giac_dao_nguyen,Chiêu Giác Ðạo Nguyên,,,,none,rejected,,skip,,"No match: formal_zh='', bio_zh=''"
data/ttl/TS-Chieu-Giac-Dao-To.ttl,ex:monk/chieu_giac_dao_to,Chiêu Giác Ðạo Tổ,,,,none,rejected,,skip,,"No match: formal_zh='', bio_zh=''"
data/ttl/TS-Chieu-Giac-Thieu-An.ttl,ex:monk/chieu_giac_thieu_an,Chiêu Giác Thiệu Uyên,,,,none,rejected,,skip,,"No match: formal_zh='', bio_zh=''"
data/ttl/TS-Chieu-Giac-Thuan-Bach.ttl,ex:monk/chieu_giac_thuan_bach,Chiêu Giác Thuần Bạch,,,,none,rejected,,skip,,"No match: formal_zh='', bio_zh=''"
data/ttl/TS-Chieu-Giac-Thuong-Tong.ttl,ex:monk/chieu_giac_thuong_tong,Chiếu Giác Thường Tổng,,,,none,rejected,,skip,,"No match: formal_zh='', bio_zh=''"
data/ttl/TS-Chieu-Hien-Hoi-Thong.ttl,ex:monk/chieu_hien_hoi_thong,Chiều Hiền Hội Thông,,,,none,rejected,,skip,,"No match: formal_zh='', bio_zh=''"
data/ttl/TS-Chung-Nam-Phong-Duc.ttl,ex:monk/chung_nam_phong_duc,Chung Nam Phong Đức,,,,none,rejected,,skip,,"No match: formal_zh='', bio_zh=''"
data/ttl/TS-Chung-Nam-Su-To-Van-Te.ttl,ex:monk/chung_nam_su_to_van_te,Chung Nam Sư Tổ Vân Tế,,,,none,rejected,,skip,,"No match: formal_zh='', bio_zh=''"
data/ttl/TS-Chung-Son-Dam-Thoi.ttl,ex:monk/chung_son_dam_thoi,Chung Sơn Đàm Thôi,鍾山曇璀,A010097,A010097,chinese_name_exact,verified_crosswalk,zh=鍾山曇璀 (bio hint) → A010097,apply,,
data/ttl/TS-Chung-Son-Dao-Long.ttl,ex:monk/chung_son_dao_long,Chung Sơn Ðạo Long,,,,none,rejected,,skip,,"No match: formal_zh='', bio_zh=''"
data/ttl/TS-Chuong-Chau-La-Han.ttl,ex:monk/chuong_chau_la_han,Chương Châu La Hán,,,,none,rejected,,skip,,"No match: formal_zh='', bio_zh=''"
data/ttl/TS-Chuong-Chau-Phu-Thach.ttl,ex:monk/chuong_chau_phu_thach,Chương Châu Phù Thạch,,,,none,rejected,,skip,,"No match: formal_zh='', bio_zh=''"
data/ttl/TS-Chuong-Kinh-Hoai-Uan.ttl,ex:monk/chuong_kinh_hoai_uan,Chương Kính Hoài Uẩn,,,,none,rejected,,skip,,"No match: formal_zh='', bio_zh=''"
data/ttl/TS-Co-Chuyet-Nguyen-Hau.ttl,ex:monk/co_chuyet_nguyen_hau,Cổ Chuyết Nguyên Hậu,,,,none,rejected,,skip,,"No match: formal_zh='', bio_zh=''"
data/ttl/TS-Co-Linh-Than-Tan.ttl,ex:monk/co_linh_than_tan,Cổ Linh Thần Tán,,,,none,rejected,,skip,,"No match: formal_zh='', bio_zh=''"
data/ttl/TS-Co-Luong-Nhan-Phon.ttl,ex:monk/co_luong_nhan_phon,Cơ Lượng Nhân Phồn,,,,none,rejected,,skip,,"No match: formal_zh='', bio_zh=''"
data/ttl/TS-Co-Son-An-Vinh.ttl,ex:monk/co_son_an_vinh,Cổ Sơn An Vĩnh,,,,none,rejected,,skip,,"No match: formal_zh='', bio_zh=''"
data/ttl/TS-Co-Son-Tang-Tuan.ttl,ex:monk/co_son_tang_tuan,Cổ Sơn Tăng Tuân,,,,none,rejected,,skip,,"No match: formal_zh='', bio_zh=''"
data/ttl/TS-Co-Son-To-Tran.ttl,ex:monk/co_son_to_tran,Thượng Phong Bản Tài,,,,none,rejected,,skip,,"No match: formal_zh='', bio_zh=''"
data/ttl/TS-Co-Son-Tong-Dai.ttl,ex:monk/co_son_tong_dai,Cổ Sơn Tông Ðãi,,,,none,rejected,,skip,,"No match: formal_zh='', bio_zh=''"
data/ttl/TS-Co-Tu.ttl,ex:monk/co_tu,Cổ Tự,,,,none,rejected,,skip,,"No match: formal_zh='', bio_zh=''"
data/ttl/TS-Coc-An-Tinh-Hien.ttl,ex:monk/coc_an_tinh_hien,Cốc Ẩn Tĩnh Hiển,,,,none,rejected,,skip,,"No match: formal_zh='', bio_zh=''"
data/ttl/TS-Coc-An-Uan-Thong.ttl,ex:monk/coc_an_uan_thong,Cốc Ẩn Uẩn Thông,,,,none,rejected,,skip,,"No match: formal_zh='', bio_zh=''"
data/ttl/TS-Coc-Son-Hai.ttl,ex:monk/thai_binh_hue_can_phat_giam,Thái Bình Huệ Cần Phật Giám,,,,none,rejected,,skip,,"No match: formal_zh='', bio_zh=''"
data/ttl/TS-Cong-An-To-Chau.ttl,ex:monk/cong_an_to_chau,Công An Tổ Châu,,,,none,rejected,,skip,,"No match: formal_zh='', bio_zh=''"
data/ttl/TS-Cu-Chau-Loi-Tu-Ho.ttl,ex:monk/cu_chau_loi_tung_tu_ho,Cù Châu Lợi Tung Tử Hồ,,,,none,rejected,,skip,,"No match: formal_zh='', bio_zh=''"
data/ttl/TS-Cuu-Danh-To.ttl,ex:monk/cuu_danh_to,Long Hoa Ðạo Sơ,,,,none,rejected,,skip,,"No match: formal_zh='', bio_zh=''"
data/ttl/TS-Cuu-Danh-Tue-Tuyen.ttl,ex:monk/cuu_danh_tue_tuyen,Cửu Đảnh Tuệ Tuyền,,,,none,rejected,,skip,,"No match: formal_zh='', bio_zh=''"
data/ttl/TS-Cuu-Phong-Hy-Quang.ttl,ex:monk/cuu_phong_hy_quang,Cửu Phong Hy Quảng,,,,none,rejected,,skip,,"No match: formal_zh='', bio_zh=''"
data/ttl/TS-Cuu-Phong-Tu-Tue.ttl,ex:monk/cuu_phong_tu_tue,Cửu Phong Từ Tuệ,,,,none,rejected,,skip,,"No match: formal_zh='', bio_zh=''"
data/ttl/TS-Cuu-Tien-Phap.ttl,ex:monk/cuu_tien_phap,Cửu Tiên Pháp,,,,none,rejected,,skip,,"No match: formal_zh='', bio_zh=''"
data/ttl/TS-Cuu-Tong-Phap-Minh.ttl,ex:monk/cuu_tong_phap_minh,Cửu Tông Pháp Minh,,,,none,rejected,,skip,,"No match: formal_zh='', bio_zh=''"
data/ttl/TS-Da-Phu-Dao-Xuyen.ttl,ex:monk/da_phu_dao_xuyen,Dã Phụ Ðạo Xuyên,,,,none,rejected,,skip,,"No match: formal_zh='', bio_zh=''"
data/ttl/TS-Dai-An-Thanh-Can.ttl,ex:monk/dai_an_thanh_can,Đại An Thanh Cán,,,,none,rejected,,skip,,"No match: formal_zh='', bio_zh=''"
data/ttl/TS-Dai-Chau-Hue-Hai.ttl,ex:monk/dai_chau_hue_hai,Đại Châu Huệ Hải,,,,none,rejected,,skip,,"No match: formal_zh='', bio_zh=''"
data/ttl/TS-Dai-Dong-Quang-Trung.ttl,ex:monk/dai_dong_quang_trung,Đại Đồng Quảng Trừng,,,,none,rejected,,skip,,"No match: formal_zh='', bio_zh=''"
data/ttl/TS-Dai-Duong-Nhu-Han.ttl,ex:monk/dai_duong_nhu_han,Đại Dương Như Hán,,,,none,rejected,,skip,,"No match: formal_zh='', bio_zh=''"
data/ttl/TS-Dai-Duong.ttl,ex:monk/dai_duong,Đại Dương,,,,none,rejected,,skip,,"No match: formal_zh='', bio_zh=''"
data/ttl/TS-Dai-Giac-Nguy-Phu.ttl,ex:monk/dai_giac_nguy_phu,Đại Giác Ngụy Phủ,,,,none,rejected,,skip,,"No match: formal_zh='', bio_zh=''"
data/ttl/TS-Dai-Hoan-Tu-Trung.ttl,ex:monk/dai_tu_hoan_trung,Đại Từ Hoàn Trung,,,,none,rejected,,skip,,"No match: formal_zh='', bio_zh=''"
data/ttl/TS-Dai-Hong-To-Chung.ttl,ex:monk/dai_hong_to_chung,Đại Hồng Tổ Chứng,,,,none,rejected,,skip,,"No match: formal_zh='', bio_zh=''"
data/ttl/TS-Dai-Mai-Phap-Thuong.ttl,ex:monk/dai_mai_phap_thuong,Đại Mai Pháp Thường,,,,none,rejected,,skip,,"No match: formal_zh='', bio_zh=''"
data/ttl/TS-Dai-Ngu-Thu-Chi.ttl,ex:monk/dai_ngu_thu_chi,Đại Ngu Thủ Chi,,,,none,rejected,,skip,,"No match: formal_zh='', bio_zh=''"
data/ttl/TS-Dai-Ninh-Dao-Khoan.ttl,ex:monk/dao_ninh_dao_khoan,Đại Ninh Ðạo Khoan,,,,none,rejected,,skip,,"No match: formal_zh='', bio_zh=''"
data/ttl/TS-Dai-Quy-Canh-Vung.ttl,ex:monk/dai_quy_canh_vung,Đại Quy Cảnh Vựng,,,,none,rejected,,skip,,"No match: formal_zh='', bio_zh=''"
data/ttl/TS-Dai-Quy-Dinh-Thuyen.ttl,ex:monk/dai_quy_dinh_thuyen,Đại Quy Dĩnh Thuyên,,,,none,rejected,,skip,,"No match: formal_zh='', bio_zh=''"
data/ttl/TS-Dai-Quy-Duc-Can.ttl,ex:monk/dai_quy_duc_can,Đại Quy Ðức Càn,,,,none,rejected,,skip,,"No match: formal_zh='', bio_zh=''"
data/ttl/TS-Dai-Quy-Giam.ttl,ex:monk/dai_quy_giam,Ðại Quy Giám,,,,none,rejected,,skip,,"No match: formal_zh='', bio_zh=''"
data/ttl/TS-Dai-Quy-Hai-Binh.ttl,ex:monk/dai_quy_hai_binh,Đại Quy Hải Bình,,,,none,rejected,,skip,,"No match: formal_zh='', bio_zh=''"
data/ttl/TS-Dai-Quy-Hanh.ttl,ex:monk/dai_quy_hanh,Đại Quy Hạnh,,,,none,rejected,,skip,,"No match: formal_zh='', bio_zh=''"
data/ttl/TS-Dai-Quy-Hoai-Tu.ttl,ex:monk/dai_quy_hoai_tu,Đại Quy Hoài Tú,,,,none,rejected,,skip,,"No match: formal_zh='', bio_zh=''"
data/ttl/TS-Dai-Quy-Mo-Triet.ttl,ex:monk/dai_quy_mo_triet,Đại Quy Mộ Triết,,,,none,rejected,,skip,,"No match: formal_zh='', bio_zh=''"
data/ttl/TS-Dai-Quy-Phap-Bao.ttl,ex:monk/dai_quy_phap_bao,Đại Quy Pháp Bảo,,,,none,rejected,,skip,,"No match: formal_zh='', bio_zh=''"
data/ttl/TS-Dai-Quy-Phap-Thai.ttl,ex:monk/dai_quy_phap_thai,Đại Quy Pháp Thái,,,,none,rejected,,skip,,"No match: formal_zh='', bio_zh=''"
data/ttl/TS-Dai-Quy-Te-Tuan.ttl,ex:monk/dai_quy_te_tuan,Đại Quy Tề Tuân,,,,none,rejected,,skip,,"No match: formal_zh='', bio_zh=''"
data/ttl/TS-Dai-Quy-Thien-Qua.ttl,ex:monk/dai_quy_thien_qua,Đại Quy Thiện Quả,,,,none,rejected,,skip,,"No match: formal_zh='', bio_zh=''"
data/ttl/TS-Dai-Quy-To-Xuan.ttl,ex:monk/dai_quy_to_xuan,Đại Quy Tổ Xuân,,,,none,rejected,,skip,,"No match: formal_zh='', bio_zh=''"
data/ttl/TS-Dai-Thua-Duc-Tuan.ttl,ex:monk/dai_thua_duc_tuan,Đại Thừa Ðức Tuân,,,,none,rejected,,skip,,"No match: formal_zh='', bio_zh=''"
data/ttl/TS-Dai-Thua-Tue-Qua.ttl,ex:monk/dai_thua_tue_qua,Đại Thừa Tuệ Quả,,,,none,rejected,,skip,,"No match: formal_zh='', bio_zh=''"
data/ttl/TS-Dai-Trung-Lap-Chi.ttl,ex:monk/dai_trung_lam_chi,Đại Trung Lập Chí,,,,none,rejected,,skip,,"No match: formal_zh='', bio_zh=''"
data/ttl/TS-Dai-Trung-Tuong-Phu-Hai.ttl,ex:monk/dai_trung_tuong_phu_hai,Đại Trung Tường Phù Hải,,,,none,rejected,,skip,,"No match: formal_zh='', bio_zh=''"
data/ttl/TS-Dai-Tuy-Nguyen-Tinh.ttl,ex:monk/dai_tuy_nguyen_tinh,Đại Tùy Nguyên Tỉnh,,,,none,rejected,,skip,,"No match: formal_zh='', bio_zh=''"
data/ttl/TS-Dai-Xa-Nhu-Truong.ttl,,,,,,none,rejected,,skip,,"No match: formal_zh='', bio_zh=''"
data/ttl/TS-Dam-Chau-Bao-Cai-Uoc.ttl,ex:monk/dam_chau_bao_cai_uoc,Nam Nhạc Huyền Thái,,,,none,rejected,,skip,,"No match: formal_zh='', bio_zh=''"
data/ttl/TS-Dam-Chau-Dai-Xuyen.ttl,ex:monk/dam_chau_dai_xuyen,Phụng Tường Phật Đà,,,,none,rejected,,skip,,"No match: formal_zh='', bio_zh=''"
data/ttl/TS-Dam-Chau-Hoa-Lam.ttl,ex:monk/dam_chau_hoa_lam,Đàm Châu Hoa Lâm,,,,none,rejected,,skip,,"No match: formal_zh='', bio_zh=''"
data/ttl/TS-Dam-Chau-Long-Son.ttl,ex:monk/dam_chau_long_son,Đàm Châu Long Sơn,,,,none,rejected,,skip,,"No match: formal_zh='', bio_zh=''"
data/ttl/TS-Dam-Chau-Thach-Suong-Lam.ttl,ex:monk/dam_chau_thach_suong_lam,Đàm Châu Thạch Sương Lâm,,,,none,rejected,,skip,,"No match: formal_zh='', bio_zh=''"
data/ttl/TS-Dam-Chau-Tong-An.ttl,ex:monk/dam_chau_tong_an,Đàm Châu Tổng Ấn,,,,none,rejected,,skip,,"No match: formal_zh='', bio_zh=''"
data/ttl/TS-Dam-Chau-Truong-Ty-Khoang.ttl,ex:monk/dam_chau_truong_ty_khoang,Đàm Châu Trường Tỳ Khoáng,,,,none,rejected,,skip,,"No match: formal_zh='', bio_zh=''"
data/ttl/TS-Dam-Chau-Tu-Khue.ttl,ex:monk/dam_chau_tu_khe,Đàm Châu Tú Khê,,,,none,rejected,,skip,,"No match: formal_zh='', bio_zh=''"
data/ttl/TS-Dam-Chau-Van-Cai-Canh.ttl,ex:monk/dam_chau_van_cai_canh,Đàm Châu Trung Vân Cái,,,,none,rejected,,skip,,"No match: formal_zh='', bio_zh=''"
data/ttl/TS-Dam-Chau-Van-Dien.ttl,ex:monk/dam_chau_van_dien,Đàm Châu Văn Diễn,,,,none,rejected,,skip,,"No match: formal_zh='', bio_zh=''"
data/ttl/TS-Dam-Chau-Van-Trung-Cai.ttl,ex:monk/dam_chau_trung_van_cai,Đàm Châu Trung Vân Cái,,,,none,rejected,,skip,,"No match: formal_zh='', bio_zh=''"
data/ttl/TS-Dang-Giac-Pho-Minh.ttl,ex:monk/dang_giac_pho_minh,Đẳng Giác Phổ Minh,,,,none,rejected,,skip,,"No match: formal_zh='', bio_zh=''"
data/ttl/TS-Dang-Van-Sieu-Cap.ttl,ex:monk/dang_van_sieu_cap,Am Chủ Tích Thúy Vĩnh,,,,none,rejected,,skip,,"No match: formal_zh='', bio_zh=''"
data/ttl/TS-Dao-Gia-Song-Khe-Dien.ttl,ex:monk/giang_chau_song_khe_dien,Giang Châu Song Khê Điền,,,,none,rejected,,skip,,"No match: formal_zh='', bio_zh=''"
data/ttl/TS-Dao-Lam-Uyen.ttl,ex:monk/dao_lam_uyen,Đạo Lâm Uyên,,,,none,rejected,,skip,,"No match: formal_zh='', bio_zh=''"
data/ttl/TS-Dao-Man-Moc-Tran.ttl,ex:monk/dao_man_moc_tran,Đạo Mân Mộc Trần,,,,none,rejected,,skip,,"No match: formal_zh='', bio_zh=''"
data/ttl/TS-Dao-Minh-Hue-Sam.ttl,ex:monk/dao_minh_hue_sam,Đạo Minh Huệ Sảm,,,,none,rejected,,skip,,"No match: formal_zh='', bio_zh=''"
data/ttl/TS-Dao-Ngo-Ngo-Chan.ttl,ex:monk/dao_ngo_ngo_chan,Đạo Ngô Ngộ Chân,,,,none,rejected,,skip,,"No match: formal_zh='', bio_zh=''"
data/ttl/TS-Dao-Ngo-Nhu-Nang.ttl,ex:monk/dao_ngo_nhu_nang,Đạo Ngô Nhữ Năng,,,,none,rejected,,skip,,"No match: formal_zh='', bio_zh=''"
data/ttl/TS-Dao-Ngo-So-Phuong.ttl,ex:monk/dao_ngo_so_phuong,Đạo Ngô Sở Phương,,,,none,rejected,,skip,,"No match: formal_zh='', bio_zh=''"
data/ttl/TS-Dao-Ngo-Trong-Vien.ttl,ex:monk/dao_ngo_trong_vien,Đạo Ngô Trọng Viên,,,,none,rejected,,skip,,"No match: formal_zh='', bio_zh=''"
data/ttl/TS-Dao-Ngo-Vien-Tri.ttl,ex:monk/dao_ngo_vien_tri,Đạo Ngô Viên Trí,,,,none,rejected,,skip,,"No match: formal_zh='', bio_zh=''"
data/ttl/TS-Dao-Ninh-Dao-Khoan.ttl,ex:monk/dao_ninh_dao_khoan,Đại Ninh Ðạo Khoan,,,,none,rejected,,skip,,"No match: formal_zh='', bio_zh=''"
data/ttl/TS-Dao-Trang-Cu-Tue.ttl,ex:monk/dao_trang_cu_tue,Đạo Tràng Cư Tuệ,,,,none,rejected,,skip,,"No match: formal_zh='', bio_zh=''"
data/ttl/TS-Dao-Trang-Minh-Bien.ttl,ex:monk/dao_trang_minh_bien,Đạo Tràng Minh Biện,,,,none,rejected,,skip,,"No match: formal_zh='', bio_zh=''"
data/ttl/TS-Dao-Trang-Nhu-Not.ttl,ex:monk/dao_trang_nhu_not,Đạo Tràng Như Nột,,,,none,rejected,,skip,,"No match: formal_zh='', bio_zh=''"
data/ttl/TS-Dao-Trang-Phap-Nhu.ttl,ex:monk/dao_trang_phap_nhu,Đạo Tràng Pháp Như,,,,none,rejected,,skip,,"No match: formal_zh='', bio_zh=''"
data/ttl/TS-Dao-Trang-Phap-Toan.ttl,ex:monk/dao_trang_phap_toan,Đạo Tràng Pháp Toàn,,,,none,rejected,,skip,,"No match: formal_zh='', bio_zh=''"
data/ttl/TS-Dao-Trang-Pho-Nham.ttl,ex:monk/dao_trang_pho_nham,Đạo Tràng Phổ Nham,,,,none,rejected,,skip,,"No match: formal_zh='', bio_zh=''"
data/ttl/TS-Dao-Trang-Tue-Lam.ttl,ex:monk/dao_trang_tue_lam,Đạo Tràng Tuệ Lâm,,,,none,rejected,,skip,,"No match: formal_zh='', bio_zh=''"
data/ttl/TS-Dao-Tuyen.ttl,ex:monk/dao_tuyen,Đạo Tuyên,,,,none,rejected,,skip,,"No match: formal_zh='', bio_zh=''"
data/ttl/TS-Dao-Xuoc.ttl,ex:monk/dao_xuoc,TS Đạo Xước,,,,none,rejected,,skip,,"No match: formal_zh='', bio_zh=''"
data/ttl/TS-Dau-Suat-Chi-An.ttl,ex:monk/dau_suat_chi_an,Đâu Suất Chí Ân,,,,none,rejected,,skip,,"No match: formal_zh='', bio_zh=''"
data/ttl/TS-Dau-Suat-Tue-Chieu.ttl,ex:monk/dau_suat_tue_chieu,Đâu Suất Tuệ Chiếu,,,,none,rejected,,skip,,"No match: formal_zh='', bio_zh=''"
data/ttl/TS-Dau-Suat-Tung-Duyet.ttl,ex:monk/dau_suat_tung_duyet,Đâu Suất Tùng Duyệt,,,,none,rejected,,skip,,"No match: formal_zh='', bio_zh=''"
data/ttl/TS-Dau-Tu-Dai_Dong.ttl,ex:monk/dau_tu_dai_dong,Đầu Tử Đại Đồng,,,,none,rejected,,skip,,"No match: formal_zh='', bio_zh=''"
data/ttl/TS-Dau-Tu-Vien-Tu.ttl,ex:monk/dau_tu_vien_tu,Đầu Tử Viên Tu,,,,none,rejected,,skip,,"No match: formal_zh='', bio_zh=''"
data/ttl/TS-Di-Phong-Kinh-Ninh.ttl,ex:monk/bach_van_khong_do,Nguyệt Khê Diệu Trừng,,,,none,rejected,,skip,,"No match: formal_zh='', bio_zh=''"
data/ttl/TS-Diem-Quan-Te-An.ttl,ex:monk/diem_quan_te_an,Diêm Quan Tề An,,,,none,rejected,,skip,,"No match: formal_zh='', bio_zh=''"
data/ttl/TS-Dien-Khanh-Hong-Chuan.ttl,ex:monk/dien_khanh_hong_chuan,Diên Khánh Hồng Chuẩn,,,,none,rejected,,skip,,"No match: formal_zh='', bio_zh=''"
data/ttl/TS-Dien-Khanh-Phap-Doan.ttl,ex:monk/dien_khanh_phap_doan,Diên Khánh Pháp Đoan,,,,none,rejected,,skip,,"No match: formal_zh='', bio_zh=''"
data/ttl/TS-Dien-Khanh-Thuc.ttl,ex:monk/dien_khanh_thuc,Diên Khánh Thúc,,,,none,rejected,,skip,,"No match: formal_zh='', bio_zh=''"
data/ttl/TS-Dien-Phuc-Tue-Thang.ttl,ex:monk/duc_vuong_doan_du,Diên Phúc Tuệ Thăng,,,,none,rejected,,skip,,"No match: formal_zh='', bio_zh=''"
data/ttl/TS-Dien-Triet-Hu-Van.ttl,ex:monk/dien_triet_hu_van,Diễn Triệt Hư Vân,,,,none,rejected,,skip,,"No match: formal_zh='', bio_zh=''"
data/ttl/TS-Diep-Huyen-Quy-Tinh.ttl,ex:monk/diep_huyen_quy_tinh,Diệp Huyện Quy Tỉnh,,,,none,rejected,,skip,,"No match: formal_zh='', bio_zh=''"
data/ttl/TS-Dieu-Khoa-Dao-Lam.ttl,ex:monk/dieu_khoa_dao_lam,Điểu Khòa Đạo Lâm,,,,none,rejected,,skip,,"No match: formal_zh='', bio_zh=''"
data/ttl/TS-Dieu-Lien-Thanh-Hoa.ttl,ex:monk/dieu_lien_thanh_hoa,Diệu Liên Thánh Hóa,,,,none,rejected,,skip,,"No match: formal_zh='', bio_zh=''"
data/ttl/TS-Dinh-Bao-Phong-Tri.ttl,ex:monk/dinh_bao_phong_tri,Đinh Bảo Phong Trí,,,,none,rejected,,skip,,"No match: formal_zh='', bio_zh=''"
data/ttl/TS-Dinh-Chau-Thien-Thoi.ttl,ex:monk/dinh_chau_thien_thoi,Định Châu Thiện Thôi,,,,none,rejected,,skip,,"No match: formal_zh='', bio_zh=''"
data/ttl/TS-Dinh-Chau-Thuy-Duong.ttl,ex:monk/dinh_chau_thuy_duong,Đinh Châu Thủy Đường,,,,none,rejected,,skip,,"No match: formal_zh='', bio_zh=''"
data/ttl/TS-Dinh-Hue-Sieu-Tin.ttl,ex:monk/dinh_hue_sieu_tin,Định Huệ Siêu Tín,,,,none,rejected,,skip,,"No match: formal_zh='', bio_zh=''"
data/ttl/TS-Dinh-Lam-Canh-Phuong.ttl,ex:monk/hung_hoa_nhan_nhac,Định Lâm Cảnh Phượng,,,,none,rejected,,skip,,"No match: formal_zh='', bio_zh=''"
data/ttl/TS-Dinh-Lam-Tue-Sam.ttl,ex:monk/dinh_lam_tue_sam,Định Lâm Tuệ Sâm,,,,none,rejected,,skip,,"No match: formal_zh='', bio_zh=''"
data/ttl/TS-Dinh-Phong-Qua-Thanh.ttl,ex:monk/dinh_phong_qua_thanh,Đỉnh Phong Quả Thành,,,,none,rejected,,skip,,"No match: formal_zh='', bio_zh=''"
data/ttl/TS-Do-Luong-Ton-Thuc.ttl,ex:monk/do_luong_ton_thuc,Đô Lương Tồn Thực,,,,none,rejected,,skip,,"No match: formal_zh='', bio_zh=''"
data/ttl/TS-Doan-Huc-Nhu-Hoang.ttl,ex:monk/doan_huc_nhu_hoang,Đoan Húc Như Hoằng,,,,none,rejected,,skip,,"No match: formal_zh='', bio_zh=''"
data/ttl/TS-Doan-Kieu-Dieu-Luan.ttl,ex:monk/doan_kieu_dieu_luan,Đoạn Kiều Diệu Luân,,,,none,rejected,,skip,,"No match: formal_zh='', bio_zh=''"
data/ttl/TS-Doan-Truc-Trong-Hoa.ttl,ex:monk/doan_truc_trong_hoa,Đoạn Trúc Trọng Hòa,,,,none,rejected,,skip,,"No match: formal_zh='', bio_zh=''"
data/ttl/TS-Doan-Vien-Chieu-Hoa.ttl,ex:monk/doan_vien_chieu_hoa,Đoan Viên Chiếu Hóa,,,,none,rejected,,skip,,"No match: formal_zh='', bio_zh=''"
data/ttl/TS-Don-Ha-Nghia-An.ttl,ex:monk/don_ha_nghia_an,Đơn Hà Nghĩa An,,,,none,rejected,,skip,,"No match: formal_zh='', bio_zh=''"
data/ttl/TS-Don-Ha-Thien-Nhien.ttl,ex:monk/don_ha_thien_nhien,Đơn Hà Thiên Nhiên,,,,none,rejected,,skip,,"No match: formal_zh='', bio_zh=''"
data/ttl/TS-Dong-An.ttl,ex:monk/dong_an,Động An,,,,none,rejected,,skip,,"No match: formal_zh='', bio_zh=''"
data/ttl/TS-Dong-Dinh-Tue-Nguyet.ttl,ex:monk/dong_dinh_tue_nguyet,Động Đình Tuệ Nguyệt,,,,none,rejected,,skip,,"No match: formal_zh='', bio_zh=''"
data/ttl/TS-Dong-Lam-Dao-Nhan.ttl,ex:monk/dong_lam_dao_nhan,Đông Lâm Đạo Nhan,,,,none,rejected,,skip,,"No match: formal_zh='', bio_zh=''"
data/ttl/TS-Dong-Lam-Tu-Tuan.ttl,ex:monk/dong_lam_tu_tuan,Đông Lâm Tự Tuân,,,,none,rejected,,skip,,"No match: formal_zh='', bio_zh=''"
data/ttl/TS-Dong-Minh-Nhan-Tien.ttl,ex:monk/dong_minh_nhan_tien,Đông Minh Nhân Tiên,,,,none,rejected,,skip,,"No match: formal_zh='', bio_zh=''"
data/ttl/TS-Dong-Minh-Thien.ttl,ex:monk/dong_minh_thien,Đông Minh Thiên,,,,none,rejected,,skip,,"No match: formal_zh='', bio_zh=''"
data/ttl/TS-Dong-Son-Bien.ttl,ex:monk/dong_son_bien,Động Sơn Biện,,,,none,rejected,,skip,,"No match: formal_zh='', bio_zh=''"
data/ttl/TS-Dong-Son-Cat.ttl,ex:monk/dong_son_cat,Đông Sơn Cát,,,,none,rejected,,skip,,"No match: formal_zh='', bio_zh=''"
data/ttl/TS-Dong-Son-Chi-Can.ttl,ex:monk/dong_son_chi_can,Ðộng Sơn Chí Càn,,,,none,rejected,,skip,,"No match: formal_zh='', bio_zh=''"
data/ttl/TS-Dong-Son-Giac.ttl,ex:monk/dong_son_giac,Đông Sơn Giác,,,,none,rejected,,skip,,"No match: formal_zh='', bio_zh=''"
data/ttl/TS-Dong-Son-Pham-Ngon.ttl,ex:monk/dong_son_pham_ngon,Đông Sơn Phạm Ngôn,,,,none,rejected,,skip,,"No match: formal_zh='', bio_zh=''"
data/ttl/TS-Dong-Son-Te-Vi.ttl,ex:monk/dong_son_te_vi,Giác A,,,,none,rejected,,skip,,"No match: formal_zh='', bio_zh=''"
data/ttl/TS-Dong-Son-Trach-Ngon.ttl,ex:monk/dong_son_pham_ngon,Động Sơn Trạch Ngôn,,,,none,rejected,,skip,,"No match: formal_zh='', bio_zh=''"
data/ttl/TS-Dong-Thien-Duy-Tu.ttl,ex:monk/dong_thien_duy_tu,Đông Thiền Duy Tư,,,,none,rejected,,skip,,"No match: formal_zh='', bio_zh=''"
data/ttl/TS-Dong-Thien-Tu-Nhac.ttl,ex:monk/dong_thien_tu_nhac,Đông Thiền Tư Nhạc,,,,none,rejected,,skip,,"No match: formal_zh='', bio_zh=''"
data/ttl/TS-Dong-Thien-Tung-Mat.ttl,ex:monk/dong_thien_tung_mat,Đông Thiền Tùng Mật,,,,none,rejected,,skip,,"No match: formal_zh='', bio_zh=''"
data/ttl/TS-Dot-Khong-Tri-Ban.ttl,ex:monk/bach_van_khong_do,Đột Không Trí Bản,,,,none,rejected,,skip,,"No match: formal_zh='', bio_zh=''"
data/ttl/TS-Duc-Son-Tu-Quyen.ttl,ex:monk/duc_son_tu_quyen,Đức Sơn Tử Quyên,,,,none,rejected,,skip,,"No match: formal_zh='', bio_zh=''"
data/ttl/TS-Duc-Son-Tuyen-Giam.ttl,ex:monk/duc_son_tuyen_giam,Đức Sơn Tuyên Giám,,,,none,rejected,,skip,,"No match: formal_zh='', bio_zh=''"
data/ttl/TS-Duc-Thien-Nhan-Hoi.ttl,ex:monk/duc_thien_nhan_hoi,Đức Thiền Nhân Hội,,,,none,rejected,,skip,,"No match: formal_zh='', bio_zh=''"
data/ttl/TS-Duc-Vuong-Dai-Quan.ttl,ex:monk/duc_vuong_dai_quan,Dục Vương Đại Quan,,,,none,rejected,,skip,,"No match: formal_zh='', bio_zh=''"
data/ttl/TS-Duc-Vuong-Doan-Du.ttl,ex:monk/duc_vuong_doan_du,Dục Vương Ðoan Dụ,,,,none,rejected,,skip,,"No match: formal_zh='', bio_zh=''"
data/ttl/TS-Duc-Vuong-Duc-Quang.ttl,ex:monk/duc_vuong_duc_quang,Dục Vương Đức Quang,,,,none,rejected,,skip,,"No match: formal_zh='', bio_zh=''"
data/ttl/TS-Duc-Vuong-Gioi-Kham.ttl,ex:monk/duc_vuong_gioi_kham,Dục Vương Giới Kham,,,,none,rejected,,skip,,"No match: formal_zh='', bio_zh=''"
data/ttl/TS-Duc-Vuong-Phap-Dat.ttl,ex:monk/duc_vuong_phap_dat,Dục Vương Pháp Ðạt,,,,none,rejected,,skip,,"No match: formal_zh='', bio_zh=''"
data/ttl/TS-Duc-Vuong-Tinh-Dam.ttl,ex:monk/duc_vuong_tinh_dam,Dục Vương Tịnh Ðàm,,,,none,rejected,,skip,,"No match: formal_zh='', bio_zh=''"
data/ttl/TS-Duc-Vuong-Tuan-Phac.ttl,ex:monk/duc_vuong_tuan_phac,Dục Vương Tuân Phác,,,,none,rejected,,skip,,"No match: formal_zh='', bio_zh=''"
data/ttl/TS-Duoc-Lam-Thach-Quan.ttl,ex:monk/duoc_lam_thach_quan,Dược Lâm Thạch Quan,,,,none,rejected,,skip,,"No match: formal_zh='', bio_zh=''"
data/ttl/TS-Duoc-Son-Duy-Nghiem.ttl,ex:monk/duoc_son_duy_nghiem,Dược Sơn Duy Nghiễm,,,,none,rejected,,skip,,"No match: formal_zh='', bio_zh=''"
data/ttl/TS-Duong-Chau-Te-Mat.ttl,ex:monk/duong_chau_te_mat,Dương Châu Tề Mật,,,,none,rejected,,skip,,"No match: formal_zh='', bio_zh=''"
data/ttl/TS-Duong-Chau-Tue-Giac.ttl,ex:monk/duong_chau_tue_giac,Dương Châu Tuệ Giác,,,,none,rejected,,skip,,"No match: formal_zh='', bio_zh=''"
data/ttl/TS-Duong-Ky-Chan-Thuc.ttl,ex:monk/duong_ky_chan_thuc,Dương Kỳ Chân Thúc,,,,none,rejected,,skip,,"No match: formal_zh='', bio_zh=''"
data/ttl/TS-Duong-Ky-Phuong-Hoi.ttl,ex:monk/duong_ky_phuong_hoi,Dương Kỳ Phương Hội,,,,none,rejected,,skip,,"No match: formal_zh='', bio_zh=''"
data/ttl/TS-Duy-Sieu-Nang-Xan.ttl,ex:monk/duy_sieu_nang_xan,Duy Siêu Năng Xán,,,,none,rejected,,skip,,"No match: formal_zh='', bio_zh=''"
data/ttl/TS-Duy-Thanh-Linh-Nguyen.ttl,ex:monk/duy_thanh_linh_nguyen,Duy Thanh Linh Nguyên,,,,none,rejected,,skip,,"No match: formal_zh='', bio_zh=''"
data/ttl/TS-Duyen-Chau-Hang-Ma-Tang.ttl,ex:monk/duyet_chau_hang_ma_tang,Duyện Châu Hàng Ma Tạng,,,,none,rejected,,skip,,"No match: formal_zh='', bio_zh=''"
data/ttl/TS-Giac-A.ttl,ex:monk/giac_a,Giác A,,,,none,rejected,,skip,,"No match: formal_zh='', bio_zh=''"
data/ttl/TS-Giac-Am-To-Thi.ttl,ex:monk/giac_am_to_thi,Đạo Nhân Giác Am Tổ Thị,,,,none,rejected,,skip,,"No match: formal_zh='', bio_zh=''"
data/ttl/TS-Giac-Bao-Thanh.ttl,ex:monk/giac_bao_thanh,Giác Báo Thanh,,,,none,rejected,,skip,,"No match: formal_zh='', bio_zh=''"
data/ttl/TS-Giang-Chau-Long-Van-Dai.ttl,ex:monk/giang_chau_long_van_dai,Giang Châu Long Vân Đài,,,,none,rejected,,skip,,"No match: formal_zh='', bio_zh=''"
data/ttl/TS-Giang-Tay-Bai-Tho.ttl,ex:monk/giang_tay_bai_tho,Giang Tây Bại Thọ,,,,none,rejected,,skip,,"No match: formal_zh='', bio_zh=''"
data/ttl/TS-Giang-Tay-Chi-Triet.ttl,ex:monk/giang_tay_chi_triet,Giang Tây Chí Triệt,,,,none,rejected,,skip,,"No match: formal_zh='', bio_zh=''"
data/ttl/TS-Giao-Trung-Di-Quang.ttl,ex:monk/giao_trung_di_quang,Giáo Trung Di Quang,,,,none,rejected,,skip,,"No match: formal_zh='', bio_zh=''"
data/ttl/TS-Giap-Son-Hieu-Thuan.ttl,ex:monk/giap_son_hieu_thuan,Giáp Sơn Hiểu Thuần,,,,none,rejected,,skip,,"No match: formal_zh='', bio_zh=''"
data/ttl/TS-Gioi-Hai-Vinh-Tu.ttl,ex:monk/gioi_hai_vinh_tu,Giới Hải Vĩnh Từ,,,,none,rejected,,skip,,"No match: formal_zh='', bio_zh=''"
data/ttl/TS-Ha-Bac-Tri-Hoang.ttl,ex:monk/ha_bac_tri_hoang,Hà Bắc Trí Hoàng,,,,none,rejected,,skip,,"No match: formal_zh='', bio_zh=''"
data/ttl/TS-Ha-Son-Nhien.ttl,ex:monk/ha_son_nhien,Hà Sơn Nhiên,,,,none,rejected,,skip,,"No match: formal_zh='', bio_zh=''"
data/ttl/TS-Ha-Son-Thu-Tuan.ttl,ex:monk/ha_son_thu_tuan,Hà Sơn Thủ Tuân,,,,none,rejected,,skip,,"No match: formal_zh='', bio_zh=''"
data/ttl/TS-Ha-Trach-Than-Hoi.ttl,ex:monk/ha_trach_than_hoi,Hà Trạch Thần Hội,,,,none,rejected,,skip,,"No match: formal_zh='', bio_zh=''"
data/ttl/TS-Ha-Trung-Cong-Ky.ttl,ex:monk/ha_trung_cong_ky,Hà Trung Công Kỳ,,,,none,rejected,,skip,,"No match: formal_zh='', bio_zh=''"
data/ttl/TS-Hac-Lam-Huyen-To.ttl,ex:monk/hac_lam_huyen_to,Hạc Lâm Huyền Tố,鶴林玄素,,,none,rejected,,skip,,"No match: formal_zh='', bio_zh='鶴林玄素'"
data/ttl/TS-Hac-Nhan.ttl,ex:monk/hac_nhan,Hắc Nhãn,,,,none,rejected,,skip,,"No match: formal_zh='', bio_zh=''"
data/ttl/TS-Hai-Hoi-Thu-Tung.ttl,ex:monk/hai_hoi_thu_tung,Hải Hội Thủ Tung,,,,none,rejected,,skip,,"No match: formal_zh='', bio_zh=''"
data/ttl/TS-Han-Chau-Da-Dia.ttl,ex:monk/han_chau_da_dia,Hân Châu Đả Địa,,,,none,rejected,,skip,,"No match: formal_zh='', bio_zh=''"
data/ttl/TS-Han-Nam-Cao-Dinh.ttl,ex:monk/han_nam_cao_dinh,Hán Nam Cao Đình,,,,none,rejected,,skip,,"No match: formal_zh='', bio_zh=''"
data/ttl/TS-Hang-Chau-Da-Phuoc.ttl,ex:monk/hang_chau_da_phuoc,Hàng Châu Đa Phước,,,,none,rejected,,skip,,"No match: formal_zh='', bio_zh=''"
data/ttl/TS-Hang-Chau-So-Nam.ttl,ex:monk/hang_chau_so_nam,Hàng Châu Sở Nam,,,,none,rejected,,skip,,"No match: formal_zh='', bio_zh=''"
data/ttl/TS-Hang-Chau-Thien-Long.ttl,ex:monk/hang_chau_thien_long,Hàng Châu Thiên Long,,,,none,rejected,,skip,,"No match: formal_zh='', bio_zh=''"
data/ttl/TS-Hang-Chau-Van-Hy.ttl,ex:monk/hang_chau_van_hy,Hàng Châu Văn Hỷ,,,,none,rejected,,skip,,"No match: formal_zh='', bio_zh=''"
data/ttl/TS-Hanh-Nhac-Dao-Bien.ttl,ex:monk/hanh_nhac_dao_bien,Hành Nhạc Đạo Biện,,,,none,rejected,,skip,,"No match: formal_zh='', bio_zh=''"
data/ttl/TS-Hanh-Nhac-Phung-Nang.ttl,ex:monk/hanh_nhac_phung_nang,Hành Nhạc Phụng Năng,,,,none,rejected,,skip,,"No match: formal_zh='', bio_zh=''"
data/ttl/TS-Hien-Ninh-Vien-Tri.ttl,ex:monk/hien_ninh_vien_tri,Hiển Ninh Viên Trí,,,,none,rejected,,skip,,"No match: formal_zh='', bio_zh=''"
data/ttl/TS-Ho-Khau-Nguyen-Tinh.ttl,ex:monk/ho_khau_nguyen_tinh,Hổ Khâu Nguyên Tịnh,,,,none,rejected,,skip,,"No match: formal_zh='', bio_zh=''"
data/ttl/TS-Ho-Khau-Thieu-Long.ttl,ex:monk/ho_khau_thieu_long,Hổ Khâu Thiệu Long,,,,none,rejected,,skip,,"No match: formal_zh='', bio_zh=''"
data/ttl/TS-Ho-Nam-Dong-Tu-Nhu-Hoi.ttl,ex:monk/ho_nam_dong_tu_nhu_hoi,Hồ Nam Đông Tự Như Hội,,,,none,rejected,,skip,,"No match: formal_zh='', bio_zh=''"
data/ttl/TS-Ho-Quoc-Canh-Nguyen.ttl,ex:monk/ho_quoc_canh_nguyen,Hộ Quốc Cảnh Nguyên,,,,none,rejected,,skip,,"No match: formal_zh='', bio_zh=''"
data/ttl/TS-Ho-Quoc-Canh-Tan.ttl,ex:monk/ho_quoc_canh_tan,Hộ Quốc Cảnh Tân,,,,none,rejected,,skip,,"No match: formal_zh='', bio_zh=''"
data/ttl/TS-Ho-Quoc-Te-Nguyet.ttl,ex:monk/ho_quoc_te_nguyet,Hộ Quốc Tề Nguyệt,,,,none,rejected,,skip,,"No match: formal_zh='', bio_zh=''"
data/ttl/TS-Ho-Quoc-Tue-Ban.ttl,ex:monk/ho_quoc_tue_ban,Hộ Quốc Tuệ Bản,,,,none,rejected,,skip,,"No match: formal_zh='', bio_zh=''"
data/ttl/TS-Hoa-Duoc-Nghia-Nhien.ttl,ex:monk/hoa_duoc_nghia_nhien,Hoa Dược Nghĩa Nhiên,,,,none,rejected,,skip,,"No match: formal_zh='', bio_zh=''"
data/ttl/TS-Hoa-Duoc-Nguyen-Cung.ttl,ex:monk/hoa_duoc_nguyen_cung,Hoa Dược Nguyên Cung,,,,none,rejected,,skip,,"No match: formal_zh='', bio_zh=''"
data/ttl/TS-Hoa-Lam-Thien-Giac.ttl,ex:monk/hoa_lam_thien_giac,Hoa Lâm Thiện Giác,,,,none,rejected,,skip,,"No match: formal_zh='', bio_zh=''"
data/ttl/TS-Hoa-Nghiem-Dao-Long.ttl,ex:monk/hoa_nghiem_dao_long,Hoa Nghiêm Ðạo Long,,,,none,rejected,,skip,,"No match: formal_zh='', bio_zh=''"
data/ttl/TS-Hoa-Nghiem-Pho-Tu.ttl,ex:monk/hoa_nghiem_pho_tu,Hoa Nghiêm Phổ Tư,,,,none,rejected,,skip,,"No match: formal_zh='', bio_zh=''"
data/ttl/TS-Hoa-Nghiem-To-Giac.ttl,ex:monk/hoa_nghiem_to_giac,Hoa Nghiêm Tổ Giác,,,,none,rejected,,skip,,"No match: formal_zh='', bio_zh=''"
data/ttl/TS-Hoa-Son-Chi-Truyen.ttl,ex:monk/hoa_son_chi_truyen,Hòa Sơn Chí Truyền,,,,none,rejected,,skip,,"No match: formal_zh='', bio_zh=''"
data/ttl/TS-Hoa-Son-Duc-Pho.ttl,ex:monk/hoa_son_duc_pho,Hòa Sơn Ðức Phổ,,,,none,rejected,,skip,,"No match: formal_zh='', bio_zh=''"
data/ttl/TS-Hoa-Son-Hue-Phuong.ttl,ex:monk/hoa_son_hue_phuong,Hòa Sơn Huệ Phương,,,,none,rejected,,skip,,"No match: formal_zh='', bio_zh=''"
data/ttl/TS-Hoa-Tang-An-Dan.ttl,ex:monk/hoa_tang_an_dan,Hoa Tạng An Dân,,,,none,rejected,,skip,,"No match: formal_zh='', bio_zh=''"
data/ttl/TS-Hoa-Tang-Giac-Thong.ttl,ex:monk/hoa_tang_giac_thong,Hoa Tạng Giác Thông,,,,none,rejected,,skip,,"No match: formal_zh='', bio_zh=''"
data/ttl/TS-Hoa-Tang-Tong-Dien.ttl,ex:monk/hoa_tang_tong_dien,Đại Huệ Tông Cảo,,,,none,rejected,,skip,,"No match: formal_zh='', bio_zh=''"
data/ttl/TS-Hoa-Tang-Tri-Tham.ttl,ex:monk/hoa_tang_tri_tham,Hoa Tạng Trí Thâm,,,,none,rejected,,skip,,"No match: formal_zh='', bio_zh=''"
data/ttl/TS-Hoac-Am-Su-The.ttl,ex:monk/hoac_am_su_the,Hoặc Am Sư Thể,,,,none,rejected,,skip,,"No match: formal_zh='', bio_zh=''"
data/ttl/TS-Hoac-Son-Canh-Thong.ttl,ex:monk/hoac_son_canh_thong,Hoắc Sơn Cảnh Thông,,,,none,rejected,,skip,,"No match: formal_zh='', bio_zh=''"
data/ttl/TS-Hoang-Ba-Dao-Toan.ttl,ex:monk/hoang_ba_dao_toan,Hoàng Bá Ðạo Toàn,,,,none,rejected,,skip,,"No match: formal_zh='', bio_zh=''"
data/ttl/TS-Hoang-Ba-Duy-Thang.ttl,ex:monk/hoang_ba_duy_thang,Hoàng Bá Duy Thắng,,,,none,rejected,,skip,,"No match: formal_zh='', bio_zh=''"
data/ttl/TS-Hoang-Ba-Hy-Van.ttl,ex:monk/hoang_ba_hy_van,Hoàng Bá Hy Vận,,,,none,rejected,,skip,,"No match: formal_zh='', bio_zh=''"
data/ttl/TS-Hoang-Ba-Vinh-Thai.ttl,ex:monk/hoang_ba_vinh_thai,Hoàng Bá Vĩnh Thái,,,,none,rejected,,skip,,"No match: formal_zh='', bio_zh=''"
data/ttl/TS-Hoang-Lien-Nghia-So.ttl,ex:monk/hoang_lien_nghia_so,Hoàng Liên Nghĩa Sơ,,,,none,rejected,,skip,,"No match: formal_zh='', bio_zh=''"
data/ttl/TS-Hoang-Long-Dao-Quan.ttl,ex:monk/hoang_long_dao_quan,Hoàng Long Ðạo Quán,,,,none,rejected,,skip,,"No match: formal_zh='', bio_zh=''"
data/ttl/TS-Hoang-Long-Duc-Phung.ttl,ex:monk/hoang_long_duc_phung,Hoàng Long Ðức Phùng,,,,none,rejected,,skip,,"No match: formal_zh='', bio_zh=''"
data/ttl/TS-Hoang-Long-Hue-Nam.ttl,ex:monk/hoang_long_hue_nam,Hoàng Long Huệ Nam,,,,none,rejected,,skip,,"No match: formal_zh='', bio_zh=''"
data/ttl/TS-Hoang-Long-Ngo-Tan.ttl,ex:monk/hoang_long_ngo_tan,Hoàng Long Ngộ Tân,,,,none,rejected,,skip,,"No match: formal_zh='', bio_zh=''"
data/ttl/TS-Hoang-Long-Nhu-Hieu.ttl,ex:monk/hoang_long_nhu_hieu,Hoàng Long Như Hiểu,,,,none,rejected,,skip,,"No match: formal_zh='', bio_zh=''"
data/ttl/TS-Hoang-Long-Phap-Trung.ttl,ex:monk/hoang_long_phap_trung,Hoàng Long Pháp Trung,,,,none,rejected,,skip,,"No match: formal_zh='', bio_zh=''"
data/ttl/TS-Hoang-Long-Tri-Minh.ttl,ex:monk/hoang_long_tri_minh,Cư Sĩ Thái Sử Hoàng Ðình Kiên,,,,none,rejected,,skip,,"No match: formal_zh='', bio_zh=''"
data/ttl/TS-Hoang-Nham-Bao-Hien.ttl,ex:monk/hoang_nham_bao_hien,Hoàng Nham Bảo Hiên,,,,none,rejected,,skip,,"No match: formal_zh='', bio_zh=''"
data/ttl/TS-Hoanh-Hoa-Nguyen-Ngo.ttl,ex:monk/hoanh_hoa_nguyen_ngo,Hoành Hóa Nguyên Ngộ,,,,none,rejected,,skip,,"No match: formal_zh='', bio_zh=''"
data/ttl/TS-Hoat-Ngo-Long-Tham.ttl,ex:monk/hoat_ngo_long_tham,Hoát Ngộ Long Tham,,,,none,rejected,,skip,,"No match: formal_zh='', bio_zh=''"
data/ttl/TS-Hoi-Duong-To-Tam.ttl,ex:monk/hoi_duong_to_tam,Hối Đường Tổ Tâm,,,,none,rejected,,skip,,"No match: formal_zh='', bio_zh=''"
data/ttl/TS-Hong-Chau-Dong-Son-Tue.ttl,ex:monk/hong_chau_dong_son_tue,Hồng Châu Đông Sơn Tuệ,,,,none,rejected,,skip,,"No match: formal_zh='', bio_zh=''"
data/ttl/TS-Hong-Chau-Me-Linh.ttl,ex:monk/hong_chau_me_linh,Hồng Châu Mễ Lĩnh,,,,none,rejected,,skip,,"No match: formal_zh='', bio_zh=''"
data/ttl/TS-Hong-Chau-Phat-Dat.ttl,ex:monk/hong_chau_phap_dat,Hồng Châu Pháp Đạt,,,,none,rejected,,skip,,"No match: formal_zh='', bio_zh=''"
data/ttl/TS-Hong-Chau-Tay-Son-Luong.ttl,ex:monk/hong_chau_tay_son_luong,Hồng Châu Tây Sơn Lượng,,,,none,rejected,,skip,,"No match: formal_zh='', bio_zh=''"
data/ttl/TS-Hong-Chau-Thuy-Lao.ttl,ex:monk/hong_chau_thuy_lao,Hồng Châu Thủy Lão,,,,none,rejected,,skip,,"No match: formal_zh='', bio_zh=''"
data/ttl/TS-Hong-Phuoc-Tu-Giao.ttl,ex:monk/hong_phuoc_tu_giao,Hồng Phước Tử Giao,,,,none,rejected,,skip,,"No match: formal_zh='', bio_zh=''"
data/ttl/TS-Hue-Doan.ttl,ex:monk/hue_doan,Huệ Đoan,,,,none,rejected,,skip,,"No match: formal_zh='', bio_zh=''"
data/ttl/TS-Hung-Duong-Hien.ttl,ex:monk/hung_duong_hien,Hưng Dương Hiền,,,,none,rejected,,skip,,"No match: formal_zh='', bio_zh=''"
data/ttl/TS-Hung-Giao-Than.ttl,ex:monk/hung_giao_than,Hưng Giáo Thản,,,,none,rejected,,skip,,"No match: formal_zh='', bio_zh=''"
data/ttl/TS-Hung-Giao-Tue-Thuan.ttl,ex:monk/hung_giao_tue_thuan,Hưng Giáo Tuệ Thuân,,,,none,rejected,,skip,,"No match: formal_zh='', bio_zh=''"
data/ttl/TS-Hung-Hoa-Kha-Do.ttl,ex:monk/hung_hoa_kha_do,Hưng Hóa Khả Ðô,,,,none,rejected,,skip,,"No match: formal_zh='', bio_zh=''"
data/ttl/TS-Hung-Hoa-Nhan-Nhac.ttl,ex:monk/hung_hoa_nhan_nhac,Hưng Hóa Nhân Nhạc,,,,none,rejected,,skip,,"No match: formal_zh='', bio_zh=''"
data/ttl/TS-Hung-Hoa-Phap-Trung.ttl,ex:monk/hung_hoa_phap_trung,Hưng Hóa Pháp Trừng,,,,none,rejected,,skip,,"No match: formal_zh='', bio_zh=''"
data/ttl/TS-Hung-Hoa-Thieu-Thanh.ttl,ex:monk/hung_hoa_thieu_thanh,Hưng Hóa Thiệu Thanh,,,,none,rejected,,skip,,"No match: formal_zh='', bio_zh=''"
data/ttl/TS-Hung-Hoa-Ton-Tuong.ttl,ex:monk/hung_hoa_ton_tuong,Hưng Hóa Tồn Tưởng,,,,none,rejected,,skip,,"No match: formal_zh='', bio_zh=''"
data/ttl/TS-Hung-Phuoc-Khuong-Nguyen.ttl,ex:monk/hung_phuoc_khuong_nguyen,Hưng Phước Khương Nguyên,,,,none,rejected,,skip,,"No match: formal_zh='', bio_zh=''"
data/ttl/TS-Hung-Quoc-Chan-Lang.ttl,ex:monk/hung_quoc_chan_lang,Hưng Quốc Chấn Lãng,,,,none,rejected,,skip,,"No match: formal_zh='', bio_zh=''"
data/ttl/TS-Hung-Quoc-Khe-Nha.ttl,ex:monk/hung_quoc_khe_nha,Hưng Quốc Khế Nhã,,,,none,rejected,,skip,,"No match: formal_zh='', bio_zh=''"
data/ttl/TS-Huong-Duong-Hy-An.ttl,ex:monk/huong_duong_hy_an,Hương Dương Hy Ẩn,,,,none,rejected,,skip,,"No match: formal_zh='', bio_zh=''"
data/ttl/TS-Huong-Nghiem-Dong-Phu.ttl,ex:monk/huong_nghiem_dong_phu,Hương Nghiêm Ðộng Phu,,,,none,rejected,,skip,,"No match: formal_zh='', bio_zh=''"
data/ttl/TS-Huong-Nghiem-Nghia-Doan.ttl,ex:monk/huong_nghiem_nghia_doan,Hương Nghiêm Nghĩa Đoan,,,,none,rejected,,skip,,"No match: formal_zh='', bio_zh=''"
data/ttl/TS-Huong-Nghiem-Tri-Nhan.ttl,ex:monk/huong_nghiem_tri_nhan,Hương Nghiêm Trí Nhàn,,,,none,rejected,,skip,,"No match: formal_zh='', bio_zh=''"
data/ttl/TS-Huong-Son-Duy-Duc.ttl,ex:monk/huong_son_duy_duc,Hương Sơn Duy Đức,,,,none,rejected,,skip,,"No match: formal_zh='', bio_zh=''"
data/ttl/TS-Huong-Son-Uan-Luong.ttl,ex:monk/huong_son_uan_luong,Hương Sơn Uẩn Lương,,,,none,rejected,,skip,,"No match: formal_zh='', bio_zh=''"
data/ttl/TS-Huu-Thanh-Phap-Cu.ttl,ex:monk/huu_thanh_phap_cu,Hựu Thánh Pháp Cư,,,,none,rejected,,skip,,"No match: formal_zh='', bio_zh=''"
data/ttl/TS-Huyen-Sa-Hop-Van.ttl,ex:monk/huyen_sa_hop_van,Huyền Sa Hợp Văn,,,,none,rejected,,skip,,"No match: formal_zh='', bio_zh=''"
data/ttl/TS-Huyen-Sa-Tang-Chieu.ttl,ex:monk/huyen_sa_tang_chieu,Huyền Sa Tăng Chiêu,,,,none,rejected,,skip,,"No match: formal_zh='', bio_zh=''"
data/ttl/TS-Huyen-Sach.ttl,ex:monk/huyen_sach,Huyền Sách,,,,none,rejected,,skip,,"No match: formal_zh='', bio_zh=''"
data/ttl/TS-Ich-Chau-Tay-Muc.ttl,ex:monk/ich_chau_tay_muc,Ích Châu Tây Mục,,,,none,rejected,,skip,,"No match: formal_zh='', bio_zh=''"
data/ttl/TS-Ich-Chau-Truong-Binh.ttl,ex:monk/ich_chau_truong_binh,Ích Châu Trường Bình,,,,none,rejected,,skip,,"No match: formal_zh='', bio_zh=''"
data/ttl/TS-Ich-Chau-Ung-Thien.ttl,ex:monk/ich_chau_ung_thien,Ích Châu Ứng Thiên,,,,none,rejected,,skip,,"No match: formal_zh='', bio_zh=''"
data/ttl/TS-Ke-Lam-Dao-Nghia.ttl,ex:monk/ke_lam_dao_nghia,Kê Lâm Đạo Nghĩa,,,,none,rejected,,skip,,"No match: formal_zh='', bio_zh=''"
data/ttl/TS-Khai-Nguyen-Chi-Khiem.ttl,ex:monk/khai_nguyen_chi_khiem,Khai Nguyên Chí Khiêm,,,,none,rejected,,skip,,"No match: formal_zh='', bio_zh=''"
data/ttl/TS-Khai-Nguyen-Tu-Kha.ttl,ex:monk/khai_nguyen_tu_kha,Khai Nguyên Tử Kha,,,,none,rejected,,skip,,"No match: formal_zh='', bio_zh=''"
data/ttl/TS-Khai-Phuoc-Dao-Ninh.ttl,ex:monk/khai_phuoc_dao_ninh,Khai Phước Đạo Ninh,,,,none,rejected,,skip,,"No match: formal_zh='', bio_zh=''"
data/ttl/TS-Khai-Phuoc-Tong-Triet.ttl,ex:monk/khai_phuoc_tong_triet,Khai Phước Tông Triết,,,,none,rejected,,skip,,"No match: formal_zh='', bio_zh=''"
data/ttl/TS-Khai-Thien-Dao-Khiem.ttl,ex:monk/khai_thien_dao_khiem,Khai Thiện Đạo Khiêm,,,,none,rejected,,skip,,"No match: formal_zh='', bio_zh=''"
data/ttl/TS-Khai-Tien-Hanh-Anh.ttl,ex:monk/khai_tien_hanh_anh,Khai Tiên Hạnh Anh,,,,none,rejected,,skip,,"No match: formal_zh='', bio_zh=''"
data/ttl/TS-Kham-Son-Pho-So.ttl,ex:monk/kham_son_pho_so,Khâm Sơn Phổ Sơ,,,,none,rejected,,skip,,"No match: formal_zh='', bio_zh=''"
data/ttl/TS-Khanh-Thien-Pho-Nang.ttl,ex:monk/khanh_thien_pho_nang,Khánh Thiện Phổ Năng,,,,none,rejected,,skip,,"No match: formal_zh='', bio_zh=''"
data/ttl/TS-Khanh-Thien-Thu-Long.ttl,ex:monk/thien_khanh_thu_long,Thiện Khánh Thủ Long,,,,none,rejected,,skip,,"No match: formal_zh='', bio_zh=''"
data/ttl/TS-Khanh-Thien-Tong-Chan.ttl,ex:monk/khanh_thien_tong_chan,Khánh Thiện Tông Chấn,,,,none,rejected,,skip,,"No match: formal_zh='', bio_zh=''"
data/ttl/TS-Khoan-Tinh.ttl,ex:monk/khoan_tinh,Khoan Tịnh,,,,none,rejected,,skip,,"No match: formal_zh='', bio_zh=''"
data/ttl/TS-Khong-That-Tri-Thong.ttl,ex:monk/khong_that_tri_thong,Không Thất Trí Thông,,,,none,rejected,,skip,,"No match: formal_zh='', bio_zh=''"
data/ttl/TS-Khuong-Son-Phuong.ttl,ex:monk/khuong_son_phuong,Khương Sơn Phương,,,,none,rejected,,skip,,"No match: formal_zh='', bio_zh=''"
data/ttl/TS-Kiem-Mon-Nam-Tu-Tao.ttl,ex:monk/kiem_mon_nam_tu_tao,Kiếm Môn Nam Tu Tạo,,,,none,rejected,,skip,,"No match: formal_zh='', bio_zh=''"
data/ttl/TS-Kien-Chau-Bach-Van-Uoc.ttl,ex:monk/kien_chau_bach_van_uoc,Kiến Châu Bạch Vân Ước,,,,none,rejected,,skip,,"No match: formal_zh='', bio_zh=''"
data/ttl/TS-Kien-Chau-Xu-Triet.ttl,ex:monk/kien_chau_xu_triet,Kiền Châu Xứ Triệt,,,,none,rejected,,skip,,"No match: formal_zh='', bio_zh=''"
data/ttl/TS-Kien-Long-Chieu-Khanh.ttl,ex:monk/kien_long_chieu_khanh,Kiến Long Chiêu Khánh,,,,none,rejected,,skip,,"No match: formal_zh='', bio_zh=''"
data/ttl/TS-Kim-Chau-Thao.ttl,ex:monk/kim_chau_thao,Kim Châu Thao,,,,none,rejected,,skip,,"No match: formal_zh='', bio_zh=''"
data/ttl/TS-Kim-Hoa-Cau-Chi.ttl,ex:monk/kim_hoa_cau_chi,Kim Hoa Câu Chi,,,,none,rejected,,skip,,"No match: formal_zh='', bio_zh=''"
data/ttl/TS-Kim-Lang-Du-Dao-Ba.ttl,ex:monk/kim_lang_du_dao_ba,Kim Lăng Du Đạo Bà,,,,none,rejected,,skip,,"No match: formal_zh='', bio_zh=''"
data/ttl/TS-Kim-Lang-Phap-Tri.ttl,ex:monk/kim_lang_phap_tri,Kim Lăng Pháp Trì,,,,none,rejected,,skip,,"No match: formal_zh='', bio_zh=''"
data/ttl/TS-Kim-Son-Dam-Dinh.ttl,ex:monk/kim_son_dam_dinh,Kim Sơn Ðàm Dĩnh,,,,none,rejected,,skip,,"No match: formal_zh='', bio_zh=''"
data/ttl/TS-Kim-Son-Thien-Khai.ttl,ex:monk/kim_son_thien_khai,Kim Sơn Thiện Khai,,,,none,rejected,,skip,,"No match: formal_zh='', bio_zh=''"
data/ttl/TS-Kim-Son-Vien-Thong.ttl,ex:monk/kim_son_vien_thong,Kim Sơn Viên Thông,,,,none,rejected,,skip,,"No match: formal_zh='', bio_zh=''"
data/ttl/TS-Kim-Thang-Van.ttl,ex:monk/kim_thang_van,Kim Thằng Văn,,,,none,rejected,,skip,,"No match: formal_zh='', bio_zh=''"
data/ttl/TS-Kinh-Son-Bao-An.ttl,ex:monk/kinh_son_bao_an,Kính Sơn Bảo Ấn,,,,none,rejected,,skip,,"No match: formal_zh='', bio_zh=''"
data/ttl/TS-Kinh-Son-Dao-Kham.ttl,ex:monk/kinh_son_dao_kham,Kính Sơn Đạo Khâm,,,,none,rejected,,skip,,"No match: formal_zh='', bio_zh=''"
data/ttl/TS-Kinh-Son-Dao-Xung.ttl,ex:monk/kinh_son_dao_xung,Kính Sơn Đạo Xung,,,,none,rejected,,skip,,"No match: formal_zh='', bio_zh=''"
data/ttl/TS-Kinh-Son-Dieu-Cao.ttl,ex:monk/kinh_son_dieu_cao,Kính Sơn Diệu Cao,,,,none,rejected,,skip,,"No match: formal_zh='', bio_zh=''"
data/ttl/TS-Kinh-Son-Giam-Tong.ttl,ex:monk/kinh_son_giam_tong,Kính Sơn Giám Tông,,,,none,rejected,,skip,,"No match: formal_zh='', bio_zh=''"
data/ttl/TS-Kinh-Son-Hanh-Doan.ttl,ex:monk/kinh_son_hanh_doan,Kính Sơn Hạnh Ðoan,,,,none,rejected,,skip,,"No match: formal_zh='', bio_zh=''"
data/ttl/TS-Kinh-Son-Hong-Nhan.ttl,ex:monk/kinh_son_hong_nhan,Kính Sơn Hồng Nhân,,,,none,rejected,,skip,,"No match: formal_zh='', bio_zh=''"
data/ttl/TS-Kinh-Son-Lieu-Minh.ttl,ex:monk/kinh_son_lieu_minh,Kính Sơn Liễu Minh,,,,none,rejected,,skip,,"No match: formal_zh='', bio_zh=''"
data/ttl/TS-Kinh-Son-Nguyen-Hy.ttl,ex:monk/kinh_son_nguyen_hy,Kính Sơn Nguyên Hy,,,,none,rejected,,skip,,"No match: formal_zh='', bio_zh=''"
data/ttl/TS-Kinh-Son-Nhu-Diem.ttl,ex:monk/kinh_son_nhu_diem,Kính Sơn Như Diễm,,,,none,rejected,,skip,,"No match: formal_zh='', bio_zh=''"
data/ttl/TS-Kinh-Son-Thien-Tran.ttl,ex:monk/kinh_son_thien_tran,Kính Sơn Thiện Trân,,,,none,rejected,,skip,,"No match: formal_zh='', bio_zh=''"
data/ttl/TS-Kinh-Son-Tri-Sach.ttl,ex:monk/kinh_son_tri_sach,Kính Sơn Trí Sách,,,,none,rejected,,skip,,"No match: formal_zh='', bio_zh=''"
data/ttl/TS-Kinh-Trieu-Duy-Khoan.ttl,ex:monk/kinh_trieu_duy_khoan,Kinh Triệu Duy Khoan,,,,none,rejected,,skip,,"No match: formal_zh='', bio_zh=''"
data/ttl/TS-Kinh-Trieu-Hoang-Bien.ttl,ex:monk/kinh_trieu_hoang_bien,Kinh Triệu Hoằng Biện,,,,none,rejected,,skip,,"No match: formal_zh='', bio_zh=''"
data/ttl/TS-Kinh-Trieu-Hung-Binh.ttl,ex:monk/kinh_trieu_hung_binh,Kinh Triệu Hưng Bình,,,,none,rejected,,skip,,"No match: formal_zh='', bio_zh=''"
data/ttl/TS-Kinh-Trieu-Me-Ho.ttl,ex:monk/kinh_trieu_me_ho,Kinh Triệu Mễ Hồ,,,,none,rejected,,skip,,"No match: formal_zh='', bio_zh=''"
data/ttl/TS-Kinh-Trieu-Thao-Duong.ttl,ex:monk/kinh_trieu_thao_duong,Kinh Triệu Thảo Đường,,,,none,rejected,,skip,,"No match: formal_zh='', bio_zh=''"
data/ttl/TS-Kinh-Trieu-Thi-Loi.ttl,ex:monk/kinh_trieu_thi_loi,Đàm Châu Hoa Lâm,,,,none,rejected,,skip,,"No match: formal_zh='', bio_zh=''"
data/ttl/TS-Ky-Ngan-Pho-Minh.ttl,ex:monk/ky_ngan_pho_minh,Kỳ Ngạn Phổ Minh,,,,none,rejected,,skip,,"No match: formal_zh='', bio_zh=''"
data/ttl/TS-La-Han-He-Nam.ttl,ex:monk/la_han_he_nam,La Hán Hệ Nam,,,,none,rejected,,skip,,"No match: formal_zh='', bio_zh=''"
data/ttl/TS-La-Han-Tong-Triet.ttl,ex:monk/la_han_tong_triet,La Hán Tông Triệt,,,,none,rejected,,skip,,"No match: formal_zh='', bio_zh=''"
data/ttl/TS-La-Phu-Hy.ttl,ex:monk/la_phu_hy,La Phù Hy,,,,none,rejected,,skip,,"No match: formal_zh='', bio_zh=''"
data/ttl/TS-Lac-Dam-Buu-Long.ttl,ex:monk/lac_dam_buu_long,Lặc Đàm Bửu Long,,,,none,rejected,,skip,,"No match: formal_zh='', bio_zh=''"
data/ttl/TS-Lac-Dam-Canh-Tuong.ttl,ex:monk/lac_dam_canh_tuong,Lặc Đàm Cảnh Tường,,,,none,rejected,,skip,,"No match: formal_zh='', bio_zh=''"
data/ttl/TS-Lac-Dam-Duc-Thuan.ttl,ex:monk/lac_dam_duc_thuan,Lặc Đàm Ðức Thuần,,,,none,rejected,,skip,,"No match: formal_zh='', bio_zh=''"
data/ttl/TS-Lac-Dam-Duy-Kien.ttl,ex:monk/lac_dam_duy_kien,Lặc Đàm Duy Kiến,,,,none,rejected,,skip,,"No match: formal_zh='', bio_zh=''"
data/ttl/TS-Lac-Dam-Hieu-Nguyet.ttl,ex:monk/lac_dam_hieu_nguyet,Lặc Đàm Hiểu Nguyệt,,,,none,rejected,,skip,,"No match: formal_zh='', bio_zh=''"
data/ttl/TS-Lac-Dam-Hong-Anh.ttl,ex:monk/lac_dam_hong_anh,Lặc Đàm Hồng Anh,,,,none,rejected,,skip,,"No match: formal_zh='', bio_zh=''"
data/ttl/TS-Lac-Dam-Khac-Van.ttl,ex:monk/lac_dam_khac_van,Lặc Đàm Khắc Văn,,,,none,rejected,,skip,,"No match: formal_zh='', bio_zh=''"
data/ttl/TS-Lac-Dam-Phap-Hoi.ttl,ex:monk/lac_dam_phap_hoi,Lặc Đàm Pháp Hội,,,,none,rejected,,skip,,"No match: formal_zh='', bio_zh=''"
data/ttl/TS-Lac-Dam-Thien-Thanh.ttl,ex:monk/lac_dam_thien_thanh,Lặc Đàm Thiện Thanh,,,,none,rejected,,skip,,"No match: formal_zh='', bio_zh=''"
data/ttl/TS-Lac-Dam-Thuong-Hung.ttl,ex:monk/lac_dam_thuong_hung,Lặc Đàm Thường Hưng,,,,none,rejected,,skip,,"No match: formal_zh='', bio_zh=''"
data/ttl/TS-Lac-Dam-Trach-Minh.ttl,ex:monk/lac_dam_trach_minh,Lặc Đàm Trạch Minh,,,,none,rejected,,skip,,"No match: formal_zh='', bio_zh=''"
data/ttl/TS-Lac-Dam-Ung-Can.ttl,ex:monk/lac_dam_ung_can,Lặc Đàm Ứng Càn,,,,none,rejected,,skip,,"No match: formal_zh='', bio_zh=''"
data/ttl/TS-Lac-Dam-Van-Chuan.ttl,ex:monk/lac_dam_van_chuan,Lặc Đàm Văn Chuẩn,,,,none,rejected,,skip,,"No match: formal_zh='', bio_zh=''"
data/ttl/TS-Lac-Kinh-Hac-Gian.ttl,ex:monk/lac_kinh_hac_gian,Lạc Kinh Hắc Giản,,,,none,rejected,,skip,,"No match: formal_zh='', bio_zh=''"
data/ttl/TS-Lam-Te-Nghia-Huyen.ttl,ex:monk/lam_te_nghia_huyen,Lâm Tế Nghĩa Huyền,,,,none,rejected,,skip,,"No match: formal_zh='', bio_zh=''"
data/ttl/TS-Lang-Chau-Co-De.ttl,ex:monk/lang_chau_co_de,Lãng Châu Cổ Đề,,,,none,rejected,,skip,,"No match: formal_zh='', bio_zh=''"
data/ttl/TS-Lang-Chau-Hoai-Chinh.ttl,ex:monk/lang_chau_hoai_chinh,Lãng Châu Hoài Chính,,,,none,rejected,,skip,,"No match: formal_zh='', bio_zh=''"
data/ttl/TS-Lang-Nha-Phuong-Duyet.ttl,ex:monk/lang_nha_phuong_duyet,Lang Nha Phương Duyệt,,,,none,rejected,,skip,,"No match: formal_zh='', bio_zh=''"
data/ttl/TS-Lang-Nha-Tri-Thien.ttl,ex:monk/lang_nha_tri_thien,Lang Nha Trí Thiên,,,,none,rejected,,skip,,"No match: formal_zh='', bio_zh=''"
data/ttl/TS-Lang-Nha-Tue-Giac.ttl,ex:monk/lang_nha_tue_giac,Lang Nha Tuệ Giác,,,,none,rejected,,skip,,"No match: formal_zh='', bio_zh=''"
data/ttl/TS-Lang-Nha-Vinh-Khoi.ttl,ex:monk/lang_da_vinh_khoi,Lang Da Vĩnh Khởi,,,,none,rejected,,skip,,"No match: formal_zh='', bio_zh=''"
data/ttl/TS-Lang-Son-Tue-On.ttl,ex:monk/lang_son_tue_on,Lang Sơn Tuệ Ôn,,,,none,rejected,,skip,,"No match: formal_zh='', bio_zh=''"
data/ttl/TS-Lao-Na-Tu-Dang-Dai-Hoang.ttl,ex:monk/lao_na_tu_dang_dai_hoang,Đại Hồng Tổ Chứng,,,,none,rejected,,skip,,"No match: formal_zh='', bio_zh=''"
data/ttl/TS-Lenh-Nhan-Minh-That.ttl,ex:monk/lenh_nhan_minh_that,Ðạo Nhân Lệnh Nhân Minh Thất,,,,none,rejected,,skip,,"No match: formal_zh='', bio_zh=''"
data/ttl/TS-Liem-Tuyen-Dam-Tu.ttl,ex:monk/liem_tuyen_dam_tu,Liêm Tuyền Ðàm Tú,,,,none,rejected,,skip,,"No match: formal_zh='', bio_zh=''"
data/ttl/TS-Lien-Van-Dao-Nang.ttl,ex:monk/lien_van_dao_nang,Liên Vân Ðạo Năng,,,,none,rejected,,skip,,"No match: formal_zh='', bio_zh=''"
data/ttl/TS-Linh-An-Chi-Thien.ttl,ex:monk/linh_an_chi_thien,Linh Ẩn Chi Thiện,,,,none,rejected,,skip,,"No match: formal_zh='', bio_zh=''"
data/ttl/TS-Linh-An-Dao-An.ttl,ex:monk/linh_an_dao_an,Linh Ẩn Ðạo Ấn,,,,none,rejected,,skip,,"No match: formal_zh='', bio_zh=''"
data/ttl/TS-Linh-An-Duc-Chuong.ttl,ex:monk/linh_an_duc_chuong,Linh Ẩn Ðức Chương,,,,none,rejected,,skip,,"No match: formal_zh='', bio_zh=''"
data/ttl/TS-Linh-An-Duc-Tu.ttl,ex:monk/linh_an_duc_tu,Linh Ẩn Ðức Tư,,,,none,rejected,,skip,,"No match: formal_zh='', bio_zh=''"
data/ttl/TS-Linh-An-Lieu-Dien.ttl,ex:monk/linh_an_lieu_dien,Linh Ẩn Liễu Diễn,,,,none,rejected,,skip,,"No match: formal_zh='', bio_zh=''"
data/ttl/TS-Linh-An-Sung-Nhac.ttl,ex:monk/linh_an_sung_nhac,Linh Ẩn Sùng Nhạc,,,,none,rejected,,skip,,"No match: formal_zh='', bio_zh=''"
data/ttl/TS-Linh-An-To-Ngan.ttl,ex:monk/linh_an_to_ngan,Linh Ẩn Tổ Ngân,,,,none,rejected,,skip,,"No match: formal_zh='', bio_zh=''"
data/ttl/TS-Linh-An-Tue-Vien.ttl,ex:monk/linh_an_tue_vien,Linh Ẩn Tuệ Viễn,,,,none,rejected,,skip,,"No match: formal_zh='', bio_zh=''"
data/ttl/TS-Linh-Cuu.ttl,ex:monk/thach_cuu,Thạch Cữu,,,,none,rejected,,skip,,"No match: formal_zh='', bio_zh=''"
data/ttl/TS-Linh-Kieu.ttl,ex:monk/linh_kieu,Linh Kiệu,,,,none,rejected,,skip,,"No match: formal_zh='', bio_zh=''"
data/ttl/TS-Linh-Nham-Lieu-Tanh.ttl,ex:monk/linh_nham_lieu_tanh,Linh Nham Liễu Tánh,,,,none,rejected,,skip,,"No match: formal_zh='', bio_zh=''"
data/ttl/TS-Linh-Nham-Trong-Xac.ttl,ex:monk/linh_nham_trong_xac,Linh Nham Trọng Xác,,,,none,rejected,,skip,,"No match: formal_zh='', bio_zh=''"
data/ttl/TS-Linh-Son-Ban-Ngon.ttl,ex:monk/linh_son_ban_ngon,Linh Sơn Bản Ngôn,,,,none,rejected,,skip,,"No match: formal_zh='', bio_zh=''"
data/ttl/TS-Linh-Son-Ngan-Van.ttl,ex:monk/linh_son_ngan_van,Linh Sơn Ngạn Văn,,,,none,rejected,,skip,,"No match: formal_zh='', bio_zh=''"
data/ttl/TS-Linh-Thuu-Tong-Anh.ttl,ex:monk/linh_thuu_tong_anh,Linh Thứu Tông Ánh,,,,none,rejected,,skip,,"No match: formal_zh='', bio_zh=''"
data/ttl/TS-Linh-Thuu-Tue-Giac.ttl,ex:monk/linh_thuu_tue_giac,Linh Thứu Tuệ Giác,,,,none,rejected,,skip,,"No match: formal_zh='', bio_zh=''"
data/ttl/TS-Linh-Van-Chi-Can.ttl,ex:monk/linh_van_chi_can,Linh Vân Chí Cần,,,,none,rejected,,skip,,"No match: formal_zh='', bio_zh=''"
data/ttl/TS-Lo-Son-Phap-Chan.ttl,ex:monk/lo_son_phap_chan,Lô Sơn Pháp Chân,,,,none,rejected,,skip,,"No match: formal_zh='', bio_zh=''"
data/ttl/TS-Lo-To-Bao-Van.ttl,ex:monk/lo_to_bao_van,Lỗ Tổ Bảo Vân,,,,none,rejected,,skip,,"No match: formal_zh='', bio_zh=''"
data/ttl/TS-Loc-Mon-Tue-Chieu.ttl,ex:monk/loc_mon_tue_chieu,Lộc Môn Tuệ Chiêu,,,,none,rejected,,skip,,"No match: formal_zh='', bio_zh=''"
data/ttl/TS-Loc-Thanh.ttl,ex:monk/loc_thanh,Lộc Thanh,,,,none,rejected,,skip,,"No match: formal_zh='', bio_zh=''"
data/ttl/TS-Loi-Son.ttl,ex:monk/loi_son,Lợi Sơn,,,,none,rejected,,skip,,"No match: formal_zh='', bio_zh=''"
data/ttl/TS-Long-An-Nhu-Hai.ttl,ex:monk/long_an_nhu_hai,Long An Như Hải,,,,none,rejected,,skip,,"No match: formal_zh='', bio_zh=''"
data/ttl/TS-Long-Dam-Sung-Tin.ttl,ex:monk/long_dam_sung_tin,Long Đàm Sùng Tín,,,,none,rejected,,skip,,"No match: formal_zh='', bio_zh=''"
data/ttl/TS-Long-Dam-Tri-Vien.ttl,ex:monk/long_dam_tri_vien,Long Đàm Trí Viên,,,,none,rejected,,skip,,"No match: formal_zh='', bio_zh=''"
data/ttl/TS-Long-Hoa-Ban.ttl,ex:monk/long_hoa_ban,Long Hoa Bản,,,,none,rejected,,skip,,"No match: formal_zh='', bio_zh=''"
data/ttl/TS-Long-Hoa-Cao.ttl,ex:monk/long_hoa_cao,Long Hoa Cao,,,,none,rejected,,skip,,"No match: formal_zh='', bio_zh=''"
data/ttl/TS-Long-Hoa-Dao-So.ttl,ex:monk/long_hoa_dao_so,Long Hoa Ðạo Sơ,,,,none,rejected,,skip,,"No match: formal_zh='', bio_zh=''"
data/ttl/TS-Long-Hoa-Hieu-Ngu.ttl,ex:monk/long_hoa_hieu_ngu,Long Hoa Hiểu Ngu,,,,none,rejected,,skip,,"No match: formal_zh='', bio_zh=''"
data/ttl/TS-Long-Hoa-Te-Nhac.ttl,ex:monk/kim_son_dam_dinh,Kim Sơn Ðàm Dĩnh,,,,none,rejected,,skip,,"No match: formal_zh='', bio_zh=''"
data/ttl/TS-Long-Hung-Su-Dinh.ttl,ex:monk/long_hung_su_dinh,Long Hưng Sư Ðịnh,,,,none,rejected,,skip,,"No match: formal_zh='', bio_zh=''"
data/ttl/TS-Long-Khanh-Khanh-Nhan.ttl,ex:monk/long_khanh_khanh_nhan,Long Khánh Khánh Nhàn,,,,none,rejected,,skip,,"No match: formal_zh='', bio_zh=''"
data/ttl/TS-Long-Minh-Hien.ttl,ex:monk/long_minh_hien,Long Minh Hiền,,,,none,rejected,,skip,,"No match: formal_zh='', bio_zh=''"
data/ttl/TS-Long-Mon-Chieu.ttl,ex:monk/long_mon_chieu,Long Môn Chiếu,,,,none,rejected,,skip,,"No match: formal_zh='', bio_zh=''"
data/ttl/TS-Long-Nha-Tong-Mat.ttl,ex:monk/long_nha_tong_mat,Long Nha Tông Mật,,,,none,rejected,,skip,,"No match: formal_zh='', bio_zh=''"
data/ttl/TS-Long-Nha-Tri-Tai.ttl,ex:monk/long_nha_tri_tai,Long Nha Trí Tài,,,,none,rejected,,skip,,"No match: formal_zh='', bio_zh=''"
data/ttl/TS-Long-Nha-Vien-Suong.ttl,ex:monk/long_nha_vien_suong,Long Nha Viên Sướng,,,,none,rejected,,skip,,"No match: formal_zh='', bio_zh=''"
data/ttl/TS-Long-Tuong-Hy-Lien.ttl,ex:monk/long_tuong_hy_lien,Long Tường Hy Liên,,,,none,rejected,,skip,,"No match: formal_zh='', bio_zh=''"
data/ttl/TS-Long-Tuong-Nam-Nha.ttl,ex:monk/long_tuong_nam_nha,Long Tường Nam Nhã,,,,none,rejected,,skip,,"No match: formal_zh='', bio_zh=''"
data/ttl/TS-Long-Tuong-Si-Khue.ttl,ex:monk/long_tuong_si_khue,Long Tường Sĩ Khuê,,,,none,rejected,,skip,,"No match: formal_zh='', bio_zh=''"
data/ttl/TS-Long-Tuyen-Quy.ttl,ex:monk/long_tuyen_quy,Long Tuyền Quỳ,,,,none,rejected,,skip,,"No match: formal_zh='', bio_zh=''"
data/ttl/TS-Long-Vuong-Thien-Tuy.ttl,ex:monk/long_vuong_thien_tuy,Long Vương Thiện Tùy,,,,none,rejected,,skip,,"No match: formal_zh='', bio_zh=''"
data/ttl/TS-Lu-Chau-Dai-Giac.ttl,ex:monk/lu_chau_dai_giac,Lư Châu Đại Giác,,,,none,rejected,,skip,,"No match: formal_zh='', bio_zh=''"
data/ttl/TS-Lung-Chau-Quoc-Thanh-Phung.ttl,ex:monk/lung_chau_quoc_thanh_phung,Lũng Châu Quốc Thanh Phụng,,,,none,rejected,,skip,,"No match: formal_zh='', bio_zh=''"
data/ttl/TS-Lung-Nhung-Tri-Vien.ttl,ex:monk/lung_nhung_tri_vien,Lũng Nhung Trí Viên,,,,none,rejected,,skip,,"No match: formal_zh='', bio_zh=''"
data/ttl/TS-Luong-Phong-Dong-Uyen.ttl,ex:monk/luong_phong_dong_uyen,Lương Phong Ðộng Uyên,,,,none,rejected,,skip,,"No match: formal_zh='', bio_zh=''"
data/ttl/TS-Luong-Son-Hoai.ttl,ex:monk/luong_son_hoai,Lương Sơn Hoài,,,,none,rejected,,skip,,"No match: formal_zh='', bio_zh=''"
data/ttl/TS-Luong-Son-Su-Vien.ttl,ex:monk/luong_son_su_vien,Lương Sơn Sư Viễn,,,,none,rejected,,skip,,"No match: formal_zh='', bio_zh=''"
data/ttl/TS-Ly-Thon-Tu-Man.ttl,ex:monk/ly_thon_tu_man,Ly Thôn Tự Mãn,,,,none,rejected,,skip,,"No match: formal_zh='', bio_zh=''"
data/ttl/TS-Ma-Coc-Bao-Triet.ttl,ex:monk/ma_coc_bao_triet,Ma Cốc Bảo Triệt,,,,none,rejected,,skip,,"No match: formal_zh='', bio_zh=''"
data/ttl/TS-Ma-Dau-Than-Tang.ttl,ex:monk/ma_dau_than_tang,Mã Đầu Thần Tạng,,,,none,rejected,,skip,,"No match: formal_zh='', bio_zh=''"
data/ttl/TS-Ma-To-Dao-Nhat.ttl,ex:monk/ma_to_dao_nhat,Mã Tổ Đạo Nhất,,,,none,rejected,,skip,,"No match: formal_zh='', bio_zh=''"
data/ttl/TS-Mat-Am-Han-Kiet.ttl,ex:monk/mat_am_han_kiet,Mật Am Hàn Kiệt,,,,none,rejected,,skip,,"No match: formal_zh='', bio_zh=''"
data/ttl/TS-Mat-Van-Vien-Ngo.ttl,ex:monk/mat_van_vien_ngo,Mật Vân Viên Ngộ,,,,none,rejected,,skip,,"No match: formal_zh='', bio_zh=''"
data/ttl/TS-Me-Lanh.ttl,ex:monk/me_lanh,Mễ Lãnh,,,,none,rejected,,skip,,"No match: formal_zh='', bio_zh=''"
data/ttl/TS-Me-Thuong.ttl,ex:monk/me_thuong,Mễ Thương,,,,none,rejected,,skip,,"No match: formal_zh='', bio_zh=''"
data/ttl/TS-Minh-Chau-Quan-Tong.ttl,ex:monk/minh_chau_quan_tong,Minh Châu Quán Tông,,,,none,rejected,,skip,,"No match: formal_zh='', bio_zh=''"
data/ttl/TS-Minh-Hai-Phap-Bao.ttl,ex:monk/minh_hai_phap_bao,Nguyên Thiều Siêu Bạch,,,,none,rejected,,skip,,"No match: formal_zh='', bio_zh=''"
data/ttl/TS-Minh-Hanh-Tai-Tai.ttl,ex:monk/minh_hanh_tai_tai,Minh Hành Tại Tại,,,,none,rejected,,skip,,"No match: formal_zh='', bio_zh=''"
data/ttl/TS-Minh-Hoang-Tu-Dung.ttl,,,,,,none,rejected,,skip,,"No match: formal_zh='', bio_zh=''"
data/ttl/TS-Minh-Khe-Dao-Hanh.ttl,ex:monk/minh_khue_dao_hanh,Minh Khê Đạo Hạnh,,,,none,rejected,,skip,,"No match: formal_zh='', bio_zh=''"
data/ttl/TS-Minh-Nhan-Dam-Ngoan.ttl,ex:monk/minh_nhan_dam_ngoan,Minh Nhân Ðàm Ngoạn,,,,none,rejected,,skip,,"No match: formal_zh='', bio_zh=''"
data/ttl/TS-Moc-Tran-Tung-Lang.ttl,ex:monk/moc_tran_tung_lang,Mộc Trần Tùng Lãng,,,,none,rejected,,skip,,"No match: formal_zh='', bio_zh=''"
data/ttl/TS-Mong-Khe.ttl,ex:monk/mong_khe,Mông Khê,,,,none,rejected,,skip,,"No match: formal_zh='', bio_zh=''"
data/ttl/TS-Mong-Son-Dao-Minh.ttl,ex:monk/mong_son_hue_minh,Mông Sơn Huệ Minh,,,,none,rejected,,skip,,"No match: formal_zh='', bio_zh=''"
data/ttl/TS-Muc-Chau-Dao-Minh.ttl,ex:monk/muc_chau_dao_minh,Mục Châu Đạo Minh,,,,none,rejected,,skip,,"No match: formal_zh='', bio_zh=''"
data/ttl/TS-Muc-Chau-Tran-Thao.ttl,ex:monk/muc_chau_tran_thao,Mục Châu Trần Thao,,,,none,rejected,,skip,,"No match: formal_zh='', bio_zh=''"
data/ttl/TS-Nam-Dai-Duang-Cung.ttl,ex:monk/nam_dai_duan_cung,Nam Đài Duẫn Cung,,,,none,rejected,,skip,,"No match: formal_zh='', bio_zh=''"
data/ttl/TS-Nam-Dang-Phap-Khong.ttl,ex:monk/nam_dang_phap_khong,Nam Đãng Pháp Không,,,,none,rejected,,skip,,"No match: formal_zh='', bio_zh=''"
data/ttl/TS-Nam-Duong-Hue-Trung.ttl,ex:monk/nam_duong_hue_trung,Nam Dương Huệ Trung,,,,none,rejected,,skip,,"No match: formal_zh='', bio_zh=''"
data/ttl/TS-Nam-Hoa-Tri-Binh.ttl,ex:monk/nam_hoa_tri_binh,Nam Hoa Tri Bính,,,,none,rejected,,skip,,"No match: formal_zh='', bio_zh=''"
data/ttl/TS-Nam-Minh-Dao-Quang.ttl,ex:monk/nam_minh_dao_quang,Nam Minh Đạo Quảng,,,,none,rejected,,skip,,"No match: formal_zh='', bio_zh=''"
data/ttl/TS-Nam-Nguyen-Dao-Minh.ttl,ex:monk/nam_nguyen_dao_minh,Nam Nguyên Đạo Minh,,,,none,rejected,,skip,,"No match: formal_zh='', bio_zh=''"
data/ttl/TS-Nam-Nhac-Hoai-Nhuong.ttl,ex:monk/nam_nhac_hoai_nhuong,Nam Nhạc Hoài Nhượng,,,,none,rejected,,skip,,"No match: formal_zh='', bio_zh=''"
data/ttl/TS-Nam-Nhac-Huyen-Thai.ttl,ex:monk/nam_nhac_huyen_thai,Nam Nhạc Huyền Thái,,,,none,rejected,,skip,,"No match: formal_zh='', bio_zh=''"
data/ttl/TS-Nam-Nhac-Minh-Toan.ttl,ex:monk/nam_nhac_minh_toan,Đạo Tuyên,,,,none,rejected,,skip,,"No match: formal_zh='', bio_zh=''"
data/ttl/TS-Nam-Nham-Thang.ttl,ex:monk/nam_nham_thang,Nam Nham Thắng,,,,none,rejected,,skip,,"No match: formal_zh='', bio_zh=''"
data/ttl/TS-Nam-Phong-Duy-Quang.ttl,ex:monk/nam_phong_duy_quang,Nam Phong Duy Quảng,,,,none,rejected,,skip,,"No match: formal_zh='', bio_zh=''"
data/ttl/TS-Nam-Phong-Van-Bien.ttl,ex:monk/nam_phong_van_bien,Nam Phong Vân Biện,,,,none,rejected,,skip,,"No match: formal_zh='', bio_zh=''"
data/ttl/TS-Nam-Phong-Vinh-Trinh.ttl,ex:monk/nam_phong_vinh_trinh,Nam Phong Vĩnh Trình,,,,none,rejected,,skip,,"No match: formal_zh='', bio_zh=''"
data/ttl/TS-Nam-Thap-Quang-Dung.ttl,ex:monk/nam_thap_quang_dung,Nam Tháp Quang Dũng,,,,none,rejected,,skip,,"No match: formal_zh='', bio_zh=''"
data/ttl/TS-Nam-Thien-Vo-Nhiem.ttl,ex:monk/nam_thien_vo_nhiem,Nam Thiền Vô Nhiễm,,,,none,rejected,,skip,,"No match: formal_zh='', bio_zh=''"
data/ttl/TS-Nam-Tuyen-Pho-Nguyen.ttl,ex:monk/nam_tuyen_pho_nguyen,Nam Tuyền Phổ Nguyện,,,,none,rejected,,skip,,"No match: formal_zh='', bio_zh=''"
data/ttl/TS-Nam-Vien-Hue-Ngung.ttl,ex:monk/nam_vien_hue_ngung,Nam Viện Huệ Ngung,,,,none,rejected,,skip,,"No match: formal_zh='', bio_zh=''"
data/ttl/TS-Nang-Nhan-Thieu-Ngo.ttl,ex:monk/nang_nhan_thieu_ngo,Năng Nhân Thiệu Ngộ,,,,none,rejected,,skip,,"No match: formal_zh='', bio_zh=''"
data/ttl/TS-Nang-Nhan-To-Nguyen.ttl,ex:monk/nang_nhan_to_nguyen,Năng Nhân Tổ Nguyên,,,,none,rejected,,skip,,"No match: formal_zh='', bio_zh=''"
data/ttl/TS-Nga-Ho-Dai-Nghia.ttl,ex:monk/nga_ho_dai_nghia,Nga Hồ Đại Nghĩa,,,,none,rejected,,skip,,"No match: formal_zh='', bio_zh=''"
data/ttl/TS-Ngac-Chau-Phu-Dung.ttl,ex:monk/ngac_chau_phu_dung,Ngạc Châu Phù Dung,,,,none,rejected,,skip,,"No match: formal_zh='', bio_zh=''"
data/ttl/TS-Ngac-Chau-Vo-Dang.ttl,ex:monk/ngac_chau_vo_dang,Ngạc Châu Vô Đẳng,,,,none,rejected,,skip,,"No match: formal_zh='', bio_zh=''"
data/ttl/TS-Ngo-Hung-Phap-Hai.ttl,ex:monk/ngo_hung_phap_hai,Ngô Hưng Pháp Hải,,,,none,rejected,,skip,,"No match: formal_zh='', bio_zh=''"
data/ttl/TS-Ngo-Thanh-Cu-Tinh.ttl,ex:monk/ho_thanh_cu_tinh,Hộ Thánh Cư Tỉnh,,,,none,rejected,,skip,,"No match: formal_zh='', bio_zh=''"
data/ttl/TS-Ngo-Thap-Tam.ttl,ex:monk/ngo_thap_tam,Đạo nhân Ngô Thập Tam,,,,none,rejected,,skip,,"No match: formal_zh='', bio_zh=''"
data/ttl/TS-Ngo-Tu-Tam-Khong.ttl,ex:monk/ngo_tu_tam_khong,Ngộ Tu Tâm Không,,,,none,rejected,,skip,,"No match: formal_zh='', bio_zh=''"
data/ttl/TS-Ngoc-Tuyen-Dam-Y.ttl,ex:monk/ngoc_tuyen_dam_y,Ngọc Tuyền Ðàm Ý,,,,none,rejected,,skip,,"No match: formal_zh='', bio_zh=''"
data/ttl/TS-Ngoc-Tuyen-Ngo-Khong.ttl,ex:monk/ngoc_tuyen_ngo_khong,Ngọc Tuyền Ngộ Không,,,,none,rejected,,skip,,"No match: formal_zh='', bio_zh=''"
data/ttl/TS-Ngoc-Tuyen-Than-Tu.ttl,ex:monk/ngoc_tuyen_than_tu,Ngọc Tuyền Thần Tú,,,,none,rejected,,skip,,"No match: formal_zh='', bio_zh=''"
data/ttl/TS-Ngoc-Tuyen-Thien-Sieu.ttl,ex:monk/ngoc_tuyen_thien_sieu,Ngọc Tuyền Thiên Siêu,,,,none,rejected,,skip,,"No match: formal_zh='', bio_zh=''"
data/ttl/TS-Ngoc-Tuyen-Tong-Lien.ttl,ex:monk/ngoc_tuyen_tong_lien,Ngọc Tuyền Tông Liên,,,,none,rejected,,skip,,"No match: formal_zh='', bio_zh=''"
data/ttl/TS-Ngoc-Tuyen-Vi-Phuong.ttl,ex:monk/ngoc_tuyen_vi_phuong,Ngọc Tuyền Vị Phương,,,,none,rejected,,skip,,"No match: formal_zh='', bio_zh=''"
data/ttl/TS-Ngu-Dai-An-Phong.ttl,ex:monk/ngu_dai_an_phong,Ngũ Đài Ẩn Phong,,,,none,rejected,,skip,,"No match: formal_zh='', bio_zh=''"
data/ttl/TS-Ngu-Dai-Cu-Phuong.ttl,ex:monk/ngu_dai_cu_phuong,Ngũ Đài Cự Phương,,,,none,rejected,,skip,,"No match: formal_zh='', bio_zh=''"
data/ttl/TS-Ngu-Dai-Tri-Thong.ttl,ex:monk/ngu_dai_tri_thong,Ngũ Đài Trí Thông,,,,none,rejected,,skip,,"No match: formal_zh='', bio_zh=''"
data/ttl/TS-Ngu-Due-Linh-Mac.ttl,ex:monk/ngu_due_linh_mac,Ngũ Duệ Linh Mặc,,,,none,rejected,,skip,,"No match: formal_zh='', bio_zh=''"
data/ttl/TS-Ngu-Phong-Ban.ttl,ex:monk/ngu_phong_ban,Ngũ Phong Bản,,,,none,rejected,,skip,,"No match: formal_zh='', bio_zh=''"
data/ttl/TS-Ngu-Phong-Thuong-Quan.ttl,ex:monk/ngu_phong_thuong_quan,Ngũ Phong Thường Quán,,,,none,rejected,,skip,,"No match: formal_zh='', bio_zh=''"
data/ttl/TS-Ngu-To-Bieu-Tu.ttl,ex:monk/ngu_to_bieu_tu,Ngũ Tổ Biểu Tự,,,,none,rejected,,skip,,"No match: formal_zh='', bio_zh=''"
data/ttl/TS-Ngu-To-Hieu-Thuong.ttl,ex:monk/ngu_to_hieu_thuong,Ngũ Tổ Hiểu Thường,,,,none,rejected,,skip,,"No match: formal_zh='', bio_zh=''"
data/ttl/TS-Nguong-Son-Dong-Thap.ttl,ex:monk/nguong_son_dong_thap,Ngưỡng Sơn Đông Tháp,,,,none,rejected,,skip,,"No match: formal_zh='', bio_zh=''"
data/ttl/TS-Nguong-Son-Hanh-Vy.ttl,ex:monk/nguong_son_hanh_vy,Ngưỡng Sơn Hạnh Vỹ,,,,none,rejected,,skip,,"No match: formal_zh='', bio_zh=''"
data/ttl/TS-Nguong-Son-Hue-Tich.ttl,ex:monk/nguong_son_hue_tich,Ngưỡng Sơn Huệ Tịch,,,,none,rejected,,skip,,"No match: formal_zh='', bio_zh=''"
data/ttl/TS-Nguong-Son-Huu-An.ttl,ex:monk/nguong_son_huu_an,Ngưỡng Sơn Hữu Ân,,,,none,rejected,,skip,,"No match: formal_zh='', bio_zh=''"
data/ttl/TS-Nguong-Son-Thanh-Gian.ttl,ex:monk/nguong_son_thanh_gian,Ngưỡng Sơn Thanh Giản,,,,none,rejected,,skip,,"No match: formal_zh='', bio_zh=''"
data/ttl/TS-Nguu-Dau-Hue-Phuong.ttl,ex:monk/nguu_dau_hue_phuong,Ngưu Đầu Huệ Phương,,,,none,rejected,,skip,,"No match: formal_zh='', bio_zh=''"
data/ttl/TS-Nguu-Dau-Hue-Trung.ttl,ex:monk/nguu_dau_hue_trung,Ngưu Đầu Huệ Trung,,,,none,rejected,,skip,,"No match: formal_zh='', bio_zh=''"
data/ttl/TS-Nguu-Dau-Phap-Dung.ttl,ex:monk/nguu_dau_phap_dung,Ngưu Đầu Pháp Dung,,,,none,rejected,,skip,,"No match: formal_zh='', bio_zh=''"
data/ttl/TS-Nguu-Dau-Tri-Nham.ttl,ex:monk/nguu_dau_tri_nham,Ngưu Đầu Trí Nham,,,,none,rejected,,skip,,"No match: formal_zh='', bio_zh=''"
data/ttl/TS-Nguu-Dau-Tri-Oai.ttl,ex:monk/nguu_dau_tri_oai,Ngưu Đầu Trí Oai,,,,none,rejected,,skip,,"No match: formal_zh='', bio_zh=''"
data/ttl/TS-Nguyen-Le.ttl,ex:monk/nguyen_le,Nguyên Lễ,,,,none,rejected,,skip,,"No match: formal_zh='', bio_zh=''"
data/ttl/TS-Nguyen-Thieu-Sieu-Bach.ttl,ex:monk/nguyen_thieu_sieu_bach,Nguyên Thiều Siêu Bạch,,,,none,rejected,,skip,,"No match: formal_zh='', bio_zh=''"
data/ttl/TS-Nguyet-Chau-Than-Giam.ttl,ex:monk/nguyet_chau_than_giam,Nguyệt Châu Thần Giám,,,,none,rejected,,skip,,"No match: formal_zh='', bio_zh=''"
data/ttl/TS-Nguyet-Chuong-Tri-Uyen.ttl,ex:monk/nguyet_chuong_tri_uyen,Bảo Ninh Nhân Dũng,,,,none,rejected,,skip,,"No match: formal_zh='', bio_zh=''"
data/ttl/TS-Nguyet-Danh-Dao-Luan.ttl,ex:monk/nguyet_danh_dao_luan,Nguyệt Đảnh Ðạo Luân,,,,none,rejected,,skip,,"No match: formal_zh='', bio_zh=''"
data/ttl/TS-Nguyet-Khue-Dieu-Trung.ttl,ex:monk/nguyet_khe_dieu_trung,Nguyệt Khê Diệu Trừng,,,,none,rejected,,skip,,"No match: formal_zh='', bio_zh=''"
data/ttl/TS-Nhac-Son-Am-Chu-To.ttl,ex:monk/nhac_son_am_chu_to,Nhạc Sơn Am Chủ Tổ,,,,none,rejected,,skip,,"No match: formal_zh='', bio_zh=''"
data/ttl/TS-Nhan-Tho-Tu-Tran.ttl,ex:monk/nhan_tho_tu_tran,Nhân Thọ Từ Trân,,,,none,rejected,,skip,,"No match: formal_zh='', bio_zh=''"
data/ttl/TS-Nhat-Dung.ttl,ex:monk/nhat_dung,Nhật Dung,,,,none,rejected,,skip,,"No match: formal_zh='', bio_zh=''"
data/ttl/TS-Nhat-Tu.ttl,ex:monk/nhat_tu,Nhật Tử,,,,none,rejected,,skip,,"No match: formal_zh='', bio_zh=''"
data/ttl/TS-Nhi-Linh-Tri-Hoa.ttl,ex:monk/nhi_linh_tri_hoa,Am Chủ Nhị Linh Tri Hòa,,,,none,rejected,,skip,,"No match: formal_zh='', bio_zh=''"
data/ttl/TS-Nhu-Chau-Nam-Vien.ttl,ex:monk/nhu_chau_nam_vien,Nhữ Châu Nam Viện,,,,none,rejected,,skip,,"No match: formal_zh='', bio_zh=''"
data/ttl/TS-Nhuan-Vuong-Xu-Binh.ttl,ex:monk/nhuan_vuong_xu_binh,Nhuận Vương Xứ Bình,,,,none,rejected,,skip,,"No match: formal_zh='', bio_zh=''"
data/ttl/TS-O-Cuu.ttl,ex:monk/o_cuu,Ô Cựu,,,,none,rejected,,skip,,"No match: formal_zh='', bio_zh=''"
data/ttl/TS-O-Hoi-Luong-Pham.ttl,ex:monk/o_hoi_luong_pham,Ô Hồi Lương Phạm,,,,none,rejected,,skip,,"No match: formal_zh='', bio_zh=''"
data/ttl/TS-O-Nhai-So.ttl,ex:monk/o_nhai_so,Ô Nhai Sở,,,,none,rejected,,skip,,"No match: formal_zh='', bio_zh=''"
data/ttl/TS-O-Thach-Linh-Quan.ttl,ex:monk/o_thach_linh_quan,Ô Thạch Linh Quán,,,,none,rejected,,skip,,"No match: formal_zh='', bio_zh=''"
data/ttl/TS-On-Chau-Phat-Ao.ttl,ex:monk/on_chau_phat_ao,Ôn Châu Phật Áo,,,,none,rejected,,skip,,"No match: formal_zh='', bio_zh=''"
data/ttl/TS-Pha-Am-To-Tien.ttl,ex:monk/pha_am_to_tien,Phá Am Tổ Tiên,,,,none,rejected,,skip,,"No match: formal_zh='', bio_zh=''"
data/ttl/TS-Phan-Chau-Thach-Lau.ttl,ex:monk/phan_chau_thach_lau,Phần Châu Thạch Lâu,,,,none,rejected,,skip,,"No match: formal_zh='', bio_zh=''"
data/ttl/TS-Phan-Chau-Vo-Nghiep.ttl,ex:monk/phan_chau_vo_nghiep,Phần Châu Vô Nghiệp,,,,none,rejected,,skip,,"No match: formal_zh='', bio_zh=''"
data/ttl/TS-Phan-Duong-Thien-Chieu.ttl,ex:monk/phan_duong_thien_chieu,Phần Dương Thiện Chiêu,,,,none,rejected,,skip,,"No match: formal_zh='', bio_zh=''"
data/ttl/TS-Phap-Hoa-Toan-Cu.ttl,ex:monk/phap_hoa_toan_cu,Pháp Hoa Toàn Cử,,,,none,rejected,,skip,,"No match: formal_zh='', bio_zh=''"
data/ttl/TS-Phap-Kinh-Ngo-Trung.ttl,ex:monk/phap_kinh_ngo_trung,Pháp Kính Ngô Trung,,,,none,rejected,,skip,,"No match: formal_zh='', bio_zh=''"
data/ttl/TS-Phap-Le.ttl,ex:monk/phap_le,Pháp Lệ,,,,none,rejected,,skip,,"No match: formal_zh='', bio_zh=''"
data/ttl/TS-Phap-Luan-Ngan-Tu.ttl,ex:monk/phap_luan_ngan_tu,Pháp Luân Ngạn Tư,,,,none,rejected,,skip,,"No match: formal_zh='', bio_zh=''"
data/ttl/TS-Phap-Luan-Te-Thiem.ttl,ex:monk/phap_luan_te_thiem,Pháp Luân Tề Thiêm,,,,none,rejected,,skip,,"No match: formal_zh='', bio_zh=''"
data/ttl/TS-Phap-Luan-Ung-Doan.ttl,ex:monk/phap_luan_ung_doan,Pháp Luân Ứng Ðoan,,,,none,rejected,,skip,,"No match: formal_zh='', bio_zh=''"
data/ttl/TS-Phap-Luan-Van-Duc.ttl,ex:monk/phap_luan_van_duc,Pháp Luân Văn Dục,,,,none,rejected,,skip,,"No match: formal_zh='', bio_zh=''"
data/ttl/TS-Phap-Mon-Phat-Da.ttl,ex:monk/phung_tuong_phat_da,Phụng Tường Phật Đà,,,,none,rejected,,skip,,"No match: formal_zh='', bio_zh=''"
data/ttl/TS-Phap-Nhu.ttl,ex:monk/phap_nhu,Pháp Như,,,,none,rejected,,skip,,"No match: formal_zh='', bio_zh=''"
data/ttl/TS-Phap-So.ttl,ex:monk/phap_so,Pháp Sơ,,,,none,rejected,,skip,,"No match: formal_zh='', bio_zh=''"
data/ttl/TS-Phap-Tanh-An-Tong.ttl,ex:monk/phap_tanh_an_tong,Pháp Tánh Ấn Tông,,,,none,rejected,,skip,,"No match: formal_zh='', bio_zh=''"
data/ttl/TS-Phap-Thach-Tue-Khong.ttl,ex:monk/phap_thach_tue_khong,Pháp Thạch Tuệ Không,,,,none,rejected,,skip,,"No match: formal_zh='', bio_zh=''"
data/ttl/TS-Phap-Van-Cao.ttl,ex:monk/phap_van_cao,Pháp Vân Cảo,,,,none,rejected,,skip,,"No match: formal_zh='', bio_zh=''"
data/ttl/TS-Phat-Bao-Phap-Hoa.ttl,ex:monk/phat_bao_phap_hoa,Phật Bảo Pháp Hóa,,,,none,rejected,,skip,,"No match: formal_zh='', bio_zh=''"
data/ttl/TS-Phat-Quang-Nhu-Man.ttl,ex:monk/phat_quang_nhu_man,Phật Quang Như Mãn,,,,none,rejected,,skip,,"No match: formal_zh='', bio_zh=''"
data/ttl/TS-Phat-Quat-Duy-Tac.ttl,ex:monk/phat_quat_duy_tac,Phật Quật Duy Tắc,,,,none,rejected,,skip,,"No match: formal_zh='', bio_zh=''"
data/ttl/TS-Phat-Y-Linh-Nhac.ttl,ex:monk/phat_y_linh_nhac,Phật Ý Linh Nhạc,,,,none,rejected,,skip,,"No match: formal_zh='', bio_zh=''"
data/ttl/TS-Pho-Chieu-Hieu-Kham.ttl,ex:monk/pho_chieu_hieu_kham,Phổ Chiếu Hiểu Khâm,,,,none,rejected,,skip,,"No match: formal_zh='', bio_zh=''"
data/ttl/TS-Pho-Hien-Nguyen-To.ttl,ex:monk/pho_hien_nguyen_to,Phổ Hiền Nguyên Tố,,,,none,rejected,,skip,,"No match: formal_zh='', bio_zh=''"
data/ttl/TS-Pho-Minh-Duc-Dung.ttl,ex:monk/pho_minh_duc_dung,Phổ Minh Đức Dụng,,,,none,rejected,,skip,,"No match: formal_zh='', bio_zh=''"
data/ttl/TS-Pho-Tu-Sung-Tran.ttl,ex:monk/pho_tu_sung_tran,Phổ Từ Sùng Trân,,,,none,rejected,,skip,,"No match: formal_zh='', bio_zh=''"
data/ttl/TS-Phong-Huyet-Dien-Chieu.ttl,ex:monk/phong_huyet_dien_chieu,Phong Huyệt Diên Chiểu,,,,none,rejected,,skip,,"No match: formal_zh='', bio_zh=''"
data/ttl/TS-Phu-Boi.ttl,ex:monk/phu_boi,Phù Bôi,,,,none,rejected,,skip,,"No match: formal_zh='', bio_zh=''"
data/ttl/TS-Phu-Chan-Chan-Kien.ttl,ex:monk/phu_chan_chan_kien,Phù Chẩn Chân Kiên,,,,none,rejected,,skip,,"No match: formal_zh='', bio_zh=''"
data/ttl/TS-Phu-Dung-Linh-Huan.ttl,ex:monk/phu_dung_linh_huan,Phù Dung Linh Huấn,,,,none,rejected,,skip,,"No match: formal_zh='', bio_zh=''"
data/ttl/TS-Phu-Dung-Thai-Duc.ttl,ex:monk/phu_dung_thai_duc,Phù Dung Thái Dục,,,,none,rejected,,skip,,"No match: formal_zh='', bio_zh=''"
data/ttl/TS-Phu-Son-Duc-Tuyen.ttl,ex:monk/phu_son_duc_tuyen,Phù Sơn Ðức Tuyên,,,,none,rejected,,skip,,"No match: formal_zh='', bio_zh=''"
data/ttl/TS-Phu-Son-Phap-Vien.ttl,ex:monk/phu_son_phap_vien,Phù Sơn Pháp Viễn,,,,none,rejected,,skip,,"No match: formal_zh='', bio_zh=''"
data/ttl/TS-Phuc-Chau-Dai-An.ttl,ex:monk/,,,,,none,rejected,,skip,,"No match: formal_zh='', bio_zh=''"
data/ttl/TS-Phuc-Nguu-Tu-Tai.ttl,ex:monk/phuc_nguu_tu_tai,Phục Ngưu Tự Tại,,,,none,rejected,,skip,,"No match: formal_zh='', bio_zh=''"
data/ttl/TS-Phuc-Tien-Nhan-Kiem.ttl,ex:monk/phuc_tien_nhan_kiem,Phúc Tiên Nhân Kiệm,,,,none,rejected,,skip,,"No match: formal_zh='', bio_zh=''"
data/ttl/TS-Phung-The-Tue-Quan.ttl,ex:monk/phung_the_tue_quan,Phụng Thê Tuệ Quán,,,,none,rejected,,skip,,"No match: formal_zh='', bio_zh=''"
data/ttl/TS-Phung-Tuong-Phat-Da.ttl,ex:monk/phung_tuong_phat_da,Phụng Tường Phật Đà,,,,none,rejected,,skip,,"No match: formal_zh='', bio_zh=''"
data/ttl/TS-Phung-Tuong-Thach-Tru.ttl,ex:monk/van_mon_hai_yen,Vân Môn Hải Yến,,,,none,rejected,,skip,,"No match: formal_zh='', bio_zh=''"
data/ttl/TS-Phuoc-Chau-Dai-An.ttl,ex:monk/bach_truong_hoai_hai,Bách Trượng Hoài Hải,,,,none,rejected,,skip,,"No match: formal_zh='', bio_zh=''"
data/ttl/TS-Phuoc-Chau-Pho-Quang.ttl,ex:monk/phuoc_chau_pho_quang,Phước Châu Phổ Quang,,,,none,rejected,,skip,,"No match: formal_zh='', bio_zh=''"
data/ttl/TS-Phuoc-Chau-Song-Phong.ttl,ex:monk/phuoc_chau_song_phong,Phước Châu Song Phong,,,,none,rejected,,skip,,"No match: formal_zh='', bio_zh=''"
data/ttl/TS-Phuoc-Khe.ttl,ex:monk/phuoc_khe,Phước Khê,,,,none,rejected,,skip,,"No match: formal_zh='', bio_zh=''"
data/ttl/TS-Phuoc-Nghiem-Bao-Tong.ttl,ex:monk/phuoc_nghiem_bao_tong,Phước Nghiêm Bảo Tông,,,,none,rejected,,skip,,"No match: formal_zh='', bio_zh=''"
data/ttl/TS-Phuoc-Nghiem-Tri.ttl,ex:monk/phuoc_nghiem_tri,Phước Nghiêm Trí,,,,none,rejected,,skip,,"No match: formal_zh='', bio_zh=''"
data/ttl/TS-Phuoc-Nghiem-Tu-Cam.ttl,ex:monk/phuoc_nghiem_tu_cam,Phước Nghiêm Từ Cảm,,,,none,rejected,,skip,,"No match: formal_zh='', bio_zh=''"
data/ttl/TS-Phuoc-Nghiem-Van-Dien.ttl,ex:monk/phuoc_nghiem_van_dien,Phước Nghiêm Vân Diễn,,,,none,rejected,,skip,,"No match: formal_zh='', bio_zh=''"
data/ttl/TS-Phuong-Bien.ttl,ex:monk/phuong_bien,Phương Biện,,,,none,rejected,,skip,,"No match: formal_zh='', bio_zh=''"
data/ttl/TS-Phuong-Lai-Xuong-Vien.ttl,ex:monk/phuong_lai_xuong_vien,Phương Lai Xương Viễn,,,,none,rejected,,skip,,"No match: formal_zh='', bio_zh=''"
data/ttl/TS-Phuong-Quang-Huu-Dat.ttl,ex:monk/phuong_quang_huu_dat,Phương Quảng Hữu Ðạt,,,,none,rejected,,skip,,"No match: formal_zh='', bio_zh=''"
data/ttl/TS-Phuong-Quang-Tham.ttl,ex:monk/phuong_quang_tham,Phương Quảng Thâm,,,,none,rejected,,skip,,"No match: formal_zh='', bio_zh=''"
data/ttl/TS-Phuong-Son-Tue-Bao.ttl,ex:monk/phuong_son_tue_bao,Phương Sơn Tuệ Bảo,,,,none,rejected,,skip,,"No match: formal_zh='', bio_zh=''"
data/ttl/TS-Phuong-Van-Minh-Thong.ttl,ex:monk/phuong_van_minh_thong,Phương Văn Minh Thông,,,,none,rejected,,skip,,"No match: formal_zh='', bio_zh=''"
data/ttl/TS-Qua-Lang-Tuyen-Thap.ttl,ex:monk/qua_lang_tuyen_thap,Quả Lãng Tuyên Thập,,,,none,rejected,,skip,,"No match: formal_zh='', bio_zh=''"
data/ttl/TS-Quan-Khe-Chi-Nhan.ttl,ex:monk/quan_khe_chi_nhan,Quán Khê Chí Nhàn,,,,none,rejected,,skip,,"No match: formal_zh='', bio_zh=''"
data/ttl/TS-Quan-Son-Giac.ttl,ex:monk/quan_son_giac,Quân Sơn Giác,,,,none,rejected,,skip,,"No match: formal_zh='', bio_zh=''"
data/ttl/TS-Quan-Son-Pho-Tinh.ttl,ex:monk/quan_son_pho_tinh,Quân Sơn Phổ Tịnh,,,,none,rejected,,skip,,"No match: formal_zh='', bio_zh=''"
data/ttl/TS-Quang-Chau-Chi-Dao.ttl,ex:monk/quang_chau_chi_dao,Quảng Châu Chí Đạo,,,,none,rejected,,skip,,"No match: formal_zh='', bio_zh=''"
data/ttl/TS-Quang-Giao-Ke-Chan.ttl,ex:monk/quang_giao_ke_chan,Quảng Giáo Kế Chân,,,,none,rejected,,skip,,"No match: formal_zh='', bio_zh=''"
data/ttl/TS-Quang-Hieu-Dam.ttl,ex:monk/quang_hieu_dam,Quang Hiếu Ðàm,,,,none,rejected,,skip,,"No match: formal_zh='', bio_zh=''"
data/ttl/TS-Quang-Hieu-Duc-Chu.ttl,ex:monk/quang_hieu_duc_chu,Quang Hiếu Ðức Chu,,,,none,rejected,,skip,,"No match: formal_zh='', bio_zh=''"
data/ttl/TS-Quang-Hieu-Duy-Sang.ttl,ex:monk/quang_hieu_duy_sang,Quang Hiếu Duy Sảng,,,,none,rejected,,skip,,"No match: formal_zh='', bio_zh=''"
data/ttl/TS-Quang-Hieu-Ngo-So.ttl,ex:monk/quang_hieu_ngo_so,Quang Hiếu Ngộ Sơ,,,,none,rejected,,skip,,"No match: formal_zh='', bio_zh=''"
data/ttl/TS-Quang-Hieu-Pho-An.ttl,ex:monk/quang_hieu_pho_an,Quang Hiếu Phổ Ấn,,,,none,rejected,,skip,,"No match: formal_zh='', bio_zh=''"
data/ttl/TS-Quang-Hieu-Qua-Man.ttl,ex:monk/quang_hieu_qua_man,Quang Hiếu Quả Mẫn,,,,none,rejected,,skip,,"No match: formal_zh='', bio_zh=''"
data/ttl/TS-Quang-Hieu-Tri-Vien.ttl,ex:monk/quang_hieu_tri_vien,Quang Hiếu Trí Viễn,,,,none,rejected,,skip,,"No match: formal_zh='', bio_zh=''"
data/ttl/TS-Quang-Hieu-Tue-Lan.ttl,ex:monk/quang_hieu_tue_lan,Quang Hiếu Tuệ Lan,,,,none,rejected,,skip,,"No match: formal_zh='', bio_zh=''"
data/ttl/TS-Quang-Nam-Dao-Ngo.ttl,ex:monk/quang_nam_dao_ngo,Quang Nam Đạo Ngô,,,,none,rejected,,skip,,"No match: formal_zh='', bio_zh=''"
data/ttl/TS-Quang-Nam-Dao-Thuong.ttl,ex:monk/quang_nam_dao_thuong,Quang Nam Đạo Thường,,,,none,rejected,,skip,,"No match: formal_zh='', bio_zh=''"
data/ttl/TS-Quang-Nguyet-Duc-Bao.ttl,ex:monk/quang_nguyet_duc_bao,Quảng Nguyệt Đức Bảo,,,,none,rejected,,skip,,"No match: formal_zh='', bio_zh=''"
data/ttl/TS-Quang-Phap-Nguyen.ttl,ex:monk/quang_phap_nguyen,Quảng Pháp Nguyên,,,,none,rejected,,skip,,"No match: formal_zh='', bio_zh=''"
data/ttl/TS-Quang-Quoc-Van-Tang.ttl,ex:monk/quang_quoc_van_tan,Quang Quốc Văn Tán,,,,none,rejected,,skip,,"No match: formal_zh='', bio_zh=''"
data/ttl/TS-Quang-Tue-Dat-Cao.ttl,ex:monk/quang_tue_dat_cao,Quảng Tuệ Đạt Cảo,,,,none,rejected,,skip,,"No match: formal_zh='', bio_zh=''"
data/ttl/TS-Quang-Tue-Duc-Tuyen.ttl,ex:monk/quang_tue_duc_tuyen,Quảng Tuệ Ðức Tuyên,,,,none,rejected,,skip,,"No match: formal_zh='', bio_zh=''"
data/ttl/TS-Quang-Tue-Nguyen-Lien.ttl,ex:monk/quang_tue_nguyen_lien,Quảng Tuệ Nguyên Liên,,,,none,rejected,,skip,,"No match: formal_zh='', bio_zh=''"
data/ttl/TS-Quang-Van-Dieu-Tri.ttl,ex:monk/quang_van_dieu_tri,Quang Vân Diệu Trí,,,,none,rejected,,skip,,"No match: formal_zh='', bio_zh=''"
data/ttl/TS-Quoc-Thanh-Hanh-Co.ttl,ex:monk/quoc_thanh_hanh_co,Quốc Thanh Hạnh Cơ,,,,none,rejected,,skip,,"No match: formal_zh='', bio_zh=''"
data/ttl/TS-Quy-Duong-Vo-Lieu.ttl,ex:monk/quy_duong_vo_lieu,Quy Dương Vô Liễu,,,,none,rejected,,skip,,"No match: formal_zh='', bio_zh=''"
data/ttl/TS-Quy-Phong-Tu-Quynh.ttl,ex:monk/quy_phong_tu_quynh,Quy Phong Tử Quỳnh,,,,none,rejected,,skip,,"No match: formal_zh='', bio_zh=''"
data/ttl/TS-Quy-Son-Hieu-Tan.ttl,ex:monk/quy_son_hieu_tan,Quy Sơn Hiểu Tân,,,,none,rejected,,skip,,"No match: formal_zh='', bio_zh=''"
data/ttl/TS-Quy-Son-Linh-Huu.ttl,ex:monk/quy_son_linh_huu,Quy Sơn Linh Hựu,,,,none,rejected,,skip,,"No match: formal_zh='', bio_zh=''"
data/ttl/TS-Quy-Son-Tri-Chan.ttl,ex:monk/quy_son_tri_chan,Quy Sơn Trí Chân,,,,none,rejected,,skip,,"No match: formal_zh='', bio_zh=''"
data/ttl/TS-Quy-Tong-Chanh-Hien.ttl,ex:monk/quy_tong_chanh_hien,Quy Tông Chánh Hiền,,,,none,rejected,,skip,,"No match: formal_zh='', bio_zh=''"
data/ttl/TS-Quy-Tong-Kha-Tuyen.ttl,ex:monk/quy_tong_kha_tuyen,Quy Tông Khả Tuyên,,,,none,rejected,,skip,,"No match: formal_zh='', bio_zh=''"
data/ttl/TS-Quy-Tong-Tri-Thuong.ttl,ex:monk/quy_tong_tri_thuong,Quy Tông Trí Thường,,,,none,rejected,,skip,,"No match: formal_zh='', bio_zh=''"
data/ttl/TS-Sieu-Hoa-Tinh.ttl,ex:monk/sieu_hoa_tinh,Siêu Hóa Tỉnh,,,,none,rejected,,skip,,"No match: formal_zh='', bio_zh=''"
data/ttl/TS-Sieu-Ngan.ttl,ex:monk/sieu_ngan,Siêu Ngạn,,,,none,rejected,,skip,,"No match: formal_zh='', bio_zh=''"
data/ttl/TS-So-An-Hue-Phuong.ttl,ex:monk/so_an_hue_phuong,Sở An Huệ Phương,,,,none,rejected,,skip,,"No match: formal_zh='', bio_zh=''"
data/ttl/TS-So-Son-Lieu-Thuong.ttl,ex:monk/so_son_lieu_thuong,Sơ Sơn Liễu Thường,,,,none,rejected,,skip,,"No match: formal_zh='', bio_zh=''"
data/ttl/TS-So-Son-Nhu-Ban.ttl,ex:monk/so_son_nhu_ban,Sơ Sơn Như Bản,,,,none,rejected,,skip,,"No match: formal_zh='', bio_zh=''"
data/ttl/TS-So-Son-Quang-Nhan.ttl,ex:monk/so_son_quang_nhan,Sơ Sơn Quang Nhân,,,,none,rejected,,skip,,"No match: formal_zh='', bio_zh=''"
data/ttl/TS-Son-Chu-Dong-Lam-Uc.ttl,ex:monk/son_chu_dong_lam_uc,Sơn Chủ Ðông Lâm Úc,,,,none,rejected,,skip,,"No match: formal_zh='', bio_zh=''"
data/ttl/TS-Son-Chu-Khai-Thanh-Bao-Tinh.ttl,ex:monk/khai_thanh_bao_tinh,Khai Thánh Bảo Tình,,,,none,rejected,,skip,,"No match: formal_zh='', bio_zh=''"
data/ttl/TS-Song-Khe-An.ttl,ex:monk/song_khe_an,Song Khê Ấn,,,,none,rejected,,skip,,"No match: formal_zh='', bio_zh=''"
data/ttl/TS-Song-Lam-Bang.ttl,ex:monk/song_long_bang,Song Lâm Bằng,,,,none,rejected,,skip,,"No match: formal_zh='', bio_zh=''"
data/ttl/TS-Song-Lam-Duc-Dung.ttl,ex:monk/song_lam_duc_dung,Song Lâm Đức Dụng,,,,none,rejected,,skip,,"No match: formal_zh='', bio_zh=''"
data/ttl/TS-Song-Lanh-Hoa.ttl,ex:monk/song_lanh_hoa,Song Lãnh Hóa,,,,none,rejected,,skip,,"No match: formal_zh='', bio_zh=''"
data/ttl/TS-Song-Linh-Huyen-Chan.ttl,ex:monk/song_linh_huyen_chan,Song Lĩnh Huyền Chân,,,,none,rejected,,skip,,"No match: formal_zh='', bio_zh=''"
data/ttl/TS-Song-Phong-Canh-Te.ttl,ex:monk/song_phong_canh_te,Song Phong Cảnh Tề,,,,none,rejected,,skip,,"No match: formal_zh='', bio_zh=''"
data/ttl/TS-Song-Phong-Co.ttl,ex:monk/song_phong_co,Song Phong Cổ,,,,none,rejected,,skip,,"No match: formal_zh='', bio_zh=''"
data/ttl/TS-Song-Phong-Tinh-Hoi.ttl,ex:monk/song_phong_tinh_hoi,Song Phong Tỉnh Hồi,,,,none,rejected,,skip,,"No match: formal_zh='', bio_zh=''"
data/ttl/TS-Sung-Phuoc-Dien-Giao.ttl,ex:monk/sung_phuoc_dien_giao,Sùng Phước Diễn Giáo,,,,none,rejected,,skip,,"No match: formal_zh='', bio_zh=''"
data/ttl/TS-Sung-Thang-Ky.ttl,ex:monk/sung_thang_ky,Sùng Thắng Kỳ,,,,none,rejected,,skip,,"No match: formal_zh='', bio_zh=''"
data/ttl/TS-Tac-Xuyen.ttl,ex:monk/tac_xuyen,Tắc Xuyên,,,,none,rejected,,skip,,"No match: formal_zh='', bio_zh=''"
data/ttl/TS-Tam-Binh-Nghia-Trung.ttl,ex:monk/tam_binh_nghia_trung,Tam Bình Nghĩa Trung,,,,none,rejected,,skip,,"No match: formal_zh='', bio_zh=''"
data/ttl/TS-Tam-Giac-Linh-Khue.ttl,ex:monk/tam_giac_linh_khue,Tam Giác Linh Khuê,,,,none,rejected,,skip,,"No match: formal_zh='', bio_zh=''"
data/ttl/TS-Tam-Giac-Tri-Nghieu.ttl,ex:monk/tam_giac_tri_nghieu,Tam Giác Trí Nghiêu,,,,none,rejected,,skip,,"No match: formal_zh='', bio_zh=''"
data/ttl/TS-Tam-Giac-Tue-Trach.ttl,ex:monk/tam_giac_tue_trach,Tam Giác Tuệ Trạch,,,,none,rejected,,skip,,"No match: formal_zh='', bio_zh=''"
data/ttl/TS-Tam-Giao-Tri-Tung.ttl,ex:monk/tam_giao_tri_tung,Tam Giao Trí Tung,,,,none,rejected,,skip,,"No match: formal_zh='', bio_zh=''"
data/ttl/TS-Tam-Phong-An.ttl,ex:monk/tam_phong_an,Tam Phong Ấn,,,,none,rejected,,skip,,"No match: formal_zh='', bio_zh=''"
data/ttl/TS-Tam-Tang-Na-De.ttl,ex:monk/tam_tang_na_de,Tam Tạng Na Đề,,,,none,rejected,,skip,,"No match: formal_zh='', bio_zh=''"
data/ttl/TS-Tam-Thanh-Hue-Nhien.ttl,ex:monk/tam_thanh_hue_nhien,Tam Thánh Huệ Nhiên,,,,none,rejected,,skip,,"No match: formal_zh='', bio_zh=''"
data/ttl/TS-Tam-Thanh-Ke-Xuong.ttl,ex:monk/tam_thanh_ke_xuong,Tam Thánh Kế Xương,,,,none,rejected,,skip,,"No match: formal_zh='', bio_zh=''"
data/ttl/TS-Tam-To-Phap-Tong.ttl,ex:monk/tam_to_phap_tong,Tam Tổ Pháp Tông,,,,none,rejected,,skip,,"No match: formal_zh='', bio_zh=''"
data/ttl/TS-Tan-Ca-La-Tri.ttl,ex:monk/tan_la_ca_tri,Tân La Ca Trí,,,,none,rejected,,skip,,"No match: formal_zh='', bio_zh=''"
data/ttl/TS-Tan-Chau-Hoac-Son.ttl,ex:monk/tan_chau_hoac_son,Tấn Châu Hoắc Sơn,,,,none,rejected,,skip,,"No match: formal_zh='', bio_zh=''"
data/ttl/TS-Tan-La-Dai-Chung.ttl,ex:monk/tan_la_dai_chung,Tân La Đại Chứng,,,,none,rejected,,skip,,"No match: formal_zh='', bio_zh=''"
data/ttl/TS-Tan-La-Phap-Lang.ttl,ex:monk/tan_la_phap_lang,Tân La Pháp Lãng,法朗,,,chinese_name_multiple,review_required,"zh=法朗 (bio hint) matches ['A002290', 'A002908', 'A004376', 'A006836', 'A007736', 'A044062']",skip,,"Multiple DILA candidates: ['A002290', 'A002908', 'A004376', 'A006836', 'A007736', 'A044062']"
data/ttl/TS-Tan-La-Thuan-Chi.ttl,ex:monk/tan_la_thuan_chi,Tân La Thuận Chi,,,,none,rejected,,skip,,"No match: formal_zh='', bio_zh=''"
data/ttl/TS-Tang-Chu-Pho-Dung.ttl,ex:monk/tang_chu_pho_dung,Tạng Chủ Phổ Dung,,,,none,rejected,,skip,,"No match: formal_zh='', bio_zh=''"
data/ttl/TS-Tang-Na.ttl,ex:monk/tang_na,Tăng Na,,,,none,rejected,,skip,,"No match: formal_zh='', bio_zh=''"
data/ttl/TS-Tanh-Khong-Dieu-Pho.ttl,ex:monk/tanh_khong_dieu_pho,Tánh Không Diệu Phổ,,,,none,rejected,,skip,,"No match: formal_zh='', bio_zh=''"
data/ttl/TS-Tao-Khe-Linh-Thao.ttl,ex:monk/tao_khe_linh_thao,Tào Khê Linh Thao,,,,none,rejected,,skip,,"No match: formal_zh='', bio_zh=''"
data/ttl/TS-Tay-Du-Tinh-Doan.ttl,ex:monk/tay_du_tinh_doan,Tây Dư Tịnh Đoan,,,,none,rejected,,skip,,"No match: formal_zh='', bio_zh=''"
data/ttl/TS-Tay-Duong-Tri-Tang.ttl,ex:monk/tay_duong_tri_tang,Tây Đường Trí Tạng,,,,none,rejected,,skip,,"No match: formal_zh='', bio_zh=''"
data/ttl/TS-Tay-Kinh-Nghia-Phuoc.ttl,ex:monk/tay_kinh_nghia_phuoc,Tung Sơn Phổ Tịch,,,,none,rejected,,skip,,"No match: formal_zh='', bio_zh=''"
data/ttl/TS-Tay-Lam-Sung-Ao.ttl,ex:monk/tay_lam_sung_ao,Tây Lâm Sùng Áo,,,,none,rejected,,skip,,"No match: formal_zh='', bio_zh=''"
data/ttl/TS-Tay-Nham-Tong-Hoi.ttl,ex:monk/tay_nham_tong_hoi,Tây Nham Tông Hồi,,,,none,rejected,,skip,,"No match: formal_zh='', bio_zh=''"
data/ttl/TS-Tay-Su-Cung-Than.ttl,ex:monk/tay_su_cung_than,Tây Sư Củng Thần,,,,none,rejected,,skip,,"No match: formal_zh='', bio_zh=''"
data/ttl/TS-Tay-Thap-Quang-Muc.ttl,ex:monk/tay_thap_quang_muc,Tây Tháp Quang Mục,,,,none,rejected,,skip,,"No match: formal_zh='', bio_zh=''"
data/ttl/TS-Tay-Thien-Danh-Nhu.ttl,ex:monk/tay_thien_danh_nhu,Tây Thiền Ðảnh Nhu,,,,none,rejected,,skip,,"No match: formal_zh='', bio_zh=''"
data/ttl/TS-Tay-Thien-Hy-Tu.ttl,ex:monk/tay_thien_hy_tu,Tây Thiền Hy Tú,,,,none,rejected,,skip,,"No match: formal_zh='', bio_zh=''"
data/ttl/TS-Tay-Thien-Thu-Tinh.ttl,ex:monk/tay_thien_thu_tinh,Tây Thiền Thủ Tịnh,,,,none,rejected,,skip,,"No match: formal_zh='', bio_zh=''"
data/ttl/TS-Tay-Thien-Van-Lien.ttl,ex:monk/tay_thien_van_lien,Tây Thiền Văn Liên,,,,none,rejected,,skip,,"No match: formal_zh='', bio_zh=''"
data/ttl/TS-Tay-Thuc-Loan.ttl,ex:monk/tay_thuc_loan,Tây Thục Loan,,,,none,rejected,,skip,,"No match: formal_zh='', bio_zh=''"
data/ttl/TS-Tay-Viem-Dam-Tang.ttl,ex:monk/tay_viem_dam_tang,Tây Viên Đàm Tạng,,,,none,rejected,,skip,,"No match: formal_zh='', bio_zh=''"
data/ttl/TS-Tay-Vien-Tu-Minh.ttl,ex:monk/tay_vien_tu_minh,Tây Viện Tư Minh,,,,none,rejected,,skip,,"No match: formal_zh='', bio_zh=''"
data/ttl/TS-Tay-Vuc-Quat-Da-Tam-Tang.ttl,ex:monk/tay_vuc_quat_da_tam_tang,Tây Vực Quật Đa Tam Tạng,,,,none,rejected,,skip,,"No match: formal_zh='', bio_zh=''"
data/ttl/TS-Te-Phong.ttl,ex:monk/te_phong,Tề Phong,,,,none,rejected,,skip,,"No match: formal_zh='', bio_zh=''"
data/ttl/TS-Thach-Co-Dong-Chau.ttl,ex:monk/thach_co_dong_chau,Thạch Cổ Ðộng Châu,,,,none,rejected,,skip,,"No match: formal_zh='', bio_zh=''"
data/ttl/TS-Thach-Cung-Hue-Tang.ttl,ex:monk/thach_cung_hue_tang,Ngũ Đài Ẩn Phong,,,,none,rejected,,skip,,"No match: formal_zh='', bio_zh=''"
data/ttl/TS-Thach-Cuu.ttl,ex:monk/thach_cuu,Thạch Cữu,,,,none,rejected,,skip,,"No match: formal_zh='', bio_zh=''"
data/ttl/TS-Thach-Dau-Hy-Thien.ttl,ex:monk/thach_dau_hy_thien,Thạch Đầu Hy Thiên,,,,none,rejected,,skip,,"No match: formal_zh='', bio_zh=''"
data/ttl/TS-Thach-Dau-Tu-Hoi.ttl,ex:monk/thach_dau_tu_hoi,Thạch Đầu Tự Hồi,,,,none,rejected,,skip,,"No match: formal_zh='', bio_zh=''"
data/ttl/TS-Thach-Dinh-To-Tuyen.ttl,ex:monk/thach_dinh_to_tuyen,Thạch Đình Tổ Tuyền,,,,none,rejected,,skip,,"No match: formal_zh='', bio_zh=''"
data/ttl/TS-Thach-Lam.ttl,ex:monk/thach_lam,Thạch Lâm,,,,none,rejected,,skip,,"No match: formal_zh='', bio_zh=''"
data/ttl/TS-Thach-Mon-Nhac.ttl,ex:monk/thach_mon_nha,Thạch Môn Nhã,,,,none,rejected,,skip,,"No match: formal_zh='', bio_zh=''"
data/ttl/TS-Thach-Phat-Hien-Trong.ttl,ex:monk/thach_phat_hien_trong,Thạch Phật Hiển Trọng,,,,none,rejected,,skip,,"No match: formal_zh='', bio_zh=''"
data/ttl/TS-Thach-Phat-Tue-Minh.ttl,ex:monk/thach_phat_tue_minh,Thạch Phật Tuệ Minh,,,,none,rejected,,skip,,"No match: formal_zh='', bio_zh=''"
data/ttl/TS-Thach-Suong-Dai-Thien.ttl,ex:monk/thach_suong_dai_thien,Thạch Sương Đại Thiện,,,,none,rejected,,skip,,"No match: formal_zh='', bio_zh=''"
data/ttl/TS-Thach-Suong-Khanh-Chu.ttl,ex:monk/thach_suong_khanh_chu,Thạch Sương Khánh Chư,,,,none,rejected,,skip,,"No match: formal_zh='', bio_zh=''"
data/ttl/TS-Thach-Suong-Phap-Vinh.ttl,ex:monk/thach_suong_phap_vinh,Thạch Sương Pháp Vĩnh,,,,none,rejected,,skip,,"No match: formal_zh='', bio_zh=''"
data/ttl/TS-Thach-Suong-So-Vien.ttl,ex:monk/thach_suong_so_vien,Thạch Sương Sở Viên,,,,none,rejected,,skip,,"No match: formal_zh='', bio_zh=''"
data/ttl/TS-Thach-Suong-Tanh-Khong.ttl,ex:monk/thach_suong_tanh_khong,Thạch Sương Tánh Không,,,,none,rejected,,skip,,"No match: formal_zh='', bio_zh=''"
data/ttl/TS-Thach-Suong-Tong-Giam.ttl,ex:monk/thach_suong_tong_giam,Thạch Sương Tông Giám,,,,none,rejected,,skip,,"No match: formal_zh='', bio_zh=''"
data/ttl/TS-Thach-That-Thien-Dao.ttl,ex:monk/thach_that_thien_dao,Thạch Thất Thiện Đạo,,,,none,rejected,,skip,,"No match: formal_zh='', bio_zh=''"
data/ttl/TS-Thach-Ton-Thu-Ton.ttl,ex:monk/thach_suong_thu_ton,Thạch Sương Thủ Tôn,,,,none,rejected,,skip,,"No match: formal_zh='', bio_zh=''"
data/ttl/TS-Thai-Binh-An.ttl,ex:monk/thai_binh_an,Thái Bình An,,,,none,rejected,,skip,,"No match: formal_zh='', bio_zh=''"
data/ttl/TS-Thai-Binh-Hue-Can-Phat-Giam.ttl,ex:monk/thai_binh_hue_can_phat_giam,Thái Bình Huệ Cần Phật Giám,,,,none,rejected,,skip,,"No match: formal_zh='', bio_zh=''"
data/ttl/TS-Thai-Chau-Thang-Quang.ttl,ex:monk/thai_chau_thang_quang,Thai Châu Thắng Quang,,,,none,rejected,,skip,,"No match: formal_zh='', bio_zh=''"
data/ttl/TS-Thai-Son-Tri-Kien.ttl,ex:monk/thai_son_tri_kien,Thái Sơn Trí Kiên,,,,none,rejected,,skip,,"No match: formal_zh='', bio_zh=''"
data/ttl/TS-Thai-Tu-Dao-Nhat.ttl,ex:monk/thai_tu_dao_nhat,Thái Tử Ðạo Nhất,,,,none,rejected,,skip,,"No match: formal_zh='', bio_zh=''"
data/ttl/TS-Thai-Tu-Dong-Quang.ttl,ex:monk/thai_tu_dong_quang,Thái Tử Ðạo Nhất,,,,none,rejected,,skip,,"No match: formal_zh='', bio_zh=''"
data/ttl/TS-Than-Danh-Hong-Nhan.ttl,ex:monk/than_danh_hong_nhan,Thần Đảnh Hồng Nhân,,,,none,rejected,,skip,,"No match: formal_zh='', bio_zh=''"
data/ttl/TS-Than-Nhien.ttl,ex:monk/than_nhien,Quốc Sư Cao Ly Thản Nhiên,,,,none,rejected,,skip,,"No match: formal_zh='', bio_zh=''"
data/ttl/TS-Thang-Nghiep-Duy-Huong.ttl,ex:monk/thang_nghiep_duy_huong,Thắng Nghiệp Duy Hưởng,,,,none,rejected,,skip,,"No match: formal_zh='', bio_zh=''"
data/ttl/TS-Thang-Nhan-Ham-Tinh.ttl,ex:monk/thang_nhan_ham_tinh,Thắng Nhân Hàm Tỉnh,,,,none,rejected,,skip,,"No match: formal_zh='', bio_zh=''"
data/ttl/TS-Thanh-An-Duy-Thuc.ttl,ex:monk/thanh_an_duy_thuc,Thanh Ẩn Duy Thục,,,,none,rejected,,skip,,"No match: formal_zh='', bio_zh=''"
data/ttl/TS-Thanh-An-Thanh-Nguyen.ttl,ex:monk/thanh_an_thanh_nguyen,Thanh Ẩn Thanh Nguyên,,,,none,rejected,,skip,,"No match: formal_zh='', bio_zh=''"
data/ttl/TS-Thanh-Binh-Linh-Tuan.ttl,ex:monk/thanh_binh_linh_tuan,Thanh Bình Linh Tuân,,,,none,rejected,,skip,,"No match: formal_zh='', bio_zh=''"
data/ttl/TS-Thanh-Binh-So-Kim.ttl,ex:monk/thanh_binh_so_kim,Thanh Bình Sở Kim,,,,none,rejected,,skip,,"No match: formal_zh='', bio_zh=''"
data/ttl/TS-Thanh-Dang-Minh-Luong.ttl,,,,,,none,rejected,,skip,,"No match: formal_zh='', bio_zh=''"
data/ttl/TS-Thanh-Do-The-Ky.ttl,ex:monk/thanh_do_the_ky,Thành Đô Thế Kỳ,,,,none,rejected,,skip,,"No match: formal_zh='', bio_zh=''"
data/ttl/TS-Thanh-Hoa-Toan-Pho.ttl,ex:monk/thanh_hoa_toan_pho,Thanh Hóa Toàn Phó,,,,none,rejected,,skip,,"No match: formal_zh='', bio_zh=''"
data/ttl/TS-Thanh-Luong-Duc-Hong.ttl,ex:monk/thanh_luong_duc_hong,Thanh Lương Ðức Hồng,,,,none,rejected,,skip,,"No match: formal_zh='', bio_zh=''"
data/ttl/TS-Thanh-Luong-Than.ttl,ex:monk/thanh_luong_than,Thanh Lương Thản,,,,none,rejected,,skip,,"No match: formal_zh='', bio_zh=''"
data/ttl/TS-Thanh-Nguyen-Duy-Tin.ttl,ex:monk/thanh_nguyen_duy_tin,Thanh Nguyên Duy Tín,,,,none,rejected,,skip,,"No match: formal_zh='', bio_zh=''"
data/ttl/TS-Thanh-Nguyen-Hanh-Tu.ttl,ex:monk/thanh_nguyen_hanh_tu,Thanh Nguyên Hành Tư,,,,none,rejected,,skip,,"No match: formal_zh='', bio_zh=''"
data/ttl/TS-Thanh-Nguyen-Nhu.ttl,ex:monk/thanh_nguyen_nhu,Thanh Nguyên Như,,,,none,rejected,,skip,,"No match: formal_zh='', bio_zh=''"
data/ttl/TS-Thanh-Thien-Hoang-Chinh.ttl,ex:monk/thanh_thien_hoang_chinh,Thánh Thiện Hoằng Chính,,,,none,rejected,,skip,,"No match: formal_zh='', bio_zh=''"
data/ttl/TS-Thanh-Vien-Phat-Nhan.ttl,ex:monk/thanh_vien_phat_nhan,Thanh Viễn Phật Nhãn,,,,none,rejected,,skip,,"No match: formal_zh='', bio_zh=''"
data/ttl/TS-Thao-Xao-Thong-Thanh.ttl,ex:monk/thao_xao_thong_thanh,Thao Xảo Thông Thánh,,,,none,rejected,,skip,,"No match: formal_zh='', bio_zh=''"
data/ttl/TS-Thao-Y-Nham-Khanh.ttl,ex:monk/thao_y_nham_khanh,Thảo Y Nham Khánh,,,,none,rejected,,skip,,"No match: formal_zh='', bio_zh=''"
data/ttl/TS-The-Nham-Ton-Tho.ttl,ex:monk/the_nham_ton_tho,Nam Nhạc Huyền Thái,,,,none,rejected,,skip,,"No match: formal_zh='', bio_zh=''"
data/ttl/TS-The-Thang-Ke-Sieu.ttl,ex:monk/the_thang_ke_sieu,Thê Thắng Kế Siêu,,,,none,rejected,,skip,,"No match: formal_zh='', bio_zh=''"
data/ttl/TS-Thien-Dong-Dam-Hoa.ttl,ex:monk/thien_dong_dam_hoa,Thiên Đồng Đàm Hoa,,,,none,rejected,,skip,,"No match: formal_zh='', bio_zh=''"
data/ttl/TS-Thien-Dong-Lieu-Phac.ttl,ex:monk/thien_dong_lieu_phac,Thiên Đồng Liễu Phác,,,,none,rejected,,skip,,"No match: formal_zh='', bio_zh=''"
data/ttl/TS-Thien-Dong-Pho-Giao.ttl,ex:monk/thien_dong_pho_giao,Long Nha Tông Mật,,,,none,rejected,,skip,,"No match: formal_zh='', bio_zh=''"
data/ttl/TS-Thien-Dong-Thanh-Toai.ttl,ex:monk/thien_dong_thanh_toai,Thiên Đồng Thanh Toại,,,,none,rejected,,skip,,"No match: formal_zh='', bio_zh=''"
data/ttl/TS-Thien-Dong-Tinh-Toan.ttl,ex:monk/thien_dong_tinh_toan,Thiên Đồng Tịnh Toàn,,,,none,rejected,,skip,,"No match: formal_zh='', bio_zh=''"
data/ttl/TS-Thien-Hoang-Dao-Ngo.ttl,ex:monk/thien_hoang_dao_ngo,Thiên Hoàng Đạo Ngộ,,,,none,rejected,,skip,,"No match: formal_zh='', bio_zh=''"
data/ttl/TS-Thien-Muc-Duy-Tac.ttl,ex:monk/thien_muc_duy_tac,Thiên Mục Duy Tắc,,,,none,rejected,,skip,,"No match: formal_zh='', bio_zh=''"
data/ttl/TS-Thien-Nham-Nguyen-Truong.ttl,ex:monk/thien_nham_nguyen_truong,Thiên Nham Nguyên Trường,,,,none,rejected,,skip,,"No match: formal_zh='', bio_zh=''"
data/ttl/TS-Thien-Ninh-Pham-Tu.ttl,ex:monk/thien_ninh_pham_tu,Thiên Ninh Phạm Tư,,,,none,rejected,,skip,,"No match: formal_zh='', bio_zh=''"
data/ttl/TS-Thien-Ninh-Quynh.ttl,ex:monk/thien_ninh_quynh,Thiên Ninh Quỳnh,,,,none,rejected,,skip,,"No match: formal_zh='', bio_zh=''"
data/ttl/TS-Thien-Phong-Giac.ttl,ex:monk/thien_phong_giac,Thiên Phong Giác,,,,none,rejected,,skip,,"No match: formal_zh='', bio_zh=''"
data/ttl/TS-Thien-Phuc.ttl,ex:monk/thien_phuc,Thiện Phục,善伏,,,none,rejected,,skip,,"No match: formal_zh='', bio_zh='善伏'"
data/ttl/TS-Thien-Thai-Pho-Ngan.ttl,ex:monk/thien_thai_pho_ngan,Thiên Thai Phổ Ngạn,,,,none,rejected,,skip,,"No match: formal_zh='', bio_zh=''"
data/ttl/TS-Thien-Thai-Van-Cu-Tri.ttl,ex:monk/thien_thai_van_cu_tri,Thiên Thai Vân Cư Trí,,,,none,rejected,,skip,,"No match: formal_zh='', bio_zh=''"
data/ttl/TS-Thien-Thanh-Hao-Thai.ttl,ex:monk/thien_thanh_hao_thai,Thiên Thánh Hạo Thái,,,,none,rejected,,skip,,"No match: formal_zh='', bio_zh=''"
data/ttl/TS-Thien-Tru-Sung-Hue.ttl,ex:monk/thien_tru_sung_hue,Thiên Trụ Sùng Huệ,天柱崇慧,A014109,A014109,chinese_name_exact,verified_crosswalk,zh=天柱崇慧 (bio hint) → A014109,apply,,
data/ttl/TS-Thien-Tu-Thuong-Khai.ttl,ex:monk/thien_tu_thuong_khai,Thiện Từ Thường Khai,,,,none,rejected,,skip,,"No match: formal_zh='', bio_zh=''"
data/ttl/TS-Thien-Vuong-Chi.ttl,ex:monk/thien_vuong_chi,Thiên Vương Chí,,,,none,rejected,,skip,,"No match: formal_zh='', bio_zh=''"
data/ttl/TS-Thien-Vuong-Dao-Ngo.ttl,ex:monk/thien_vuong_dao_ngo,Thiên Vương Đạo Ngộ,,,,none,rejected,,skip,,"No match: formal_zh='', bio_zh=''"
data/ttl/TS-Thiep-Chau-Mau-Nguyen.ttl,ex:monk/thiep_chau_mau_nguyen,Thiệp Châu Mậu Nguyên,,,,none,rejected,,skip,,"No match: formal_zh='', bio_zh=''"
data/ttl/TS-Thiet-Phat-Tri-Tung.ttl,ex:monk/thiet_phat_tri_tung,Thiết Phật Trí Tung,,,,none,rejected,,skip,,"No match: formal_zh='', bio_zh=''"
data/ttl/TS-Thieu-Chau-Khong-Nguyen.ttl,ex:monk/thieu_chau_khong_nguyen,Thiều Châu Khổng Nguyên,,,,none,rejected,,skip,,"No match: formal_zh='', bio_zh=''"
data/ttl/TS-Thieu-Chau-Phap-Hai.ttl,ex:monk/thieu_chau_phap_hai,Thiều Châu Pháp Hải,,,,none,rejected,,skip,,"No match: formal_zh='', bio_zh=''"
data/ttl/TS-Tho-Chau-Dao-Tho.ttl,ex:monk/tho_chau_dao_tho,Thọ Châu Đạo Thọ,,,,none,rejected,,skip,,"No match: formal_zh='', bio_zh=''"
data/ttl/TS-Tho-Chau-Thieu-Tong.ttl,ex:monk/tho_chau_thien_thieu_tong,Thọ Châu Thiệu Tông,,,,none,rejected,,skip,,"No match: formal_zh='', bio_zh=''"
data/ttl/TS-Tho-Chau-Tri-Thong.ttl,ex:monk/tho_chau_tri_thong,Thọ Châu Trí Thông,,,,none,rejected,,skip,,"No match: formal_zh='', bio_zh=''"
data/ttl/TS-Tho-Ninh-Dao-Hoan.ttl,ex:monk/tho_ninh_dao_hoan,Thọ Ninh Ðạo Hoàn,,,,none,rejected,,skip,,"No match: formal_zh='', bio_zh=''"
data/ttl/TS-Tho-Ninh-Thien-Tu.ttl,ex:monk/tho_ninh_thien_tu,Thọ Ninh Thiện Tư,,,,none,rejected,,skip,,"No match: formal_zh='', bio_zh=''"
data/ttl/TS-Tho-Thanh-So-Van.ttl,ex:monk/tho_thanh_so_van,Nguyệt Chưởng Trí Uyên,,,,none,rejected,,skip,,"No match: formal_zh='', bio_zh=''"
data/ttl/TS-Thu-Dao-Tuc-Tien.ttl,ex:monk/thu_dao_tuc_tien,Thủ Đạo Tục Tiên,,,,none,rejected,,skip,,"No match: formal_zh='', bio_zh=''"
data/ttl/TS-Thu-Son-Hoai-Chi.ttl,ex:monk/thu_son_hoai_chi,Thủ Sơn Hoài Chí,,,,none,rejected,,skip,,"No match: formal_zh='', bio_zh=''"
data/ttl/TS-Thu-Son-Tinh-Niem.ttl,ex:monk/thu_son_tinh_niem,Thủ Sơn Tỉnh Niệm,,,,none,rejected,,skip,,"No match: formal_zh='', bio_zh=''"
data/ttl/TS-Thu-Son-Xu-Khe.ttl,ex:monk/thu_son_xu_khe,Thủ Sơn Xử Khuê,,,,none,rejected,,skip,,"No match: formal_zh='', bio_zh=''"
data/ttl/TS-Thua-Hy-Ung-Duyet.ttl,ex:monk/thua_hy_ung_duyet,Thừa Hy Ứng Duyệt,,,,none,rejected,,skip,,"No match: formal_zh='', bio_zh=''"
data/ttl/TS-Thua-Thien-Tri-Duc.ttl,ex:monk/thua_thien_tri_duc,Thừa Thiên Trí Dục,,,,none,rejected,,skip,,"No match: formal_zh='', bio_zh=''"
data/ttl/TS-Thua-Thien-Tu-Hien.ttl,ex:monk/thua_thien_tu_hien,Thừa Thiên Tự Hiền,,,,none,rejected,,skip,,"No match: formal_zh='', bio_zh=''"
data/ttl/TS-Thua-Thien-Tue-Lien.ttl,ex:monk/thua_thien_tue_lien,Thừa Thiên Tuệ Liên,,,,none,rejected,,skip,,"No match: formal_zh='', bio_zh=''"
data/ttl/TS-Thuan-Kiet-Tanh-Khue.ttl,ex:monk/thuan_kiet_tanh_khue,Thuần Kiệt Tánh Khuê,,,,none,rejected,,skip,,"No match: formal_zh='', bio_zh=''"
data/ttl/TS-Thuong-Chau-Me-Thuong.ttl,ex:monk/thuong_chau_me_thuong,Thương Châu Mễ Thương,,,,none,rejected,,skip,,"No match: formal_zh='', bio_zh=''"
data/ttl/TS-Thuong-Lam-Thuan.ttl,ex:monk/thuong_lam_thuan,Thượng Lam Thuận,,,,none,rejected,,skip,,"No match: formal_zh='', bio_zh=''"
data/ttl/TS-Thuong-Phong-Ban-Tai.ttl,ex:monk/thuong_phong_ban_tai,Thượng Phong Bản Tài,,,,none,rejected,,skip,,"No match: formal_zh='', bio_zh=''"
data/ttl/TS-Thuong-Phong-Tho-Tu.ttl,ex:monk/thuong_phong_tho_tu,Thượng Phong Tổ Tú,,,,none,rejected,,skip,,"No match: formal_zh='', bio_zh=''"
data/ttl/TS-Thuong-Phong-Tue-Hoa.ttl,ex:monk/thuong_phong_tue_hoa,Thượng Phong Tuệ Hòa,,,,none,rejected,,skip,,"No match: formal_zh='', bio_zh=''"
data/ttl/TS-Thuong-Phuong-Nhat-Ich.ttl,ex:monk/thuong_phuong_nhat_ich,Thượng Phương Nhật Ích,,,,none,rejected,,skip,,"No match: formal_zh='', bio_zh=''"
data/ttl/TS-Thuy-Khong.ttl,ex:monk/thuy_khong,Thủy Không,,,,none,rejected,,skip,,"No match: formal_zh='', bio_zh=''"
data/ttl/TS-Thuy-Nham-Kha-Chan.ttl,ex:monk/thuy_nham_kha_chan,Thúy Nham Khả Chân,,,,none,rejected,,skip,,"No match: formal_zh='', bio_zh=''"
data/ttl/TS-Thuy-Nham-Nhu-Thang.ttl,ex:monk/thuy_nham_nhu_thang,Thụy Nham Như Thắng,,,,none,rejected,,skip,,"No match: formal_zh='', bio_zh=''"
data/ttl/TS-Thuy-Nham-Quang-Muc.ttl,ex:monk/thuy_nham_quang_muc,Thụy Nham Quang Mục,,,,none,rejected,,skip,,"No match: formal_zh='', bio_zh=''"
data/ttl/TS-Thuy-Nham-Tri-Tai.ttl,ex:monk/thuy_nham_tri_tai,Thụy Nham Trí Tài,,,,none,rejected,,skip,,"No match: formal_zh='', bio_zh=''"
data/ttl/TS-Thuy-Vi-Vo-Hoc.ttl,ex:monk/thuy_vi_vo_hoc,Thúy Vi Vô Học,,,,none,rejected,,skip,,"No match: formal_zh='', bio_zh=''"
data/ttl/TS-Tich-Thuy-Vinh.ttl,ex:monk/tich_thuy_vinh,Am Chủ Tích Thúy Vĩnh,,,,none,rejected,,skip,,"No match: formal_zh='', bio_zh=''"
data/ttl/TS-Tiem-Nguyen-Trong-Hung.ttl,ex:monk/tiem_nguyen_trong_hung,Tiệm Nguyên Trọng Hưng,,,,none,rejected,,skip,,"No match: formal_zh='', bio_zh=''"
data/ttl/TS-Tien-Phuc-Dao-Sinh.ttl,ex:monk/tien_phuc_dao_sinh,Tiến Phúc Đạo Sinh,,,,none,rejected,,skip,,"No match: formal_zh='', bio_zh=''"
data/ttl/TS-Tien-Phuoc-Dao-Anh.ttl,ex:monk/tien_phuoc_dao_anh,Tiến Phước Ðạo Anh,,,,none,rejected,,skip,,"No match: formal_zh='', bio_zh=''"
data/ttl/TS-Tien-Phuoc-Luong.ttl,ex:monk/tien_phuoc_luong,Tiến Phước Lượng,,,,none,rejected,,skip,,"No match: formal_zh='', bio_zh=''"
data/ttl/TS-Tien-Phuoc-Ngo-Ban.ttl,ex:monk/tien_phuoc_ngo_ban,Tiến Phước Ngộ Bản,,,,none,rejected,,skip,,"No match: formal_zh='', bio_zh=''"
data/ttl/TS-Tien-Phuoc-Trach-Sung.ttl,ex:monk/hoang_long_duc_phung,Hoàng Long Ðức Phùng,,,,none,rejected,,skip,,"No match: formal_zh='', bio_zh=''"
data/ttl/TS-Tien-Thien.ttl,ex:monk/tien_thien,Tiên Thiên,,,,none,rejected,,skip,,"No match: formal_zh='', bio_zh=''"
data/ttl/TS-Tieu-Dao.ttl,ex:monk/tieu_dao,Tiêu Dao,,,,none,rejected,,skip,,"No match: formal_zh='', bio_zh=''"
data/ttl/TS-Tieu-Ong-Dieu-Tram.ttl,ex:monk/tieu_ong_sieu_tram,Tiếu Ông Diệu Trạm,,,,none,rejected,,skip,,"No match: formal_zh='', bio_zh=''"
data/ttl/TS-Tin-Chau-Tri-Thuong.ttl,ex:monk/tin_chau_tri_thuong,Tín Châu Trí Thường,,,,none,rejected,,skip,,"No match: formal_zh='', bio_zh=''"
data/ttl/TS-Tin-Tuong-Gioi-Tu.ttl,ex:monk/tin_tuong_gioi_tu,Tín Tướng Giới Tu,,,,none,rejected,,skip,,"No match: formal_zh='', bio_zh=''"
data/ttl/TS-Tin-Tuong-Tong-Hien.ttl,,,,,,none,rejected,,skip,,"No match: formal_zh='', bio_zh=''"
data/ttl/TS-Tinh-Chung-Lieu-Xan.ttl,ex:monk/tinh_chung_lieu_xan,Tịnh Chúng Liễu Xán,,,,none,rejected,,skip,,"No match: formal_zh='', bio_zh=''"
data/ttl/TS-Tinh-Do-Thien-Tu.ttl,ex:monk/tinh_do_thien_tu,Tịnh Độ Thiện Tư,,,,none,rejected,,skip,,"No match: formal_zh='', bio_zh=''"
data/ttl/TS-Tinh-Nhan-Dao-Trang.ttl,ex:monk/tinh_nhan_dao_trang,Tịnh Nhân Ðạo Trăng,,,,none,rejected,,skip,,"No match: formal_zh='', bio_zh=''"
data/ttl/TS-Tinh-Nhan-Ke-Thanh.ttl,,,,,,none,rejected,,skip,,"No match: formal_zh='', bio_zh=''"
data/ttl/TS-Tinh-Tru-Chan-Tinh.ttl,ex:monk/tinh_tru_chan_tinh,Tịnh Trụ Chân Tịnh,,,,none,rejected,,skip,,"No match: formal_zh='', bio_zh=''"
data/ttl/TS-Tinh-Tu-Cu-Gian.ttl,ex:monk/tinh_tu_cu_gian,Tịnh Từ Cư Giản,,,,none,rejected,,skip,,"No match: formal_zh='', bio_zh=''"
data/ttl/TS-Tinh-Tu-Dam-Mat.ttl,ex:monk/tinh_tu_dam_mat,Tịnh Từ Ðàm Mật,,,,none,rejected,,skip,,"No match: formal_zh='', bio_zh=''"
data/ttl/TS-Tinh-Tu-Ngan-Sung.ttl,ex:monk/tinh_tu_ngan_sung,Tịnh Từ Ngạn Sung,,,,none,rejected,,skip,,"No match: formal_zh='', bio_zh=''"
data/ttl/TS-Tinh-Tu-Su-Nhat.ttl,ex:monk/tinh_tu_su_nhat,Tịnh Từ Sư Nhất,,,,none,rejected,,skip,,"No match: formal_zh='', bio_zh=''"
data/ttl/TS-Tinh-Tu-Van.ttl,ex:monk/tinh_tu_van,Tịnh Từ Văn,,,,none,rejected,,skip,,"No match: formal_zh='', bio_zh=''"
data/ttl/TS-To-An-Mat-Hoang.ttl,ex:monk/to_an_mat_hoang,Tổ Ấn Mật Hoằng,,,,none,rejected,,skip,,"No match: formal_zh='', bio_zh=''"
data/ttl/TS-To-Chau-Tay-Thien.ttl,ex:monk/to_chau_tay_thien,Tô Châu Tây Thiền,,,,none,rejected,,skip,,"No match: formal_zh='', bio_zh=''"
data/ttl/TS-To-Dat-Tri-Tam.ttl,ex:monk/to_dat_tri_tam,Tổ Đạt Trí Tâm,,,,none,rejected,,skip,,"No match: formal_zh='', bio_zh=''"
data/ttl/TS-To-Duc-Bao-Tang.ttl,ex:monk/to_duc_bao_tang,Tổ Đức Bảo Tạng,,,,none,rejected,,skip,,"No match: formal_zh='', bio_zh=''"
data/ttl/TS-To-Nhan-Thien-Truong.ttl,ex:monk/to_nhan_thien_truong,Tổ Nhân Thiên Trường,,,,none,rejected,,skip,,"No match: formal_zh='', bio_zh=''"
data/ttl/TS-To-Tong-Vien-Quang.ttl,ex:monk/to_tong_vien_quang,Tổ Tông Viên Quang,,,,none,rejected,,skip,,"No match: formal_zh='', bio_zh=''"
data/ttl/TS-Ton-Gia-Mat-Dien-De-Ca.ttl,ex:monk/mat_dien_de_ca,Tôn Giả Mạt Điền Để Ca,,,,none,rejected,,skip,,"No match: formal_zh='', bio_zh=''"
data/ttl/TS-Tong-Son.ttl,ex:monk/tong_son,Tòng Sơn,,,,none,rejected,,skip,,"No match: formal_zh='', bio_zh=''"
data/ttl/TS-Tong-Thien-Ban-Thuy.ttl,ex:monk/tong_thien_ban_thuy,Tông Thiền Bản Thụy,,,,none,rejected,,skip,,"No match: formal_zh='', bio_zh=''"
data/ttl/TS-Trac-Chau-Cap-Y.ttl,ex:monk/trac_chau_cap_y,Trác Châu Cấp Y,,,,none,rejected,,skip,,"No match: formal_zh='', bio_zh=''"
data/ttl/TS-Tran-Chau-Dai-Bi.ttl,ex:monk/tran_chau_dai_bi,Trấn Châu Đại Bi,,,,none,rejected,,skip,,"No match: formal_zh='', bio_zh=''"
data/ttl/TS-Tran-Chau-Kim-Nguu.ttl,ex:monk/tran_chau_kim_nguu,Trấn Châu Kim Ngưu,,,,none,rejected,,skip,,"No match: formal_zh='', bio_zh=''"
data/ttl/TS-Tran-Chau-Pho-Hoa.ttl,ex:monk/tran_chau_pho_hoa,Trấn Châu Phổ Hóa,,,,none,rejected,,skip,,"No match: formal_zh='', bio_zh=''"
data/ttl/TS-Tran-Chau-Van-Tue.ttl,ex:monk/tran_chau_van_tue,Trấn Châu Vạn Tuế,,,,none,rejected,,skip,,"No match: formal_zh='', bio_zh=''"
data/ttl/TS-Tri-Chau-Cam-Chi.ttl,ex:monk/tri_chau_cam_chi,Trì Châu Cam Chí,,,,none,rejected,,skip,,"No match: formal_zh='', bio_zh=''"
data/ttl/TS-Tri-Chau-Linh-Thuu-Nhan.ttl,ex:monk/tri_chau_linh_thuu_nhan,Trì Châu Linh Thứu Nhàn,,,,none,rejected,,skip,,"No match: formal_zh='', bio_zh=''"
data/ttl/TS-Tri-Chau-Lo-To-Giao.ttl,ex:monk/tri_chau_lo_to_giao,Trì Châu Lỗ Tổ Giáo,,,,none,rejected,,skip,,"No match: formal_zh='', bio_zh=''"
data/ttl/TS-Tri-Gia-Chan-Tu.ttl,ex:monk/tri_gia_chan_tu,Trí Giả Chân Từ,,,,none,rejected,,skip,,"No match: formal_zh='', bio_zh=''"
data/ttl/TS-Tri-Hai-Dao-Binh.ttl,ex:monk/tri_hai_dao_binh,Trí Hải Ðạo Bình,,,,none,rejected,,skip,,"No match: formal_zh='', bio_zh=''"
data/ttl/TS-Tri-Hai-Tri.ttl,ex:monk/tri_hai_tri,Trí Hải Trí,,,,none,rejected,,skip,,"No match: formal_zh='', bio_zh=''"
data/ttl/TS-Tri-Mon-Hoi-Han.ttl,ex:monk/tri_mon_hoi_han,Trí Môn Hồi Hãn,,,,none,rejected,,skip,,"No match: formal_zh='', bio_zh=''"
data/ttl/TS-Trieu-Chau-Dai-Dien.ttl,ex:monk/trieu_chau_dai_dien,Triều Châu Đại Điên,,,,none,rejected,,skip,,"No match: formal_zh='', bio_zh=''"
data/ttl/TS-Trieu-Chau-Tung-Tham.ttl,ex:monk/trieu_chau_tung_tham,Triệu Châu Tùng Thẩm,,,,none,rejected,,skip,,"No match: formal_zh='', bio_zh=''"
data/ttl/TS-Tru-Nham-Lieu-Van.ttl,ex:monk/tru_nham_lieu_van,Trù Nham Liễu Vân,,,,none,rejected,,skip,,"No match: formal_zh='', bio_zh=''"
data/ttl/TS-Truc-Nguyen-Tong-Nguyen.ttl,ex:monk/truc_nguyen_tong_nguyen,Trúc Nguyên Tông Nguyên,,,,none,rejected,,skip,,"No match: formal_zh='', bio_zh=''"
data/ttl/TS-Truc-Vien-Phap-Hien.ttl,ex:monk/truc_vien_phap_hien,Trúc Viên Pháp Hiển,,,,none,rejected,,skip,,"No match: formal_zh='', bio_zh=''"
data/ttl/TS-Trung-Ap-Hong-An.ttl,ex:monk/trung_ap_hong_an,Trung Ấp Hồng Ân,,,,none,rejected,,skip,,"No match: formal_zh='', bio_zh=''"
data/ttl/TS-Trung-Dieu-Tri-Phong.ttl,ex:monk/trung_dieu_tri_phong,Trung Điều Trí Phong,,,,none,rejected,,skip,,"No match: formal_zh='', bio_zh=''"
data/ttl/TS-Trung-Phong-Minh-Bon.ttl,ex:monk/trung_phong_minh_bon,Trung Phong Minh Bổn,,,,none,rejected,,skip,,"No match: formal_zh='', bio_zh=''"
data/ttl/TS-Trung-Tam-Man-Duc.ttl,ex:monk/trung_tam_man_duc,Trừng Tâm Mân Đức,,,,none,rejected,,skip,,"No match: formal_zh='', bio_zh=''"
data/ttl/TS-Trung-Te-Thien-Nang.ttl,ex:monk/trung_te_thien_nang,Trung Tế Thiện Năng,,,,none,rejected,,skip,,"No match: formal_zh='', bio_zh=''"
data/ttl/TS-Trung-Truc-Trung-Nhan.ttl,ex:monk/trung_truc_trung_nhan,Trung Trúc Trung Nhân,,,,none,rejected,,skip,,"No match: formal_zh='', bio_zh=''"
data/ttl/TS-Truong-Khanh-Dao-Hy.ttl,ex:monk/truong_khanh_dao_hy,Trường Khánh Đạo Hy,,,,none,rejected,,skip,,"No match: formal_zh='', bio_zh=''"
data/ttl/TS-Truong-Khanh-Tue-Xiem.ttl,ex:monk/truong_khanh_tue_xiem,Trường Khánh Tuệ Xiêm,,,,none,rejected,,skip,,"No match: formal_zh='', bio_zh=''"
data/ttl/TS-Truong-Linh-Thu-Trac.ttl,ex:monk/phap_luan_ung_doan,Trường Linh Thủ Trác,,,,none,rejected,,skip,,"No match: formal_zh='', bio_zh=''"
data/ttl/TS-Truong-Sa-Canh-Sam.ttl,ex:monk/truong_sa_canh_sam,Trường Sa Cảnh Sầm,,,,none,rejected,,skip,,"No match: formal_zh='', bio_zh=''"
data/ttl/TS-Truong-Thuy-Tu-Tuyen.ttl,ex:monk/truong_thuy_tu_tuyen,Trường Thủy Tử Tuyền,,,,none,rejected,,skip,,"No match: formal_zh='', bio_zh=''"
data/ttl/TS-Truong-Tich-Tu-Ky.ttl,ex:monk/truong_tich_tu_ky,Trượng Tích Tu Kỷ,,,,none,rejected,,skip,,"No match: formal_zh='', bio_zh=''"
data/ttl/TS-Truong-Vien.ttl,ex:monk/phat_y_linh_nhac,Trường Viễn,,,,none,rejected,,skip,,"No match: formal_zh='', bio_zh=''"
data/ttl/TS-Truy-Chau-Thuy-Luc.ttl,ex:monk/truy_chau_thuy_luc,Truy Châu Thủy Lục,,,,none,rejected,,skip,,"No match: formal_zh='', bio_zh=''"
data/ttl/TS-Tu-Bach-Chan-Kha.ttl,ex:monk/tu_bach_chan_kha,Tử Bách Chân Khả,,,,none,rejected,,skip,,"No match: formal_zh='', bio_zh=''"
data/ttl/TS-Tu-Chau-Dung-Nguyen.ttl,ex:monk/tu_chau_dung_nguyen,Tứ Châu Dụng Nguyên,,,,none,rejected,,skip,,"No match: formal_zh='', bio_zh=''"
data/ttl/TS-Tu-Chau-Tri-San.ttl,ex:monk/tu_chau_tri_san,Tư Châu Trí Sằn,,,,none,rejected,,skip,,"No match: formal_zh='', bio_zh=''"
data/ttl/TS-Tu-Chau-Xu-Tich.ttl,ex:monk/tu_chau_xu_tich,Tư Châu Xử Tịch,,,,none,rejected,,skip,,"No match: formal_zh='', bio_zh=''"
data/ttl/TS-Tu-Do-Trong-Tuyen.ttl,ex:monk/tu_do_trong_tuyen,Tứ Độ Trọng Tuyên,,,,none,rejected,,skip,,"No match: formal_zh='', bio_zh=''"
data/ttl/TS-Tu-Dong.ttl,ex:monk/tu_dong,Tử Đồng,,,,none,rejected,,skip,,"No match: formal_zh='', bio_zh=''"
data/ttl/TS-Tu-Ho-Ly-Tong.ttl,ex:monk/tu_ho_ly_tong,Tử Hồ Lý Tông,,,,none,rejected,,skip,,"No match: formal_zh='', bio_zh=''"
data/ttl/TS-Tu-Khong-Bon-Tinh.ttl,ex:monk/tu_khong_bon_tinh,Tư Không Bổn Tịnh,,,,none,rejected,,skip,,"No match: formal_zh='', bio_zh=''"
data/ttl/TS-Tu-Lang-Tu-Du.ttl,ex:monk/tu_lang_tu_du,Tử Lăng Tự Du,,,,none,rejected,,skip,,"No match: formal_zh='', bio_zh=''"
data/ttl/TS-Tu-Ngoc-Dao-Thong.ttl,ex:monk/tu_ngoc_dao_thong,Tử Ngọc Đạo Thông,,,,none,rejected,,skip,,"No match: formal_zh='', bio_zh=''"
data/ttl/TS-Tu-Phuoc-Nhu-Bao.ttl,ex:monk/tu_phuoc_nhu_bao,Tư Phước Như Bảo,,,,none,rejected,,skip,,"No match: formal_zh='', bio_zh=''"
data/ttl/TS-Tu-Thi-Thuy-Tien.ttl,ex:monk/tu_thi_thuy_tien,Từ Thị Thụy Tiên,,,,none,rejected,,skip,,"No match: formal_zh='', bio_zh=''"
data/ttl/TS-Tu-To-Phap-Dien.ttl,ex:monk/tu_to_phap_dien,Tứ Tổ Pháp Diễn,,,,none,rejected,,skip,,"No match: formal_zh='', bio_zh=''"
data/ttl/TS-Tu-Van-Dao.ttl,ex:monk/tu_van_dao,Từ Vân Ðạo,,,,none,rejected,,skip,,"No match: formal_zh='', bio_zh=''"
data/ttl/TS-Tu-Van-Hai-Tuan.ttl,ex:monk/tu_van_hai_tuan,Từ Vân Hải Tuấn,,,,none,rejected,,skip,,"No match: formal_zh='', bio_zh=''"
data/ttl/TS-Tu-Van-Ngan-Long.ttl,ex:monk/tu_van_ngan_long,Từ Vân Ngạn Long,,,,none,rejected,,skip,,"No match: formal_zh='', bio_zh=''"
data/ttl/TS-Tue-An-Tue-Uyen.ttl,ex:monk/tue_an_tue_uyen,Tuệ An Tuệ Uyên,,,,none,rejected,,skip,,"No match: formal_zh='', bio_zh=''"
data/ttl/TS-Tue-Hai-Nghi.ttl,ex:monk/tue_hai_nghi,Tuệ Hải Nghi,,,,none,rejected,,skip,,"No match: formal_zh='', bio_zh=''"
data/ttl/TS-Tue-Lam-Duc-Ton.ttl,ex:monk/tue_lam_duc_ton,Tuệ Lâm Ðức Tốn,,,,none,rejected,,skip,,"No match: formal_zh='', bio_zh=''"
data/ttl/TS-Tue-Lam-Hong-Cuu.ttl,ex:monk/tue_lam_hong_cuu,Tuệ Lâm Hồng Cứu,,,,none,rejected,,skip,,"No match: formal_zh='', bio_zh=''"
data/ttl/TS-Tue-Luc-Dong-Nguyen.ttl,ex:monk/tue_luc_dong_nguyen,Tuệ Lực Ðộng Nguyên,,,,none,rejected,,skip,,"No match: formal_zh='', bio_zh=''"
data/ttl/TS-Tue-Luc-Kha-Xuong.ttl,ex:monk/tue_luc_kha_xuong,Tuệ Lực Khả Xướng,,,,none,rejected,,skip,,"No match: formal_zh='', bio_zh=''"
data/ttl/TS-Tue-Luc-Tue-Nam.ttl,ex:monk/tue_luc_tue_nam,Tuệ Lực Tuệ Nam,,,,none,rejected,,skip,,"No match: formal_zh='', bio_zh=''"
data/ttl/TS-Tue-Minh-Van.ttl,ex:monk/tue_minh_van,Tuệ Minh Vân,,,,none,rejected,,skip,,"No match: formal_zh='', bio_zh=''"
data/ttl/TS-Tue-Nhat-Hung-Dao.ttl,ex:monk/tue_nhat_hung_dao,Tuệ Nhật Hưng Ðạo,,,,none,rejected,,skip,,"No match: formal_zh='', bio_zh=''"
data/ttl/TS-Tue-Nhat-Minh.ttl,ex:monk/tue_nhat_minh,Hoàng Bá Vĩnh Thái,,,,none,rejected,,skip,,"No match: formal_zh='', bio_zh=''"
data/ttl/TS-Tue-Nhat-Van-Nhan.ttl,ex:monk/tue_nhat_van_nha,Tuệ Nhật Văn Nhã,,,,none,rejected,,skip,,"No match: formal_zh='', bio_zh=''"
data/ttl/TS-Tue-Tinh-Ty-Tho.ttl,ex:monk/tue_tinh_ty_tho,Tuệ Tĩnh Tỳ Thọ,,,,none,rejected,,skip,,"No match: formal_zh='', bio_zh=''"
data/ttl/TS-Tue-Vien.ttl,ex:monk/tue_vien,Tuệ Viên,,,,none,rejected,,skip,,"No match: formal_zh='', bio_zh=''"
data/ttl/TS-Tung-Nhac-Hue-An.ttl,ex:monk/tung_nhac_hue_an,Quốc Sư Tung Nhạc Huệ An,慧安,,,chinese_name_multiple,review_required,"zh=慧安 (bio hint) matches ['A005091', 'A007705', 'A009340', 'A044854']",skip,,"Multiple DILA candidates: ['A005091', 'A007705', 'A009340', 'A044854']"
data/ttl/TS-Tung-Nhac-Nguyen-Khue.ttl,ex:monk/tung_nhac_nguyen_khue,Tung Nhạc Nguyên Khuê,,,,none,rejected,,skip,,"No match: formal_zh='', bio_zh=''"
data/ttl/TS-Tung-Nhac-Pha-Tao-Doa.ttl,ex:monk/tung_nhac_pha_tao_doa,Tung Nhạc Phá Táo Đọa,,,,none,rejected,,skip,,"No match: formal_zh='', bio_zh=''"
data/ttl/TS-Tung-Son-Lac-Kinh.ttl,ex:monk/tung_son_lac_kinh,Tung Sơn Lạc Kinh,,,,none,rejected,,skip,,"No match: formal_zh='', bio_zh=''"
data/ttl/TS-Tung-Son-Pho-Tich.ttl,ex:monk/tung_son_pho_tich,Tung Sơn Phổ Tịch,,,,none,rejected,,skip,,"No match: formal_zh='', bio_zh=''"
data/ttl/TS-Tuong-Chau-Hue-Man.ttl,ex:monk/tuong_chau_hue_man,Tương Châu Huệ Mãn,相州慧滿,,,none,rejected,,skip,,"No match: formal_zh='', bio_zh='相州慧滿'"
data/ttl/TS-Tuong-Chau-Lich-Thon.ttl,ex:monk/tuong_chau_lich_thon,Tương Châu Lịch Thôn,,,,none,rejected,,skip,,"No match: formal_zh='', bio_zh=''"
data/ttl/TS-Tuong-Chau-Phap-Doan.ttl,ex:monk/tuong_chau_phap_doan,Tương Châu Pháp Đoan,,,,none,rejected,,skip,,"No match: formal_zh='', bio_zh=''"
data/ttl/TS-Tuong-Chau-Vuong-Kinh-So.ttl,ex:monk/tuong_chau_vuong_kinh_so,Tương Châu Vương Kính Sơ,,,,none,rejected,,skip,,"No match: formal_zh='', bio_zh=''"
data/ttl/TS-Tuong-Dien-Pham-Khanh.ttl,ex:monk/tuong_dien_pham_khanh,Tượng Điền Phạm Khanh,,,,none,rejected,,skip,,"No match: formal_zh='', bio_zh=''"
data/ttl/TS-Tuong-Nhi-Vien-Giac.ttl,ex:monk/tuong_nhi_vien_giac,Tượng Nhĩ Viên Giác,,,,none,rejected,,skip,,"No match: formal_zh='', bio_zh=''"
data/ttl/TS-Tuong-Son-Bao-Tam.ttl,ex:monk/tuong_son_bao_tam,Tương Sơn Bảo Tâm,,,,none,rejected,,skip,,"No match: formal_zh='', bio_zh=''"
data/ttl/TS-Tuong-Son-Giac-Hai.ttl,ex:monk/tuong_son_giac_hai,Tương Sơn Giác Hải,,,,none,rejected,,skip,,"No match: formal_zh='', bio_zh=''"
data/ttl/TS-Tuong-Son-Thien-Truc.ttl,ex:monk/tuong_son_thien_truc,Tương Sơn Thiện Trực,,,,none,rejected,,skip,,"No match: formal_zh='', bio_zh=''"
data/ttl/TS-Tuong-Thanh-Quang-Tung.ttl,ex:monk/tuong_thanh_quang_tung,Tường Thanh Quảng Tùng,,,,none,rejected,,skip,,"No match: formal_zh='', bio_zh=''"
data/ttl/TS-Tuyen-Chau-Luc-Hoan.ttl,ex:monk/tuyen_chau_luc_hoan,Tuyên Châu Lục Hoàn,,,,none,rejected,,skip,,"No match: formal_zh='', bio_zh=''"
data/ttl/TS-Tuyen-Minh-Phat-An.ttl,ex:monk/tuyen_minh_phat_an,Tuyên Minh Phật Ấn,,,,none,rejected,,skip,,"No match: formal_zh='', bio_zh=''"
data/ttl/TS-Tuyet-Dau-Phap-Nha.ttl,ex:monk/tuyet_dau_phap_nha,Tuyết Đậu Pháp Nhã,,,,none,rejected,,skip,,"No match: formal_zh='', bio_zh=''"
data/ttl/TS-Tuyet-Dau-Thuong-Thong.ttl,ex:monk/tuyet_dau_thuong_thong,Tuyết Đậu Thương Thông,,,,none,rejected,,skip,,"No match: formal_zh='', bio_zh=''"
data/ttl/TS-Tuyet-Dau-Tri.ttl,ex:monk/tuyet_dau_tri,Tuyết Đậu Trí,,,,none,rejected,,skip,,"No match: formal_zh='', bio_zh=''"
data/ttl/TS-Tuyet-Giau-Chon-Phac.ttl,,,,,,none,rejected,,skip,,"No match: formal_zh='', bio_zh=''"
data/ttl/TS-Tuyet-Nham-To-Kham.ttl,ex:monk/tuyet_nham_to_kham,Tuyết Nham Tổ Khâm,,,,none,rejected,,skip,,"No match: formal_zh='', bio_zh=''"
data/ttl/TS-Tuyet-Phong-Uan-Van.ttl,ex:monk/tuyet_phong_uan_van,Tuyết Phong Uẩn Vân,,,,none,rejected,,skip,,"No match: formal_zh='', bio_zh=''"
data/ttl/TS-U-Chau-Dam-Khong.ttl,ex:monk/u_chau_dam_khong,U Châu Đàm Không,,,,none,rejected,,skip,,"No match: formal_zh='', bio_zh=''"
data/ttl/TS-U-Chau-Hong-Loa.ttl,ex:monk/u_chau_hong_loa,U Châu Hồng Loa,,,,none,rejected,,skip,,"No match: formal_zh='', bio_zh=''"
data/ttl/TS-Van-Cai-Thu-Tri.ttl,,,,,,none,rejected,,skip,,"No match: formal_zh='', bio_zh=''"
data/ttl/TS-Van-Cai-Tri-Ban.ttl,ex:monk/van_cai_tri_ban,Vân Cái Trí Bản,,,,none,rejected,,skip,,"No match: formal_zh='', bio_zh=''"
data/ttl/TS-Van-Cu-Duc-Hoi.ttl,ex:monk/van_cu_duc_hoi,Vân Cư Ðức Hội,,,,none,rejected,,skip,,"No match: formal_zh='', bio_zh=''"
data/ttl/TS-Van-Cu-Duc-Thang.ttl,ex:monk/van_cu_duc_thang,Vân Cư Ðức Thăng,,,,none,rejected,,skip,,"No match: formal_zh='', bio_zh=''"
data/ttl/TS-Van-Cu-Nang.ttl,ex:monk/van_cu_nang,Vân Cư Năng,,,,none,rejected,,skip,,"No match: formal_zh='', bio_zh=''"
data/ttl/TS-Van-Cu-Nguyen-Huu.ttl,ex:monk/van_cu_nguyen_huu,Vân Cư Nguyên Hựu,,,,none,rejected,,skip,,"No match: formal_zh='', bio_zh=''"
data/ttl/TS-Van-Cu-Phap-Nhu.ttl,ex:monk/van_cu_phap_nhu,Vân Cư Pháp Như,,,,none,rejected,,skip,,"No match: formal_zh='', bio_zh=''"
data/ttl/TS-Van-Cu-Thien-Ngo.ttl,ex:monk/van_cu_thien_ngo,Vân Cư Thiện Ngộ,,,,none,rejected,,skip,,"No match: formal_zh='', bio_zh=''"
data/ttl/TS-Van-Cu-Tong-Chan.ttl,ex:monk/van_cu_tong_chan,Vân Cư Tông Chấn,,,,none,rejected,,skip,,"No match: formal_zh='', bio_zh=''"
data/ttl/TS-Van-Cu-Tu-Vien.ttl,ex:monk/van_cu_tu_vien,Vân Cư Tự Viên,,,,none,rejected,,skip,,"No match: formal_zh='', bio_zh=''"
data/ttl/TS-Van-Mon-Hai-An.ttl,ex:monk/van_mon_hai_yen,Vân Môn Hải Yến,,,,none,rejected,,skip,,"No match: formal_zh='', bio_zh=''"
data/ttl/TS-Van-Mon-Hien-Kham.ttl,ex:monk/van_mon_hien_kham,Vân Môn Hiển Khâm,,,,none,rejected,,skip,,"No match: formal_zh='', bio_zh=''"
data/ttl/TS-Van-Muc-Thien-Le.ttl,ex:monk/thien_muc_van_le,Thiên Mục Văn Lễ,,,,none,rejected,,skip,,"No match: formal_zh='', bio_zh=''"
data/ttl/TS-Van-Nham-Thien-Du.ttl,ex:monk/van_nham_thien_du,Vân Nham Thiên Du,,,,none,rejected,,skip,,"No match: formal_zh='', bio_zh=''"
data/ttl/TS-Van-Nien-Dam-Bi.ttl,ex:monk/van_nien_dam_bi,Vạn Niên Đàm Bí,,,,none,rejected,,skip,,"No match: formal_zh='', bio_zh=''"
data/ttl/TS-Van-Nien-Dao-Nhan.ttl,ex:monk/van_nien_dao_nhan,Vạn Niên Đạo Nhàn,,,,none,rejected,,skip,,"No match: formal_zh='', bio_zh=''"
data/ttl/TS-Van-Phong-Dao-Vien.ttl,ex:monk/van_phong_dao_vien,Vân Phong Ðạo Viên,,,,none,rejected,,skip,,"No match: formal_zh='', bio_zh=''"
data/ttl/TS-Van-Phong-Thoi-Uy.ttl,ex:monk/van_phong_thoi_uy,Vạn Phong Thời Ủy,,,,none,rejected,,skip,,"No match: formal_zh='', bio_zh=''"
data/ttl/TS-Van-Phong-Tue-Xuong.ttl,ex:monk/van_phong_tue_xuong,Vân Phong Tuệ Xướng,,,,none,rejected,,skip,,"No match: formal_zh='', bio_zh=''"
data/ttl/TS-Van-Sam-Thieu-Tu.ttl,ex:monk/van_sam_thieu_tu,Vạn Sam Thiệu Từ,,,,none,rejected,,skip,,"No match: formal_zh='', bio_zh=''"
data/ttl/TS-Van-Son.ttl,ex:monk/van_son,Vân Sơn,,,,none,rejected,,skip,,"No match: formal_zh='', bio_zh=''"
data/ttl/TS-Van-Tho-Phap-Thuyen.ttl,ex:monk/van_tho_phap_thuyen,Vạn Thọ Pháp Thuyên,,,,none,rejected,,skip,,"No match: formal_zh='', bio_zh=''"
data/ttl/TS-Van-Tho-Pho-Tin.ttl,ex:monk/van_tho_pho_tin,Vạn Thọ Phổ Tín,,,,none,rejected,,skip,,"No match: formal_zh='', bio_zh=''"
data/ttl/TS-Van-Tho-Tu-Ho.ttl,ex:monk/van_tho_tu_ho,Vạn Thọ Tự Hộ,,,,none,rejected,,skip,,"No match: formal_zh='', bio_zh=''"
data/ttl/TS-Van-Tho-Ung-Thanh.ttl,ex:monk/van_tho_ung_thanh,Vạn Thọ Ứng Thành,,,,none,rejected,,skip,,"No match: formal_zh='', bio_zh=''"
data/ttl/TS-Van-Thu-Tam-Dao.ttl,ex:monk/van_thu_tam_dao,Văn Thù Tâm Đạo,,,,none,rejected,,skip,,"No match: formal_zh='', bio_zh=''"
data/ttl/TS-Van-Thu-Tu-Nghiep.ttl,ex:monk/van_thu_tu_nghiep,Văn Thù Tư Nghiệp,,,,none,rejected,,skip,,"No match: formal_zh='', bio_zh=''"
data/ttl/TS-Van-Thu-Tuyen-Nang.ttl,,,,,,none,rejected,,skip,,"No match: formal_zh='', bio_zh=''"
data/ttl/TS-Ve-Quoc-Kinh-Trieu-Dao.ttl,ex:monk/ve_quoc_kinh_trieu_dao,Vệ Quốc Kinh Triệu Đạo,,,,none,rejected,,skip,,"No match: formal_zh='', bio_zh=''"
data/ttl/TS-Vien-Thong-Dao-Man.ttl,ex:monk/vien_thong_dao_man,Viên Thông Ðạo Mân,,,,none,rejected,,skip,,"No match: formal_zh='', bio_zh=''"
data/ttl/TS-Vien-Thong-Thu-Tue.ttl,ex:monk/vien_thong_thu_tue,Viên Thông Thủ Tuệ,,,,none,rejected,,skip,,"No match: formal_zh='', bio_zh=''"
data/ttl/TS-Vien-Van-Chuyet-Cong.ttl,ex:monk/vien_van_chuyet_cong,Viên Văn Chuyết Công,,,,none,rejected,,skip,,"No match: formal_zh='', bio_zh=''"
data/ttl/TS-Vinh-An-Dieu-Hy.ttl,ex:monk/vinh_an_dieu_hy,Vĩnh An Diệu Hỷ,,,,none,rejected,,skip,,"No match: formal_zh='', bio_zh=''"
data/ttl/TS-Vinh-An-Nguyen-Chanh.ttl,ex:monk/vinh_an_nguyen_chanh,Vĩnh An Nguyên Chánh,,,,none,rejected,,skip,,"No match: formal_zh='', bio_zh=''"
data/ttl/TS-Vinh-Gia-Huyen-Giac.ttl,ex:monk/vinh_gia_huyen_giac,Vĩnh Gia Huyền Giác,,,,none,rejected,,skip,,"No match: formal_zh='', bio_zh=''"
data/ttl/TS-Vinh-Khanh-Quang-Pho.ttl,ex:monk/vinh_khanh_quang_pho,Vĩnh Khánh Quang Phổ,,,,none,rejected,,skip,,"No match: formal_zh='', bio_zh=''"
data/ttl/TS-Vinh-Phong-Tue-Nhat.ttl,ex:monk/vinh_phong_tue_nhat,Am Chủ Vĩnh Phong Tuệ Nhật,,,,none,rejected,,skip,,"No match: formal_zh='', bio_zh=''"
data/ttl/TS-Vinh-Phuoc-Dien-Chieu.ttl,ex:monk/vinh_phuoc_dien_chieu,Vĩnh Phước Diên Chiếu,,,,none,rejected,,skip,,"No match: formal_zh='', bio_zh=''"
data/ttl/TS-Vinh-Xuong-Giac-Thua.ttl,ex:monk/vinh_xuong_giac_thua,Vĩnh Xướng Giác Thừa,,,,none,rejected,,skip,,"No match: formal_zh='', bio_zh=''"
data/ttl/TS-Vo-Chuan-Su-Pham.ttl,ex:monk/pha_am_to_tien,Vô Chuẩn Sư Phạm,,,,none,rejected,,skip,,"No match: formal_zh='', bio_zh=''"
data/ttl/TS-Vo-Dang-Phat-Phat-Nham-Huy.ttl,ex:monk/vo_dang_phat_nham_huy,Võ Đang Phật Nham Huy,,,,none,rejected,,skip,,"No match: formal_zh='', bio_zh=''"
data/ttl/TS-Vo-Huyen-Tinh-Xung.ttl,ex:monk/bach_van_khong_do,Vô Huyễn Tịnh Xung,,,,none,rejected,,skip,,"No match: formal_zh='', bio_zh=''"
data/ttl/TS-Vo-Minh-Te-Ngo.ttl,ex:monk/vo_minh_te_ngo,Vô Tế Minh Ngộ,,,,none,rejected,,skip,,"No match: formal_zh='', bio_zh=''"
data/ttl/TS-Vo-Mon-Hue-Khai.ttl,ex:monk/vo_mon_hue_khai,Vô Môn Huệ Khai,,,,none,rejected,,skip,,"No match: formal_zh='', bio_zh=''"
data/ttl/TS-Vo-Ngon-Thong.ttl,ex:monk/vo_ngon_thong,Vô Ngôn Thông,,,,none,rejected,,skip,,"No match: formal_zh='', bio_zh=''"
data/ttl/TS-Vo-Tan-Tue-Hai.ttl,ex:monk/bach_van_khong_do,Vô Tận Tuệ Hải,,,,none,rejected,,skip,,"No match: formal_zh='', bio_zh=''"
data/ttl/TS-Vo-Tuyen-Son-Chinh.ttl,ex:monk/vo_tuyen_son_chinh,Võ Tuyền Sơn Chính,,,,none,rejected,,skip,,"No match: formal_zh='', bio_zh=''"
data/ttl/TS-Vo-Vi-Thu-Duyen.ttl,ex:monk/vo_vi_thu_duyen,Vô Vi Thủ Duyên,,,,none,rejected,,skip,,"No match: formal_zh='', bio_zh=''"
data/ttl/TS-Vo-Vi-Tong-Thai.ttl,ex:monk/vo_vi_tong_thai,Vô Vi Tông Thái,,,,none,rejected,,skip,,"No match: formal_zh='', bio_zh=''"
data/ttl/TS-Vu-Chau-Huyen-Sach.ttl,ex:monk/vu_chau_huyen_sach,Vụ Châu Huyền Sách,,,,none,rejected,,skip,,"No match: formal_zh='', bio_zh=''"
data/ttl/TS-Vu-Chau-Tan-Kien.ttl,ex:monk/vu_chau_tan_kien,Vụ Châu Tân Kiến,,,,none,rejected,,skip,,"No match: formal_zh='', bio_zh=''"
data/ttl/TSN-Mat-Son-Lieu-Nhien.ttl,ex:monk/mat_son_lieu_nhien,Mạt Sơn Liễu Nhiên,,,,none,rejected,,skip,,"No match: formal_zh='', bio_zh=''"
data/ttl/TSN-Phap-Chau-Ke-Thi.ttl,ex:monk/phap_chau_ke_thi,Pháp Châu Kế Thị,,,,none,rejected,,skip,,"No match: formal_zh='', bio_zh=''"
data/ttl/TSN-Tinh-Cu-Dieu-Dao.ttl,ex:monk/tinh_cu_dieu_dao,Tịnh Cư Diệu Ðạo,,,,none,rejected,,skip,,"No match: formal_zh='', bio_zh=''"
data/ttl/TSN-Tu-Tho-Dieu-Tong.ttl,ex:monk/tu_tho_dieu_tong,Tư Thọ Diệu Tổng,,,,none,rejected,,skip,,"No match: formal_zh='', bio_zh=''"
data/ttl/Ty Ni Da Luu Chi Tong/TS-Ty-Ni-Da-Luu-Chi.ttl,ex:monk/ty_ni_da_luu_chi,Tỳ Ni Đa Lưu Chi,,,,none,rejected,,skip,,"No match: formal_zh='', bio_zh=''"
