STT,ID,Tên_Việt,Tên_Hán,Lat,Lon,Province,Source,Status,Mô_tả,Ghi_chú_Admin
1,,報Quốc,報Quốc,,,,CBETA,geocoded,,
2,,順化Thành,順化Thành,,,,CBETA,geocoded,,
3,,Linh Sơn,Linh Sơn,,,,CBETA,geocoded,,
4,,竹Lâm,竹Lâm,,,,CBETA,geocoded,,
5,,廣義Thành,廣義Thành,,,,CBETA,geocoded,,
6,,Châu,Châu,,,,CBETA,geocoded,,
7,,Giang北,Giang北,,,,CBETA,geocoded,,
8,,Trung Quốc,Trung Quốc,,,,CBETA,geocoded,,
9,,Việt Nam,Việt Nam,,,,CBETA,geocoded,,
10,,Phổ Đà Sơn,Phổ Đà Sơn,,,,CBETA,geocoded,,
11,,龍Sơn,龍Sơn,,,,CBETA,geocoded,,
12,,Nhật Bản,Nhật Bản,,,,CBETA,geocoded,,
13,,Ấn Độ,Ấn Độ,,,,CBETA,geocoded,,
14,,Kim Sơn Tự,Kim Sơn Tự,,,,CBETA,geocoded,,
15,,Trường An,Trường An,,,,CBETA,geocoded,,
16,,SơnHà,SơnHà,,,,CBETA,geocoded,,
17,,Cửu Hoa Sơn,Cửu Hoa Sơn,,,,CBETA,geocoded,,
18,,太平,太平,,,,CBETA,geocoded,,
19,,Thiếu Lâm Tự,Thiếu Lâm Tự,,,,CBETA,geocoded,,
20,,Thiên Đài Sơn,Thiên Đài Sơn,,,,CBETA,geocoded,,
21,,白ThápSơn,白ThápSơn,,,,CBETA,geocoded,,
22,,德Châu,德Châu,,,,CBETA,geocoded,,
23,,北京Thành,北京Thành,,,,CBETA,geocoded,,
24,,巴黎,巴黎,,,,CBETA,geocoded,,
25,,羯朱嗢祇羅Quốc,羯朱嗢祇羅Quốc,,,,CBETA,geocoded,,
26,,保安,保安,,,,CBETA,geocoded,,
27,,保福Tự,保福Tự,,,,CBETA,geocoded,,
28,,羅浮Quan,羅浮Quan,,,,CBETA,geocoded,,
29,,菩提Viện,菩提Viện,,,,CBETA,geocoded,,
30,,靈應Tự,靈應Tự,,,,CBETA,geocoded,,
31,,太和,太和,,,,CBETA,geocoded,,
32,,Linh Ẩn Tự,Linh Ẩn Tự,,,,CBETA,geocoded,,
33,,大安,大安,,,,CBETA,geocoded,,
34,,安平,安平,,,,CBETA,geocoded,,
35,,費城,費城,,,,CBETA,geocoded,,
36,,羅爛城,羅爛城,,,,CBETA,geocoded,,
37,,珂咄羅Quốc,珂咄羅Quốc,,,,CBETA,geocoded,,
38,,安樂,安樂,,,,CBETA,geocoded,,
39,,加Châu,加Châu,,,,CBETA,geocoded,,
40,,路德維希-馬克西米利安-慕Ni黑大學,路德維希-馬克西米利安-慕尼黑大學,,,,CBETA,geocoded,,
41,,Thái Lan,Thái Lan,,,,CBETA,geocoded,,
42,,Lạc Dương,Lạc Dương,,,,CBETA,geocoded,,
43,,和平,和平,,,,CBETA,geocoded,,
44,,德安Phủ,德安Phủ,,,,CBETA,geocoded,,
45,,上Hải虹橋機場,上Hải虹橋機場,,,,CBETA,geocoded,,
46,,普照,普照,,,,CBETA,geocoded,,
47,,圓通Tự,圓通Tự,,,,CBETA,geocoded,,
48,,福建Tỉnh,福建Tỉnh,,,,CBETA,geocoded,,
49,,比叡Sơn,比叡Sơn,,,,CBETA,geocoded,,
50,,清涼Tự,清涼Tự,,,,CBETA,geocoded,,
51,,龍SơnTự,龍SơnTự,,,,CBETA,geocoded,,
52,,臺中Huyện,臺中Huyện,,,,CBETA,geocoded,,
53,,興隆Tự,興隆Tự,,,,CBETA,geocoded,,
54,,新平Huyện,新平Huyện,,,,CBETA,geocoded,,
55,,興隆Đường,興隆Đường,,,,CBETA,geocoded,,
56,,Phật焚身地,佛焚身地,,,,CBETA,geocoded,,
57,,QuanHảiTự ,QuanHảiTự ,,,,CBETA,geocoded,,
58,,Thượng Hải,Thượng Hải,,,,CBETA,geocoded,,
59,,洪福Tự,洪福Tự,,,,CBETA,geocoded,,
60,,廣濟Tự,廣濟Tự,,,,CBETA,geocoded,,
61,,迦蘭陀竹ViênTinh Xá,迦蘭陀竹Viên精舍,,,,CBETA,geocoded,,
62,PL000000000001,,闊悉多國,36.555275,67.868089,阿富汗,DILA,master,,
63,PL000000000002,,錫雅柯山,36.24583,71.84389,阿富汗,DILA,master,,
64,PL000000000003,,界關,25.64813,104.313295,中國-雲南省-曲靖市-富源縣,DILA,master,,
65,PL000000000005,,葉護南牙,36.75,66.9,阿富汗-巴爾赫省(Balkh)-Balkh,DILA,master,,
66,PL000000000006,,挹怛國,36.766775,66.901385,阿富汗-巴爾赫省(Balkh)-Balkh,DILA,master,,
67,PL000000000008,,藍氏,36.766775,66.901385,阿富汗-巴爾赫省(Balkh)-Balkh,DILA,master,,
68,PL000000000009,,藍氏城,36.8752,67.0556,阿富汗-巴爾赫省(Balkh)-CharBolak,DILA,master,,
69,PL000000000010,,波利城,36.98825,66.814548,阿富汗-巴爾赫省(Balkh)-DawlatAbad,DILA,master,,
70,PL000000000011,,縛伽浪國,36.128116,68.688956,阿富汗-巴爾赫省(Balkh)-Khulm,DILA,master,,
71,PL000000000012,,拂林,36.69163,67.686746,阿富汗-巴爾赫省(Balkh)-Khulm,DILA,master,,
72,PL000000000014,,兜勒,36.6608,68.1589,阿富汗-巴爾赫省(Balkh)-Khulm,DILA,master,,
73,PL000000000016,,挹怛,36.7083,67.0994,阿富汗-巴爾赫省(Balkh)-Mazar-i-Sharif,DILA,master,,
74,PL000000000017,,羅爛城,34.82,67.82,阿富汗-巴米揚省(Bamiyan)-BamyanCity,DILA,master,,
75,PL000000000018,,范陽國,34.82,67.82,阿富汗-巴米揚省(Bamiyan)-BamyanCity,DILA,master,,
76,PL000000000019,,范延,34.9327,67.2834,阿富汗-巴米揚省(Bamiyan)-Yakawlang,DILA,master,,
77,PL000000000020,,呬摩呾羅國,36.948488,70.329395,阿富汗-巴達赫尚省(Badakhshan)-FayzAbad,DILA,master,,
78,PL000000000021,,淫薄健國,36.469885,70.784894,阿富汗-巴達赫尚省(Badakhshan)-Jurm,DILA,master,,
79,PL000000000022,,訖栗瑟摩國,36.824408,70.101021,阿富汗-巴達赫尚省(Badakhshan)-Kishim,DILA,master,,
80,PL000000000023,,俱爛那,36.016701,70.677318,阿富汗-巴達赫尚省(Badakhshan)-KuranWaMunjan,DILA,master,,
81,PL000000000024,,缽鐸創那國,37.6334,70.8595,阿富汗-巴達赫尚省(Badakhshan)-Shighnan,DILA,master,,
82,PL000000000025,,達摩鐵悉帝國,36.949216,72.31702,阿富汗-巴達赫尚省(Badakhshan)-Wakhan,DILA,master,,
83,PL000000000026,,波咱拱拜,37.1548,74.0263,阿富汗-巴達赫尚省(Badakhshan)-Wakhan,DILA,master,,
84,PL000000000027,,喀喇噴赤,36.9731,72.6099,阿富汗-巴達赫尚省(Badakhshan)-Wakhan,DILA,master,,
85,PL000000000028,,護密,36.8125,72.189,阿富汗-巴達赫尚省(Badakhshan)-Wakhan,DILA,master,,
86,PL000000000029,,護密,37.0762,73.7365,阿富汗-巴達赫尚省(Badakhshan)-Wakhan,DILA,master,,
87,PL000000000030,,護密,36.993,72.6731,阿富汗-巴達赫尚省(Badakhshan)-Wakhan,DILA,master,,
88,PL000000000031,,缽和,37.0585,72.9195,阿富汗-巴達赫尚省(Badakhshan)-Wakhan,DILA,master,,
89,PL000000000032,,哇罕,36.8649,72.42,阿富汗-巴達赫尚省(Badakhshan)-Wakhan,DILA,master,,
90,PL000000000033,,婆羅犀羅,35.666667,69.8,阿富汗-巴格蘭省(Baghlan),DILA,master,,
91,PL000000000034,,烏那曷,36.9612,65.0646,阿富汗-法利亞布省(Faryab)-Andkhoy,DILA,master,,
92,PL000000000035,,謝越國,33.3852,68.6953,阿富汗-加茲尼省(Ghazni)-Dihyak,DILA,master,,
93,PL000000000036,,漕,33.5387,68.391,阿富汗-加茲尼省(Ghazni)-Ghazni,DILA,master,,
94,PL000000000038,,離謂,36.933379,66.691654,阿富汗-朱茲詹省(Jowzjan)-Mardyan,DILA,master,,
95,PL000000000039,,胡實健國,36.6661,65.7448,阿富汗-朱茲詹省(Jowzjan)-Shibirghan,DILA,master,,
96,PL000000000040,,弗栗氏薩儻那國,34.833536,69.095262,阿富汗-喀布爾省(Kabul)-KabulCity,DILA,master,,
97,PL000000000041,,高德,34.5789,69.2041,阿富汗-喀布爾省(Kabul)-ShakarDara,DILA,master,,
98,PL000000000042,,阿利尼國,37.217308,68.768264,阿富汗-昆都士省(Kunduz)-HazratiImam,DILA,master,,
99,PL000000000043,,瞢章,36.683229,69.114148,阿富汗-昆都士省(Kunduz)-KhanAbad,DILA,master,,
100,PL000000000044,,阿緩城,36.733208,68.866148,阿富汗-昆都士省(Kunduz)-Kunduz,DILA,master,,
101,PL000000000049,,迦臂施,34.9988,69.935,阿富汗-拉格曼省(Laghman)-DawlatShah,DILA,master,,
102,PL000000000050,,羅羅州濫犍城,34.663387,70.224534,阿富汗-拉格曼省(Laghman)-Mihtarlam,DILA,master,,
103,PL000000000051,,那揭,34.1761,69.9395,阿富汗-楠格哈爾省(Nangarhar)-Hisarak,DILA,master,,
104,PL000000000052,,那揭羅喝國,34.436229,70.4566,阿富汗-楠格哈爾省(Nangarhar)-JalalAbad,DILA,master,,
105,PL000000000053,,那呵梨城,34.4344,70.4612,阿富汗-楠格哈爾省(Nangarhar)-JalalAbad,DILA,master,,
106,PL000000000054,,那竭國城,34.436229,70.4566,阿富汗-楠格哈爾省(Nangarhar)-JalalAbad,DILA,master,,
107,PL000000000055,,佛頂骨城,34.333007,70.450011,阿富汗-楠格哈爾省(Nangarhar)-Rodat,DILA,master,,
108,PL000000000056,,迦臂施國,34.965197,69.266266,阿富汗-帕爾旺省(Parwan)-Bagram,DILA,master,,
109,PL000000000057,,質子伽藍,34.881402,69.812527,阿富汗-帕爾旺省(Parwan)-Bagram,DILA,master,,
110,PL000000000058,,犯引,34.89,68.4457,阿富汗-帕爾旺省(Parwan)-ShekhAli,DILA,master,,
111,PL000000000059,,紇露悉泯健國,36.252601,68.048178,阿富汗-薩曼甘省(Samangan)-Aybak,DILA,master,,
112,PL000000000060,,安呾邏縛國,35.782871,66.983216,阿富汗-薩爾普勒省(Sar-ePol)-BalkhAb,DILA,master,,
113,PL000000000061,,睿蜜城,35.646017,66.243786,阿富汗-薩爾普勒省(Sar-ePol)-Sar-i-PulCity,DILA,master,,
114,PL000000000062,,伽折國,36.2864,66.7471,阿富汗-薩爾普勒省(Sar-ePol)-SozmaQala,DILA,master,,
115,PL000000000063,,河塘之國,23.709921,90.407143,孟加拉,DILA,master,,
116,PL000000000064,,三摩怛吒國,24.043951,90.814693,孟加拉-DhakaDivision-(Norshingdi),DILA,master,,
117,PL000000000065,,分那婆陀那國,24.956718,89.34713,孟加拉-RajshaiDivision-(Bogra),DILA,master,,
118,PL000000000066,,跋始婆僧伽藍,24.951764,89.311793,孟加拉-RajshaiDivision-(Bogra),DILA,master,,
119,PL000000000067,,帕羅,27.2365,89.4434,不丹-帕羅宗(Paro)-Naja,DILA,master,,
120,PL000000000074,,陳氏,32.0514,118.778,,DILA,master,,
121,PL000000000075,,北周,34.322,108.874,,DILA,master,,
122,PL000000000076,,梁,30.3496,112.1995,,DILA,master,,
123,PL000000000077,,東魯,35.5976,116.9966,中國-山東省-濟寧市-曲阜市,DILA,master,,
124,PL000000000078,,大三峽,31.040671,110.492327,,DILA,master,,
125,PL000000000079,,河南,35,113,,DILA,master,,
126,PL000000000080,,七澤,30,112,,DILA,master,,
127,PL000000000081,,巫峽,31.056853,109.858375,,DILA,master,,
128,PL000000000082,,淮服,33,120,,DILA,master,,
129,PL000000000083,,東國,34.540829,108.923708,,DILA,master,,
130,PL000000000084,,河朔,40,113,中國-山西省;中國-河北省;中國-山東省;中國-北京市;中國-天津市,DILA,master,,
131,PL000000000087,,西楚,33.501,119.15,,DILA,master,,
132,PL000000000089,,中國,34.7591,114.4351,,DILA,master,,
133,PL000000000092,,揚州,32.0514,118.778,,DILA,master,,
134,PL000000000093,,江北,33,113,,DILA,master,,
135,PL000000000095,,殷商,36.098857,114.386767,,DILA,master,,
136,PL000000000096,,秦,34.4394,108.8857,中國-北京市;中國-天津市;中國-河北省;中國-山西省;中國-內蒙古自治區;中國-遼寧省;中國-上海市;中國-江蘇省;中國-浙江省;中國-安徽省;中國-福建省;中國-江西省;中國-山東省;中國-河南省;中國-湖北省;中國-湖南省;中國-廣東省;中國-廣西壯族自治區;中國-重慶市;中國-四川省;中國-貴州省;中國-雲南省;中國-陝西省;中國-甘肅省;中國-寧夏回族自治區;北韓;越南-東北部Northeastern(DongBac)(NorthEast),DILA,master,,
137,PL000000000097,,西漢,34.3194,108.8835,,DILA,master,,
138,PL000000000098,,東漢,34.6646,112.3918,,DILA,master,,
139,PL000000000099,,三國魏,34.7203,112.6193,,DILA,master,,
140,PL000000000100,,三國蜀,30.6501,104.0864,,DILA,master,,
141,PL000000000101,,三國吳,32.0514,118.778,中國-江蘇省;中國-浙江省;中國-安徽省;中國-福建省;中國-上海市;中國-江西省;中國-湖北省;中國-湖南省;中國-廣東省;中國-廣西壯族自治區;中國-海南省;越南,DILA,master,,
142,PL000000000102,,西晉,34.7203,112.6193,,DILA,master,,
143,PL000000000103,,東晉,32.0514,118.778,,DILA,master,,
144,PL000000000104,,齊國,32.0514,118.778,,DILA,master,,
145,PL000000000105,,隋,34.6646,112.3918,,DILA,master,,
146,PL000000000106,,唐國,34.2662,108.9532,,DILA,master,,
147,PL000000000107,,北宋,34.7591,114.4351,,DILA,master,,
148,PL000000000108,,南宋,30.2928,120.1775,,DILA,master,,
149,PL000000000109,,金朝,39.8736,116.3543,,DILA,master,,
150,PL000000000110,,契丹,41.5731,119.1814,中國-黑龍江省;中國-遼寧省;中國-吉林省;中國-內蒙古自治區;中國-北京市;中國-河北省;俄羅斯-遠東聯邦管區：Дальневосточныйфедеральныйокруг(FarEasternFederalDistrict),DILA,master,,
151,PL000000000111,,元,39.9306,116.3779,,DILA,master,,
152,PL000000000112,,朱明,39.9306,116.3779,,DILA,master,,
153,PL000000000113,,大清,39.9306,116.3779,中國;蒙古;俄羅斯-遠東聯邦管區：Дальневосточныйфедеральныйокруг(FarEasternFederalDistrict)-Khabarovsk;俄羅斯-遠東聯邦管區：Дальневосточныйфедеральныйокруг(FarEasternFederalDistrict)-Primor’ye;俄羅斯-遠東聯邦管區：Дальневосточныйфедеральныйокруг(FarEasternFederalDistrict)-Yevrey;俄羅斯-遠東聯邦管區：Дальневосточныйфедеральныйокруг(FarEasternFederalDistrict)-Sakhalin,DILA,master,,
154,PL000000000114,,西夏,38.467,106.2833,,DILA,master,,
155,PL000000000115,,哈剌契丹,42.7653,75.5204,,DILA,master,,
156,PL000000000117,,孟蜀,30.6501,104.0864,,DILA,master,,
157,PL000000000118,,南漢,23.1335,113.2643,,DILA,master,,
158,PL000000000119,,閩,26.0352,119.3256,,DILA,master,,
159,PL000000000120,,殷,27.0376,118.3323,,DILA,master,,
160,PL000000000122,,江南國,32.0514,118.778,,DILA,master,,
161,PL000000000124,,後晉,34.7847,114.3525,,DILA,master,,
162,PL000000000125,,北楚,30.3496,112.1995,,DILA,master,,
163,PL000000000126,,馬楚政權,28.1973,112.9867,中國-湖南省;中國-廣西壯族自治區,DILA,master,,
164,PL000000000127,,苻秦,34.3288,108.9064,,DILA,master,,
165,PL000000000128,,南夏,29,118,,DILA,master,,
166,PL000000000129,,塞北,43.069726,107.636077,,DILA,master,,
167,PL000000000130,,元魏,34.72,112.61,中國-內蒙古自治區;中國-北京市;中國-天津市;中國-河北省;中國-山西省;中國-遼寧省;中國-江蘇省;中國-安徽省;中國-山東省;中國-河南省;中國-湖北省;中國-陝西省;中國-甘肅省;中國-寧夏回族自治區,DILA,master,,
168,PL000000000131,,司隸部,34.3194,108.8835,,DILA,master,,
169,PL000000000132,,朔方刺史部,38.96102,109.32494,,DILA,master,,
170,PL000000000133,,兗州刺史部,35.238737,116.090913,,DILA,master,,
171,PL000000000134,,豫州刺史部,32.821625,115.091325,,DILA,master,,
172,PL000000000135,,冀州刺史部,37.377044,114.972167,,DILA,master,,
173,PL000000000136,,南朝宋,32.0514,118.778,,DILA,master,,
174,PL000000000137,,石趙,37.0656,114.5037,,DILA,master,,
175,PL000000000138,,南梁,32.0514,118.778,,DILA,master,,
176,PL000000000139,,高齊,36.2701,114.4046,,DILA,master,,
177,PL000000000143,,河表,35.7899,118.6333,,DILA,master,,
178,PL000000000144,,西魏,34.3194,108.8835,,DILA,master,,
179,PL000000000145,,吳蜀,32.0514,118.778,,DILA,master,,
180,PL000000000147,,白山,32.051,118.778,中國-江蘇省-南京市,DILA,master,,
181,PL000000000149,,萬山,32.0039,112.1109,中國-湖北省-襄陽市-襄城區,DILA,master,,
182,PL000000000150,,大江,31.7578,121.1298,,DILA,master,,
183,PL000000000151,,溟渤,31.159222,125.634265,,DILA,master,,
184,PL000000000152,,渝水,29.568412,106.564471,中國-陝西省;中國-甘肅省;中國-四川省;中國-重慶市,DILA,master,,
185,PL000000000153,,南中國海,22.849602,116.282043,,DILA,master,,
186,PL000000000154,,潯陽,29.735762,115.985413,中國-江西省-九江市-潯陽區,DILA,master,,
187,PL000000000156,,勃海,39,119.59253,,DILA,master,,
188,PL000000000157,,蘭滄江,25.767924,99.218796,,DILA,master,,
189,PL000000000158,,麗水,26.202356,100.452936,,DILA,master,,
190,PL000000000159,,黑水河,25.521433,98.51035,,DILA,master,,
191,PL000000000161,,潁河,32.50357,116.51292,,DILA,master,,
192,PL000000000162,,清水洋,34,122,,DILA,master,,
193,PL000000000177,,禪林寺,32.0514,118.778,中國-江蘇省-南京市-鼓樓區,DILA,master,,
194,PL000000000191,,南嶺,25.166667,112.333333,,DILA,master,,
195,PL000000000193,,白水,38.102365,118.678433,,DILA,master,,
196,PL000000000194,,女媧山,39.04419,113.886529,中國-北京市;中國-河北省;中國-山西省;中國-河南省,DILA,master,,
197,PL000000000195,,淮甸,32.302817,119.705851,,DILA,master,,
198,PL000000000197,,東南,30,117,,DILA,master,,
199,PL000000000205,,智慧寺,23.1336,113.2643,,DILA,master,,
200,PL000000000206,,西陰寺,23.1336,113.2643,,DILA,master,,
201,PL000000000207,,建興寺,23.1336,113.2643,,DILA,master,,
202,PL000000000214,,三河,35,114,,DILA,master,,
203,PL000000000218,,幷州,37.7557,112.5009,,DILA,master,,
204,PL000000000219,,北直,39.9306,116.3779,,DILA,master,,
205,PL000000000220,,關東,37,112,,DILA,master,,
206,PL000000000221,,并州刺史部,39.12588,112.582867,,DILA,master,,
207,PL000000000222,,兩河,37.8732,112.5743,,DILA,master,,
208,PL000000000223,,丹丘,39.671704,113.725884,中國-山西省-大同市-渾源縣,DILA,master,,
209,PL000000000224,,淲池河,39.020067,112.912251,,DILA,master,,
210,PL000000000225,,錯河,39.839839,117.262817,,DILA,master,,
211,PL000000000226,,盧溝水,39.537376,116.973105,,DILA,master,,
212,PL000000000227,,清漳河,36.364301,113.884002,,DILA,master,,
213,PL000000000228,,鮑丘水,39.914637,116.703886,,DILA,master,,
214,PL000000000233,,北京市,39.904258,116.401667,中國-北京市,DILA,master,,
215,PL000000000237,,直隸省,39.9306,116.3779,中國-北京市,DILA,master,,
216,PL000000000239,,杲日寺,39.904258,116.401667,中國-北京市,DILA,master,,
217,PL000000000241,,慈寧宮,39.917692,116.388151,中國-北京市-市轄區-東城區,DILA,master,,
218,PL000000000243,,大興隆,39.905055,116.374639,中國-北京市-市轄區-西城區,DILA,master,,
219,PL000000000245,,松陰精舍,39.9306,116.378,中國-北京市-市轄區-西城區,DILA,master,,
220,PL000000000246,,皇極殿,39.915936,116.390636,中國-北京市-市轄區-東城區,DILA,master,,
221,PL000000000247,,廣慈蘭若,39.936722,116.399051,中國-北京市-市轄區-東城區,DILA,master,,
222,PL000000000248,,東城,39.928604,116.416336,中國-北京市-市轄區-東城區,DILA,master,,
223,PL000000000249,,承乾宮,39.919357,116.391754,中國-北京市-市轄區-東城區,DILA,master,,
224,PL000000000250,,乾清宮,39.918763,116.39069,中國-北京市-市轄區-東城區,DILA,master,,
225,PL000000000251,,大清門,39.928604,116.416336,中國-北京市-市轄區-東城區,DILA,master,,
226,PL000000000252,,文華殿,39.928604,116.416336,中國-北京市-市轄區-東城區,DILA,master,,
227,PL000000000253,,萬安寺,39.923793,116.35716,中國-北京市-市轄區-東城區,DILA,master,,
228,PL000000000254,,法華寺,39.920576,116.40812,中國-北京市-市轄區-東城區,DILA,master,,
229,PL000000000255,,柏林,39.944996,116.413714,中國-北京市-市轄區-東城區,DILA,master,,
230,PL000000000256,,報恩寺,39.942064,116.423381,中國-北京市-市轄區-東城區,DILA,master,,
231,PL000000000257,,圓寧寺,39.941134,116.423388,中國-北京市-市轄區-東城區,DILA,master,,
232,PL000000000258,,興隆寺,39.913741,116.384903,中國-北京市-市轄區-東城區,DILA,master,,
233,PL000000000259,,十方院,39.902378,116.426674,中國-北京市-市轄區-東城區,DILA,master,,
234,PL000000000260,,彌勒庵,39.892716,116.426036,中國-北京市-市轄區-東城區,DILA,master,,
235,PL000000000261,,崇恩福元,39.928604,116.416336,中國-北京市-市轄區-東城區,DILA,master,,
236,PL000000000262,,幽州,39.9197,116.3889,中國-北京市-市轄區-東城區,DILA,master,,
237,PL000000000263,,燕郡,39.9197,116.3889,中國-北京市-市轄區-東城區,DILA,master,,
238,PL000000000264,,薊縣,39.9197,116.3889,中國-北京市-市轄區-東城區,DILA,master,,
239,PL000000000265,,下崗兒,39.890778,116.419545,中國-北京市-市轄區-西城區,DILA,master,,
240,PL000000000266,,大善殿,39.917495,116.388176,中國-北京市-市轄區-西城區,DILA,master,,
241,PL000000000267,,北京,39.909163,116.379629,中國-北京市-市轄區-西城區,DILA,master,,
242,PL000000000268,,西城,39.910119,116.361004,中國-北京市-市轄區-西城區,DILA,master,,
243,PL000000000269,,廣寒殿,39.910958,116.359041,中國-北京市-市轄區-西城區,DILA,master,,
244,PL000000000270,,寶雲殿,39.910958,116.359041,中國-北京市-市轄區-西城區,DILA,master,,
245,PL000000000271,,竹林寺,39.910958,116.359041,中國-北京市-市轄區-西城區,DILA,master,,
246,PL000000000272,,平則門,39.910958,116.359041,中國-北京市-市轄區-西城區,DILA,master,,
247,PL000000000273,,健德門,39.94858,116.373301,中國-北京市-市轄區-西城區,DILA,master,,
248,PL000000000274,,順承門,39.910958,116.359041,中國-北京市-市轄區-西城區,DILA,master,,
249,PL000000000275,,大明殿,39.910958,116.359041,中國-北京市-市轄區-西城區,DILA,master,,
250,PL000000000277,,中書省,39.91014,116.393668,中國-北京市-市轄區-東城區,DILA,master,,
251,PL000000000279,,萬歲山,39.924275,116.382999,中國-北京市-市轄區-西城區,DILA,master,,
252,PL000000000280,,白塔山,39.924364,116.382442,中國-北京市-市轄區-西城區,DILA,master,,
253,PL000000000281,,石徑山,39.933883,116.141051,中國-北京市-市轄區-西城區,DILA,master,,
254,PL000000000282,,覺山,39.910958,116.359041,中國-北京市-市轄區-西城區,DILA,master,,
255,PL000000000283,,長榮茶菴,39.9306,116.3779,中國-北京市-市轄區-西城區,DILA,master,,
256,PL000000000284,,鷲峰寺,39.90608,116.353966,中國-北京市-市轄區-西城區,DILA,master,,
257,PL000000000285,,聖壽萬安寺,39.924299,116.357144,中國-北京市-市轄區-西城區,DILA,master,,
258,PL000000000286,,萬壽,39.945334,116.305257,中國-北京市-市轄區-西城區,DILA,master,,
259,PL000000000287,,寶集,39.910958,116.359041,中國-北京市-市轄區-西城區,DILA,master,,
260,PL000000000288,,瑞應寺,39.943721,116.382419,中國-北京市-市轄區-西城區,DILA,master,,
261,PL000000000289,,大隆善,39.934501,116.36908,中國-北京市-市轄區-西城區,DILA,master,,
262,PL000000000290,,三教寺,39.899765,116.335631,中國-北京市-市轄區-西城區,DILA,master,,
263,PL000000000291,,廣濟律寺,39.923721,116.365924,中國-北京市-市轄區-西城區,DILA,master,,
264,PL000000000292,,千佛叢林,39.945488,116.38079,中國-北京市-市轄區-西城區,DILA,master,,
265,PL000000000293,,廣濟寺,39.939021,116.347987,中國-北京市-市轄區-西城區,DILA,master,,
266,PL000000000294,,舍飯寺,39.907497,116.366164,中國-北京市-市轄區-西城區,DILA,master,,
267,PL000000000295,,祐聖寺,39.958308,116.378079,中國-北京市-市轄區-西城區,DILA,master,,
268,PL000000000296,,十方院,39.933085,116.352944,中國-北京市-市轄區-西城區,DILA,master,,
269,PL000000000297,,圓通禪林,39.906198,116.356724,中國-北京市-市轄區-西城區,DILA,master,,
270,PL000000000298,,賢良祠,39.932358,116.38058,中國-北京市-市轄區-西城區,DILA,master,,
271,PL000000000299,,鐵佛寺,39.91141,116.352534,中國-北京市-市轄區-西城區,DILA,master,,
272,PL000000000300,,能仁寺,39.919536,116.359929,中國-北京市-市轄區-西城區,DILA,master,,
273,PL000000000301,,倒影廟,39.922739,116.342052,中國-北京市-市轄區-西城區,DILA,master,,
274,PL000000000302,,昊天寺,39.973248,116.120293,中國-北京市-市轄區-石景山區,DILA,master,,
275,PL000000000303,,慈因,39.924339,116.354578,中國-北京市-市轄區-西城區,DILA,master,,
276,PL000000000304,,翊教寺,39.931715,116.359103,中國-北京市-市轄區-西城區,DILA,master,,
277,PL000000000305,,大千佛寺,39.949381,116.373333,中國-北京市-市轄區-西城區,DILA,master,,
278,PL000000000306,,大佛堂,39.918022,116.388129,中國-北京市-市轄區-東城區,DILA,master,,
279,PL000000000307,,七塔寺,39.910958,116.359041,中國-北京市-市轄區-西城區,DILA,master,,
280,PL000000000308,,大洪福寺,39.910958,116.359041,中國-北京市-市轄區-西城區,DILA,master,,
281,PL000000000309,,觀音獅子吼道場,39.910958,116.359041,中國-北京市-市轄區-西城區,DILA,master,,
282,PL000000000310,,仁王寺,39.910958,116.359041,中國-北京市-市轄區-西城區,DILA,master,,
283,PL000000000311,,番經廠,39.910958,116.359041,中國-北京市-市轄區-西城區,DILA,master,,
284,PL000000000312,,黑塔寺,39.910958,116.359041,中國-北京市-市轄區-西城區,DILA,master,,
285,PL000000000313,,淨土院,39.910958,116.359041,中國-北京市-市轄區-西城區,DILA,master,,
286,PL000000000314,,世剎海,39.910958,116.359041,中國-北京市-市轄區-西城區,DILA,master,,
287,PL000000000315,,普同塔,39.910958,116.359041,中國-北京市-市轄區-西城區,DILA,master,,
288,PL000000000316,,普慶蘭若,39.910958,116.359041,中國-北京市-市轄區-西城區,DILA,master,,
289,PL000000000317,,燕都,39.9306,116.3779,中國-北京市-市轄區-西城區,DILA,master,,
290,PL000000000318,,大興,39.9306,116.3779,中國-北京市-市轄區-西城區,DILA,master,,
291,PL000000000319,,北京,39.9306,116.3779,中國-北京市-市轄區-西城區,DILA,master,,
292,PL000000000320,,宛平,39.9306,116.3779,中國-北京市-市轄區-西城區,DILA,master,,
293,PL000000000321,,順天府,39.9306,116.3779,中國-北京市-市轄區-西城區,DILA,master,,
294,PL000000000322,,大興,39.9306,116.3779,中國-北京市-市轄區-西城區,DILA,master,,
295,PL000000000323,,神京,39.9306,116.3779,中國-北京市-市轄區-西城區,DILA,master,,
296,PL000000000324,,拱極,39.9306,116.3779,中國-北京市-市轄區-西城區,DILA,master,,
297,PL000000000325,,順天,39.9306,116.3779,中國-北京市-市轄區-西城區,DILA,master,,
298,PL000000000326,,大燕,39.9306,116.3779,中國-北京市-市轄區-西城區,DILA,master,,
299,PL000000000327,,幽州,39.9306,116.3779,中國-北京市-市轄區-西城區,DILA,master,,
300,PL000000000328,,燕都,39.9306,116.3779,中國-北京市-市轄區-西城區,DILA,master,,
301,PL000000000329,,薊縣,39.9306,116.3779,中國-北京市-市轄區-西城區,DILA,master,,
302,PL000000000330,,燕國,39.9306,116.3779,中國-北京市-市轄區-西城區,DILA,master,,
303,PL000000000331,,薊縣,39.9306,116.3779,中國-北京市-市轄區-西城區,DILA,master,,
304,PL000000000332,,幽州,39.9306,116.3779,中國-北京市-市轄區-西城區,DILA,master,,
305,PL000000000333,,燕國,39.9306,116.3779,中國-北京市-市轄區-西城區,DILA,master,,
306,PL000000000334,,薊縣,39.9306,116.3779,中國-北京市-市轄區-西城區,DILA,master,,
307,PL000000000335,,廣陽郡,39.9306,116.3779,中國-北京市-市轄區-西城區,DILA,master,,
308,PL000000000336,,薊縣,39.9306,116.3779,中國-北京市-市轄區-西城區,DILA,master,,
309,PL000000000337,,護烏丸校尉,39.9306,116.3779,中國-北京市-市轄區-西城區,DILA,master,,
310,PL000000000338,,鹿苑,39.899667,116.432609,中國-北京市-市轄區-崇文區,DILA,master,,
311,PL000000000339,,金台小學,39.888204,116.431818,中國-北京市-市轄區-崇文區,DILA,master,,
312,PL000000000340,,天龍寺,39.897192,116.429327,中國-北京市-市轄區-崇文區,DILA,master,,
313,PL000000000341,,安化寺,39.893913,116.430542,中國-北京市-市轄區-崇文區,DILA,master,,
314,PL000000000342,,安國寺,39.889659,116.402241,中國-北京市-市轄區-崇文區,DILA,master,,
315,PL000000000343,,隆安寺,39.894574,116.434054,中國-北京市-市轄區-崇文區,DILA,master,,
316,PL000000000344,,慈源寺,39.887723,116.405401,中國-北京市-市轄區-崇文區,DILA,master,,
317,PL000000000346,,順直門,39.8728,116.351995,中國-北京市-市轄區-宣武區,DILA,master,,
318,PL000000000347,,燕京,39.8763,116.3411,中國-北京市-市轄區-宣武區,DILA,master,,
319,PL000000000348,,南京,39.8736,116.3543,中國-北京市-市轄區-宣武區,DILA,master,,
320,PL000000000349,,幽州刺史部,39.8714,116.3671,中國-北京市-市轄區-宣武區,DILA,master,,
321,PL000000000350,,光林寺,39.8728,116.351995,中國-北京市-市轄區-宣武區,DILA,master,,
322,PL000000000351,,憫中寺,39.883825,116.363701,中國-北京市-市轄區-西城區,DILA,master,,
323,PL000000000352,,天安寺,39.893291,116.33986,中國-北京市-市轄區-宣武區,DILA,master,,
324,PL000000000353,,延壽,40.1875,116.1938,中國-北京市-市轄區-昌平區,DILA,master,,
325,PL000000000354,,普濟寺,39.896499,116.365707,中國-北京市-市轄區-宣武區,DILA,master,,
326,PL000000000355,,南觀音寺,39.884493,116.339243,中國-北京市-市轄區-宣武區,DILA,master,,
327,PL000000000356,,唐安寺,39.891439,116.352383,中國-北京市-市轄區-宣武區,DILA,master,,
328,PL000000000357,,長椿寺,39.891513,116.358079,中國-北京市-市轄區-西城區,DILA,master,,
329,PL000000000358,,寶剎寺,39.8728,116.351995,中國-北京市-市轄區-宣武區,DILA,master,,
330,PL000000000359,,歸義寺,39.889442,116.345462,中國-北京市-市轄區-宣武區,DILA,master,,
331,PL000000000360,,承恩,39.8728,116.351995,中國-北京市-市轄區-宣武區,DILA,master,,
332,PL000000000361,,廣陽郡,39.8714,116.3671,中國-北京市-市轄區-宣武區,DILA,master,,
333,PL000000000362,,薊縣,39.8714,116.3671,中國-北京市-市轄區-宣武區,DILA,master,,
334,PL000000000363,,廣陽國,39.8714,116.3671,中國-北京市-市轄區-宣武區,DILA,master,,
335,PL000000000364,,薊縣,39.8714,116.3671,中國-北京市-市轄區-宣武區,DILA,master,,
336,PL000000000365,,薊北縣,39.8763,116.3411,中國-北京市-市轄區-宣武區,DILA,master,,
337,PL000000000366,,金臺,39.8763,116.3411,中國-北京市-市轄區-宣武區,DILA,master,,
338,PL000000000367,,南京,39.8763,116.3411,中國-北京市-市轄區-宣武區,DILA,master,,
339,PL000000000368,,范陽郡,39.8768,116.326,中國-北京市-市轄區-宣武區,DILA,master,,
340,PL000000000369,,薊門,39.8768,116.326,中國-北京市-市轄區-宣武區,DILA,master,,
341,PL000000000370,,盧龍軍節度使,39.8768,116.326,中國-北京市-市轄區-宣武區,DILA,master,,
342,PL000000000371,,大興府,39.8736,116.3543,中國-北京市-市轄區-宣武區,DILA,master,,
343,PL000000000372,,京,39.8736,116.3543,中國-北京市-市轄區-宣武區,DILA,master,,
344,PL000000000373,,白雲寺,39.919987,116.436806,中國-北京市-市轄區-朝陽區,DILA,master,,
345,PL000000000374,,隱寂寺,39.958139,116.174308,中國-北京市-市轄區-石景山區,DILA,master,,
346,PL000000000375,,隆禧寺,39.867282,116.456221,中國-北京市-市轄區-朝陽區,DILA,master,,
347,PL000000000376,,隆壽寺,39.921318,116.431073,中國-北京市-市轄區-朝陽區,DILA,master,,
348,PL000000000377,,望京館,39.9928,116.5127,中國-北京市-市轄區-朝陽區,DILA,master,,
349,PL000000000378,,鄭村壩,39.9704,116.5392,中國-北京市-市轄區-朝陽區,DILA,master,,
350,PL000000000379,,廣音,39.869564,116.339718,中國-北京市-市轄區-豐臺區,DILA,master,,
351,PL000000000380,,弘善,39.868418,116.433433,中國-北京市-市轄區-豐臺區,DILA,master,,
352,PL000000000381,,永定橋,39.848936,116.212843,中國-北京市-市轄區-豐臺區,DILA,master,,
353,PL000000000382,,鎮國寺,39.839226,116.350313,中國-北京市-市轄區-豐臺區,DILA,master,,
354,PL000000000383,,幽州,39.8737,116.3277,中國-北京市-市轄區-豐臺區,DILA,master,,
355,PL000000000384,,臨朔宮,39.8737,116.3277,中國-北京市-市轄區-豐臺區,DILA,master,,
356,PL000000000385,,薊縣,39.8737,116.3277,中國-北京市-市轄區-豐臺區,DILA,master,,
357,PL000000000386,,盧思臺,39.8639,116.1872,中國-北京市-市轄區-豐臺區,DILA,master,,
358,PL000000000387,,籠火城,39.7833,116.3141,中國-北京市-市轄區-豐臺區,DILA,master,,
359,PL000000000388,,麻峪,39.933911,116.121194,中國-北京市-市轄區-石景山區,DILA,master,,
360,PL000000000389,,雙泉山,39.976218,116.156518,中國-北京市-市轄區-石景山區,DILA,master,,
361,PL000000000390,,平坡山,39.90516,116.216994,中國-北京市-市轄區-石景山區,DILA,master,,
362,PL000000000391,,平坡,39.96122,116.171621,中國-北京市-市轄區-石景山區,DILA,master,,
363,PL000000000392,,龍泉寺,39.940113,116.153282,中國-北京市-市轄區-石景山區,DILA,master,,
364,PL000000000393,,黃姑寺,39.933815,116.194988,中國-北京市-市轄區-石景山區,DILA,master,,
365,PL000000000394,,廣平縣,39.915,116.1857,中國-北京市-市轄區-石景山區,DILA,master,,
366,PL000000000395,,玉河,39.9086,116.1924,中國-北京市-市轄區-石景山區,DILA,master,,
367,PL000000000396,,廣泉,39.956563,116.221035,中國-北京市-市轄區-海淀區,DILA,master,,
368,PL000000000397,,崇寧,39.957499,116.225217,中國-北京市-市轄區-海淀區,DILA,master,,
369,PL000000000398,,白雲洞,39.95493,116.220262,中國-北京市-市轄區-海淀區,DILA,master,,
370,PL000000000399,,椒園,39.956449,116.221598,中國-北京市-市轄區-海淀區,DILA,master,,
371,PL000000000400,,蓬萊洲,40.008956,116.304254,中國-北京市-市轄區-海淀區,DILA,master,,
372,PL000000000401,,西郊園,39.928674,116.289515,中國-北京市-市轄區-海淀區,DILA,master,,
373,PL000000000402,,圓明園,39.9996,116.3036,中國-北京市-市轄區-海淀區,DILA,master,,
374,PL000000000403,,玉泉山,39.995143,116.241821,中國-北京市-市轄區-海淀區,DILA,master,,
375,PL000000000404,,小清涼山,39.968603,116.182383,中國-北京市-市轄區-海淀區,DILA,master,,
376,PL000000000405,,暘臺山,40.070104,116.07015,中國-北京市-市轄區-海淀區,DILA,master,,
377,PL000000000406,,甕山,39.998412,116.267679,中國-北京市-市轄區-海淀區,DILA,master,,
378,PL000000000407,,龍泉寺,40.102112,116.084464,中國-北京市-市轄區-海淀區,DILA,master,,
379,PL000000000408,,翊效寺,39.9154,116.295685,中國-北京市-市轄區-海淀區,DILA,master,,
380,PL000000000409,,玉塔寺,39.943831,116.324199,中國-北京市-市轄區-海淀區,DILA,master,,
381,PL000000000410,,石香精舍,39.956657,116.220956,中國-北京市-市轄區-海淀區,DILA,master,,
382,PL000000000411,,淨安寺,39.993305,116.240509,中國-北京市-市轄區-海淀區,DILA,master,,
383,PL000000000412,,修真觀,40.062901,116.094356,中國-北京市-市轄區-海淀區,DILA,master,,
384,PL000000000413,,甘露寺,39.985711,116.186379,中國-北京市-市轄區-海淀區,DILA,master,,
385,PL000000000414,,廣通寺,39.949237,116.338385,中國-北京市-市轄區-海淀區,DILA,master,,
386,PL000000000415,,洪光寺,39.985489,116.184108,中國-北京市-市轄區-海淀區,DILA,master,,
387,PL000000000416,,廣應寺,40.003571,116.199346,中國-北京市-市轄區-海淀區,DILA,master,,
388,PL000000000417,,補陀寺,39.992988,116.241924,中國-北京市-市轄區-海淀區,DILA,master,,
389,PL000000000418,,大鐘寺,39.967998,116.331951,中國-北京市-市轄區-海淀區,DILA,master,,
390,PL000000000419,,慈壽寺,39.926818,116.289304,中國-北京市-市轄區-海淀區,DILA,master,,
391,PL000000000420,,玲瓏寶塔,39.926796,116.289195,中國-北京市-市轄區-海淀區,DILA,master,,
392,PL000000000421,,大功德寺,39.997274,116.253512,中國-北京市-市轄區-海淀區,DILA,master,,
393,PL000000000422,,遺光寺,40.003248,116.239922,中國-北京市-市轄區-海淀區,DILA,master,,
394,PL000000000424,,靈泉寺,40.051242,116.099263,中國-北京市-市轄區-海淀區,DILA,master,,
395,PL000000000425,,西竺寺,39.958334,116.292185,中國-北京市-市轄區-海淀區,DILA,master,,
396,PL000000000426,,北旺,40.0632,116.1262,中國-北京市-市轄區-海淀區,DILA,master,,
397,PL000000000427,,清河店,40.0317,116.3174,中國-北京市-市轄區-海淀區,DILA,master,,
398,PL000000000428,,小榆河,40.1159,116.2095,中國-北京市-市轄區-海淀區,DILA,master,,
399,PL000000000429,,百花陀,39.85684,115.61679,中國-北京市-市轄區-門頭溝區,DILA,master,,
400,PL000000000430,,潭柘,39.939077,116.095403,中國-北京市-市轄區-門頭溝區,DILA,master,,
401,PL000000000431,,萬佛山,39.939077,116.095403,中國-北京市-市轄區-門頭溝區,DILA,master,,
402,PL000000000432,,鞍山,39.863029,116.056774,中國-北京市-市轄區-門頭溝區,DILA,master,,
403,PL000000000433,,戒壇,39.868922,116.079962,中國-北京市-市轄區-門頭溝區,DILA,master,,
404,PL000000000434,,潭柘,39.904009,116.024666,中國-北京市-市轄區-門頭溝區,DILA,master,,
405,PL000000000435,,報國寺,39.857225,115.623616,中國-北京市-市轄區-門頭溝區,DILA,master,,
406,PL000000000436,,天津關,40.0573,115.5549,中國-北京市-市轄區-門頭溝區,DILA,master,,
407,PL000000000437,,天津關,40.064,115.551,中國-北京市-市轄區-門頭溝區,DILA,master,,
408,PL000000000438,,齊家莊,39.9377,115.5257,中國-北京市-市轄區-門頭溝區,DILA,master,,
409,PL000000000439,,齊家莊,39.9438,115.5341,中國-北京市-市轄區-門頭溝區,DILA,master,,
410,PL000000000440,,沿河城,40.0307,115.8481,中國-北京市-市轄區-門頭溝區,DILA,master,,
411,PL000000000441,,王平口,39.948,115.9244,中國-北京市-市轄區-門頭溝區,DILA,master,,
412,PL000000000442,,石港口,40.0728,115.6857,中國-北京市-市轄區-門頭溝區,DILA,master,,
413,PL000000000443,,沿河口所,40.086,115.7237,中國-北京市-市轄區-門頭溝區,DILA,master,,
414,PL000000000444,,永慈,39.679215,115.842534,中國-北京市-市轄區-房山區,DILA,master,,
415,PL000000000445,,十方,39.74821,116.137143,中國-北京市-市轄區-房山區,DILA,master,,
416,PL000000000446,,高丘,39.747827,116.137143,中國-北京市-市轄區-房山區,DILA,master,,
417,PL000000000447,,小西天,39.617324,115.776569,中國-北京市-市轄區-房山區,DILA,master,,
418,PL000000000448,,上房山,39.679863,115.81992,中國-北京市-市轄區-房山區,DILA,master,,
419,PL000000000449,,谷積山,39.747827,116.137143,中國-北京市-市轄區-房山區,DILA,master,,
420,PL000000000451,,房山雲居寺,39.607886,115.767573,中國-北京市-市轄區-房山區,DILA,master,,
421,PL000000000452,,石經處,39.602783,115.766042,中國-北京市-市轄區-房山區,DILA,master,,
422,PL000000000453,,天生院,39.799776,116.009997,中國-北京市-市轄區-房山區,DILA,master,,
423,PL000000000454,,雷音寺,39.607886,115.767573,中國-北京市-市轄區-房山區,DILA,master,,
424,PL000000000455,,房山,39.7097,115.9946,中國-北京市-市轄區-房山區,DILA,master,,
425,PL000000000456,,房山,39.7097,115.9946,中國-北京市-市轄區-房山區,DILA,master,,
426,PL000000000457,,房山,39.7097,115.9946,中國-北京市-市轄區-房山區,DILA,master,,
427,PL000000000458,,良鄉,39.6439,116.0815,中國-北京市-市轄區-房山區,DILA,master,,
428,PL000000000459,,良鄉,39.6439,116.0815,中國-北京市-市轄區-房山區,DILA,master,,
429,PL000000000460,,良鄉,39.6427,116.0801,中國-北京市-市轄區-房山區,DILA,master,,
430,PL000000000461,,良鄉,39.6427,116.0801,中國-北京市-市轄區-房山區,DILA,master,,
431,PL000000000462,,良鄉,39.7344,116.1369,中國-北京市-市轄區-房山區,DILA,master,,
432,PL000000000463,,興州中屯衛,39.7344,116.1369,中國-北京市-市轄區-房山區,DILA,master,,
433,PL000000000464,,廣陽,39.7549,116.201,中國-北京市-市轄區-房山區,DILA,master,,
434,PL000000000465,,廣陽,39.7549,116.201,中國-北京市-市轄區-房山區,DILA,master,,
435,PL000000000466,,良鄉,39.6392,116.0733,中國-北京市-市轄區-房山區,DILA,master,,
436,PL000000000467,,半壁店,39.5647,115.8586,中國-北京市-市轄區-房山區,DILA,master,,
437,PL000000000468,,良鄉,39.6444,116.0761,中國-北京市-市轄區-房山區,DILA,master,,
438,PL000000000469,,良鄉,39.652,116.0711,中國-北京市-市轄區-房山區,DILA,master,,
439,PL000000000470,,威州,39.7463,115.7463,中國-北京市-市轄區-房山區,DILA,master,,
440,PL000000000471,,宛平,39.794,116.2085,中國-北京市-市轄區-房山區,DILA,master,,
441,PL000000000472,,廣陽,39.7475,116.195,中國-北京市-市轄區-房山區,DILA,master,,
442,PL000000000473,,廣陽,39.7558,116.1901,中國-北京市-市轄區-房山區,DILA,master,,
443,PL000000000474,,威化,39.7463,115.7463,中國-北京市-市轄區-房山區,DILA,master,,
444,PL000000000475,,夷賓等州,39.7504,116.1712,中國-北京市-市轄區-房山區,DILA,master,,
445,PL000000000476,,良鄉,39.7347,116.1223,中國-北京市-市轄區-房山區,DILA,master,,
446,PL000000000477,,良鄉,39.742,116.1417,中國-北京市-市轄區-房山區,DILA,master,,
447,PL000000000478,,磁家務,39.8025,115.9919,中國-北京市-市轄區-房山區,DILA,master,,
448,PL000000000479,,戾陵遏,39.886,115.9067,中國-北京市-市轄區-房山區,DILA,master,,
449,PL000000000480,,佑聖教寺,39.913909,116.658392,中國-北京市-市轄區-通州區,DILA,master,,
450,PL000000000481,,通州,39.9051,116.6687,中國-北京市-市轄區-通州區,DILA,master,,
451,PL000000000482,,通州,39.9051,116.6687,中國-北京市-市轄區-通州區,DILA,master,,
452,PL000000000483,,通州,39.9051,116.6687,中國-北京市-市轄區-通州區,DILA,master,,
453,PL000000000484,,潞縣,39.9051,116.6687,中國-北京市-市轄區-通州區,DILA,master,,
454,PL000000000485,,潞縣,39.9043,116.7374,中國-北京市-市轄區-通州區,DILA,master,,
455,PL000000000486,,潞縣,39.899,116.7503,中國-北京市-市轄區-通州區,DILA,master,,
456,PL000000000487,,張家灣,39.8313,116.7081,中國-北京市-市轄區-通州區,DILA,master,,
457,PL000000000488,,高麗莊,39.8193,116.6789,中國-北京市-市轄區-通州區,DILA,master,,
458,PL000000000489,,漷縣,39.7821,116.7709,中國-北京市-市轄區-通州區,DILA,master,,
459,PL000000000490,,漷縣,39.7819,116.7707,中國-北京市-市轄區-通州區,DILA,master,,
460,PL000000000491,,漷陰,39.7729,116.7698,中國-北京市-市轄區-通州區,DILA,master,,
461,PL000000000492,,弘仁橋,39.754,116.565,中國-北京市-市轄區-通州區,DILA,master,,
462,PL000000000493,,馬駒,39.7511,116.5629,中國-北京市-市轄區-通州區,DILA,master,,
463,PL000000000494,,神武中衛,39.9051,116.6687,中國-北京市-市轄區-通州區,DILA,master,,
464,PL000000000495,,定邊衛,39.9051,116.6687,中國-北京市-市轄區-通州區,DILA,master,,
465,PL000000000496,,安集寺,40.128922,116.648225,中國-北京市-市轄區-順義區,DILA,master,,
466,PL000000000497,,遼西,40.2432,116.5933,中國-北京市-市轄區-順義區,DILA,master,,
467,PL000000000498,,狐奴,40.1998,116.7611,中國-北京市-市轄區-順義區,DILA,master,,
468,PL000000000499,,狐奴,40.1998,116.7611,中國-北京市-市轄區-順義區,DILA,master,,
469,PL000000000500,,狐奴,40.1946,116.754,中國-北京市-市轄區-順義區,DILA,master,,
470,PL000000000501,,安樂,40.17,116.6065,中國-北京市-市轄區-順義區,DILA,master,,
471,PL000000000502,,安樂,40.17,116.6065,中國-北京市-市轄區-順義區,DILA,master,,
472,PL000000000503,,安樂,40.15,116.6082,中國-北京市-市轄區-順義區,DILA,master,,
473,PL000000000504,,楊各莊,40.1429,116.8387,中國-北京市-市轄區-順義區,DILA,master,,
474,PL000000000505,,順義,40.1268,116.6514,中國-北京市-市轄區-順義區,DILA,master,,
475,PL000000000506,,順義,40.1268,116.6514,中國-北京市-市轄區-順義區,DILA,master,,
476,PL000000000507,,順州,40.1268,116.6514,中國-北京市-市轄區-順義區,DILA,master,,
477,PL000000000508,,順州,40.1268,116.6514,中國-北京市-市轄區-順義區,DILA,master,,
478,PL000000000509,,懷柔,40.1268,116.6514,中國-北京市-市轄區-順義區,DILA,master,,
479,PL000000000510,,懷柔,40.1268,116.6514,中國-北京市-市轄區-順義區,DILA,master,,
480,PL000000000511,,天柱莊,40.0572,116.5923,中國-北京市-市轄區-順義區,DILA,master,,
481,PL000000000512,,營州左屯衛,40.1268,116.6514,中國-北京市-市轄區-順義區,DILA,master,,
482,PL000000000513,,歸順州,40.1268,116.6514,中國-北京市-市轄區-順義區,DILA,master,,
483,PL000000000514,,歸德郡,40.2432,116.5933,中國-北京市-市轄區-順義區,DILA,master,,
484,PL000000000516,,昌平鎮,40.219301,116.22523,中國-北京市-市轄區-昌平區,DILA,master,,
485,PL000000000517,,兜率寺,39.675996,115.822313,中國-北京市-市轄區-房山區,DILA,master,,
486,PL000000000518,,昭聖寺,40.180789,116.186706,中國-北京市-市轄區-昌平區,DILA,master,,
487,PL000000000519,,得勝口,40.2993,116.1841,中國-北京市-市轄區-昌平區,DILA,master,,
488,PL000000000520,,東燕州,40.2944,116.2369,中國-北京市-市轄區-昌平區,DILA,master,,
489,PL000000000521,,居庸關,40.2873,116.068,中國-北京市-市轄區-昌平區,DILA,master,,
490,PL000000000522,,居庸關,40.2843,116.0891,中國-北京市-市轄區-昌平區,DILA,master,,
491,PL000000000523,,居庸關,40.2724,116.0901,中國-北京市-市轄區-昌平區,DILA,master,,
492,PL000000000524,,居雍關,40.2652,116.122,中國-北京市-市轄區-昌平區,DILA,master,,
493,PL000000000525,,紅門,40.2463,116.2205,中國-北京市-市轄區-昌平區,DILA,master,,
494,PL000000000526,,常峪城所,40.2269,115.9007,中國-北京市-市轄區-昌平區,DILA,master,,
495,PL000000000527,,軍都關,40.2222,116.1689,中國-北京市-市轄區-昌平區,DILA,master,,
496,PL000000000528,,昌平州,40.222,116.2388,中國-北京市-市轄區-昌平區,DILA,master,,
497,PL000000000529,,昌平州,40.2213,116.2336,中國-北京市-市轄區-昌平區,DILA,master,,
498,PL000000000530,,昌平,40.2095,116.1916,中國-北京市-市轄區-昌平區,DILA,master,,
499,PL000000000531,,昌平,40.1875,116.1938,中國-北京市-市轄區-昌平區,DILA,master,,
500,PL000000000532,,廣武,40.1874,115.9271,中國-北京市-市轄區-昌平區,DILA,master,,
501,PL000000000533,,昌平,40.1758,116.187,中國-北京市-市轄區-昌平區,DILA,master,,
502,PL000000000534,,軍都城,40.1721,116.2338,中國-北京市-市轄區-昌平區,DILA,master,,
503,PL000000000535,,紅橋,40.16,116.2203,中國-北京市-市轄區-昌平區,DILA,master,,
504,PL000000000536,,軍都,40.1569,116.2111,中國-北京市-市轄區-昌平區,DILA,master,,
505,PL000000000537,,軍都,40.1569,116.2111,中國-北京市-市轄區-昌平區,DILA,master,,
506,PL000000000538,,軍都,40.1454,116.2132,中國-北京市-市轄區-昌平區,DILA,master,,
507,PL000000000539,,鞏華城,40.1326,116.2888,中國-北京市-市轄區-昌平區,DILA,master,,
508,PL000000000540,,昌平城,40.1231,116.2775,中國-北京市-市轄區-昌平區,DILA,master,,
509,PL000000000541,,昌平,40.1128,116.2762,中國-北京市-市轄區-昌平區,DILA,master,,
510,PL000000000542,,昌平,40.1128,116.2762,中國-北京市-市轄區-昌平區,DILA,master,,
511,PL000000000543,,昌平,40.1069,116.2903,中國-北京市-市轄區-昌平區,DILA,master,,
512,PL000000000544,,昌平,40.1069,116.2903,中國-北京市-市轄區-昌平區,DILA,master,,
513,PL000000000545,,延慶衛,40.2843,116.0707,中國-北京市-市轄區-昌平區,DILA,master,,
514,PL000000000546,,白羊口所,40.2081,116.0195,中國-北京市-市轄區-昌平區,DILA,master,,
515,PL000000000547,,帶州,40.2195,115.9554,中國-北京市-市轄區-昌平區,DILA,master,,
516,PL000000000548,,孤竹,40.2195,115.9554,中國-北京市-市轄區-昌平區,DILA,master,,
517,PL000000000549,,護鮮卑校尉,40.1069,116.2903,中國-北京市-市轄區-昌平區,DILA,master,,
518,PL000000000550,,徧城郡,40.1874,115.9271,中國-北京市-市轄區-昌平區,DILA,master,,
519,PL000000000551,,大榆河,40.1221,116.2471,中國-北京市-市轄區-昌平區,DILA,master,,
520,PL000000000552,,陰鄉,39.7933,116.3257,中國-北京市-市轄區-大興區,DILA,master,,
521,PL000000000553,,籠火城,39.7709,116.3136,中國-北京市-市轄區-大興區,DILA,master,,
522,PL000000000554,,黃村,39.7254,116.3431,中國-北京市-市轄區-大興區,DILA,master,,
523,PL000000000555,,黃村,39.7254,116.3431,中國-北京市-市轄區-大興區,DILA,master,,
524,PL000000000556,,濱海,39.7078,116.5323,中國-北京市-市轄區-大興區,DILA,master,,
525,PL000000000557,,采育,39.6569,116.6485,中國-北京市-市轄區-大興區,DILA,master,,
526,PL000000000558,,龐各莊,39.6304,116.3128,中國-北京市-市轄區-大興區,DILA,master,,
527,PL000000000559,,禮賢莊,39.5655,116.4627,中國-北京市-市轄區-大興區,DILA,master,,
528,PL000000000560,,沃州,39.7078,116.5323,中國-北京市-市轄區-大興區,DILA,master,,
529,PL000000000561,,紅螺,40.394019,116.617111,中國-北京市-市轄區-懷柔區,DILA,master,,
530,PL000000000562,,大草坪,40.985,116.6356,中國-北京市-市轄區-懷柔區,DILA,master,,
531,PL000000000563,,大水谷,40.4503,116.7102,中國-北京市-市轄區-懷柔區,DILA,master,,
532,PL000000000564,,大水峪,40.4455,116.7094,中國-北京市-市轄區-懷柔區,DILA,master,,
533,PL000000000565,,慕田峪,40.4059,116.5957,中國-北京市-市轄區-懷柔區,DILA,master,,
534,PL000000000566,,黃花鎮,40.3926,116.3824,中國-北京市-市轄區-懷柔區,DILA,master,,
535,PL000000000567,,漁陽郡,40.3368,116.7287,中國-北京市-市轄區-懷柔區,DILA,master,,
536,PL000000000568,,漁陽,40.3261,116.7392,中國-北京市-市轄區-懷柔區,DILA,master,,
537,PL000000000569,,懷柔,40.3113,116.6356,中國-北京市-市轄區-懷柔區,DILA,master,,
538,PL000000000570,,懷柔,40.3113,116.6356,中國-北京市-市轄區-懷柔區,DILA,master,,
539,PL000000000571,,牛欄山堡,40.2265,116.6672,中國-北京市-市轄區-懷柔區,DILA,master,,
540,PL000000000572,,勃海所,40.3918,116.5425,中國-北京市-市轄區-懷柔區,DILA,master,,
541,PL000000000573,,鎮羅關,40.3567,117.1801,中國-北京市-市轄區-平谷區,DILA,master,,
542,PL000000000574,,鎮魯營,40.3292,117.1351,中國-北京市-市轄區-平谷區,DILA,master,,
543,PL000000000575,,黃松峪,40.2631,117.2646,中國-北京市-市轄區-平谷區,DILA,master,,
544,PL000000000576,,黃松峪關,40.245,117.2639,中國-北京市-市轄區-平谷區,DILA,master,,
545,PL000000000577,,平谷,40.1764,117.1617,中國-北京市-市轄區-平谷區,DILA,master,,
546,PL000000000578,,平谷,40.1764,117.1617,中國-北京市-市轄區-平谷區,DILA,master,,
547,PL000000000579,,大王鎮,40.1385,117.1312,中國-北京市-市轄區-平谷區,DILA,master,,
548,PL000000000580,,平谷,40.1355,117.1228,中國-北京市-市轄區-平谷區,DILA,master,,
549,PL000000000581,,平谷,40.1355,117.1228,中國-北京市-市轄區-平谷區,DILA,master,,
550,PL000000000582,,馬坊,40.0357,117.0175,中國-北京市-市轄區-平谷區,DILA,master,,
551,PL000000000583,,營州中屯衛,40.1813,117.0958,中國-北京市-市轄區-平谷區,DILA,master,,
552,PL000000000584,,虎北口,40.689339,117.158165,中國-北京市-縣-密雲縣,DILA,master,,
553,PL000000000585,,南天門,40.659897,117.13812,中國-北京市-縣-密雲縣,DILA,master,,
554,PL000000000586,,哈,40.376326,116.84299,中國-北京市-縣-密雲縣,DILA,master,,
555,PL000000000587,,鎚塔寺,40.381923,116.843709,中國-北京市-縣-密雲縣,DILA,master,,
556,PL000000000588,,白馬關,40.7214,116.9412,中國-北京市-縣-密雲縣,DILA,master,,
557,PL000000000589,,古北口,40.7156,117.1974,中國-北京市-縣-密雲縣,DILA,master,,
558,PL000000000590,,白馬關,40.7136,116.9368,中國-北京市-縣-密雲縣,DILA,master,,
559,PL000000000591,,高家堡,40.6801,116.9278,中國-北京市-縣-密雲縣,DILA,master,,
560,PL000000000592,,古北口關,40.6766,117.1562,中國-北京市-縣-密雲縣,DILA,master,,
561,PL000000000593,,古北館,40.6672,117.198,中國-北京市-縣-密雲縣,DILA,master,,
562,PL000000000594,,提攜城,40.6596,117.115,中國-北京市-縣-密雲縣,DILA,master,,
563,PL000000000595,,傂奚,40.6592,117.166,中國-北京市-縣-密雲縣,DILA,master,,
564,PL000000000596,,曹家寨,40.6578,117.4563,中國-北京市-縣-密雲縣,DILA,master,,
565,PL000000000597,,曹家寨關,40.6537,117.4545,中國-北京市-縣-密雲縣,DILA,master,,
566,PL000000000598,,馮家堡,40.6498,116.9054,中國-北京市-縣-密雲縣,DILA,master,,
567,PL000000000599,,虒奚,40.6459,117.1352,中國-北京市-縣-密雲縣,DILA,master,,
568,PL000000000600,,安樂郡,40.6339,117.1558,中國-北京市-縣-密雲縣,DILA,master,,
569,PL000000000601,,燕樂,40.6339,117.1558,中國-北京市-縣-密雲縣,DILA,master,,
570,PL000000000602,,黃崖口,40.6122,116.8567,中國-北京市-縣-密雲縣,DILA,master,,
571,PL000000000603,,黃崖口關,40.5974,116.8633,中國-北京市-縣-密雲縣,DILA,master,,
572,PL000000000604,,獷平,40.5952,117.1148,中國-北京市-縣-密雲縣,DILA,master,,
573,PL000000000605,,獷平,40.5897,117.0865,中國-北京市-縣-密雲縣,DILA,master,,
574,PL000000000606,,獷平,40.5648,117.0627,中國-北京市-縣-密雲縣,DILA,master,,
575,PL000000000607,,石匣營,40.5609,117.0707,中國-北京市-縣-密雲縣,DILA,master,,
576,PL000000000608,,燕樂,40.5573,116.9523,中國-北京市-縣-密雲縣,DILA,master,,
577,PL000000000609,,石塘嶺,40.5546,116.8586,中國-北京市-縣-密雲縣,DILA,master,,
578,PL000000000610,,金溝館,40.5273,116.9963,中國-北京市-縣-密雲縣,DILA,master,,
579,PL000000000611,,鎮遠軍,40.5268,116.798,中國-北京市-縣-密雲縣,DILA,master,,
580,PL000000000612,,楊家堡,40.525,117.239,中國-北京市-縣-密雲縣,DILA,master,,
581,PL000000000613,,行唐,40.3717,116.9589,中國-北京市-縣-密雲縣,DILA,master,,
582,PL000000000614,,密雲,40.3707,116.8504,中國-北京市-縣-密雲縣,DILA,master,,
583,PL000000000615,,密雲,40.3707,116.8504,中國-北京市-縣-密雲縣,DILA,master,,
584,PL000000000616,,檀州,40.3707,116.8504,中國-北京市-縣-密雲縣,DILA,master,,
585,PL000000000617,,密雲,40.3707,116.8504,中國-北京市-縣-密雲縣,DILA,master,,
586,PL000000000618,,檀州,40.3707,116.8504,中國-北京市-縣-密雲縣,DILA,master,,
587,PL000000000619,,威武軍,40.3707,116.8504,中國-北京市-縣-密雲縣,DILA,master,,
588,PL000000000620,,密雲,40.3707,116.8504,中國-北京市-縣-密雲縣,DILA,master,,
589,PL000000000621,,檀州,40.3707,116.8504,中國-北京市-縣-密雲縣,DILA,master,,
590,PL000000000622,,密雲,40.3707,116.8504,中國-北京市-縣-密雲縣,DILA,master,,
591,PL000000000623,,漁陽,40.3399,116.7629,中國-北京市-縣-密雲縣,DILA,master,,
592,PL000000000624,,漁陽郡,40.3399,116.7629,中國-北京市-縣-密雲縣,DILA,master,,
593,PL000000000625,,漁陽,40.3322,116.7709,中國-北京市-縣-密雲縣,DILA,master,,
594,PL000000000626,,漁陽郡,40.3322,116.7709,中國-北京市-縣-密雲縣,DILA,master,,
595,PL000000000627,,漁陽,40.3298,116.7519,中國-北京市-縣-密雲縣,DILA,master,,
596,PL000000000628,,漁陽郡,40.3298,116.7519,中國-北京市-縣-密雲縣,DILA,master,,
597,PL000000000629,,漁陽,40.3298,116.7519,中國-北京市-縣-密雲縣,DILA,master,,
598,PL000000000630,,漁陽郡,40.3298,116.7519,中國-北京市-縣-密雲縣,DILA,master,,
599,PL000000000631,,橫山城,40.2934,116.877,中國-北京市-縣-密雲縣,DILA,master,,
600,PL000000000632,,潮河所,40.661,117.1708,中國-北京市-縣-密雲縣,DILA,master,,
601,PL000000000633,,密雲後衛,40.676,117.2155,中國-北京市-縣-密雲縣,DILA,master,,
602,PL000000000634,,北口守捉,40.6303,117.1838,中國-北京市-縣-密雲縣,DILA,master,,
603,PL000000000635,,墻子嶺,40.4368,117.2345,中國-北京市-縣-密雲縣,DILA,master,,
604,PL000000000636,,千家店,40.7193,116.3536,中國-北京市-縣-延慶縣,DILA,master,,
605,PL000000000637,,靖安堡,40.6542,116.1653,中國-北京市-縣-延慶縣,DILA,master,,
606,PL000000000638,,周四溝堡,40.5608,116.2945,中國-北京市-縣-延慶縣,DILA,master,,
607,PL000000000639,,黑漢嶺堡,40.5553,116.3665,中國-北京市-縣-延慶縣,DILA,master,,
608,PL000000000640,,永寧,40.5241,116.178,中國-北京市-縣-延慶縣,DILA,master,,
609,PL000000000641,,四海冶堡,40.5224,116.4016,中國-北京市-縣-延慶縣,DILA,master,,
610,PL000000000642,,永寧城,40.52,116.1816,中國-北京市-縣-延慶縣,DILA,master,,
611,PL000000000643,,夷輿,40.4842,116.1473,中國-北京市-縣-延慶縣,DILA,master,,
612,PL000000000644,,延慶州,40.459,115.9783,中國-北京市-縣-延慶縣,DILA,master,,
613,PL000000000645,,延慶州,40.459,115.9783,中國-北京市-縣-延慶縣,DILA,master,,
614,PL000000000646,,龍慶州,40.459,115.9783,中國-北京市-縣-延慶縣,DILA,master,,
615,PL000000000647,,儒州,40.459,115.9783,中國-北京市-縣-延慶縣,DILA,master,,
616,PL000000000648,,縉山,40.459,115.9783,中國-北京市-縣-延慶縣,DILA,master,,
617,PL000000000649,,媯川縣,40.459,115.9783,中國-北京市-縣-延慶縣,DILA,master,,
618,PL000000000650,,上谷郡,40.459,115.9783,中國-北京市-縣-延慶縣,DILA,master,,
619,PL000000000651,,居庸,40.459,115.9783,中國-北京市-縣-延慶縣,DILA,master,,
620,PL000000000652,,居庸,40.459,115.9783,中國-北京市-縣-延慶縣,DILA,master,,
621,PL000000000653,,上谷郡,40.459,115.9783,中國-北京市-縣-延慶縣,DILA,master,,
622,PL000000000654,,居庸,40.459,115.9783,中國-北京市-縣-延慶縣,DILA,master,,
623,PL000000000655,,居庸,40.459,115.9783,中國-北京市-縣-延慶縣,DILA,master,,
624,PL000000000656,,居庸,40.4571,115.9587,中國-北京市-縣-延慶縣,DILA,master,,
625,PL000000000657,,柳溝營,40.4465,116.1002,中國-北京市-縣-延慶縣,DILA,master,,
626,PL000000000658,,榆林堡,40.3756,115.8677,中國-北京市-縣-延慶縣,DILA,master,,
627,PL000000000659,,岔道口,40.374,115.9822,中國-北京市-縣-延慶縣,DILA,master,,
628,PL000000000660,,四海冶所,40.527,116.3955,中國-北京市-縣-延慶縣,DILA,master,,
629,PL000000000661,,延慶左衛,40.5241,116.178,中國-北京市-縣-延慶縣,DILA,master,,
630,PL000000000662,,聖興寺,30.6501,104.0864,中國-四川省-成都市-成華區,DILA,master,,
631,PL000000000663,,普陀寺,39.121653,117.175345,中國-天津市-市轄區-和平區,DILA,master,,
632,PL000000000665,,玉女寨,39.0576,117.2653,中國-天津市-市轄區-河西區,DILA,master,,
633,PL000000000666,,津門,39.166667,117.166667,中國-天津市-市轄區-河北區,DILA,master,,
634,PL000000000667,,大悲禪院,39.155095,117.184223,中國-天津市-市轄區-河北區,DILA,master,,
635,PL000000000668,,天津,39.1361,117.1976,中國-天津市-市轄區-河北區,DILA,master,,
636,PL000000000669,,天津府,39.1361,117.1976,中國-天津市-市轄區-河北區,DILA,master,,
637,PL000000000670,,海津鎮,39.1361,117.1976,中國-天津市-市轄區-河北區,DILA,master,,
638,PL000000000671,,天津三衛,39.1361,117.1976,中國-天津市-市轄區-河北區,DILA,master,,
639,PL000000000672,,宜興埠,39.1643,117.2269,中國-天津市-市轄區-河北區,DILA,master,,
640,PL000000000673,,新城,38.9844,117.5732,中國-天津市-市轄區-濱海新區,DILA,master,,
641,PL000000000674,,大沽,38.971,117.703,中國-天津市-市轄區-濱海新區,DILA,master,,
642,PL000000000675,,大沽,38.9768,117.7074,中國-天津市-市轄區-濱海新區,DILA,master,,
643,PL000000000676,,塘沽,39.0219,117.69,中國-天津市-市轄區-濱海新區,DILA,master,,
644,PL000000000677,,新和,39.0374,117.6347,中國-天津市-市轄區-濱海新區,DILA,master,,
645,PL000000000678,,北塘,39.0982,117.716,中國-天津市-市轄區-濱海新區,DILA,master,,
646,PL000000000679,,北塘,39.0985,117.7189,中國-天津市-市轄區-濱海新區,DILA,master,,
647,PL000000000680,,軍糧城,39.0568,117.4774,中國-天津市-市轄區-東麗區,DILA,master,,
648,PL000000000681,,漂榆邑,39.0607,117.3549,中國-天津市-市轄區-東麗區,DILA,master,,
649,PL000000000682,,大南河,39.0149,117.1148,中國-天津市-市轄區-西青區,DILA,master,,
650,PL000000000683,,大任庄,39.0277,117.2372,中國-天津市-市轄區-西青區,DILA,master,,
651,PL000000000684,,蘆北口,38.9739,117.2251,中國-天津市-市轄區-西青區,DILA,master,,
652,PL000000000685,,楊柳青,39.1254,117.0086,中國-天津市-市轄區-西青區,DILA,master,,
653,PL000000000686,,當城寨,39.0916,116.969,中國-天津市-市轄區-西青區,DILA,master,,
654,PL000000000687,,當城,39.0812,116.9699,中國-天津市-市轄區-西青區,DILA,master,,
655,PL000000000688,,小南河寨,39.0241,117.151,中國-天津市-市轄區-西青區,DILA,master,,
656,PL000000000689,,咸水沽,38.9955,117.3946,中國-天津市-市轄區-津南區,DILA,master,,
657,PL000000000690,,興國場,38.9955,117.3946,中國-天津市-市轄區-津南區,DILA,master,,
658,PL000000000691,,鹽水沽,38.9876,117.3869,中國-天津市-市轄區-津南區,DILA,master,,
659,PL000000000692,,豐財場,38.9825,117.5299,中國-天津市-市轄區-津南區,DILA,master,,
660,PL000000000693,,泥沽寨,38.9954,117.4535,中國-天津市-市轄區-津南區,DILA,master,,
661,PL000000000694,,葛沽,38.9879,117.5273,中國-天津市-市轄區-津南區,DILA,master,,
662,PL000000000695,,雙港寨,39.0485,117.3159,中國-天津市-市轄區-津南區,DILA,master,,
663,PL000000000696,,旱溝,39.2901,117.1173,中國-天津市-市轄區-北辰區,DILA,master,,
664,PL000000000697,,北倉,39.2107,117.1587,中國-天津市-市轄區-北辰區,DILA,master,,
665,PL000000000698,,丁字沽,39.2026,117.1523,中國-天津市-市轄區-北辰區,DILA,master,,
666,PL000000000699,,極樂,39.382771,117.038111,中國-天津市-市轄區-武清區,DILA,master,,
667,PL000000000700,,報成,39.382771,117.038111,中國-天津市-市轄區-武清區,DILA,master,,
668,PL000000000701,,河西務,39.6246,116.9616,中國-天津市-市轄區-武清區,DILA,master,,
669,PL000000000702,,河西務,39.6221,116.963,中國-天津市-市轄區-武清區,DILA,master,,
670,PL000000000703,,雍奴,39.5932,117.0303,中國-天津市-市轄區-武清區,DILA,master,,
671,PL000000000704,,雍奴,39.5932,117.0303,中國-天津市-市轄區-武清區,DILA,master,,
672,PL000000000705,,雍奴,39.5885,117.0257,中國-天津市-市轄區-武清區,DILA,master,,
673,PL000000000706,,雍奴,39.5885,117.0257,中國-天津市-市轄區-武清區,DILA,master,,
674,PL000000000707,,武清,39.5292,116.8879,中國-天津市-市轄區-武清區,DILA,master,,
675,PL000000000708,,武清,39.5274,116.8785,中國-天津市-市轄區-武清區,DILA,master,,
676,PL000000000709,,崔黃口集,39.5251,117.2014,中國-天津市-市轄區-武清區,DILA,master,,
677,PL000000000710,,雍奴,39.5174,116.9476,中國-天津市-市轄區-武清區,DILA,master,,
678,PL000000000711,,雍奴,39.5052,116.9438,中國-天津市-市轄區-武清區,DILA,master,,
679,PL000000000712,,武清,39.5033,116.938,中國-天津市-市轄區-武清區,DILA,master,,
680,PL000000000713,,蔡村,39.503,117.0472,中國-天津市-市轄區-武清區,DILA,master,,
681,PL000000000714,,雍奴,39.4877,116.9441,中國-天津市-市轄區-武清區,DILA,master,,
682,PL000000000715,,漁陽郡,39.4877,116.9441,中國-天津市-市轄區-武清區,DILA,master,,
683,PL000000000716,,劉家莊,39.3965,116.9097,中國-天津市-市轄區-武清區,DILA,master,,
684,PL000000000717,,楊村,39.3777,117.073,中國-天津市-市轄區-武清區,DILA,master,,
685,PL000000000718,,楊村,39.3777,117.073,中國-天津市-市轄區-武清區,DILA,master,,
686,PL000000000719,,楊村務,39.3757,117.0739,中國-天津市-市轄區-武清區,DILA,master,,
687,PL000000000720,,泉州城,39.329,117.0204,中國-天津市-市轄區-武清區,DILA,master,,
688,PL000000000721,,泉州,39.3228,117.0058,中國-天津市-市轄區-武清區,DILA,master,,
689,PL000000000722,,泉州,39.3177,117.0162,中國-天津市-市轄區-武清區,DILA,master,,
690,PL000000000723,,泉州,39.3177,117.0162,中國-天津市-市轄區-武清區,DILA,master,,
691,PL000000000724,,泉州,39.3077,117.0384,中國-天津市-市轄區-武清區,DILA,master,,
692,PL000000000725,,王慶坨鎮,39.1875,116.9073,中國-天津市-市轄區-武清區,DILA,master,,
693,PL000000000726,,落堡村,39.436,116.8422,中國-天津市-市轄區-武清區,DILA,master,,
694,PL000000000727,,新倉,39.7357,117.3005,中國-天津市-市轄區-寶坻區,DILA,master,,
695,PL000000000728,,寶坻,39.725,117.3123,中國-天津市-市轄區-寶坻區,DILA,master,,
696,PL000000000729,,寶坻,39.725,117.3123,中國-天津市-市轄區-寶坻區,DILA,master,,
697,PL000000000730,,豐臺橋,39.5576,117.7746,中國-天津市-縣-寧河縣,DILA,master,,
698,PL000000000731,,寧河,39.4639,117.7704,中國-天津市-縣-寧河縣,DILA,master,,
699,PL000000000732,,蘆臺,39.331,117.8413,中國-天津市-縣-寧河縣,DILA,master,,
700,PL000000000733,,蘆臺場,39.331,117.8413,中國-天津市-縣-寧河縣,DILA,master,,
701,PL000000000734,,蘆臺鎮,39.3125,117.8318,中國-天津市-縣-寧河縣,DILA,master,,
702,PL000000000735,,梁城所,39.4629,117.7846,中國-天津市-縣-寧河縣,DILA,master,,
703,PL000000000736,,普度,38.945849,116.968624,中國-天津市-縣-靜海縣,DILA,master,,
704,PL000000000737,,良王庄,39.022,116.99,中國-天津市-縣-靜海縣,DILA,master,,
705,PL000000000738,,獨流北寨,39.0196,116.9102,中國-天津市-縣-靜海縣,DILA,master,,
706,PL000000000739,,獨流鎮,39.018,116.9026,中國-天津市-縣-靜海縣,DILA,master,,
707,PL000000000740,,獨流東寨,39.0122,116.9795,中國-天津市-縣-靜海縣,DILA,master,,
708,PL000000000741,,架口莊,38.9707,116.8683,中國-天津市-縣-靜海縣,DILA,master,,
709,PL000000000742,,王家口,38.9416,116.7396,中國-天津市-縣-靜海縣,DILA,master,,
710,PL000000000743,,靜海,38.9335,116.9289,中國-天津市-縣-靜海縣,DILA,master,,
711,PL000000000744,,靜海,38.9335,116.9289,中國-天津市-縣-靜海縣,DILA,master,,
712,PL000000000745,,靖海,38.9335,116.9289,中國-天津市-縣-靜海縣,DILA,master,,
713,PL000000000746,,約臺寨,38.8141,116.8886,中國-天津市-縣-靜海縣,DILA,master,,
714,PL000000000747,,越家灣,38.7616,116.9002,中國-天津市-縣-靜海縣,DILA,master,,
715,PL000000000748,,唐官屯,38.7184,116.9374,中國-天津市-縣-靜海縣,DILA,master,,
716,PL000000000749,,窮河邑,38.8726,116.7914,中國-天津市-縣-靜海縣,DILA,master,,
717,PL000000000750,,無終山,40.103692,117.267755,中國-天津市-縣-薊縣,DILA,master,,
718,PL000000000751,,燕山,40.597378,117.479495,中國-河北省,DILA,master,,
719,PL000000000752,,浭水,39.782676,117.418759,中國-天津市-縣-薊縣,DILA,master,,
720,PL000000000753,,大佛寺,40.044158,117.396736,中國-天津市-縣-薊縣,DILA,master,,
721,PL000000000754,,佑唐寺,40.067344,117.302508,中國-天津市-縣-薊縣,DILA,master,,
722,PL000000000755,,延壽寺,40.21,117.93,中國-河北省-唐山市-遵化市,DILA,master,,
723,PL000000000756,,雲泉,40.044803,117.401554,中國-天津市-縣-薊縣,DILA,master,,
724,PL000000000757,,溫泉院,40.044803,117.401554,中國-天津市-縣-薊縣,DILA,master,,
725,PL000000000758,,寶積寺,40.044803,117.401554,中國-天津市-縣-薊縣,DILA,master,,
726,PL000000000759,,黃崖峪,40.2324,117.4377,中國-天津市-縣-薊縣,DILA,master,,
727,PL000000000760,,寬佃峪,40.1724,117.5459,中國-天津市-縣-薊縣,DILA,master,,
728,PL000000000761,,井兒峪,40.0955,117.4521,中國-天津市-縣-薊縣,DILA,master,,
729,PL000000000762,,薊州,40.043,117.4118,中國-天津市-縣-薊縣,DILA,master,,
730,PL000000000763,,薊州,40.043,117.4118,中國-天津市-縣-薊縣,DILA,master,,
731,PL000000000764,,薊州,40.043,117.4118,中國-天津市-縣-薊縣,DILA,master,,
732,PL000000000765,,漁陽,40.043,117.4118,中國-天津市-縣-薊縣,DILA,master,,
733,PL000000000766,,薊州,40.043,117.4118,中國-天津市-縣-薊縣,DILA,master,,
734,PL000000000767,,漁陽,40.043,117.4118,中國-天津市-縣-薊縣,DILA,master,,
735,PL000000000768,,靜塞軍,40.043,117.4118,中國-天津市-縣-薊縣,DILA,master,,
736,PL000000000769,,漁陽郡,40.043,117.4118,中國-天津市-縣-薊縣,DILA,master,,
737,PL000000000770,,無終,40.043,117.4118,中國-天津市-縣-薊縣,DILA,master,,
738,PL000000000771,,漁陽郡,40.043,117.4118,中國-天津市-縣-薊縣,DILA,master,,
739,PL000000000772,,無終,40.043,117.4118,中國-天津市-縣-薊縣,DILA,master,,
740,PL000000000773,,無終,40.043,117.4118,中國-天津市-縣-薊縣,DILA,master,,
741,PL000000000774,,無終,40.043,117.4118,中國-天津市-縣-薊縣,DILA,master,,
742,PL000000000775,,無終,40.043,117.4118,中國-天津市-縣-薊縣,DILA,master,,
743,PL000000000776,,無終,40.043,117.4118,中國-天津市-縣-薊縣,DILA,master,,
744,PL000000000777,,右北平郡,40.043,117.4118,中國-天津市-縣-薊縣,DILA,master,,
745,PL000000000778,,無終,40.043,117.4118,中國-天津市-縣-薊縣,DILA,master,,
746,PL000000000779,,下倉塔鎮,39.7898,117.4423,中國-天津市-縣-薊縣,DILA,master,,
747,PL000000000780,,營州右屯衛,40.043,117.4118,中國-天津市-縣-薊縣,DILA,master,,
748,PL000000000781,,鎮朔衛,40.043,117.4118,中國-天津市-縣-薊縣,DILA,master,,
749,PL000000000783,,燕,38.036613,114.463173,中國-河北省,DILA,master,,
750,PL000000000784,,燕地,38.036613,114.463173,中國-河北省,DILA,master,,
751,PL000000000786,,漳水,37.881389,116.461605,中國-河北省,DILA,master,,
752,PL000000000787,,滏水,37.244,118.5362,中國-河北省,DILA,master,,
753,PL000000000788,,洨水,37.743787,114.725523,中國-河北省-石家莊市,DILA,master,,
754,PL000000000789,,莎坥禪坊,37.743149,114.790526,中國-河北省-石家莊市-趙縣,DILA,master,,
755,PL000000000790,,真定,38.0893,114.5037,中國-河北省-石家莊市-長安區,DILA,master,,
756,PL000000000791,,真定,38.0911,114.5661,中國-河北省-石家莊市-長安區,DILA,master,,
757,PL000000000792,,真定,38.0911,114.5661,中國-河北省-石家莊市-長安區,DILA,master,,
758,PL000000000793,,真定國,38.0911,114.5661,中國-河北省-石家莊市-長安區,DILA,master,,
759,PL000000000794,,真定,38.0867,114.552,中國-河北省-石家莊市-長安區,DILA,master,,
760,PL000000000795,,東垣,38.0837,114.5707,中國-河北省-石家莊市-長安區,DILA,master,,
761,PL000000000796,,恒山郡,38.0837,114.5707,中國-河北省-石家莊市-長安區,DILA,master,,
762,PL000000000797,,恒山郡,38.0867,114.552,中國-河北省-石家莊市-長安區,DILA,master,,
763,PL000000000798,,真定,38.0893,114.5037,中國-河北省-石家莊市-橋東區,DILA,master,,
764,PL000000000799,,石家莊,38.0428,114.5023,中國-河北省-石家莊市-橋東區,DILA,master,,
765,PL000000000800,,龍貴村,38.0359,114.4513,中國-河北省-石家莊市-橋西區,DILA,master,,
766,PL000000000801,,石邑鎮,38.0259,114.4473,中國-河北省-石家莊市-橋西區,DILA,master,,
767,PL000000000802,,石邑,38.0183,114.4568,中國-河北省-石家莊市-橋西區,DILA,master,,
768,PL000000000803,,石邑,38.0187,114.4386,中國-河北省-石家莊市-橋西區,DILA,master,,
769,PL000000000804,,真定,38.1234,114.4599,中國-河北省-石家莊市-新華區,DILA,master,,
770,PL000000000805,,真定,38.1234,114.4599,中國-河北省-石家莊市-新華區,DILA,master,,
771,PL000000000806,,常山郡,38.1234,114.4599,中國-河北省-石家莊市-新華區,DILA,master,,
772,PL000000000807,,常山郡,38.1234,114.4599,中國-河北省-石家莊市-新華區,DILA,master,,
773,PL000000000808,,賈莊,38.0979,114.0363,中國-河北省-石家莊市-井陘礦區,DILA,master,,
774,PL000000000809,,常山郡,38.0502,114.5529,中國-河北省-石家莊市-裕華區,DILA,master,,
775,PL000000000810,,土門關,38.169224,114.069375,中國-河北省-石家莊市-井陘縣,DILA,master,,
776,PL000000000811,,井陘,38.1947,114.0696,中國-河北省-石家莊市-井陘縣,DILA,master,,
777,PL000000000812,,井陘,38.1939,114.0656,中國-河北省-石家莊市-井陘縣,DILA,master,,
778,PL000000000813,,井陘,38.1939,114.0656,中國-河北省-石家莊市-井陘縣,DILA,master,,
779,PL000000000814,,舊縣鎮,38.1924,114.0746,中國-河北省-石家莊市-井陘縣,DILA,master,,
780,PL000000000815,,井陘,38.1881,114.0917,中國-河北省-石家莊市-井陘縣,DILA,master,,
781,PL000000000816,,井陘,38.1881,114.0917,中國-河北省-石家莊市-井陘縣,DILA,master,,
782,PL000000000817,,井陘,38.181,114.0752,中國-河北省-石家莊市-井陘縣,DILA,master,,
783,PL000000000818,,井陘,38.1806,114.065,中國-河北省-石家莊市-井陘縣,DILA,master,,
784,PL000000000819,,井陘,38.1786,114.0739,中國-河北省-石家莊市-井陘縣,DILA,master,,
785,PL000000000820,,王家谷寨,38.1333,113.897,中國-河北省-石家莊市-井陘縣,DILA,master,,
786,PL000000000821,,小作口寨,38.1311,114.0308,中國-河北省-石家莊市-井陘縣,DILA,master,,
787,PL000000000822,,井陘,38.1069,114.1669,中國-河北省-石家莊市-井陘縣,DILA,master,,
788,PL000000000823,,固底,38.0883,114.1259,中國-河北省-石家莊市-井陘縣,DILA,master,,
789,PL000000000824,,岩峰,38.0624,114.156,中國-河北省-石家莊市-井陘縣,DILA,master,,
790,PL000000000825,,東方嶺,38.0208,114.2564,中國-河北省-石家莊市-井陘縣,DILA,master,,
791,PL000000000826,,橫口,38.0193,114.1075,中國-河北省-石家莊市-井陘縣,DILA,master,,
792,PL000000000827,,井陘,38.0157,114.0075,中國-河北省-石家莊市-井陘縣,DILA,master,,
793,PL000000000828,,廣井陘,38.0157,114.0075,中國-河北省-石家莊市-井陘縣,DILA,master,,
794,PL000000000829,,天長鎮,38.0141,114.0228,中國-河北省-石家莊市-井陘縣,DILA,master,,
795,PL000000000830,,回星城,38.0001,114.1402,中國-河北省-石家莊市-井陘縣,DILA,master,,
796,PL000000000831,,承天軍寨,37.9738,113.9337,中國-河北省-石家莊市-井陘縣,DILA,master,,
797,PL000000000832,,高公寨,37.9621,114.2873,中國-河北省-石家莊市-井陘縣,DILA,master,,
798,PL000000000833,,金柱嶺,37.9604,114.2782,中國-河北省-石家莊市-井陘縣,DILA,master,,
799,PL000000000834,,核桃園,37.9486,113.9565,中國-河北省-石家莊市-井陘縣,DILA,master,,
800,PL000000000835,,葦澤縣,37.8934,114.0051,中國-河北省-石家莊市-井陘縣,DILA,master,,
801,PL000000000836,,楊莊口,37.8481,114.0934,中國-河北省-石家莊市-井陘縣,DILA,master,,
802,PL000000000837,,井陘,38.0247,114.025,中國-河北省-石家莊市-井陘縣,DILA,master,,
803,PL000000000838,,又默,38.2342,114.5467,中國-河北省-石家莊市-正定縣,DILA,master,,
804,PL000000000840,,河北西路,38.1394,114.5733,中國-河北省-石家莊市-正定縣,DILA,master,,
805,PL000000000841,,柳泉山,38.5194,114.9847,中國-河北省-保定市-定州市,DILA,master,,
806,PL000000000842,,大冥山,38.2342,114.5467,中國-河北省-石家莊市-正定縣,DILA,master,,
807,PL000000000843,,衡唐精舍,38.2342,114.5467,中國-河北省-石家莊市-正定縣,DILA,master,,
808,PL000000000844,,大佛寺,38.142658,114.576442,中國-河北省-石家莊市-正定縣,DILA,master,,
809,PL000000000845,,華塔寺,38.131762,114.565844,中國-河北省-石家莊市-正定縣,DILA,master,,
810,PL000000000846,,開元寺,38.138815,114.564221,中國-河北省-石家莊市-正定縣,DILA,master,,
811,PL000000000847,,舍利寺,38.152421,114.555114,中國-河北省-石家莊市-正定縣,DILA,master,,
812,PL000000000848,,天王院,38.2342,114.5467,中國-河北省-石家莊市-正定縣,DILA,master,,
813,PL000000000849,,大寺,38.2342,114.5467,中國-河北省-石家莊市-正定縣,DILA,master,,
814,PL000000000850,,臨濟院,38.135664,114.567376,中國-河北省-石家莊市-正定縣,DILA,master,,
815,PL000000000851,,新市,38.2743,114.6948,中國-河北省-石家莊市-正定縣,DILA,master,,
816,PL000000000852,,新市鎮,38.273,114.6928,中國-河北省-石家莊市-正定縣,DILA,master,,
817,PL000000000853,,新市,38.2679,114.6918,中國-河北省-石家莊市-正定縣,DILA,master,,
818,PL000000000854,,新市,38.2673,114.6866,中國-河北省-石家莊市-正定縣,DILA,master,,
819,PL000000000855,,白馬關,38.2426,114.435,中國-河北省-石家莊市-正定縣,DILA,master,,
820,PL000000000856,,正定,38.1394,114.5733,中國-河北省-石家莊市-正定縣,DILA,master,,
821,PL000000000857,,真定府,38.1394,114.5733,中國-河北省-石家莊市-正定縣,DILA,master,,
822,PL000000000858,,真定,38.1394,114.5733,中國-河北省-石家莊市-正定縣,DILA,master,,
823,PL000000000859,,鎮州,38.1394,114.5733,中國-河北省-石家莊市-正定縣,DILA,master,,
824,PL000000000860,,真定,38.1394,114.5733,中國-河北省-石家莊市-正定縣,DILA,master,,
825,PL000000000861,,真定路,38.1394,114.5733,中國-河北省-石家莊市-正定縣,DILA,master,,
826,PL000000000862,,河北西路,38.1394,114.5733,中國-河北省-石家莊市-正定縣,DILA,master,,
827,PL000000000863,,真定府,38.1394,114.5733,中國-河北省-石家莊市-正定縣,DILA,master,,
828,PL000000000864,,真定,38.1394,114.5733,中國-河北省-石家莊市-正定縣,DILA,master,,
829,PL000000000865,,真定府,38.1394,114.5733,中國-河北省-石家莊市-正定縣,DILA,master,,
830,PL000000000866,,中山,38.1394,114.5733,中國-河北省-石家莊市-正定縣,DILA,master,,
831,PL000000000867,,安樂壘,38.1394,114.5733,中國-河北省-石家莊市-正定縣,DILA,master,,
832,PL000000000868,,常山郡,38.0982,114.5732,中國-河北省-石家莊市-正定縣,DILA,master,,
833,PL000000000869,,鮮虞亭,38.2935,114.6613,中國-河北省-石家莊市-正定縣,DILA,master,,
834,PL000000000870,,成德縣,38.1394,114.5733,中國-河北省-石家莊市-正定縣,DILA,master,,
835,PL000000000871,,恆冀都團練觀察使,38.1394,114.5733,中國-河北省-石家莊市-正定縣,DILA,master,,
836,PL000000000872,,神武右衛,38.1394,114.5733,中國-河北省-石家莊市-正定縣,DILA,master,,
837,PL000000000873,,成德軍節度使,38.1394,114.5733,中國-河北省-石家莊市-正定縣,DILA,master,,
838,PL000000000874,,冶河堡,37.9426,114.587,中國-河北省-石家莊市-欒城縣,DILA,master,,
839,PL000000000875,,關縣,37.9226,114.6169,中國-河北省-石家莊市-欒城縣,DILA,master,,
840,PL000000000876,,欒城,37.8927,114.6075,中國-河北省-石家莊市-欒城縣,DILA,master,,
841,PL000000000877,,欒城,37.8851,114.6623,中國-河北省-石家莊市-欒城縣,DILA,master,,
842,PL000000000878,,欏城,37.8851,114.6623,中國-河北省-石家莊市-欒城縣,DILA,master,,
843,PL000000000879,,欒城,37.885,114.6092,中國-河北省-石家莊市-欒城縣,DILA,master,,
844,PL000000000880,,欒城,37.8835,114.5891,中國-河北省-石家莊市-欒城縣,DILA,master,,
845,PL000000000881,,欒城,37.8818,114.6044,中國-河北省-石家莊市-欒城縣,DILA,master,,
846,PL000000000882,,欒城,37.8811,114.6232,中國-河北省-石家莊市-欒城縣,DILA,master,,
847,PL000000000883,,兩嶺口,38.6734,114.3394,中國-河北省-石家莊市-行唐縣,DILA,master,,
848,PL000000000884,,兩嶺口,38.6731,114.342,中國-河北省-石家莊市-行唐縣,DILA,master,,
849,PL000000000885,,南行唐,38.5653,114.5649,中國-河北省-石家莊市-行唐縣,DILA,master,,
850,PL000000000886,,南行唐,38.5653,114.5649,中國-河北省-石家莊市-行唐縣,DILA,master,,
851,PL000000000887,,南行唐,38.5627,114.569,中國-河北省-石家莊市-行唐縣,DILA,master,,
852,PL000000000888,,南行唐,38.5591,114.5771,中國-河北省-石家莊市-行唐縣,DILA,master,,
853,PL000000000889,,南行唐,38.5591,114.5771,中國-河北省-石家莊市-行唐縣,DILA,master,,
854,PL000000000890,,行唐,38.5482,114.5797,中國-河北省-石家莊市-行唐縣,DILA,master,,
855,PL000000000891,,滋陽,38.5019,114.4028,中國-河北省-石家莊市-行唐縣,DILA,master,,
856,PL000000000892,,行唐,38.4354,114.5533,中國-河北省-石家莊市-行唐縣,DILA,master,,
857,PL000000000893,,行唐,38.4354,114.5533,中國-河北省-石家莊市-行唐縣,DILA,master,,
858,PL000000000894,,行唐,38.4354,114.5533,中國-河北省-石家莊市-行唐縣,DILA,master,,
859,PL000000000895,,行唐,38.4354,114.5533,中國-河北省-石家莊市-行唐縣,DILA,master,,
860,PL000000000896,,行唐,38.4354,114.5533,中國-河北省-石家莊市-行唐縣,DILA,master,,
861,PL000000000897,,行唐,38.4354,114.5533,中國-河北省-石家莊市-行唐縣,DILA,master,,
862,PL000000000898,,都尉,38.5591,114.5771,中國-河北省-石家莊市-行唐縣,DILA,master,,
863,PL000000000899,,禪法寺,38.307442,114.378368,中國-河北省-石家莊市-靈壽縣,DILA,master,,
864,PL000000000900,,定國寺,38.589373,114.038109,中國-河北省-石家莊市-靈壽縣,DILA,master,,
865,PL000000000901,,義頭口,38.5622,114.2406,中國-河北省-石家莊市-靈壽縣,DILA,master,,
866,PL000000000902,,義頭鎮,38.5586,114.2255,中國-河北省-石家莊市-靈壽縣,DILA,master,,
867,PL000000000903,,慈峪鎮,38.4459,114.3237,中國-河北省-石家莊市-靈壽縣,DILA,master,,
868,PL000000000904,,慈峪鎮,38.4444,114.3166,中國-河北省-石家莊市-靈壽縣,DILA,master,,
869,PL000000000905,,慈谷鎮,38.4444,114.3157,中國-河北省-石家莊市-靈壽縣,DILA,master,,
870,PL000000000906,,東臨山寨,38.3446,114.2815,中國-河北省-石家莊市-靈壽縣,DILA,master,,
871,PL000000000907,,靈壽,38.3259,114.306,中國-河北省-石家莊市-靈壽縣,DILA,master,,
872,PL000000000908,,靈壽,38.3259,114.306,中國-河北省-石家莊市-靈壽縣,DILA,master,,
873,PL000000000909,,靈壽,38.3194,114.3045,中國-河北省-石家莊市-靈壽縣,DILA,master,,
874,PL000000000910,,靈壽,38.3126,114.3257,中國-河北省-石家莊市-靈壽縣,DILA,master,,
875,PL000000000911,,靈壽,38.3048,114.3755,中國-河北省-石家莊市-靈壽縣,DILA,master,,
876,PL000000000912,,靈壽,38.3048,114.3755,中國-河北省-石家莊市-靈壽縣,DILA,master,,
877,PL000000000913,,靈壽,38.3048,114.3755,中國-河北省-石家莊市-靈壽縣,DILA,master,,
878,PL000000000914,,靈壽,38.3048,114.3755,中國-河北省-石家莊市-靈壽縣,DILA,master,,
879,PL000000000915,,靈壽,38.3048,114.3755,中國-河北省-石家莊市-靈壽縣,DILA,master,,
880,PL000000000916,,靈壽,38.3048,114.3755,中國-河北省-石家莊市-靈壽縣,DILA,master,,
881,PL000000000917,,靈壽,38.3048,114.3755,中國-河北省-石家莊市-靈壽縣,DILA,master,,
882,PL000000000918,,靈壽,38.3048,114.3755,中國-河北省-石家莊市-靈壽縣,DILA,master,,
883,PL000000000919,,均仁,37.61516,114.605977,中國-河北省-石家莊市-高邑縣,DILA,master,,
884,PL000000000920,,冀州刺史部,37.5848,114.6991,中國-河北省-石家莊市-高邑縣,DILA,master,,
885,PL000000000921,,乾明寺,37.592725,114.587134,中國-河北省-石家莊市-高邑縣,DILA,master,,
886,PL000000000922,,高邑,37.604,114.6211,中國-河北省-石家莊市-高邑縣,DILA,master,,
887,PL000000000923,,高邑,37.604,114.6211,中國-河北省-石家莊市-高邑縣,DILA,master,,
888,PL000000000924,,高邑,37.604,114.6211,中國-河北省-石家莊市-高邑縣,DILA,master,,
889,PL000000000925,,高邑,37.604,114.6211,中國-河北省-石家莊市-高邑縣,DILA,master,,
890,PL000000000926,,高邑,37.604,114.6211,中國-河北省-石家莊市-高邑縣,DILA,master,,
891,PL000000000927,,高邑,37.604,114.6211,中國-河北省-石家莊市-高邑縣,DILA,master,,
892,PL000000000928,,高邑,37.5982,114.6924,中國-河北省-石家莊市-高邑縣,DILA,master,,
893,PL000000000929,,鄗縣,37.586,114.696,中國-河北省-石家莊市-高邑縣,DILA,master,,
894,PL000000000930,,高邑,37.5848,114.6991,中國-河北省-石家莊市-高邑縣,DILA,master,,
895,PL000000000931,,房子,37.5839,114.538,中國-河北省-石家莊市-高邑縣,DILA,master,,
896,PL000000000932,,房子,37.5839,114.538,中國-河北省-石家莊市-高邑縣,DILA,master,,
897,PL000000000933,,鄗縣,37.5825,114.6976,中國-河北省-石家莊市-高邑縣,DILA,master,,
898,PL000000000934,,房子,37.5807,114.5137,中國-河北省-石家莊市-高邑縣,DILA,master,,
899,PL000000000935,,趙國,37.5807,114.5137,中國-河北省-石家莊市-高邑縣,DILA,master,,
900,PL000000000936,,房子,37.5807,114.5137,中國-河北省-石家莊市-高邑縣,DILA,master,,
901,PL000000000937,,趙國,37.5807,114.5137,中國-河北省-石家莊市-高邑縣,DILA,master,,
902,PL000000000938,,房子,37.5757,114.5316,中國-河北省-石家莊市-高邑縣,DILA,master,,
903,PL000000000939,,高邑,37.5982,114.6924,中國-河北省-石家莊市-高邑縣,DILA,master,,
904,PL000000000940,,興化寺,38.187244,115.181703,中國-河北省-石家莊市-深澤縣,DILA,master,,
905,PL000000000941,,大忍寺,38.180591,115.200286,中國-河北省-石家莊市-深澤縣,DILA,master,,
906,PL000000000942,,西內堡,38.2432,115.1579,中國-河北省-石家莊市-深澤縣,DILA,master,,
907,PL000000000943,,大堡,38.2166,115.3137,中國-河北省-石家莊市-深澤縣,DILA,master,,
908,PL000000000944,,深澤,38.1842,115.2017,中國-河北省-石家莊市-深澤縣,DILA,master,,
909,PL000000000945,,深澤,38.1842,115.2017,中國-河北省-石家莊市-深澤縣,DILA,master,,
910,PL000000000946,,深澤,38.1842,115.2017,中國-河北省-石家莊市-深澤縣,DILA,master,,
911,PL000000000947,,深澤,38.1842,115.2017,中國-河北省-石家莊市-深澤縣,DILA,master,,
912,PL000000000948,,深澤,38.1842,115.2017,中國-河北省-石家莊市-深澤縣,DILA,master,,
913,PL000000000949,,深澤,38.1842,115.2017,中國-河北省-石家莊市-深澤縣,DILA,master,,
914,PL000000000950,,深澤,38.1842,115.2017,中國-河北省-石家莊市-深澤縣,DILA,master,,
915,PL000000000951,,深澤,38.1703,115.3294,中國-河北省-石家莊市-深澤縣,DILA,master,,
916,PL000000000952,,南深澤,38.1692,115.3338,中國-河北省-石家莊市-深澤縣,DILA,master,,
917,PL000000000953,,南深澤,38.1653,115.3206,中國-河北省-石家莊市-深澤縣,DILA,master,,
918,PL000000000954,,南深澤,38.1653,115.3206,中國-河北省-石家莊市-深澤縣,DILA,master,,
919,PL000000000955,,許亭山,37.70148,114.239468,中國-河北省-石家莊市-贊皇縣,DILA,master,,
920,PL000000000956,,贊皇山,37.584945,114.175526,中國-河北省-石家莊市-贊皇縣,DILA,master,,
921,PL000000000957,,平泉莊,34.525889,112.415765,中國-河南省-洛陽市-伊川縣,DILA,master,,
922,PL000000000958,,贊皇,37.662,114.3865,中國-河北省-石家莊市-贊皇縣,DILA,master,,
923,PL000000000959,,贊皇,37.662,114.3865,中國-河北省-石家莊市-贊皇縣,DILA,master,,
924,PL000000000960,,贊皇,37.662,114.3865,中國-河北省-石家莊市-贊皇縣,DILA,master,,
925,PL000000000961,,贊皇,37.662,114.3865,中國-河北省-石家莊市-贊皇縣,DILA,master,,
926,PL000000000962,,贊皇,37.662,114.3865,中國-河北省-石家莊市-贊皇縣,DILA,master,,
927,PL000000000963,,贊皇,37.662,114.3865,中國-河北省-石家莊市-贊皇縣,DILA,master,,
928,PL000000000964,,王家坪,37.6145,114.1377,中國-河北省-石家莊市-贊皇縣,DILA,master,,
929,PL000000000965,,馬峪,37.6118,114.1962,中國-河北省-石家莊市-贊皇縣,DILA,master,,
930,PL000000000966,,回車城,37.5914,114.3336,中國-河北省-石家莊市-贊皇縣,DILA,master,,
931,PL000000000967,,青龍寨,37.5079,114.2439,中國-河北省-石家莊市-贊皇縣,DILA,master,,
932,PL000000000968,,鶴度嶺口,37.4711,114.0411,中國-河北省-石家莊市-贊皇縣,DILA,master,,
933,PL000000000969,,毋極,38.1802,114.8374,中國-河北省-石家莊市-無極縣,DILA,master,,
934,PL000000000970,,毋極,38.1802,114.8374,中國-河北省-石家莊市-無極縣,DILA,master,,
935,PL000000000971,,無極,38.176,114.979,中國-河北省-石家莊市-無極縣,DILA,master,,
936,PL000000000972,,無極,38.176,114.979,中國-河北省-石家莊市-無極縣,DILA,master,,
937,PL000000000973,,無極,38.176,114.979,中國-河北省-石家莊市-無極縣,DILA,master,,
938,PL000000000974,,無極,38.176,114.979,中國-河北省-石家莊市-無極縣,DILA,master,,
939,PL000000000975,,無極,38.176,114.979,中國-河北省-石家莊市-無極縣,DILA,master,,
940,PL000000000976,,毋極,38.176,114.979,中國-河北省-石家莊市-無極縣,DILA,master,,
941,PL000000000977,,無極,38.176,114.979,中國-河北省-石家莊市-無極縣,DILA,master,,
942,PL000000000978,,毋極,38.1718,114.8298,中國-河北省-石家莊市-無極縣,DILA,master,,
943,PL000000000979,,安城,38.1704,114.9894,中國-河北省-石家莊市-無極縣,DILA,master,,
944,PL000000000980,,安城鄉,38.1605,114.9901,中國-河北省-石家莊市-無極縣,DILA,master,,
945,PL000000000981,,陳村堡,38.0856,114.8745,中國-河北省-石家莊市-無極縣,DILA,master,,
946,PL000000000982,,合河口,38.632,113.7964,中國-河北省-石家莊市-平山縣,DILA,master,,
947,PL000000000983,,高洪口,38.629,113.6313,中國-河北省-石家莊市-平山縣,DILA,master,,
948,PL000000000984,,黑山,38.5211,113.5996,中國-河北省-石家莊市-平山縣,DILA,master,,
949,PL000000000985,,南店集,38.3822,114.1587,中國-河北省-石家莊市-平山縣,DILA,master,,
950,PL000000000986,,郭蘇鎮,38.3779,114.0353,中國-河北省-石家莊市-平山縣,DILA,master,,
951,PL000000000987,,柏嶺寨,38.3737,113.8775,中國-河北省-石家莊市-平山縣,DILA,master,,
952,PL000000000988,,西臨山寨,38.328,114.2321,中國-河北省-石家莊市-平山縣,DILA,master,,
953,PL000000000989,,洪子店,38.3178,113.9071,中國-河北省-石家莊市-平山縣,DILA,master,,
954,PL000000000990,,王母村,38.2747,114.1807,中國-河北省-石家莊市-平山縣,DILA,master,,
955,PL000000000991,,下口村,38.2675,113.6314,中國-河北省-石家莊市-平山縣,DILA,master,,
956,PL000000000992,,下口村,38.2646,113.6261,中國-河北省-石家莊市-平山縣,DILA,master,,
957,PL000000000993,,水碾村,38.2616,114.2452,中國-河北省-石家莊市-平山縣,DILA,master,,
958,PL000000000994,,平山,38.2555,114.2125,中國-河北省-石家莊市-平山縣,DILA,master,,
959,PL000000000995,,平山,38.2535,114.2085,中國-河北省-石家莊市-平山縣,DILA,master,,
960,PL000000000996,,嘉陽城,38.2517,114.2035,中國-河北省-石家莊市-平山縣,DILA,master,,
961,PL000000000997,,蒲吾,38.2501,114.281,中國-河北省-石家莊市-平山縣,DILA,master,,
962,PL000000000998,,平山,38.2484,114.208,中國-河北省-石家莊市-平山縣,DILA,master,,
963,PL000000000999,,十八盤,38.2432,113.6108,中國-河北省-石家莊市-平山縣,DILA,master,,
964,PL000000001000,,房山,38.2427,114.2076,中國-河北省-石家莊市-平山縣,DILA,master,,
965,PL000000001001,,回舍鎮,38.2382,114.1025,中國-河北省-石家莊市-平山縣,DILA,master,,
966,PL000000001002,,平山,38.2371,114.203,中國-河北省-石家莊市-平山縣,DILA,master,,
967,PL000000001003,,平山,38.2371,114.203,中國-河北省-石家莊市-平山縣,DILA,master,,
968,PL000000001004,,甘泉寨,38.2356,113.9401,中國-河北省-石家莊市-平山縣,DILA,master,,
969,PL000000001005,,黃安嶺口,38.2186,113.7286,中國-河北省-石家莊市-平山縣,DILA,master,,
970,PL000000001006,,惡石口,38.204,113.7752,中國-河北省-石家莊市-平山縣,DILA,master,,
971,PL000000001008,,應覺寺,37.8272,114.4514,中國-河北省-石家莊市-元氏縣,DILA,master,,
972,PL000000001009,,屈嶺禪坊,37.8272,114.4514,中國-河北省-石家莊市-元氏縣,DILA,master,,
973,PL000000001010,,開化寺,37.745528,114.510013,中國-河北省-石家莊市-元氏縣,DILA,master,,
974,PL000000001011,,凝禪寺,37.78895,114.478375,中國-河北省-石家莊市-元氏縣,DILA,master,,
975,PL000000001012,,元氏,37.836,114.434,中國-河北省-石家莊市-元氏縣,DILA,master,,
976,PL000000001013,,葦箔嶺口,37.834,114.2945,中國-河北省-石家莊市-元氏縣,DILA,master,,
977,PL000000001014,,元氏,37.8272,114.4514,中國-河北省-石家莊市-元氏縣,DILA,master,,
978,PL000000001015,,常山國,37.8272,114.4514,中國-河北省-石家莊市-元氏縣,DILA,master,,
979,PL000000001016,,元氏,37.8272,114.4514,中國-河北省-石家莊市-元氏縣,DILA,master,,
980,PL000000001017,,常山郡,37.8272,114.4514,中國-河北省-石家莊市-元氏縣,DILA,master,,
981,PL000000001018,,元氏,37.824,114.4373,中國-河北省-石家莊市-元氏縣,DILA,master,,
982,PL000000001019,,元氏,37.824,114.4373,中國-河北省-石家莊市-元氏縣,DILA,master,,
983,PL000000001020,,元氏,37.8181,114.4357,中國-河北省-石家莊市-元氏縣,DILA,master,,
984,PL000000001021,,元氏,37.8128,114.4408,中國-河北省-石家莊市-元氏縣,DILA,master,,
985,PL000000001022,,元氏,37.7493,114.5184,中國-河北省-石家莊市-元氏縣,DILA,master,,
986,PL000000001023,,元氏,37.7493,114.5184,中國-河北省-石家莊市-元氏縣,DILA,master,,
987,PL000000001024,,元氏,37.7493,114.5184,中國-河北省-石家莊市-元氏縣,DILA,master,,
988,PL000000001025,,元氏,37.7493,114.5184,中國-河北省-石家莊市-元氏縣,DILA,master,,
989,PL000000001026,,元氏,37.7493,114.5184,中國-河北省-石家莊市-元氏縣,DILA,master,,
990,PL000000001027,,宋曹村寨,37.7199,114.6008,中國-河北省-石家莊市-元氏縣,DILA,master,,
991,PL000000001028,,大石橋,37.72017,114.763259,中國-河北省-石家莊市-趙縣,DILA,master,,
992,PL000000001029,,障洪山,37.7559,114.7803,中國-河北省-石家莊市-趙縣,DILA,master,,
993,PL000000001030,,同果寺,37.7559,114.7803,中國-河北省-石家莊市-趙縣,DILA,master,,
994,PL000000001031,,無際寺,37.7559,114.7803,中國-河北省-石家莊市-趙縣,DILA,master,,
995,PL000000001032,,永安院,37.747993,114.778446,中國-河北省-石家莊市-趙縣,DILA,master,,
996,PL000000001034,,宋子,37.8596,114.8557,中國-河北省-石家莊市-趙縣,DILA,master,,
997,PL000000001035,,宋子,37.8528,114.8817,中國-河北省-石家莊市-趙縣,DILA,master,,
998,PL000000001036,,宋子,37.8519,114.9051,中國-河北省-石家莊市-趙縣,DILA,master,,
999,PL000000001037,,宋子城,37.8504,114.8785,中國-河北省-石家莊市-趙縣,DILA,master,,
1000,PL000000001038,,賈店,37.795,114.7182,中國-河北省-石家莊市-趙縣,DILA,master,,
1001,PL000000001039,,封斯,37.792,114.6891,中國-河北省-石家莊市-趙縣,DILA,master,,
1002,PL000000001040,,敬武,37.7723,114.9147,中國-河北省-石家莊市-趙縣,DILA,master,,
1003,PL000000001041,,欒城,37.7579,114.6854,中國-河北省-石家莊市-趙縣,DILA,master,,
1004,PL000000001042,,趙州,37.7522,114.7817,中國-河北省-石家莊市-趙縣,DILA,master,,
1005,PL000000001043,,趙州,37.7522,114.7817,中國-河北省-石家莊市-趙縣,DILA,master,,
1006,PL000000001044,,平棘,37.7522,114.7817,中國-河北省-石家莊市-趙縣,DILA,master,,
1007,PL000000001045,,平棘,37.7522,114.7817,中國-河北省-石家莊市-趙縣,DILA,master,,
1008,PL000000001046,,沃州,37.7522,114.7817,中國-河北省-石家莊市-趙縣,DILA,master,,
1009,PL000000001047,,趙州,37.7522,114.7817,中國-河北省-石家莊市-趙縣,DILA,master,,
1010,PL000000001048,,平棘,37.7522,114.7817,中國-河北省-石家莊市-趙縣,DILA,master,,
1011,PL000000001049,,趙郡,37.7522,114.7817,中國-河北省-石家莊市-趙縣,DILA,master,,
1012,PL000000001050,,平棘,37.7522,114.7817,中國-河北省-石家莊市-趙縣,DILA,master,,
1013,PL000000001051,,趙郡,37.7522,114.7817,中國-河北省-石家莊市-趙縣,DILA,master,,
1014,PL000000001052,,棘浦,37.7522,114.7817,中國-河北省-石家莊市-趙縣,DILA,master,,
1015,PL000000001053,,平棘,37.748,114.8054,中國-河北省-石家莊市-趙縣,DILA,master,,
1016,PL000000001054,,平棘,37.748,114.8054,中國-河北省-石家莊市-趙縣,DILA,master,,
1017,PL000000001055,,平棘,37.738,114.806,中國-河北省-石家莊市-趙縣,DILA,master,,
1018,PL000000001056,,平棘,37.738,114.806,中國-河北省-石家莊市-趙縣,DILA,master,,
1019,PL000000001057,,沙河,37.6445,114.7486,中國-河北省-石家莊市-趙縣,DILA,master,,
1020,PL000000001058,,趙郡,37.7522,114.7817,中國-河北省-石家莊市-趙縣,DILA,master,,
1021,PL000000001059,,趙州,37.7522,114.7817,中國-河北省-石家莊市-趙縣,DILA,master,,
1022,PL000000001060,,平棘,37.7522,114.7817,中國-河北省-石家莊市-趙縣,DILA,master,,
1023,PL000000001061,,生章村,38.1074,115.2306,中國-河北省-石家莊市-辛集市,DILA,master,,
1024,PL000000001062,,鹿城,38.0094,115.4094,中國-河北省-石家莊市-辛集市,DILA,master,,
1025,PL000000001063,,鹿城,38.0075,115.4196,中國-河北省-石家莊市-辛集市,DILA,master,,
1026,PL000000001064,,束鹿,38.0025,115.4105,中國-河北省-石家莊市-辛集市,DILA,master,,
1027,PL000000001065,,安定,38.0021,115.3611,中國-河北省-石家莊市-辛集市,DILA,master,,
1028,PL000000001066,,束鹿,37.9942,115.4043,中國-河北省-石家莊市-辛集市,DILA,master,,
1029,PL000000001067,,臨平城,37.9853,115.2197,中國-河北省-石家莊市-辛集市,DILA,master,,
1030,PL000000001068,,臨平,37.9795,115.2272,中國-河北省-石家莊市-辛集市,DILA,master,,
1031,PL000000001069,,臨平,37.9795,115.2272,中國-河北省-石家莊市-辛集市,DILA,master,,
1032,PL000000001070,,理順井,37.9168,115.3809,中國-河北省-石家莊市-辛集市,DILA,master,,
1033,PL000000001071,,樂信,37.8852,115.3199,中國-河北省-石家莊市-辛集市,DILA,master,,
1034,PL000000001072,,束鹿,37.8575,115.3449,中國-河北省-石家莊市-辛集市,DILA,master,,
1035,PL000000001073,,束鹿,37.8439,115.3089,中國-河北省-石家莊市-辛集市,DILA,master,,
1036,PL000000001074,,西梁,37.772,115.2123,中國-河北省-石家莊市-辛集市,DILA,master,,
1037,PL000000001075,,昌成,37.713,115.3535,中國-河北省-石家莊市-辛集市,DILA,master,,
1038,PL000000001076,,百尺口,37.7101,115.2618,中國-河北省-石家莊市-辛集市,DILA,master,,
1039,PL000000001077,,阜城,37.699,115.3076,中國-河北省-石家莊市-辛集市,DILA,master,,
1040,PL000000001078,,阜城,37.6915,115.311,中國-河北省-石家莊市-辛集市,DILA,master,,
1041,PL000000001079,,昌成,37.6885,115.3103,中國-河北省-石家莊市-辛集市,DILA,master,,
1042,PL000000001080,,九門,38.1177,114.7303,中國-河北省-石家莊市-藁城市,DILA,master,,
1043,PL000000001081,,九門,38.1138,114.7358,中國-河北省-石家莊市-藁城市,DILA,master,,
1044,PL000000001082,,九門,38.1105,114.7328,中國-河北省-石家莊市-藁城市,DILA,master,,
1045,PL000000001083,,九門,38.1105,114.7328,中國-河北省-石家莊市-藁城市,DILA,master,,
1046,PL000000001084,,九門,38.1066,114.7398,中國-河北省-石家莊市-藁城市,DILA,master,,
1047,PL000000001085,,九門,38.1062,114.7318,中國-河北省-石家莊市-藁城市,DILA,master,,
1048,PL000000001086,,九門,38.1062,114.7318,中國-河北省-石家莊市-藁城市,DILA,master,,
1049,PL000000001087,,九門,38.1039,114.7297,中國-河北省-石家莊市-藁城市,DILA,master,,
1050,PL000000001088,,許春壘,38.0866,114.731,中國-河北省-石家莊市-藁城市,DILA,master,,
1051,PL000000001089,,張村,38.0682,114.9569,中國-河北省-石家莊市-藁城市,DILA,master,,
1052,PL000000001090,,鼓聚,38.0613,114.9457,中國-河北省-石家莊市-藁城市,DILA,master,,
1053,PL000000001091,,下曲陽,38.046,114.9777,中國-河北省-石家莊市-藁城市,DILA,master,,
1054,PL000000001092,,下曲陽,38.046,114.9777,中國-河北省-石家莊市-藁城市,DILA,master,,
1055,PL000000001093,,曲陽,38.0425,114.9845,中國-河北省-石家莊市-藁城市,DILA,master,,
1056,PL000000001094,,鉅鹿郡,38.0425,114.9845,中國-河北省-石家莊市-藁城市,DILA,master,,
1057,PL000000001095,,肥壘城,38.0406,114.8183,中國-河北省-石家莊市-藁城市,DILA,master,,
1058,PL000000001096,,稿城,38.036,114.8438,中國-河北省-石家莊市-藁城市,DILA,master,,
1059,PL000000001097,,肥累,38.0293,114.8184,中國-河北省-石家莊市-藁城市,DILA,master,,
1060,PL000000001098,,肥累城,38.0238,114.813,中國-河北省-石家莊市-藁城市,DILA,master,,
1061,PL000000001099,,肥,38.0192,114.828,中國-河北省-石家莊市-藁城市,DILA,master,,
1062,PL000000001100,,南彭村,38.0096,114.9514,中國-河北省-石家莊市-藁城市,DILA,master,,
1063,PL000000001101,,耿鄉,37.9929,114.6882,中國-河北省-石家莊市-藁城市,DILA,master,,
1064,PL000000001102,,稿城,37.9929,114.6882,中國-河北省-石家莊市-藁城市,DILA,master,,
1065,PL000000001103,,稿城,37.9903,114.6891,中國-河北省-石家莊市-藁城市,DILA,master,,
1066,PL000000001104,,逢壁,38.0856,114.7752,中國-河北省-石家莊市-藁城市,DILA,master,,
1067,PL000000001105,,城,38.036,114.8438,中國-河北省-石家莊市-藁城市,DILA,master,,
1068,PL000000001106,,城,38.036,114.8438,中國-河北省-石家莊市-藁城市,DILA,master,,
1069,PL000000001107,,城,38.036,114.8438,中國-河北省-石家莊市-藁城市,DILA,master,,
1070,PL000000001108,,稿城,38.036,114.8438,中國-河北省-石家莊市-藁城市,DILA,master,,
1071,PL000000001109,,稿城,38.036,114.8438,中國-河北省-石家莊市-藁城市,DILA,master,,
1072,PL000000001110,,候城堡,38.1159,115.1073,中國-河北省-石家莊市-晉州市,DILA,master,,
1073,PL000000001111,,下曲陽,38.0632,114.9905,中國-河北省-石家莊市-晉州市,DILA,master,,
1074,PL000000001112,,下曲陽,38.0465,114.9898,中國-河北省-石家莊市-晉州市,DILA,master,,
1075,PL000000001113,,昔陽亭,38.0465,114.9898,中國-河北省-石家莊市-晉州市,DILA,master,,
1076,PL000000001114,,下曲陽,38.0465,114.9898,中國-河北省-石家莊市-晉州市,DILA,master,,
1077,PL000000001115,,安鄉,38.0319,115.1244,中國-河北省-石家莊市-晉州市,DILA,master,,
1078,PL000000001116,,晉州,38.0318,115.045,中國-河北省-石家莊市-晉州市,DILA,master,,
1079,PL000000001117,,晉州,38.0318,115.045,中國-河北省-石家莊市-晉州市,DILA,master,,
1080,PL000000001118,,鼓城,38.0318,115.045,中國-河北省-石家莊市-晉州市,DILA,master,,
1081,PL000000001119,,鼓城,38.0318,115.045,中國-河北省-石家莊市-晉州市,DILA,master,,
1082,PL000000001120,,鼓城,38.0318,115.045,中國-河北省-石家莊市-晉州市,DILA,master,,
1083,PL000000001121,,鼓城,38.0318,115.045,中國-河北省-石家莊市-晉州市,DILA,master,,
1084,PL000000001122,,湟槃口,38.0313,115.1458,中國-河北省-石家莊市-晉州市,DILA,master,,
1085,PL000000001123,,安鄉,38.0283,115.1658,中國-河北省-石家莊市-晉州市,DILA,master,,
1086,PL000000001124,,安樂城,38.0188,115.1524,中國-河北省-石家莊市-晉州市,DILA,master,,
1087,PL000000001125,,東里堡,37.9392,115.1311,中國-河北省-石家莊市-晉州市,DILA,master,,
1088,PL000000001126,,洲頭集,37.9301,115.0186,中國-河北省-石家莊市-晉州市,DILA,master,,
1089,PL000000001127,,晉州,38.0318,115.045,中國-河北省-石家莊市-晉州市,DILA,master,,
1090,PL000000001128,,都尉,38.0465,114.9898,中國-河北省-石家莊市-晉州市,DILA,master,,
1091,PL000000001129,,新樂,38.3977,114.7779,中國-河北省-石家莊市-新樂市,DILA,master,,
1092,PL000000001130,,新樂,38.397,114.7905,中國-河北省-石家莊市-新樂市,DILA,master,,
1093,PL000000001131,,新樂,38.3935,114.7889,中國-河北省-石家莊市-新樂市,DILA,master,,
1094,PL000000001132,,新樂,38.3935,114.7889,中國-河北省-石家莊市-新樂市,DILA,master,,
1095,PL000000001133,,新樂,38.3904,114.8046,中國-河北省-石家莊市-新樂市,DILA,master,,
1096,PL000000001134,,新樂,38.3877,114.793,中國-河北省-石家莊市-新樂市,DILA,master,,
1097,PL000000001135,,馬頭舖堡,38.3294,114.7449,中國-河北省-石家莊市-新樂市,DILA,master,,
1098,PL000000001136,,義臺城,38.3242,114.6602,中國-河北省-石家莊市-新樂市,DILA,master,,
1099,PL000000001137,,張家庄堡,38.3049,114.6487,中國-河北省-石家莊市-新樂市,DILA,master,,
1100,PL000000001138,,南蘇堡,38.27,114.8799,中國-河北省-石家莊市-新樂市,DILA,master,,
1101,PL000000001139,,封龍山,37.896512,114.324289,中國-河北省-石家莊市-鹿泉市,DILA,master,,
1102,PL000000001140,,抱犢山,38.084425,114.279866,中國-河北省-石家莊市-鹿泉市,DILA,master,,
1103,PL000000001141,,本願寺,38.077334,114.314361,中國-河北省-石家莊市-鹿泉市,DILA,master,,
1104,PL000000001142,,鹿泉寺,38.068386,114.306363,中國-河北省-石家莊市-鹿泉市,DILA,master,,
1105,PL000000001143,,蒲吾,38.2329,114.2877,中國-河北省-石家莊市-鹿泉市,DILA,master,,
1106,PL000000001144,,蒲吾,38.228,114.2876,中國-河北省-石家莊市-鹿泉市,DILA,master,,
1107,PL000000001145,,蒲吾,38.228,114.2876,中國-河北省-石家莊市-鹿泉市,DILA,master,,
1108,PL000000001146,,張堡新集,38.2201,114.3389,中國-河北省-石家莊市-鹿泉市,DILA,master,,
1109,PL000000001147,,番吾,38.2193,114.2849,中國-河北省-石家莊市-鹿泉市,DILA,master,,
1110,PL000000001148,,桑中,38.1679,114.2908,中國-河北省-石家莊市-鹿泉市,DILA,master,,
1111,PL000000001149,,綿曼,38.14,114.3316,中國-河北省-石家莊市-鹿泉市,DILA,master,,
1112,PL000000001150,,綿曼,38.14,114.3316,中國-河北省-石家莊市-鹿泉市,DILA,master,,
1113,PL000000001151,,樂陽,38.127,114.4125,中國-河北省-石家莊市-鹿泉市,DILA,master,,
1114,PL000000001152,,抱犢寨,38.1189,114.2595,中國-河北省-石家莊市-鹿泉市,DILA,master,,
1115,PL000000001153,,土門,38.1031,114.2762,中國-河北省-石家莊市-鹿泉市,DILA,master,,
1116,PL000000001154,,獲鹿,38.0824,114.3173,中國-河北省-石家莊市-鹿泉市,DILA,master,,
1117,PL000000001155,,獲鹿,38.0824,114.3173,中國-河北省-石家莊市-鹿泉市,DILA,master,,
1118,PL000000001156,,獲鹿,38.0824,114.3173,中國-河北省-石家莊市-鹿泉市,DILA,master,,
1119,PL000000001157,,獲鹿,38.0824,114.3173,中國-河北省-石家莊市-鹿泉市,DILA,master,,
1120,PL000000001158,,鹿泉,38.0824,114.3173,中國-河北省-石家莊市-鹿泉市,DILA,master,,
1121,PL000000001159,,土門關,38.0771,114.3055,中國-河北省-石家莊市-鹿泉市,DILA,master,,
1122,PL000000001160,,土門,38.0761,114.2836,中國-河北省-石家莊市-鹿泉市,DILA,master,,
1123,PL000000001161,,石邑,37.941,114.3715,中國-河北省-石家莊市-鹿泉市,DILA,master,,
1124,PL000000001162,,石邑,37.941,114.3715,中國-河北省-石家莊市-鹿泉市,DILA,master,,
1125,PL000000001163,,石邑,37.9377,114.3696,中國-河北省-石家莊市-鹿泉市,DILA,master,,
1126,PL000000001164,,石邑,37.9377,114.3696,中國-河北省-石家莊市-鹿泉市,DILA,master,,
1127,PL000000001165,,石邑,37.9323,114.3658,中國-河北省-石家莊市-鹿泉市,DILA,master,,
1128,PL000000001166,,石邑,37.9311,114.3826,中國-河北省-石家莊市-鹿泉市,DILA,master,,
1129,PL000000001167,,灅水,40.008895,117.76162,中國-河北省-唐山市,DILA,master,,
1130,PL000000001168,,唐山,39.616,118.2057,中國-河北省-唐山市-路南區,DILA,master,,
1131,PL000000001169,,井平,39.6804,118.2722,中國-河北省-唐山市-開平區,DILA,master,,
1132,PL000000001170,,開平中屯衛,39.6743,118.2589,中國-河北省-唐山市-開平區,DILA,master,,
1133,PL000000001171,,石城,39.6721,118.2784,中國-河北省-唐山市-開平區,DILA,master,,
1134,PL000000001172,,灤州,39.6869,118.3306,中國-河北省-唐山市-開平區,DILA,master,,
1135,PL000000001173,,越支場,39.4543,118.1907,中國-河北省-唐山市-豐南區,DILA,master,,
1136,PL000000001174,,越支,39.4494,118.1801,中國-河北省-唐山市-豐南區,DILA,master,,
1137,PL000000001175,,澗河,39.2322,118.0638,中國-河北省-唐山市-豐南區,DILA,master,,
1138,PL000000001176,,寶慶,39.832548,118.16283,中國-河北省-唐山市-豐潤區,DILA,master,,
1139,PL000000001177,,宏法寺,39.821974,118.101207,中國-河北省-唐山市-豐潤區,DILA,master,,
1140,PL000000001178,,沙巖寺,39.824176,118.06153,中國-河北省-唐山市-豐潤區,DILA,master,,
1141,PL000000001179,,豐潤,39.8267,118.1448,中國-河北省-唐山市-豐潤區,DILA,master,,
1142,PL000000001180,,豐潤,39.8267,118.1448,中國-河北省-唐山市-豐潤區,DILA,master,,
1143,PL000000001181,,豐閏,39.8267,118.1448,中國-河北省-唐山市-豐潤區,DILA,master,,
1144,PL000000001182,,昌城,39.5869,118.0562,中國-河北省-唐山市-豐潤區,DILA,master,,
1145,PL000000001183,,土垠,39.8058,118.2097,中國-河北省-唐山市-豐潤區,DILA,master,,
1146,PL000000001184,,右北平郡,39.8058,118.2097,中國-河北省-唐山市-豐潤區,DILA,master,,
1147,PL000000001185,,土垠,39.8058,118.2097,中國-河北省-唐山市-豐潤區,DILA,master,,
1148,PL000000001186,,土垠,39.8023,118.2008,中國-河北省-唐山市-豐潤區,DILA,master,,
1149,PL000000001187,,土垠,39.8023,118.2008,中國-河北省-唐山市-豐潤區,DILA,master,,
1150,PL000000001188,,右北平郡,39.8023,118.2008,中國-河北省-唐山市-豐潤區,DILA,master,,
1151,PL000000001189,,土垠,39.8093,118.1986,中國-河北省-唐山市-豐潤區,DILA,master,,
1152,PL000000001190,,興州前屯衛,39.8267,118.1448,中國-河北省-唐山市-豐潤區,DILA,master,,
1153,PL000000001191,,萬善,39.740739,118.704121,中國-河北省-唐山市-灤縣,DILA,master,,
1154,PL000000001192,,榛子鎮,39.8324,118.3408,中國-河北省-唐山市-灤縣,DILA,master,,
1155,PL000000001193,,石城,39.8295,118.3478,中國-河北省-唐山市-灤縣,DILA,master,,
1156,PL000000001194,,新安平,39.8103,118.4554,中國-河北省-唐山市-灤縣,DILA,master,,
1157,PL000000001195,,灤州,39.7387,118.7622,中國-河北省-唐山市-灤縣,DILA,master,,
1158,PL000000001196,,灤州,39.7387,118.7622,中國-河北省-唐山市-灤縣,DILA,master,,
1159,PL000000001197,,義豐,39.7387,118.7622,中國-河北省-唐山市-灤縣,DILA,master,,
1160,PL000000001198,,灤州,39.7387,118.7622,中國-河北省-唐山市-灤縣,DILA,master,,
1161,PL000000001199,,義丰,39.7156,118.6999,中國-河北省-唐山市-灤縣,DILA,master,,
1162,PL000000001200,,茂鄉鎮,39.7115,118.6934,中國-河北省-唐山市-灤縣,DILA,master,,
1163,PL000000001201,,海陽,39.6997,118.6354,中國-河北省-唐山市-灤縣,DILA,master,,
1164,PL000000001202,,海陽,39.6997,118.6354,中國-河北省-唐山市-灤縣,DILA,master,,
1165,PL000000001203,,海陽,39.6647,118.6312,中國-河北省-唐山市-灤縣,DILA,master,,
1166,PL000000001204,,海陽,39.6647,118.6312,中國-河北省-唐山市-灤縣,DILA,master,,
1167,PL000000001205,,千金冶城,39.641,118.7909,中國-河北省-唐山市-灤縣,DILA,master,,
1168,PL000000001206,,千金冶,39.6334,118.7986,中國-河北省-唐山市-灤南縣,DILA,master,,
1169,PL000000001207,,馬城,39.6228,118.7973,中國-河北省-唐山市-灤南縣,DILA,master,,
1170,PL000000001208,,馬城,39.6162,118.7722,中國-河北省-唐山市-灤南縣,DILA,master,,
1171,PL000000001209,,海陽,39.6107,118.8211,中國-河北省-唐山市-灤南縣,DILA,master,,
1172,PL000000001210,,公安橋,39.4176,118.7307,中國-河北省-唐山市-灤南縣,DILA,master,,
1173,PL000000001211,,胡各莊,39.3908,118.6518,中國-河北省-唐山市-灤南縣,DILA,master,,
1174,PL000000001212,,伯各莊,39.3004,118.5478,中國-河北省-唐山市-灤南縣,DILA,master,,
1175,PL000000001213,,濟民場,39.2997,118.5429,中國-河北省-唐山市-灤南縣,DILA,master,,
1176,PL000000001214,,蠻沙口,39.2125,118.649,中國-河北省-唐山市-灤南縣,DILA,master,,
1177,PL000000001215,,淀流河集,39.5009,118.8274,中國-河北省-唐山市-樂亭縣,DILA,master,,
1178,PL000000001216,,樂亭,39.4239,118.9281,中國-河北省-唐山市-樂亭縣,DILA,master,,
1179,PL000000001217,,樂亭,39.4239,118.9281,中國-河北省-唐山市-樂亭縣,DILA,master,,
1180,PL000000001218,,樂亭,39.4239,118.9281,中國-河北省-唐山市-樂亭縣,DILA,master,,
1181,PL000000001219,,昌國署,39.3814,119.0083,中國-河北省-唐山市-樂亭縣,DILA,master,,
1182,PL000000001220,,石碑場,39.3051,118.8606,中國-河北省-唐山市-樂亭縣,DILA,master,,
1183,PL000000001221,,新橋海口,39.2883,118.8226,中國-河北省-唐山市-樂亭縣,DILA,master,,
1184,PL000000001222,,馬頭營,39.2858,118.8391,中國-河北省-唐山市-樂亭縣,DILA,master,,
1185,PL000000001223,,劉家墩,39.24,119.0161,中國-河北省-唐山市-樂亭縣,DILA,master,,
1186,PL000000001224,,劉家墩,39.2153,118.9415,中國-河北省-唐山市-樂亭縣,DILA,master,,
1187,PL000000001225,,喜峰口,40.4082,118.3667,中國-河北省-唐山市-遷西縣,DILA,master,,
1188,PL000000001226,,潘家口,40.4063,118.2856,中國-河北省-唐山市-遷西縣,DILA,master,,
1189,PL000000001227,,喜峰口,40.404,118.3657,中國-河北省-唐山市-遷西縣,DILA,master,,
1190,PL000000001228,,井口關,40.4002,118.189,中國-河北省-唐山市-遷西縣,DILA,master,,
1191,PL000000001229,,富民站,40.4002,118.189,中國-河北省-唐山市-遷西縣,DILA,master,,
1192,PL000000001230,,漢兒莊,40.3756,118.2349,中國-河北省-唐山市-遷西縣,DILA,master,,
1193,PL000000001231,,鐵門站,40.3684,118.3545,中國-河北省-唐山市-遷西縣,DILA,master,,
1194,PL000000001232,,灤河,40.3651,118.3277,中國-河北省-唐山市-遷西縣,DILA,master,,
1195,PL000000001233,,龍井關,40.3627,118.1513,中國-河北省-唐山市-遷西縣,DILA,master,,
1196,PL000000001234,,太平寨,40.2506,118.5346,中國-河北省-唐山市-遷西縣,DILA,master,,
1197,PL000000001235,,太平寨,40.2395,118.5415,中國-河北省-唐山市-遷西縣,DILA,master,,
1198,PL000000001236,,三屯營,40.2176,118.2099,中國-河北省-唐山市-遷西縣,DILA,master,,
1199,PL000000001237,,三屯營,40.2156,118.2098,中國-河北省-唐山市-遷西縣,DILA,master,,
1200,PL000000001238,,薊州鎮,40.2176,118.2099,中國-河北省-唐山市-遷西縣,DILA,master,,
1201,PL000000001239,,盧龍塞,40.3858,118.3372,中國-河北省-唐山市-遷西縣,DILA,master,,
1202,PL000000001240,,龍池,39.885662,117.749446,中國-河北省-唐山市-玉田縣,DILA,master,,
1203,PL000000001241,,重興,39.885662,117.749446,中國-河北省-唐山市-玉田縣,DILA,master,,
1204,PL000000001242,,妙峰,39.909787,117.714617,中國-河北省-唐山市-玉田縣,DILA,master,,
1205,PL000000001243,,文龍山,39.963664,117.642937,中國-河北省-唐山市-玉田縣,DILA,master,,
1206,PL000000001244,,湯泉寺,40.202746,117.757527,中國-河北省-唐山市-遵化市,DILA,master,,
1207,PL000000001245,,觀音寺,39.880389,117.78765,中國-河北省-唐山市-玉田縣,DILA,master,,
1208,PL000000001246,,玉田,39.8828,117.7647,中國-河北省-唐山市-玉田縣,DILA,master,,
1209,PL000000001247,,玉田,39.8828,117.7647,中國-河北省-唐山市-玉田縣,DILA,master,,
1210,PL000000001248,,玉田,39.8828,117.7647,中國-河北省-唐山市-玉田縣,DILA,master,,
1211,PL000000001249,,玉田,39.8828,117.7647,中國-河北省-唐山市-玉田縣,DILA,master,,
1212,PL000000001250,,玉田,39.8828,117.7647,中國-河北省-唐山市-玉田縣,DILA,master,,
1213,PL000000001251,,北平城,39.8625,117.7008,中國-河北省-唐山市-玉田縣,DILA,master,,
1214,PL000000001252,,雅鴻橋,39.7491,117.8887,中國-河北省-唐山市-玉田縣,DILA,master,,
1215,PL000000001253,,興州左屯衛,39.8828,117.7647,中國-河北省-唐山市-玉田縣,DILA,master,,
1216,PL000000001254,,洪山口,40.3164,118.0991,中國-河北省-唐山市-遵化市,DILA,master,,
1217,PL000000001255,,羅文峪關,40.2764,117.9473,中國-河北省-唐山市-遵化市,DILA,master,,
1218,PL000000001256,,鹽城守捉,40.2597,117.9047,中國-河北省-唐山市-遵化市,DILA,master,,
1219,PL000000001257,,大安口,40.2436,117.7979,中國-河北省-唐山市-遵化市,DILA,master,,
1220,PL000000001258,,洪水守捉,40.2209,117.7408,中國-河北省-唐山市-遵化市,DILA,master,,
1221,PL000000001259,,馬蘭峪關,40.201,117.6858,中國-河北省-唐山市-遵化市,DILA,master,,
1222,PL000000001260,,徐無,40.189,118.056,中國-河北省-唐山市-遵化市,DILA,master,,
1223,PL000000001261,,徐無,40.189,118.056,中國-河北省-唐山市-遵化市,DILA,master,,
1224,PL000000001262,,徐無,40.1853,118.0667,中國-河北省-唐山市-遵化市,DILA,master,,
1225,PL000000001263,,遵化州,40.1835,117.9679,中國-河北省-唐山市-遵化市,DILA,master,,
1226,PL000000001264,,遵化,40.1835,117.9679,中國-河北省-唐山市-遵化市,DILA,master,,
1227,PL000000001265,,遵化,40.1835,117.9679,中國-河北省-唐山市-遵化市,DILA,master,,
1228,PL000000001266,,景州,40.1835,117.9679,中國-河北省-唐山市-遵化市,DILA,master,,
1229,PL000000001267,,遵化,40.1835,117.9679,中國-河北省-唐山市-遵化市,DILA,master,,
1230,PL000000001268,,北平郡,40.1834,118.068,中國-河北省-唐山市-遵化市,DILA,master,,
1231,PL000000001269,,徐無,40.1834,118.068,中國-河北省-唐山市-遵化市,DILA,master,,
1232,PL000000001270,,徐無,40.1834,118.068,中國-河北省-唐山市-遵化市,DILA,master,,
1233,PL000000001271,,北平郡,40.1691,118.0676,中國-河北省-唐山市-遵化市,DILA,master,,
1234,PL000000001272,,石門鎮,40.1069,117.6909,中國-河北省-唐山市-遵化市,DILA,master,,
1235,PL000000001273,,石門鎮,40.1067,117.6979,中國-河北省-唐山市-遵化市,DILA,master,,
1236,PL000000001274,,石門鎮,40.0989,117.6886,中國-河北省-唐山市-遵化市,DILA,master,,
1237,PL000000001275,,夕陽,40.0208,117.9851,中國-河北省-唐山市-遵化市,DILA,master,,
1238,PL000000001276,,忠義中衛,40.1835,117.9679,中國-河北省-唐山市-遵化市,DILA,master,,
1239,PL000000001277,,東勝右衛,40.1835,117.9679,中國-河北省-唐山市-遵化市,DILA,master,,
1240,PL000000001278,,寬河所,40.1835,117.9679,中國-河北省-唐山市-遵化市,DILA,master,,
1241,PL000000001279,,魚關,40.2266,117.7396,中國-河北省-唐山市-遵化市,DILA,master,,
1242,PL000000001280,,松亭關,40.0079,118.7015,中國-河北省-唐山市-遷安市,DILA,master,,
1243,PL000000001282,,冷口,40.1741,118.8351,中國-河北省-唐山市-遷安市,DILA,master,,
1244,PL000000001283,,河流口,40.1482,118.8965,中國-河北省-唐山市-遷安市,DILA,master,,
1245,PL000000001284,,建昌營,40.1373,118.8011,中國-河北省-唐山市-遷安市,DILA,master,,
1246,PL000000001285,,建昌站,40.1373,118.8011,中國-河北省-唐山市-遷安市,DILA,master,,
1247,PL000000001286,,建昌營,40.1335,118.8031,中國-河北省-唐山市-遷安市,DILA,master,,
1248,PL000000001287,,肥如,40.0856,118.8713,中國-河北省-唐山市-遷安市,DILA,master,,
1249,PL000000001288,,肥如,40.0856,118.8713,中國-河北省-唐山市-遷安市,DILA,master,,
1250,PL000000001289,,肥如,40.0829,118.864,中國-河北省-唐山市-遷安市,DILA,master,,
1251,PL000000001290,,肥如,40.0829,118.864,中國-河北省-唐山市-遷安市,DILA,master,,
1252,PL000000001291,,平州,40.0738,118.8596,中國-河北省-唐山市-遷安市,DILA,master,,
1253,PL000000001292,,肥如,40.0738,118.8596,中國-河北省-唐山市-遷安市,DILA,master,,
1254,PL000000001293,,遼西郡,40.0738,118.8596,中國-河北省-唐山市-遷安市,DILA,master,,
1255,PL000000001294,,安喜,40.0346,118.8339,中國-河北省-唐山市-遷安市,DILA,master,,
1256,PL000000001295,,朝鮮,40.0244,118.7898,中國-河北省-唐山市-遷安市,DILA,master,,
1257,PL000000001296,,令支,40.0103,118.6017,中國-河北省-唐山市-遷安市,DILA,master,,
1258,PL000000001297,,令支,40.0103,118.6017,中國-河北省-唐山市-遷安市,DILA,master,,
1259,PL000000001298,,遷安,40.0079,118.7015,中國-河北省-唐山市-遷安市,DILA,master,,
1260,PL000000001299,,遷安,40.0079,118.7015,中國-河北省-唐山市-遷安市,DILA,master,,
1261,PL000000001300,,遷安,40.0079,118.7015,中國-河北省-唐山市-遷安市,DILA,master,,
1262,PL000000001301,,令支,40.0065,118.5999,中國-河北省-唐山市-遷安市,DILA,master,,
1263,PL000000001302,,令支,40.0065,118.5999,中國-河北省-唐山市-遷安市,DILA,master,,
1264,PL000000001303,,令支,40.0051,118.6119,中國-河北省-唐山市-遷安市,DILA,master,,
1265,PL000000001304,,令支城,39.9911,118.6112,中國-河北省-唐山市-遷安市,DILA,master,,
1266,PL000000001305,,七家嶺,39.8568,118.5199,中國-河北省-唐山市-遷安市,DILA,master,,
1267,PL000000001306,,大灤站,40.1482,118.8965,中國-河北省-唐山市-遷安市,DILA,master,,
1268,PL000000001307,,興州右屯衛,40.0079,118.7015,中國-河北省-唐山市-遷安市,DILA,master,,
1269,PL000000001308,,秦皇島,39.9307,119.6138,中國-河北省-秦皇島市-海港區,DILA,master,,
1270,PL000000001309,,寧海城,39.9662,119.7974,中國-河北省-秦皇島市-山海關區,DILA,master,,
1271,PL000000001310,,臨榆,39.9999,119.7651,中國-河北省-秦皇島市-山海關區,DILA,master,,
1272,PL000000001311,,山海衛,40.0008,119.7712,中國-河北省-秦皇島市-山海關區,DILA,master,,
1273,PL000000001312,,遷州,40.0147,119.7575,中國-河北省-秦皇島市-山海關區,DILA,master,,
1274,PL000000001313,,遷民,40.0147,119.7575,中國-河北省-秦皇島市-山海關區,DILA,master,,
1275,PL000000001314,,八里鋪,40.0412,119.8139,中國-河北省-秦皇島市-山海關區,DILA,master,,
1276,PL000000001315,,道關,40.0631,119.7429,中國-河北省-秦皇島市-山海關區,DILA,master,,
1277,PL000000001316,,招毛兔,40.4823,118.8085,中國-河北省-秦皇島市-青龍滿族自治縣,DILA,master,,
1278,PL000000001317,,逃軍山,40.4197,118.9373,中國-河北省-秦皇島市-青龍滿族自治縣,DILA,master,,
1279,PL000000001318,,龍王廟,40.3073,119.4731,中國-河北省-秦皇島市-青龍滿族自治縣,DILA,master,,
1280,PL000000001319,,三岔口,40.2626,119.0719,中國-河北省-秦皇島市-青龍滿族自治縣,DILA,master,,
1281,PL000000001320,,土胡同,40.222,119.2177,中國-河北省-秦皇島市-青龍滿族自治縣,DILA,master,,
1282,PL000000001321,,昌黎,39.706,119.1763,中國-河北省-秦皇島市-昌黎縣,DILA,master,,
1283,PL000000001322,,昌黎,39.706,119.1763,中國-河北省-秦皇島市-昌黎縣,DILA,master,,
1284,PL000000001323,,昌黎,39.706,119.1763,中國-河北省-秦皇島市-昌黎縣,DILA,master,,
1285,PL000000001324,,廣寧,39.706,119.1763,中國-河北省-秦皇島市-昌黎縣,DILA,master,,
1286,PL000000001325,,營州,39.706,119.1763,中國-河北省-秦皇島市-昌黎縣,DILA,master,,
1287,PL000000001326,,蒲河海口,39.6748,119.3035,中國-河北省-秦皇島市-昌黎縣,DILA,master,,
1288,PL000000001327,,靜安堡,39.6422,118.8837,中國-河北省-秦皇島市-昌黎縣,DILA,master,,
1289,PL000000001328,,絫縣,39.6346,119.1524,中國-河北省-秦皇島市-昌黎縣,DILA,master,,
1290,PL000000001329,,柳城軍,39.6271,118.8712,中國-河北省-秦皇島市-昌黎縣,DILA,master,,
1291,PL000000001330,,董家口,40.1915,119.6651,中國-河北省-秦皇島市-撫寧縣,DILA,master,,
1292,PL000000001331,,義院口關,40.162,119.5914,中國-河北省-秦皇島市-撫寧縣,DILA,master,,
1293,PL000000001332,,義院口,40.1613,119.584,中國-河北省-秦皇島市-撫寧縣,DILA,master,,
1294,PL000000001333,,界嶺口,40.155,119.3117,中國-河北省-秦皇島市-撫寧縣,DILA,master,,
1295,PL000000001334,,界嶺口關,40.1511,119.3034,中國-河北省-秦皇島市-撫寧縣,DILA,master,,
1296,PL000000001335,,箭捍嶺,40.137,119.3492,中國-河北省-秦皇島市-撫寧縣,DILA,master,,
1297,PL000000001336,,一片石口,40.1261,119.7476,中國-河北省-秦皇島市-撫寧縣,DILA,master,,
1298,PL000000001337,,一片石關,40.125,119.7486,中國-河北省-秦皇島市-撫寧縣,DILA,master,,
1299,PL000000001338,,石門寨,40.0743,119.6125,中國-河北省-秦皇島市-撫寧縣,DILA,master,,
1300,PL000000001339,,石門城,40.073,119.6148,中國-河北省-秦皇島市-撫寧縣,DILA,master,,
1301,PL000000001340,,臺頭營,40.019,119.2272,中國-河北省-秦皇島市-撫寧縣,DILA,master,,
1302,PL000000001341,,臺頭城,40.0158,119.2297,中國-河北省-秦皇島市-撫寧縣,DILA,master,,
1303,PL000000001342,,大寧海陽千戶所,39.9796,119.6022,中國-河北省-秦皇島市-撫寧縣,DILA,master,,
1304,PL000000001343,,海陽,39.9639,119.5455,中國-河北省-秦皇島市-撫寧縣,DILA,master,,
1305,PL000000001344,,潤州,39.9639,119.5455,中國-河北省-秦皇島市-撫寧縣,DILA,master,,
1306,PL000000001345,,臨渝關,39.9319,119.3757,中國-河北省-秦皇島市-撫寧縣,DILA,master,,
1307,PL000000001346,,深河堡,39.9294,119.4546,中國-河北省-秦皇島市-撫寧縣,DILA,master,,
1308,PL000000001347,,臨渝,39.9151,119.3568,中國-河北省-秦皇島市-撫寧縣,DILA,master,,
1309,PL000000001348,,臨渝,39.9151,119.3568,中國-河北省-秦皇島市-撫寧縣,DILA,master,,
1310,PL000000001349,,臨渝,39.9065,119.3718,中國-河北省-秦皇島市-撫寧縣,DILA,master,,
1311,PL000000001350,,山海關,39.8991,119.3863,中國-河北省-秦皇島市-撫寧縣,DILA,master,,
1312,PL000000001351,,渝關,39.8926,119.3542,中國-河北省-秦皇島市-撫寧縣,DILA,master,,
1313,PL000000001352,,渝關守捉,39.8926,119.3542,中國-河北省-秦皇島市-撫寧縣,DILA,master,,
1314,PL000000001353,,榆關,39.8889,119.3745,中國-河北省-秦皇島市-撫寧縣,DILA,master,,
1315,PL000000001354,,撫寧,39.8836,119.2401,中國-河北省-秦皇島市-撫寧縣,DILA,master,,
1316,PL000000001355,,撫寧,39.8836,119.2401,中國-河北省-秦皇島市-撫寧縣,DILA,master,,
1317,PL000000001356,,撫寧,39.8836,119.2401,中國-河北省-秦皇島市-撫寧縣,DILA,master,,
1318,PL000000001357,,陽樂,39.8706,119.2032,中國-河北省-秦皇島市-撫寧縣,DILA,master,,
1319,PL000000001358,,遼西郡,39.858,119.1862,中國-河北省-秦皇島市-撫寧縣,DILA,master,,
1320,PL000000001359,,撫寧衛,39.9317,119.2228,中國-河北省-秦皇島市-撫寧縣,DILA,master,,
1321,PL000000001360,,臨渝宮,39.842,119.234,中國-河北省-秦皇島市-撫寧縣,DILA,master,,
1322,PL000000001361,,永平府,39.891683,118.886125,中國-河北省-秦皇島市-盧龍縣,DILA,master,,
1323,PL000000001362,,青龍河,39.884586,118.856217,中國-河北省-秦皇島市-盧龍縣,DILA,master,,
1324,PL000000001363,,榆林口,40.107,119.0269,中國-河北省-秦皇島市-盧龍縣,DILA,master,,
1325,PL000000001364,,劉家口,40.1026,118.9569,中國-河北省-秦皇島市-盧龍縣,DILA,master,,
1326,PL000000001365,,劉家營,40.0981,118.9532,中國-河北省-秦皇島市-盧龍縣,DILA,master,,
1327,PL000000001366,,燕河城,40.0363,119.0751,中國-河北省-秦皇島市-盧龍縣,DILA,master,,
1328,PL000000001367,,燕河營,40.0338,119.0773,中國-河北省-秦皇島市-盧龍縣,DILA,master,,
1329,PL000000001368,,永平府,39.8763,118.8719,中國-河北省-秦皇島市-盧龍縣,DILA,master,,
1330,PL000000001369,,盧龍,39.8763,118.8719,中國-河北省-秦皇島市-盧龍縣,DILA,master,,
1331,PL000000001370,,盧龍,39.8763,118.8719,中國-河北省-秦皇島市-盧龍縣,DILA,master,,
1332,PL000000001371,,永平路,39.8763,118.8719,中國-河北省-秦皇島市-盧龍縣,DILA,master,,
1333,PL000000001372,,盧龍,39.8763,118.8719,中國-河北省-秦皇島市-盧龍縣,DILA,master,,
1334,PL000000001373,,平州,39.8763,118.8719,中國-河北省-秦皇島市-盧龍縣,DILA,master,,
1335,PL000000001374,,盧龍,39.8763,118.8719,中國-河北省-秦皇島市-盧龍縣,DILA,master,,
1336,PL000000001375,,平州,39.8763,118.8719,中國-河北省-秦皇島市-盧龍縣,DILA,master,,
1337,PL000000001376,,北平郡,39.8763,118.8719,中國-河北省-秦皇島市-盧龍縣,DILA,master,,
1338,PL000000001377,,盧龍,39.8763,118.8719,中國-河北省-秦皇島市-盧龍縣,DILA,master,,
1339,PL000000001378,,北平郡,39.8763,118.8719,中國-河北省-秦皇島市-盧龍縣,DILA,master,,
1340,PL000000001379,,盧龍,39.8763,118.8719,中國-河北省-秦皇島市-盧龍縣,DILA,master,,
1341,PL000000001380,,北平郡,39.8763,118.8719,中國-河北省-秦皇島市-盧龍縣,DILA,master,,
1342,PL000000001381,,新昌,39.8763,118.8719,中國-河北省-秦皇島市-盧龍縣,DILA,master,,
1343,PL000000001382,,陽樂,39.8407,118.99,中國-河北省-秦皇島市-盧龍縣,DILA,master,,
1344,PL000000001383,,遼西郡,39.8407,118.99,中國-河北省-秦皇島市-盧龍縣,DILA,master,,
1345,PL000000001384,,陽樂,39.8407,118.99,中國-河北省-秦皇島市-盧龍縣,DILA,master,,
1346,PL000000001385,,遼西郡,39.8407,118.99,中國-河北省-秦皇島市-盧龍縣,DILA,master,,
1347,PL000000001386,,孤竹城,39.8284,118.8917,中國-河北省-秦皇島市-盧龍縣,DILA,master,,
1348,PL000000001387,,孤竹城,39.8284,118.8917,中國-河北省-秦皇島市-盧龍縣,DILA,master,,
1349,PL000000001388,,孤竹城,39.8264,118.8689,中國-河北省-秦皇島市-盧龍縣,DILA,master,,
1350,PL000000001389,,望都,39.7568,118.8784,中國-河北省-秦皇島市-盧龍縣,DILA,master,,
1351,PL000000001390,,東勝左衛,39.8763,118.8719,中國-河北省-秦皇島市-盧龍縣,DILA,master,,
1352,PL000000001391,,安東都護府,39.8763,118.8719,中國-河北省-秦皇島市-盧龍縣,DILA,master,,
1353,PL000000001392,,興聖寺,36.611911,114.487056,中國-河北省-邯鄲市,DILA,master,,
1354,PL000000001393,,崇尊寺,36.5927,114.481,中國-河北省-邯鄲市-市轄區,DILA,master,,
1355,PL000000001394,,趙國,36.5927,114.4814,中國-河北省-邯鄲市-邯山區,DILA,master,,
1356,PL000000001395,,趙國,36.5927,114.4814,中國-河北省-邯鄲市-邯山區,DILA,master,,
1357,PL000000001396,,邯鄲,36.5927,114.4814,中國-河北省-邯鄲市-邯山區,DILA,master,,
1358,PL000000001397,,邯鄦,36.5927,114.4814,中國-河北省-邯鄲市-邯山區,DILA,master,,
1359,PL000000001398,,邯鄲,36.5927,114.4814,中國-河北省-邯鄲市-邯山區,DILA,master,,
1360,PL000000001399,,邯鄲,36.5927,114.4814,中國-河北省-邯鄲市-邯山區,DILA,master,,
1361,PL000000001400,,邯鄲,36.5927,114.4814,中國-河北省-邯鄲市-邯山區,DILA,master,,
1362,PL000000001401,,邯鄲,36.5927,114.4814,中國-河北省-邯鄲市-邯山區,DILA,master,,
1363,PL000000001402,,邯鄲,36.5927,114.4814,中國-河北省-邯鄲市-邯山區,DILA,master,,
1364,PL000000001403,,邯鄦,36.5927,114.4814,中國-河北省-邯鄲市-邯山區,DILA,master,,
1365,PL000000001404,,邯鄲,36.5927,114.4814,中國-河北省-邯鄲市-邯山區,DILA,master,,
1366,PL000000001405,,叢臺,36.5927,114.4814,中國-河北省-邯鄲市-邯山區,DILA,master,,
1367,PL000000001406,,邯鄲,36.5927,114.4814,中國-河北省-邯鄲市-邯山區,DILA,master,,
1368,PL000000001407,,邯鄲,36.5927,114.4814,中國-河北省-邯鄲市-邯山區,DILA,master,,
1369,PL000000001408,,邯鄲郡,36.5927,114.4814,中國-河北省-邯鄲市-邯山區,DILA,master,,
1370,PL000000001409,,滏山,36.538344,114.176942,中國-河北省-邯鄲市-峰峰礦區,DILA,master,,
1371,PL000000001410,,竹林寺,36.410797,114.188426,中國-河北省-邯鄲市-峰峰礦區,DILA,master,,
1372,PL000000001411,,智力寺,36.534519,114.149605,中國-河北省-邯鄲市-峰峰礦區,DILA,master,,
1373,PL000000001412,,武始,36.549,114.2315,中國-河北省-邯鄲市-峰峰礦區,DILA,master,,
1374,PL000000001413,,武始,36.549,114.2315,中國-河北省-邯鄲市-峰峰礦區,DILA,master,,
1375,PL000000001414,,彭城鎮,36.4178,114.1682,中國-河北省-邯鄲市-峰峰礦區,DILA,master,,
1376,PL000000001415,,臨水鎮,36.4312,114.2147,中國-河北省-邯鄲市-峰峰礦區,DILA,master,,
1377,PL000000001416,,臨水冶,36.4216,114.2169,中國-河北省-邯鄲市-峰峰礦區,DILA,master,,
1378,PL000000001417,,臨水,36.4325,114.2036,中國-河北省-邯鄲市-峰峰礦區,DILA,master,,
1379,PL000000001418,,昭義縣,36.4339,114.1994,中國-河北省-邯鄲市-峰峰礦區,DILA,master,,
1380,PL000000001419,,昭德鎮,36.4298,114.2067,中國-河北省-邯鄲市-峰峰礦區,DILA,master,,
1381,PL000000001420,,車騎關,36.4839,114.4039,中國-河北省-邯鄲市-峰峰礦區,DILA,master,,
1382,PL000000001421,,大趙鎮,36.5806,114.5738,中國-河北省-邯鄲市-邯鄲縣,DILA,master,,
1383,PL000000001422,,二祖鎮,36.4896,114.5684,中國-河北省-邯鄲市-邯鄲縣,DILA,master,,
1384,PL000000001423,,邯鄲,36.5873,114.5398,中國-河北省-邯鄲市-邯鄲縣,DILA,master,,
1385,PL000000001424,,西釜口,36.2849,114.397,中國-河北省-邯鄲市-臨漳縣,DILA,master,,
1386,PL000000001425,,太武殿,36.2849,114.397,中國-河北省-邯鄲市-臨漳縣,DILA,master,,
1387,PL000000001426,,紫陌,36.2849,114.397,中國-河北省-邯鄲市-臨漳縣,DILA,master,,
1388,PL000000001427,,東明館,36.2849,114.397,中國-河北省-邯鄲市-臨漳縣,DILA,master,,
1389,PL000000001429,,北鄴城,36.275025,114.400317,中國-河北省-邯鄲市-臨漳縣,DILA,master,,
1390,PL000000001430,,東夏坊,36.335571,114.614139,中國-河北省-邯鄲市-臨漳縣,DILA,master,,
1391,PL000000001431,,太極殿,36.335571,114.614139,中國-河北省-邯鄲市-臨漳縣,DILA,master,,
1392,PL000000001433,,中陽門,36.2849,114.397,中國-河北省-邯鄲市-臨漳縣,DILA,master,,
1393,PL000000001434,,顯陽門,36.2849,114.397,中國-河北省-邯鄲市-臨漳縣,DILA,master,,
1394,PL000000001435,,龍山,36.335571,114.614139,中國-河北省-邯鄲市-臨漳縣,DILA,master,,
1395,PL000000001436,,紫陌河,36.335571,114.614139,中國-河北省-邯鄲市-臨漳縣,DILA,master,,
1396,PL000000001437,,宮寺,36.2849,114.397,中國-河北省-邯鄲市-臨漳縣,DILA,master,,
1397,PL000000001438,,法綝祠,36.2849,114.397,中國-河北省-邯鄲市-臨漳縣,DILA,master,,
1398,PL000000001439,,昭玄曹,36.2849,114.397,中國-河北省-邯鄲市-臨漳縣,DILA,master,,
1399,PL000000001440,,天平寺,36.2849,114.397,中國-河北省-邯鄲市-臨漳縣,DILA,master,,
1400,PL000000001441,,三藏殿,36.2849,114.397,中國-河北省-邯鄲市-臨漳縣,DILA,master,,
1401,PL000000001443,,顯義寺,36.335571,114.614139,中國-河北省-邯鄲市-臨漳縣,DILA,master,,
1402,PL000000001444,,大覺寺,36.335571,114.614139,中國-河北省-邯鄲市-臨漳縣,DILA,master,,
1403,PL000000001445,,大總持寺,36.335571,114.614139,中國-河北省-邯鄲市-臨漳縣,DILA,master,,
1404,PL000000001446,,寶山寺,36.335571,114.614139,中國-河北省-邯鄲市-臨漳縣,DILA,master,,
1405,PL000000001447,,白馬寺,36.335571,114.614139,中國-河北省-邯鄲市-臨漳縣,DILA,master,,
1406,PL000000001448,,大學寺,36.335571,114.614139,中國-河北省-邯鄲市-臨漳縣,DILA,master,,
1407,PL000000001449,,大莊嚴寺,36.335571,114.614139,中國-河北省-邯鄲市-臨漳縣,DILA,master,,
1408,PL000000001450,,大衍寺,36.335571,114.614139,中國-河北省-邯鄲市-臨漳縣,DILA,master,,
1409,PL000000001451,,日光寺,36.335571,114.614139,中國-河北省-邯鄲市-臨漳縣,DILA,master,,
1410,PL000000001452,,大集寺,36.335571,114.614139,中國-河北省-邯鄲市-臨漳縣,DILA,master,,
1411,PL000000001453,,寶明寺,36.335571,114.614139,中國-河北省-邯鄲市-臨漳縣,DILA,master,,
1412,PL000000001454,,戒德寺,36.335571,114.614139,中國-河北省-邯鄲市-臨漳縣,DILA,master,,
1413,PL000000001455,,清行寺,36.227777,114.386258,中國-河北省-邯鄲市-臨漳縣,DILA,master,,
1414,PL000000001457,,曠國寺,36.335571,114.614139,中國-河北省-邯鄲市-臨漳縣,DILA,master,,
1415,PL000000001458,,定寇寺,36.335571,114.614139,中國-河北省-邯鄲市-臨漳縣,DILA,master,,
1416,PL000000001459,,中寺,36.2752,114.389,中國-河北省-邯鄲市-臨漳縣,DILA,master,,
1417,PL000000001460,,倉口,36.3502,114.4839,中國-河北省-邯鄲市-臨漳縣,DILA,master,,
1418,PL000000001461,,臨漳,36.3405,114.6165,中國-河北省-邯鄲市-臨漳縣,DILA,master,,
1419,PL000000001462,,臨漳,36.3405,114.6165,中國-河北省-邯鄲市-臨漳縣,DILA,master,,
1420,PL000000001463,,平陽城,36.2907,114.4924,中國-河北省-邯鄲市-臨漳縣,DILA,master,,
1421,PL000000001464,,陽平亭,36.288,114.4878,中國-河北省-邯鄲市-臨漳縣,DILA,master,,
1422,PL000000001465,,鄴縣,36.2863,114.3951,中國-河北省-邯鄲市-臨漳縣,DILA,master,,
1423,PL000000001466,,魏郡,36.2863,114.3951,中國-河北省-邯鄲市-臨漳縣,DILA,master,,
1424,PL000000001467,,白沙,36.2849,114.3969,中國-河北省-邯鄲市-臨漳縣,DILA,master,,
1425,PL000000001468,,鄴縣,36.2849,114.3969,中國-河北省-邯鄲市-臨漳縣,DILA,master,,
1426,PL000000001469,,魏郡,36.2849,114.3969,中國-河北省-邯鄲市-臨漳縣,DILA,master,,
1427,PL000000001470,,鄴縣,36.2817,114.4041,中國-河北省-邯鄲市-臨漳縣,DILA,master,,
1428,PL000000001471,,魏郡,36.2817,114.4041,中國-河北省-邯鄲市-臨漳縣,DILA,master,,
1429,PL000000001472,,鄴縣,36.2817,114.4041,中國-河北省-邯鄲市-臨漳縣,DILA,master,,
1430,PL000000001473,,魏郡,36.2817,114.4041,中國-河北省-邯鄲市-臨漳縣,DILA,master,,
1431,PL000000001474,,鄴鎮,36.2795,114.4073,中國-河北省-邯鄲市-臨漳縣,DILA,master,,
1432,PL000000001475,,靈芝,36.2701,114.4046,中國-河北省-邯鄲市-臨漳縣,DILA,master,,
1433,PL000000001476,,鄴縣,36.2697,114.4341,中國-河北省-邯鄲市-臨漳縣,DILA,master,,
1434,PL000000001477,,臨漳,36.2499,114.5632,中國-河北省-邯鄲市-臨漳縣,DILA,master,,
1435,PL000000001478,,臨漳,36.2449,114.5449,中國-河北省-邯鄲市-臨漳縣,DILA,master,,
1436,PL000000001479,,臨漳,36.244,114.5573,中國-河北省-邯鄲市-臨漳縣,DILA,master,,
1437,PL000000001480,,臨漳,36.24,114.5545,中國-河北省-邯鄲市-臨漳縣,DILA,master,,
1438,PL000000001481,,鄴縣,36.2774,114.408,中國-河北省-邯鄲市-臨漳縣,DILA,master,,
1439,PL000000001482,,漳鄴,36.2752,114.3892,中國-河北省-邯鄲市-臨漳縣,DILA,master,,
1440,PL000000001483,,冀州,36.2392,114.4139,中國-河北省-邯鄲市-臨漳縣,DILA,master,,
1441,PL000000001484,,鄴,36.2392,114.4139,中國-河北省-邯鄲市-臨漳縣,DILA,master,,
1442,PL000000001485,,魏郡,36.2752,114.3892,中國-河北省-邯鄲市-臨漳縣,DILA,master,,
1443,PL000000001486,,典農中郎將,36.2863,114.3951,中國-河北省-邯鄲市-臨漳縣,DILA,master,,
1444,PL000000001487,,圖銘寺,36.442762,114.652801,中國-河北省-邯鄲市-成安縣,DILA,master,,
1445,PL000000001488,,元符寺,36.482258,114.586625,中國-河北省-邯鄲市-成安縣,DILA,master,,
1446,PL000000001489,,卯齋院,36.444915,114.664264,中國-河北省-邯鄲市-成安縣,DILA,master,,
1447,PL000000001490,,葛,36.4799,114.7635,中國-河北省-邯鄲市-成安縣,DILA,master,,
1448,PL000000001491,,即裴,36.4799,114.7635,中國-河北省-邯鄲市-成安縣,DILA,master,,
1449,PL000000001492,,肥鄉,36.4759,114.7487,中國-河北省-邯鄲市-成安縣,DILA,master,,
1450,PL000000001493,,成安,36.4406,114.7035,中國-河北省-邯鄲市-成安縣,DILA,master,,
1451,PL000000001494,,成安,36.4406,114.7035,中國-河北省-邯鄲市-成安縣,DILA,master,,
1452,PL000000001495,,成安,36.4406,114.7035,中國-河北省-邯鄲市-成安縣,DILA,master,,
1453,PL000000001496,,成安,36.4406,114.7035,中國-河北省-邯鄲市-成安縣,DILA,master,,
1454,PL000000001497,,成安,36.4406,114.7035,中國-河北省-邯鄲市-成安縣,DILA,master,,
1455,PL000000001498,,成安,36.4406,114.7035,中國-河北省-邯鄲市-成安縣,DILA,master,,
1456,PL000000001499,,斥丘,36.4006,114.8456,中國-河北省-邯鄲市-成安縣,DILA,master,,
1457,PL000000001500,,斥丘,36.4,114.8396,中國-河北省-邯鄲市-成安縣,DILA,master,,
1458,PL000000001501,,斥丘,36.4,114.8396,中國-河北省-邯鄲市-成安縣,DILA,master,,
1459,PL000000001502,,河北東路,36.3157,115.2028,中國-河北省-邯鄲市-大名縣,DILA,master,,
1460,PL000000001503,,邵寺,36.282058,115.152758,中國-河北省-邯鄲市-大名縣,DILA,master,,
1461,PL000000001504,,開覺寺,36.282058,115.152758,中國-河北省-邯鄲市-大名縣,DILA,master,,
1462,PL000000001505,,中興寺,36.3283,115.1774,中國-河北省-邯鄲市-大名縣,DILA,master,,
1463,PL000000001506,,興化寺,36.309716,115.180353,中國-河北省-邯鄲市-大名縣,DILA,master,,
1464,PL000000001507,,普照寺,36.278859,115.134028,中國-河北省-邯鄲市-大名縣,DILA,master,,
1465,PL000000001509,,觀音院,36.282058,115.152758,中國-河北省-邯鄲市-大名縣,DILA,master,,
1466,PL000000001510,,黃金隄堡,36.4536,115.1613,中國-河北省-邯鄲市-大名縣,DILA,master,,
1467,PL000000001511,,魏縣,36.4003,115.0508,中國-河北省-邯鄲市-大名縣,DILA,master,,
1468,PL000000001512,,王莽城,36.3891,115.2813,中國-河北省-邯鄲市-大名縣,DILA,master,,
1469,PL000000001513,,小灘鎮,36.3597,115.3418,中國-河北省-邯鄲市-大名縣,DILA,master,,
1470,PL000000001514,,小灘鎮,36.3557,115.3248,中國-河北省-邯鄲市-大名縣,DILA,master,,
1471,PL000000001515,,大名,36.3304,115.1649,中國-河北省-邯鄲市-大名縣,DILA,master,,
1472,PL000000001516,,大名路,36.3304,115.1649,中國-河北省-邯鄲市-大名縣,DILA,master,,
1473,PL000000001517,,武陽郡,36.3296,115.1921,中國-河北省-邯鄲市-大名縣,DILA,master,,
1474,PL000000001518,,貴鄉,36.3296,115.1921,中國-河北省-邯鄲市-大名縣,DILA,master,,
1475,PL000000001519,,元城,36.3283,115.1774,中國-河北省-邯鄲市-大名縣,DILA,master,,
1476,PL000000001520,,山東,36.3283,115.1774,中國-河北省-邯鄲市-大名縣,DILA,master,,
1477,PL000000001521,,貴鄉,36.3283,115.1774,中國-河北省-邯鄲市-大名縣,DILA,master,,
1478,PL000000001522,,天雄軍,36.3283,115.1774,中國-河北省-邯鄲市-大名縣,DILA,master,,
1479,PL000000001523,,天雄軍,36.3277,115.2364,中國-河北省-邯鄲市-大名縣,DILA,master,,
1480,PL000000001524,,鄴都,36.3277,115.2364,中國-河北省-邯鄲市-大名縣,DILA,master,,
1481,PL000000001525,,大名府,36.3248,115.1968,中國-河北省-邯鄲市-大名縣,DILA,master,,
1482,PL000000001526,,大名府路,36.3248,115.1968,中國-河北省-邯鄲市-大名縣,DILA,master,,
1483,PL000000001527,,元城,36.3218,115.3135,中國-河北省-邯鄲市-大名縣,DILA,master,,
1484,PL000000001528,,元城,36.3218,115.3135,中國-河北省-邯鄲市-大名縣,DILA,master,,
1485,PL000000001529,,五鹿墟,36.3209,115.3553,中國-河北省-邯鄲市-大名縣,DILA,master,,
1486,PL000000001530,,沙麓,36.3209,115.3553,中國-河北省-邯鄲市-大名縣,DILA,master,,
1487,PL000000001531,,貴鄉郡,36.3198,115.3072,中國-河北省-邯鄲市-大名縣,DILA,master,,
1488,PL000000001532,,元城,36.319,115.3037,中國-河北省-邯鄲市-大名縣,DILA,master,,
1489,PL000000001533,,陽平郡,36.319,115.3037,中國-河北省-邯鄲市-大名縣,DILA,master,,
1490,PL000000001534,,元城,36.319,115.3037,中國-河北省-邯鄲市-大名縣,DILA,master,,
1491,PL000000001535,,大名,36.3157,115.2028,中國-河北省-邯鄲市-大名縣,DILA,master,,
1492,PL000000001536,,北京,36.3157,115.2028,中國-河北省-邯鄲市-大名縣,DILA,master,,
1493,PL000000001537,,元城,36.3157,115.2028,中國-河北省-邯鄲市-大名縣,DILA,master,,
1494,PL000000001538,,北京,36.3157,115.2028,中國-河北省-邯鄲市-大名縣,DILA,master,,
1495,PL000000001539,,李固鎮,36.3157,115.2028,中國-河北省-邯鄲市-大名縣,DILA,master,,
1496,PL000000001540,,元城,36.3082,115.3103,中國-河北省-邯鄲市-大名縣,DILA,master,,
1497,PL000000001541,,馬陵道口,36.3002,115.2728,中國-河北省-邯鄲市-大名縣,DILA,master,,
1498,PL000000001542,,瑣陽城,36.2975,115.3524,中國-河北省-邯鄲市-大名縣,DILA,master,,
1499,PL000000001543,,故城鎮,36.2958,115.3418,中國-河北省-邯鄲市-大名縣,DILA,master,,
1500,PL000000001544,,大名府,36.2935,115.1476,中國-河北省-邯鄲市-大名縣,DILA,master,,
1501,PL000000001545,,元城,36.2935,115.1476,中國-河北省-邯鄲市-大名縣,DILA,master,,
1502,PL000000001546,,大名,36.2747,115.1559,中國-河北省-邯鄲市-大名縣,DILA,master,,
1503,PL000000001547,,大名府,36.2747,115.1559,中國-河北省-邯鄲市-大名縣,DILA,master,,
1504,PL000000001548,,元城,36.2747,115.1559,中國-河北省-邯鄲市-大名縣,DILA,master,,
1505,PL000000001549,,大名,36.2747,115.1559,中國-河北省-邯鄲市-大名縣,DILA,master,,
1506,PL000000001550,,沙亭,36.2743,115.348,中國-河北省-邯鄲市-大名縣,DILA,master,,
1507,PL000000001551,,魏縣,36.2717,115.0905,中國-河北省-邯鄲市-大名縣,DILA,master,,
1508,PL000000001552,,魏縣,36.2677,115.0965,中國-河北省-邯鄲市-大名縣,DILA,master,,
1509,PL000000001553,,魏縣,36.2644,115.092,中國-河北省-邯鄲市-大名縣,DILA,master,,
1510,PL000000001554,,魏縣,36.2644,115.092,中國-河北省-邯鄲市-大名縣,DILA,master,,
1511,PL000000001555,,魏縣,36.2625,115.094,中國-河北省-邯鄲市-大名縣,DILA,master,,
1512,PL000000001556,,魏縣,36.2625,115.094,中國-河北省-邯鄲市-大名縣,DILA,master,,
1513,PL000000001557,,魏縣,36.2598,115.0904,中國-河北省-邯鄲市-大名縣,DILA,master,,
1514,PL000000001558,,元城,36.2509,115.1401,中國-河北省-邯鄲市-大名縣,DILA,master,,
1515,PL000000001559,,南樂鎮,36.2444,115.1467,中國-河北省-邯鄲市-大名縣,DILA,master,,
1516,PL000000001560,,魏店,36.2211,115.1725,中國-河北省-邯鄲市-大名縣,DILA,master,,
1517,PL000000001561,,束館鎮,36.1744,115.4235,中國-河北省-邯鄲市-大名縣,DILA,master,,
1518,PL000000001562,,都尉,36.2625,115.094,中國-河北省-邯鄲市-大名縣,DILA,master,,
1519,PL000000001563,,宏福寺,36.639808,113.764136,中國-河北省-邯鄲市-涉縣,DILA,master,,
1520,PL000000001564,,偏城村,36.751,113.6858,中國-河北省-邯鄲市-涉縣,DILA,master,,
1521,PL000000001565,,毛城,36.7136,113.5074,中國-河北省-邯鄲市-涉縣,DILA,master,,
1522,PL000000001566,,偏店,36.6782,113.7612,中國-河北省-邯鄲市-涉縣,DILA,master,,
1523,PL000000001567,,遼城村,36.6768,113.5165,中國-河北省-邯鄲市-涉縣,DILA,master,,
1524,PL000000001568,,石泊村,36.6575,113.8174,中國-河北省-邯鄲市-涉縣,DILA,master,,
1525,PL000000001569,,索堡鎮,36.6238,113.6089,中國-河北省-邯鄲市-涉縣,DILA,master,,
1526,PL000000001570,,涉,36.5885,113.6543,中國-河北省-邯鄲市-涉縣,DILA,master,,
1527,PL000000001571,,涉縣,36.5734,113.6492,中國-河北省-邯鄲市-涉縣,DILA,master,,
1528,PL000000001572,,涉國,36.5654,113.649,中國-河北省-邯鄲市-涉縣,DILA,master,,
1529,PL000000001573,,涉縣,36.5639,113.6517,中國-河北省-邯鄲市-涉縣,DILA,master,,
1530,PL000000001574,,涉縣,36.5639,113.6517,中國-河北省-邯鄲市-涉縣,DILA,master,,
1531,PL000000001575,,涉縣,36.5635,113.6798,中國-河北省-邯鄲市-涉縣,DILA,master,,
1532,PL000000001576,,涉縣,36.5635,113.6798,中國-河北省-邯鄲市-涉縣,DILA,master,,
1533,PL000000001577,,涉縣,36.5635,113.6798,中國-河北省-邯鄲市-涉縣,DILA,master,,
1534,PL000000001578,,涉縣,36.5635,113.6798,中國-河北省-邯鄲市-涉縣,DILA,master,,
1535,PL000000001579,,涉縣,36.561,113.6461,中國-河北省-邯鄲市-涉縣,DILA,master,,
1536,PL000000001580,,涉縣,36.5576,113.6778,中國-河北省-邯鄲市-涉縣,DILA,master,,
1537,PL000000001581,,毛城,36.5196,113.5761,中國-河北省-邯鄲市-涉縣,DILA,master,,
1538,PL000000001582,,吾兒峪口,36.5038,113.5884,中國-河北省-邯鄲市-涉縣,DILA,master,,
1539,PL000000001583,,達城鎮,36.4215,113.8457,中國-河北省-邯鄲市-涉縣,DILA,master,,
1540,PL000000001584,,黍窖邑,36.3853,113.8924,中國-河北省-邯鄲市-涉縣,DILA,master,,
1541,PL000000001585,,交漳口,36.3799,113.8884,中國-河北省-邯鄲市-涉縣,DILA,master,,
1542,PL000000001586,,三爵臺,36.374688,114.367687,中國-河北省-邯鄲市-磁縣,DILA,master,,
1543,PL000000001589,,大慈寺,36.374688,114.367687,中國-河北省-邯鄲市-磁縣,DILA,master,,
1544,PL000000001590,,演空寺,36.374688,114.367687,中國-河北省-邯鄲市-磁縣,DILA,master,,
1545,PL000000001591,,法觀寺,36.374688,114.367687,中國-河北省-邯鄲市-磁縣,DILA,master,,
1546,PL000000001592,,會福寺,36.374688,114.367687,中國-河北省-邯鄲市-磁縣,DILA,master,,
1547,PL000000001593,,智力寺,36.374688,114.367687,中國-河北省-邯鄲市-磁縣,DILA,master,,
1548,PL000000001594,,多慶寺,36.475722,114.321273,中國-河北省-邯鄲市-磁縣,DILA,master,,
1549,PL000000001595,,三祖塔院,36.374688,114.367687,中國-河北省-邯鄲市-磁縣,DILA,master,,
1550,PL000000001596,,仰山寺,36.374688,114.367687,中國-河北省-邯鄲市-磁縣,DILA,master,,
1551,PL000000001597,,臺城鎮,36.512,114.4228,中國-河北省-邯鄲市-磁縣,DILA,master,,
1552,PL000000001598,,梁期,36.4734,114.4703,中國-河北省-邯鄲市-磁縣,DILA,master,,
1553,PL000000001599,,梁期,36.4734,114.4703,中國-河北省-邯鄲市-磁縣,DILA,master,,
1554,PL000000001600,,磁州,36.3583,114.3836,中國-河北省-邯鄲市-磁縣,DILA,master,,
1555,PL000000001601,,磁州,36.3583,114.3836,中國-河北省-邯鄲市-磁縣,DILA,master,,
1556,PL000000001602,,溲陽,36.3583,114.3836,中國-河北省-邯鄲市-磁縣,DILA,master,,
1557,PL000000001603,,[汾-刀+金]陽,36.3583,114.3836,中國-河北省-邯鄲市-磁縣,DILA,master,,
1558,PL000000001604,,磁州,36.3583,114.3836,中國-河北省-邯鄲市-磁縣,DILA,master,,
1559,PL000000001605,,磁州,36.3583,114.3836,中國-河北省-邯鄲市-磁縣,DILA,master,,
1560,PL000000001606,,磁州,36.3583,114.3836,中國-河北省-邯鄲市-磁縣,DILA,master,,
1561,PL000000001607,,滏陽,36.3583,114.3836,中國-河北省-邯鄲市-磁縣,DILA,master,,
1562,PL000000001608,,臨水,36.3583,114.3836,中國-河北省-邯鄲市-磁縣,DILA,master,,
1563,PL000000001609,,臨水,36.3583,114.3836,中國-河北省-邯鄲市-磁縣,DILA,master,,
1564,PL000000001610,,臨水,36.3583,114.3836,中國-河北省-邯鄲市-磁縣,DILA,master,,
1565,PL000000001611,,觀臺鎮,36.3121,114.1038,中國-河北省-邯鄲市-磁縣,DILA,master,,
1566,PL000000001612,,汙城,36.3017,114.1895,中國-河北省-邯鄲市-磁縣,DILA,master,,
1567,PL000000001613,,武城,36.2778,114.3188,中國-河北省-邯鄲市-磁縣,DILA,master,,
1568,PL000000001614,,武城,36.2692,114.316,中國-河北省-邯鄲市-磁縣,DILA,master,,
1569,PL000000001615,,相州,36.2752,114.3892,中國-河北省-邯鄲市-磁縣,DILA,master,,
1570,PL000000001616,,磁州,36.3583,114.3836,中國-河北省-邯鄲市-磁縣,DILA,master,,
1571,PL000000001617,,列人,36.6433,114.8683,中國-河北省-邯鄲市-肥鄉縣,DILA,master,,
1572,PL000000001618,,列人,36.623,114.8304,中國-河北省-邯鄲市-肥鄉縣,DILA,master,,
1573,PL000000001619,,列人,36.6228,114.8368,中國-河北省-邯鄲市-肥鄉縣,DILA,master,,
1574,PL000000001620,,列人,36.6225,114.8533,中國-河北省-邯鄲市-肥鄉縣,DILA,master,,
1575,PL000000001621,,列人,36.6225,114.8533,中國-河北省-邯鄲市-肥鄉縣,DILA,master,,
1576,PL000000001622,,列人,36.6208,114.851,中國-河北省-邯鄲市-肥鄉縣,DILA,master,,
1577,PL000000001623,,列人,36.6208,114.851,中國-河北省-邯鄲市-肥鄉縣,DILA,master,,
1578,PL000000001624,,翟固鎮,36.5874,114.8329,中國-河北省-邯鄲市-肥鄉縣,DILA,master,,
1579,PL000000001625,,新安鎮,36.5696,114.6857,中國-河北省-邯鄲市-肥鄉縣,DILA,master,,
1580,PL000000001626,,邯溝,36.5591,114.7308,中國-河北省-邯鄲市-肥鄉縣,DILA,master,,
1581,PL000000001627,,肥鄉,36.5513,114.8125,中國-河北省-邯鄲市-肥鄉縣,DILA,master,,
1582,PL000000001628,,肥鄉,36.5513,114.8125,中國-河北省-邯鄲市-肥鄉縣,DILA,master,,
1583,PL000000001629,,肥鄉,36.5513,114.8125,中國-河北省-邯鄲市-肥鄉縣,DILA,master,,
1584,PL000000001630,,肥鄉,36.5513,114.8125,中國-河北省-邯鄲市-肥鄉縣,DILA,master,,
1585,PL000000001631,,肥鄉,36.5513,114.8125,中國-河北省-邯鄲市-肥鄉縣,DILA,master,,
1586,PL000000001632,,肥鄉,36.5513,114.8125,中國-河北省-邯鄲市-肥鄉縣,DILA,master,,
1587,PL000000001633,,邯會,36.5374,114.7745,中國-河北省-邯鄲市-肥鄉縣,DILA,master,,
1588,PL000000001634,,肥鄉,36.4984,114.755,中國-河北省-邯鄲市-肥鄉縣,DILA,master,,
1589,PL000000001635,,肥鄉,36.4984,114.755,中國-河北省-邯鄲市-肥鄉縣,DILA,master,,
1590,PL000000001636,,典農,36.6225,114.8533,中國-河北省-邯鄲市-肥鄉縣,DILA,master,,
1591,PL000000001637,,靈通寺,36.785573,114.487096,中國-河北省-邯鄲市-永年縣,DILA,master,,
1592,PL000000001638,,昭福寺,36.785573,114.487096,中國-河北省-邯鄲市-永年縣,DILA,master,,
1593,PL000000001639,,建福寺,36.804329,114.503813,中國-河北省-邯鄲市-永年縣,DILA,master,,
1594,PL000000001640,,曲陌鎮,36.8099,114.7141,中國-河北省-邯鄲市-永年縣,DILA,master,,
1595,PL000000001641,,檀臺,36.8058,114.5009,中國-河北省-邯鄲市-永年縣,DILA,master,,
1596,PL000000001642,,廣年,36.8023,114.6861,中國-河北省-邯鄲市-永年縣,DILA,master,,
1597,PL000000001643,,廣年,36.797,114.6862,中國-河北省-邯鄲市-永年縣,DILA,master,,
1598,PL000000001644,,廣年,36.797,114.6862,中國-河北省-邯鄲市-永年縣,DILA,master,,
1599,PL000000001645,,臨洺鎮,36.7896,114.4921,中國-河北省-邯鄲市-永年縣,DILA,master,,
1600,PL000000001646,,臨洺鎮,36.7896,114.4921,中國-河北省-邯鄲市-永年縣,DILA,master,,
1601,PL000000001647,,臨洺,36.7896,114.4921,中國-河北省-邯鄲市-永年縣,DILA,master,,
1602,PL000000001648,,臨洺,36.7896,114.4921,中國-河北省-邯鄲市-永年縣,DILA,master,,
1603,PL000000001649,,易陽,36.7896,114.4921,中國-河北省-邯鄲市-永年縣,DILA,master,,
1604,PL000000001650,,廣年,36.7836,114.6514,中國-河北省-邯鄲市-永年縣,DILA,master,,
1605,PL000000001651,,廣年,36.7836,114.6514,中國-河北省-邯鄲市-永年縣,DILA,master,,
1606,PL000000001652,,臨洺關,36.7759,114.5041,中國-河北省-邯鄲市-永年縣,DILA,master,,
1607,PL000000001653,,曲梁,36.7207,114.7514,中國-河北省-邯鄲市-永年縣,DILA,master,,
1608,PL000000001654,,易陽,36.7102,114.6355,中國-河北省-邯鄲市-永年縣,DILA,master,,
1609,PL000000001655,,易陽,36.7102,114.6355,中國-河北省-邯鄲市-永年縣,DILA,master,,
1610,PL000000001656,,易陽,36.7088,114.6347,中國-河北省-邯鄲市-永年縣,DILA,master,,
1611,PL000000001657,,易陽,36.7088,114.6347,中國-河北省-邯鄲市-永年縣,DILA,master,,
1612,PL000000001658,,曲梁,36.7087,114.739,中國-河北省-邯鄲市-永年縣,DILA,master,,
1613,PL000000001659,,曲梁,36.7087,114.739,中國-河北省-邯鄲市-永年縣,DILA,master,,
1614,PL000000001660,,永年,36.7074,114.7246,中國-河北省-邯鄲市-永年縣,DILA,master,,
1615,PL000000001661,,廣平府,36.7074,114.7246,中國-河北省-邯鄲市-永年縣,DILA,master,,
1616,PL000000001662,,永年,36.7074,114.7246,中國-河北省-邯鄲市-永年縣,DILA,master,,
1617,PL000000001663,,廣平路,36.7074,114.7246,中國-河北省-邯鄲市-永年縣,DILA,master,,
1618,PL000000001664,,曲梁,36.706,114.7425,中國-河北省-邯鄲市-永年縣,DILA,master,,
1619,PL000000001665,,曲梁,36.706,114.7425,中國-河北省-邯鄲市-永年縣,DILA,master,,
1620,PL000000001666,,廣平郡,36.706,114.7425,中國-河北省-邯鄲市-永年縣,DILA,master,,
1621,PL000000001667,,永年,36.7057,114.7431,中國-河北省-邯鄲市-永年縣,DILA,master,,
1622,PL000000001668,,廣平府,36.7057,114.7431,中國-河北省-邯鄲市-永年縣,DILA,master,,
1623,PL000000001669,,永年,36.7054,114.731,中國-河北省-邯鄲市-永年縣,DILA,master,,
1624,PL000000001670,,廣平郡,36.7054,114.731,中國-河北省-邯鄲市-永年縣,DILA,master,,
1625,PL000000001671,,廣平,36.7054,114.7295,中國-河北省-邯鄲市-永年縣,DILA,master,,
1626,PL000000001672,,洺州,36.7054,114.7295,中國-河北省-邯鄲市-永年縣,DILA,master,,
1627,PL000000001673,,永年,36.7028,114.723,中國-河北省-邯鄲市-永年縣,DILA,master,,
1628,PL000000001674,,洺州,36.7028,114.723,中國-河北省-邯鄲市-永年縣,DILA,master,,
1629,PL000000001675,,曲梁,36.7012,114.7261,中國-河北省-邯鄲市-永年縣,DILA,master,,
1630,PL000000001676,,廣平郡,36.7012,114.7261,中國-河北省-邯鄲市-永年縣,DILA,master,,
1631,PL000000001677,,洺州,36.6956,114.72,中國-河北省-邯鄲市-永年縣,DILA,master,,
1632,PL000000001678,,曲周,36.9096,115.0915,中國-河北省-邯鄲市-邱縣,DILA,master,,
1633,PL000000001679,,曲周,36.9096,115.0915,中國-河北省-邯鄲市-邱縣,DILA,master,,
1634,PL000000001680,,曲周,36.9052,115.0849,中國-河北省-邯鄲市-邱縣,DILA,master,,
1635,PL000000001681,,曲周,36.9001,115.0811,中國-河北省-邯鄲市-邱縣,DILA,master,,
1636,PL000000001682,,曲周,36.9001,115.0811,中國-河北省-邯鄲市-邱縣,DILA,master,,
1637,PL000000001683,,南曲,36.8896,115.1426,中國-河北省-邯鄲市-邱縣,DILA,master,,
1638,PL000000001684,,馬羅堡,36.8537,115.2577,中國-河北省-邯鄲市-邱縣,DILA,master,,
1639,PL000000001685,,香城固堡,36.8416,115.3085,中國-河北省-邯鄲市-邱縣,DILA,master,,
1640,PL000000001686,,馬頭村,36.8303,115.1719,中國-河北省-邯鄲市-邱縣,DILA,master,,
1641,PL000000001687,,丘縣,36.725,115.1859,中國-河北省-邯鄲市-邱縣,DILA,master,,
1642,PL000000001688,,丘縣,36.725,115.1859,中國-河北省-邯鄲市-邱縣,DILA,master,,
1643,PL000000001689,,丘縣,36.7131,115.1663,中國-河北省-邯鄲市-邱縣,DILA,master,,
1644,PL000000001690,,淺口,36.6348,115.2244,中國-河北省-邯鄲市-邱縣,DILA,master,,
1645,PL000000001691,,雞澤,36.9233,114.884,中國-河北省-邯鄲市-雞澤縣,DILA,master,,
1646,PL000000001692,,雞澤,36.9233,114.884,中國-河北省-邯鄲市-雞澤縣,DILA,master,,
1647,PL000000001693,,雞澤,36.9233,114.884,中國-河北省-邯鄲市-雞澤縣,DILA,master,,
1648,PL000000001694,,雞澤,36.9104,114.8146,中國-河北省-邯鄲市-雞澤縣,DILA,master,,
1649,PL000000001695,,廣平,36.9047,114.9676,中國-河北省-邯鄲市-雞澤縣,DILA,master,,
1650,PL000000001696,,廣平郡,36.9047,114.9676,中國-河北省-邯鄲市-雞澤縣,DILA,master,,
1651,PL000000001697,,廣平,36.9047,114.9676,中國-河北省-邯鄲市-雞澤縣,DILA,master,,
1652,PL000000001698,,浮圖店堡,36.8586,114.7831,中國-河北省-邯鄲市-雞澤縣,DILA,master,,
1653,PL000000001699,,小寨堡,36.8391,114.8955,中國-河北省-邯鄲市-雞澤縣,DILA,master,,
1654,PL000000001700,,雞澤,36.8712,114.8784,中國-河北省-邯鄲市-雞澤縣,DILA,master,,
1655,PL000000001701,,保慶寺,36.690765,114.737362,中國-河北省-邯鄲市-廣平縣,DILA,master,,
1656,PL000000001702,,平堌,36.5773,115.0865,中國-河北省-邯鄲市-廣平縣,DILA,master,,
1657,PL000000001703,,清漳,36.5725,115.0212,中國-河北省-邯鄲市-廣平縣,DILA,master,,
1658,PL000000001704,,清漳鎮,36.5637,115.0287,中國-河北省-邯鄲市-廣平縣,DILA,master,,
1659,PL000000001705,,清漳,36.553,115.0213,中國-河北省-邯鄲市-廣平縣,DILA,master,,
1660,PL000000001706,,廣平,36.4797,114.9462,中國-河北省-邯鄲市-廣平縣,DILA,master,,
1661,PL000000001707,,廣平,36.4797,114.9462,中國-河北省-邯鄲市-廣平縣,DILA,master,,
1662,PL000000001708,,廣平,36.4797,114.9462,中國-河北省-邯鄲市-廣平縣,DILA,master,,
1663,PL000000001709,,斥丘,36.3966,114.8475,中國-河北省-邯鄲市-廣平縣,DILA,master,,
1664,PL000000001710,,斥丘,36.3966,114.8475,中國-河北省-邯鄲市-廣平縣,DILA,master,,
1665,PL000000001711,,壽山寺,36.547804,115.218086,中國-河北省-邯鄲市-館陶縣,DILA,master,,
1666,PL000000001712,,護法寺,36.537635,115.281494,中國-河北省-邯鄲市-館陶縣,DILA,master,,
1667,PL000000001713,,張官寨,36.7162,115.3393,中國-河北省-邯鄲市-館陶縣,DILA,master,,
1668,PL000000001714,,清淵,36.7109,115.3743,中國-河北省-邯鄲市-館陶縣,DILA,master,,
1669,PL000000001715,,清淵,36.7109,115.3743,中國-河北省-邯鄲市-館陶縣,DILA,master,,
1670,PL000000001716,,清淵,36.6941,115.3895,中國-河北省-邯鄲市-館陶縣,DILA,master,,
1671,PL000000001717,,清淵,36.6941,115.3895,中國-河北省-邯鄲市-館陶縣,DILA,master,,
1672,PL000000001718,,永濟縣,36.67,115.3993,中國-河北省-邯鄲市-館陶縣,DILA,master,,
1673,PL000000001719,,淺口鎮,36.6509,115.248,中國-河北省-邯鄲市-館陶縣,DILA,master,,
1674,PL000000001720,,柴家堡,36.6284,115.2699,中國-河北省-邯鄲市-館陶縣,DILA,master,,
1675,PL000000001721,,南館陶鎮,36.5335,115.3076,中國-河北省-邯鄲市-館陶縣,DILA,master,,
1676,PL000000001722,,南館陶鎮,36.5335,115.3076,中國-河北省-邯鄲市-館陶縣,DILA,master,,
1677,PL000000001723,,南館陶站,36.5335,115.3076,中國-河北省-邯鄲市-館陶縣,DILA,master,,
1678,PL000000001724,,館陶,36.5335,115.3076,中國-河北省-邯鄲市-館陶縣,DILA,master,,
1679,PL000000001725,,館陶,36.5335,115.3076,中國-河北省-邯鄲市-館陶縣,DILA,master,,
1680,PL000000001726,,毛州,36.5335,115.3076,中國-河北省-邯鄲市-館陶縣,DILA,master,,
1681,PL000000001727,,陽平郡,36.5335,115.3076,中國-河北省-邯鄲市-館陶縣,DILA,master,,
1682,PL000000001728,,館陶,36.5335,115.3076,中國-河北省-邯鄲市-館陶縣,DILA,master,,
1683,PL000000001729,,館陶,36.5335,115.3076,中國-河北省-邯鄲市-館陶縣,DILA,master,,
1684,PL000000001730,,陽平郡,36.5335,115.3076,中國-河北省-邯鄲市-館陶縣,DILA,master,,
1685,PL000000001731,,館陶,36.5335,115.3076,中國-河北省-邯鄲市-館陶縣,DILA,master,,
1686,PL000000001732,,館陶,36.5335,115.3076,中國-河北省-邯鄲市-館陶縣,DILA,master,,
1687,PL000000001733,,館陶,36.5335,115.3076,中國-河北省-邯鄲市-館陶縣,DILA,master,,
1688,PL000000001734,,魏縣,36.3568,114.9376,中國-河北省-邯鄲市-魏縣,DILA,master,,
1689,PL000000001735,,舊魏縣,36.2804,114.8241,中國-河北省-邯鄲市-魏縣,DILA,master,,
1690,PL000000001736,,洹水鎮,36.2613,114.8337,中國-河北省-邯鄲市-魏縣,DILA,master,,
1691,PL000000001737,,洹水,36.2608,114.835,中國-河北省-邯鄲市-魏縣,DILA,master,,
1692,PL000000001738,,魏縣,36.2554,114.8361,中國-河北省-邯鄲市-魏縣,DILA,master,,
1693,PL000000001739,,洹水,36.2537,114.8271,中國-河北省-邯鄲市-魏縣,DILA,master,,
1694,PL000000001740,,雙井鎮,36.2315,114.9909,中國-河北省-邯鄲市-魏縣,DILA,master,,
1695,PL000000001741,,回隆鎮,36.1548,114.7747,中國-河北省-邯鄲市-魏縣,DILA,master,,
1696,PL000000001742,,回隆鎮,36.1506,114.7722,中國-河北省-邯鄲市-魏縣,DILA,master,,
1697,PL000000001743,,繁水,36.1496,115.0476,中國-河北省-邯鄲市-魏縣,DILA,master,,
1698,PL000000001744,,李固鎮,36.3018,114.9426,中國-河北省-邯鄲市-魏縣,DILA,master,,
1699,PL000000001745,,廣平郡,36.9119,115.0127,中國-河北省-邯鄲市-曲周縣,DILA,master,,
1700,PL000000001746,,廣平,36.8966,114.9722,中國-河北省-邯鄲市-曲周縣,DILA,master,,
1701,PL000000001747,,廣平,36.8966,114.9722,中國-河北省-邯鄲市-曲周縣,DILA,master,,
1702,PL000000001748,,廣平郡,36.8966,114.9722,中國-河北省-邯鄲市-曲周縣,DILA,master,,
1703,PL000000001749,,廣平,36.8925,114.9695,中國-河北省-邯鄲市-曲周縣,DILA,master,,
1704,PL000000001750,,曲周,36.7785,114.9591,中國-河北省-邯鄲市-曲周縣,DILA,master,,
1705,PL000000001751,,曲周,36.7785,114.9591,中國-河北省-邯鄲市-曲周縣,DILA,master,,
1706,PL000000001752,,曲周,36.7785,114.9591,中國-河北省-邯鄲市-曲周縣,DILA,master,,
1707,PL000000001753,,曲周,36.7785,114.9591,中國-河北省-邯鄲市-曲周縣,DILA,master,,
1708,PL000000001754,,斥漳,36.7448,114.9392,中國-河北省-邯鄲市-曲周縣,DILA,master,,
1709,PL000000001755,,洺水,36.7423,114.9543,中國-河北省-邯鄲市-曲周縣,DILA,master,,
1710,PL000000001756,,洺水,36.7342,114.9628,中國-河北省-邯鄲市-曲周縣,DILA,master,,
1711,PL000000001757,,斥章,36.7328,114.9487,中國-河北省-邯鄲市-曲周縣,DILA,master,,
1712,PL000000001758,,斥章,36.7222,114.9426,中國-河北省-邯鄲市-曲周縣,DILA,master,,
1713,PL000000001759,,斥章,36.7222,114.9426,中國-河北省-邯鄲市-曲周縣,DILA,master,,
1714,PL000000001760,,斥章,36.7206,114.9352,中國-河北省-邯鄲市-曲周縣,DILA,master,,
1715,PL000000001761,,南洺水鎮,36.7196,114.9496,中國-河北省-邯鄲市-曲周縣,DILA,master,,
1716,PL000000001762,,平恩,36.7105,115.0842,中國-河北省-邯鄲市-曲周縣,DILA,master,,
1717,PL000000001763,,平恩,36.7034,115.083,中國-河北省-邯鄲市-曲周縣,DILA,master,,
1718,PL000000001764,,平恩,36.7013,115.1131,中國-河北省-邯鄲市-曲周縣,DILA,master,,
1719,PL000000001765,,平恩,36.7013,115.1131,中國-河北省-邯鄲市-曲周縣,DILA,master,,
1720,PL000000001766,,平恩,36.7003,115.0844,中國-河北省-邯鄲市-曲周縣,DILA,master,,
1721,PL000000001767,,平恩,36.6972,115.1024,中國-河北省-邯鄲市-曲周縣,DILA,master,,
1722,PL000000001768,,平恩,36.696,115.0959,中國-河北省-邯鄲市-曲周縣,DILA,master,,
1723,PL000000001769,,平恩,36.696,115.0959,中國-河北省-邯鄲市-曲周縣,DILA,master,,
1724,PL000000001770,,新寨鎮,36.6486,114.9014,中國-河北省-邯鄲市-曲周縣,DILA,master,,
1725,PL000000001771,,神果寺,36.896542,113.996015,中國-河北省-邯鄲市-武安市,DILA,master,,
1726,PL000000001772,,龍山寺,36.66599,114.170255,中國-河北省-邯鄲市-武安市,DILA,master,,
1727,PL000000001773,,黃澤寨,36.9136,113.79,中國-河北省-邯鄲市-武安市,DILA,master,,
1728,PL000000001774,,邑城鎮,36.8158,114.2422,中國-河北省-邯鄲市-武安市,DILA,master,,
1729,PL000000001775,,武安,36.6969,114.2013,中國-河北省-邯鄲市-武安市,DILA,master,,
1730,PL000000001776,,武安,36.6969,114.2013,中國-河北省-邯鄲市-武安市,DILA,master,,
1731,PL000000001777,,武安,36.6969,114.2013,中國-河北省-邯鄲市-武安市,DILA,master,,
1732,PL000000001778,,武安,36.6969,114.2013,中國-河北省-邯鄲市-武安市,DILA,master,,
1733,PL000000001779,,武安,36.6969,114.2013,中國-河北省-邯鄲市-武安市,DILA,master,,
1734,PL000000001780,,武安,36.6969,114.2013,中國-河北省-邯鄲市-武安市,DILA,master,,
1735,PL000000001781,,武安,36.6753,114.1734,中國-河北省-邯鄲市-武安市,DILA,master,,
1736,PL000000001782,,武安,36.6753,114.1734,中國-河北省-邯鄲市-武安市,DILA,master,,
1737,PL000000001783,,武安,36.6726,114.1823,中國-河北省-邯鄲市-武安市,DILA,master,,
1738,PL000000001784,,武安,36.6726,114.1823,中國-河北省-邯鄲市-武安市,DILA,master,,
1739,PL000000001785,,武安,36.6656,114.1717,中國-河北省-邯鄲市-武安市,DILA,master,,
1740,PL000000001786,,武安,36.6602,114.151,中國-河北省-邯鄲市-武安市,DILA,master,,
1741,PL000000001787,,固鎮關,36.6546,113.9695,中國-河北省-邯鄲市-武安市,DILA,master,,
1742,PL000000001788,,固鎮,36.6518,113.9663,中國-河北省-邯鄲市-武安市,DILA,master,,
1743,PL000000001789,,固鎮,36.6491,113.9814,中國-河北省-邯鄲市-武安市,DILA,master,,
1744,PL000000001790,,固鎮冶,36.6491,113.9814,中國-河北省-邯鄲市-武安市,DILA,master,,
1745,PL000000001791,,徘徊鎮,36.6328,114.0207,中國-河北省-邯鄲市-武安市,DILA,master,,
1746,PL000000001792,,園丸祠,37.0656,114.504,中國-河北省-邢臺市-市轄區,DILA,master,,
1747,PL000000001794,,汎愛寺,37.067437,114.501843,中國-河北省-邢臺市-橋東區,DILA,master,,
1748,PL000000001795,,天安寺,37.072646,114.494728,中國-河北省-邢臺市-橋東區,DILA,master,,
1749,PL000000001796,,大開元寺,37.072917,114.506966,中國-河北省-邢臺市-橋東區,DILA,master,,
1750,PL000000001797,,邢臺,37.0656,114.5037,中國-河北省-邢臺市-橋東區,DILA,master,,
1751,PL000000001798,,順德府,37.0656,114.5037,中國-河北省-邢臺市-橋東區,DILA,master,,
1752,PL000000001799,,邢臺,37.0656,114.5037,中國-河北省-邢臺市-橋東區,DILA,master,,
1753,PL000000001800,,順德府,37.0656,114.5037,中國-河北省-邢臺市-橋東區,DILA,master,,
1754,PL000000001801,,邢臺,37.0656,114.5037,中國-河北省-邢臺市-橋東區,DILA,master,,
1755,PL000000001802,,順德路,37.0656,114.5037,中國-河北省-邢臺市-橋東區,DILA,master,,
1756,PL000000001803,,邢州,37.0656,114.5037,中國-河北省-邢臺市-橋東區,DILA,master,,
1757,PL000000001804,,邢州,37.0656,114.5037,中國-河北省-邢臺市-橋東區,DILA,master,,
1758,PL000000001805,,邢臺,37.0656,114.5037,中國-河北省-邢臺市-橋東區,DILA,master,,
1759,PL000000001806,,邢臺,37.0656,114.5037,中國-河北省-邢臺市-橋東區,DILA,master,,
1760,PL000000001807,,鉅鹿郡,37.0656,114.5037,中國-河北省-邢臺市-橋東區,DILA,master,,
1761,PL000000001808,,邢臺,37.0656,114.5037,中國-河北省-邢臺市-橋東區,DILA,master,,
1762,PL000000001809,,龍岡,37.0656,114.5037,中國-河北省-邢臺市-橋東區,DILA,master,,
1763,PL000000001810,,襄國郡,37.0656,114.5037,中國-河北省-邢臺市-橋東區,DILA,master,,
1764,PL000000001811,,襄國,37.0656,114.5037,中國-河北省-邢臺市-橋東區,DILA,master,,
1765,PL000000001812,,襄國郡,37.0656,114.5037,中國-河北省-邢臺市-橋東區,DILA,master,,
1766,PL000000001813,,襄國,37.0656,114.5037,中國-河北省-邢臺市-橋東區,DILA,master,,
1767,PL000000001814,,襄國,37.0656,114.5037,中國-河北省-邢臺市-橋東區,DILA,master,,
1768,PL000000001815,,襄國,37.0656,114.5037,中國-河北省-邢臺市-橋東區,DILA,master,,
1769,PL000000001816,,襄國,37.0656,114.5037,中國-河北省-邢臺市-橋東區,DILA,master,,
1770,PL000000001817,,信都,37.0656,114.5037,中國-河北省-邢臺市-橋東區,DILA,master,,
1771,PL000000001818,,安國節度使,37.0656,114.5037,中國-河北省-邢臺市-橋東區,DILA,master,,
1772,PL000000001819,,興福寺,37.173121,114.538341,中國-河北省-邢臺市-邢臺縣,DILA,master,,
1773,PL000000001820,,石河庵,37.286245,114.174562,中國-河北省-邢臺市-邢臺縣,DILA,master,,
1774,PL000000001821,,青山,37.2303,114.3531,中國-河北省-邢臺市-邢臺縣,DILA,master,,
1775,PL000000001822,,梁原店,37.1681,114.4997,中國-河北省-邢臺市-邢臺縣,DILA,master,,
1776,PL000000001823,,西黃村,37.1453,114.2257,中國-河北省-邢臺市-邢臺縣,DILA,master,,
1777,PL000000001824,,香爐寨,37.1422,114.0155,中國-河北省-邢臺市-邢臺縣,DILA,master,,
1778,PL000000001825,,西王社,37.1397,114.2151,中國-河北省-邢臺市-邢臺縣,DILA,master,,
1779,PL000000001826,,廣鄉,37.1274,114.6117,中國-河北省-邢臺市-邢臺縣,DILA,master,,
1780,PL000000001827,,渚陽,37.1113,114.5271,中國-河北省-邢臺市-邢臺縣,DILA,master,,
1781,PL000000001828,,張縣,37.0993,114.5326,中國-河北省-邢臺市-邢臺縣,DILA,master,,
1782,PL000000001829,,戴家寨,37.0615,113.925,中國-河北省-邢臺市-邢臺縣,DILA,master,,
1783,PL000000001830,,大嶺口,37.0212,113.8018,中國-河北省-邢臺市-邢臺縣,DILA,master,,
1784,PL000000001831,,琉璃陂,37,114.3446,中國-河北省-邢臺市-邢臺縣,DILA,master,,
1785,PL000000001832,,蘇人亭,36.9712,114.3456,中國-河北省-邢臺市-邢臺縣,DILA,master,,
1786,PL000000001833,,界嶂洪山,37.44,114.5,中國-河北省-邢臺市-臨城縣,DILA,master,,
1787,PL000000001834,,禪房寺,37.440204,114.498734,中國-河北省-邢臺市-臨城縣,DILA,master,,
1788,PL000000001835,,趙郡,37.5443,114.5022,中國-河北省-邢臺市-臨城縣,DILA,master,,
1789,PL000000001836,,臨城,37.4391,114.5096,中國-河北省-邢臺市-臨城縣,DILA,master,,
1790,PL000000001837,,臨城,37.4391,114.5096,中國-河北省-邢臺市-臨城縣,DILA,master,,
1791,PL000000001838,,臨城,37.4391,114.5096,中國-河北省-邢臺市-臨城縣,DILA,master,,
1792,PL000000001839,,臨城,37.4391,114.5096,中國-河北省-邢臺市-臨城縣,DILA,master,,
1793,PL000000001840,,房子,37.4391,114.5096,中國-河北省-邢臺市-臨城縣,DILA,master,,
1794,PL000000001841,,房子,37.4391,114.5096,中國-河北省-邢臺市-臨城縣,DILA,master,,
1795,PL000000001842,,柏鄉城,37.43,114.6138,中國-河北省-邢臺市-臨城縣,DILA,master,,
1796,PL000000001843,,柏鄉,37.4267,114.6214,中國-河北省-邢臺市-臨城縣,DILA,master,,
1797,PL000000001844,,石城,37.4007,114.311,中國-河北省-邢臺市-臨城縣,DILA,master,,
1798,PL000000001845,,羅漢,37.286609,114.506292,中國-河北省-邢臺市-內丘縣,DILA,master,,
1799,PL000000001846,,鵲山,37.315601,114.238792,中國-河北省-邢臺市-內丘縣,DILA,master,,
1800,PL000000001847,,梵雲寺,37.286609,114.506292,中國-河北省-邢臺市-內丘縣,DILA,master,,
1801,PL000000001848,,觀音院,37.286609,114.506292,中國-河北省-邢臺市-內丘縣,DILA,master,,
1802,PL000000001849,,張村,37.3579,114.5689,中國-河北省-邢臺市-內丘縣,DILA,master,,
1803,PL000000001850,,石門塞,37.3489,114.2985,中國-河北省-邢臺市-內丘縣,DILA,master,,
1804,PL000000001851,,內丘,37.2943,114.5214,中國-河北省-邢臺市-內丘縣,DILA,master,,
1805,PL000000001852,,內丘,37.2943,114.5214,中國-河北省-邢臺市-內丘縣,DILA,master,,
1806,PL000000001853,,內丘,37.2943,114.5214,中國-河北省-邢臺市-內丘縣,DILA,master,,
1807,PL000000001854,,內丘,37.2943,114.5214,中國-河北省-邢臺市-內丘縣,DILA,master,,
1808,PL000000001855,,內丘,37.2943,114.5214,中國-河北省-邢臺市-內丘縣,DILA,master,,
1809,PL000000001856,,內丘,37.2943,114.5214,中國-河北省-邢臺市-內丘縣,DILA,master,,
1810,PL000000001857,,中丘,37.2862,114.4932,中國-河北省-邢臺市-內丘縣,DILA,master,,
1811,PL000000001858,,金提堡,37.2793,114.585,中國-河北省-邢臺市-內丘縣,DILA,master,,
1812,PL000000001859,,中丘,37.2766,114.4448,中國-河北省-邢臺市-內丘縣,DILA,master,,
1813,PL000000001860,,中丘,37.2766,114.4448,中國-河北省-邢臺市-內丘縣,DILA,master,,
1814,PL000000001861,,中丘,37.2755,114.4386,中國-河北省-邢臺市-內丘縣,DILA,master,,
1815,PL000000001862,,中丘,37.2755,114.4386,中國-河北省-邢臺市-內丘縣,DILA,master,,
1816,PL000000001863,,中丘郡,37.2655,114.4393,中國-河北省-邢臺市-內丘縣,DILA,master,,
1817,PL000000001864,,官莊堡,37.1911,114.5487,中國-河北省-邢臺市-內丘縣,DILA,master,,
1818,PL000000001865,,固城,37.586,114.7199,中國-河北省-邢臺市-柏鄉縣,DILA,master,,
1819,PL000000001866,,千秋亭,37.5609,114.7034,中國-河北省-邢臺市-柏鄉縣,DILA,master,,
1820,PL000000001867,,五成陌,37.5609,114.7034,中國-河北省-邢臺市-柏鄉縣,DILA,master,,
1821,PL000000001868,,柏鄉,37.494,114.6901,中國-河北省-邢臺市-柏鄉縣,DILA,master,,
1822,PL000000001869,,柏鄉,37.494,114.6901,中國-河北省-邢臺市-柏鄉縣,DILA,master,,
1823,PL000000001870,,柏鄉,37.494,114.6901,中國-河北省-邢臺市-柏鄉縣,DILA,master,,
1824,PL000000001871,,柏鄉,37.494,114.6901,中國-河北省-邢臺市-柏鄉縣,DILA,master,,
1825,PL000000001872,,柏鄉,37.494,114.6901,中國-河北省-邢臺市-柏鄉縣,DILA,master,,
1826,PL000000001873,,柏鄉,37.494,114.6901,中國-河北省-邢臺市-柏鄉縣,DILA,master,,
1827,PL000000001874,,象氏,37.4681,114.7526,中國-河北省-邢臺市-柏鄉縣,DILA,master,,
1828,PL000000001875,,高邑,37.5831,114.6983,中國-河北省-邢臺市-柏鄉縣,DILA,master,,
1829,PL000000001876,,淨業,37.43595,114.899464,中國-河北省-邢臺市-隆堯縣,DILA,master,,
1830,PL000000001878,,巏嵍山,37.349729,114.764526,中國-河北省-邢臺市-隆堯縣,DILA,master,,
1831,PL000000001879,,光業寺,37.293231,114.781845,中國-河北省-邢臺市-隆堯縣,DILA,master,,
1832,PL000000001880,,宣務柵,37.4274,114.7276,中國-河北省-邢臺市-隆堯縣,DILA,master,,
1833,PL000000001881,,尹村堡,37.3879,114.5644,中國-河北省-邢臺市-隆堯縣,DILA,master,,
1834,PL000000001882,,南趙郡,37.3592,114.8233,中國-河北省-邢臺市-隆堯縣,DILA,master,,
1835,PL000000001883,,殷州,37.3592,114.8233,中國-河北省-邢臺市-隆堯縣,DILA,master,,
1836,PL000000001884,,廣阿,37.358,114.8359,中國-河北省-邢臺市-隆堯縣,DILA,master,,
1837,PL000000001885,,大陸,37.3562,114.8278,中國-河北省-邢臺市-隆堯縣,DILA,master,,
1838,PL000000001886,,象城,37.354,114.8268,中國-河北省-邢臺市-隆堯縣,DILA,master,,
1839,PL000000001887,,柏人,37.3531,114.6242,中國-河北省-邢臺市-隆堯縣,DILA,master,,
1840,PL000000001888,,柏人,37.3531,114.6242,中國-河北省-邢臺市-隆堯縣,DILA,master,,
1841,PL000000001889,,隆平,37.3515,114.7756,中國-河北省-邢臺市-隆堯縣,DILA,master,,
1842,PL000000001890,,隆平,37.3515,114.7756,中國-河北省-邢臺市-隆堯縣,DILA,master,,
1843,PL000000001891,,隆平,37.3515,114.7756,中國-河北省-邢臺市-隆堯縣,DILA,master,,
1844,PL000000001892,,隆平,37.3515,114.7756,中國-河北省-邢臺市-隆堯縣,DILA,master,,
1845,PL000000001893,,柏人,37.351,114.613,中國-河北省-邢臺市-隆堯縣,DILA,master,,
1846,PL000000001894,,柏人,37.351,114.613,中國-河北省-邢臺市-隆堯縣,DILA,master,,
1847,PL000000001895,,柏人,37.3491,114.5962,中國-河北省-邢臺市-隆堯縣,DILA,master,,
1848,PL000000001896,,唐山,37.3479,114.6997,中國-河北省-邢臺市-隆堯縣,DILA,master,,
1849,PL000000001897,,唐山,37.3479,114.6997,中國-河北省-邢臺市-隆堯縣,DILA,master,,
1850,PL000000001898,,柏仁,37.344,114.7022,中國-河北省-邢臺市-隆堯縣,DILA,master,,
1851,PL000000001899,,柏仁,37.3407,114.7048,中國-河北省-邢臺市-隆堯縣,DILA,master,,
1852,PL000000001900,,柏人,37.3397,114.6951,中國-河北省-邢臺市-隆堯縣,DILA,master,,
1853,PL000000001901,,唐山,37.3352,114.7005,中國-河北省-邢臺市-隆堯縣,DILA,master,,
1854,PL000000001902,,堯山,37.333,114.7019,中國-河北省-邢臺市-隆堯縣,DILA,master,,
1855,PL000000001903,,邢家灣,37.2551,114.8243,中國-河北省-邢臺市-任縣,DILA,master,,
1856,PL000000001904,,苑鄉,37.2017,114.7294,中國-河北省-邢臺市-任縣,DILA,master,,
1857,PL000000001905,,苑鄉城,37.1912,114.7195,中國-河北省-邢臺市-任縣,DILA,master,,
1858,PL000000001906,,任,37.1431,114.7773,中國-河北省-邢臺市-任縣,DILA,master,,
1859,PL000000001907,,任縣,37.1374,114.7345,中國-河北省-邢臺市-任縣,DILA,master,,
1860,PL000000001908,,任縣,37.1374,114.7345,中國-河北省-邢臺市-任縣,DILA,master,,
1861,PL000000001909,,新店鎮,37.1297,114.87,中國-河北省-邢臺市-任縣,DILA,master,,
1862,PL000000001910,,任縣,37.1295,114.7768,中國-河北省-邢臺市-任縣,DILA,master,,
1863,PL000000001911,,任縣,37.1295,114.7768,中國-河北省-邢臺市-任縣,DILA,master,,
1864,PL000000001912,,任縣,37.1253,114.6902,中國-河北省-邢臺市-任縣,DILA,master,,
1865,PL000000001913,,任縣,37.1253,114.6902,中國-河北省-邢臺市-任縣,DILA,master,,
1866,PL000000001914,,任縣,37.1253,114.6902,中國-河北省-邢臺市-任縣,DILA,master,,
1867,PL000000001915,,任縣,37.1253,114.6902,中國-河北省-邢臺市-任縣,DILA,master,,
1868,PL000000001916,,任縣,37.1253,114.6902,中國-河北省-邢臺市-任縣,DILA,master,,
1869,PL000000001917,,任縣,37.1221,114.7637,中國-河北省-邢臺市-任縣,DILA,master,,
1870,PL000000001918,,古任城,37.116,114.7781,中國-河北省-邢臺市-任縣,DILA,master,,
1871,PL000000001919,,朝平,37.0799,114.7456,中國-河北省-邢臺市-任縣,DILA,master,,
1872,PL000000001920,,苑鄉城,37.1822,114.7235,中國-河北省-邢臺市-任縣,DILA,master,,
1873,PL000000001921,,廣聖寺,37.003199,114.719522,中國-河北省-邢臺市-南和縣,DILA,master,,
1874,PL000000001922,,慧炬寺,37.003972,114.687694,中國-河北省-邢臺市-南和縣,DILA,master,,
1875,PL000000001923,,平鄉,37.0192,114.8786,中國-河北省-邢臺市-南和縣,DILA,master,,
1876,PL000000001924,,平鄉,37.0192,114.8786,中國-河北省-邢臺市-南和縣,DILA,master,,
1877,PL000000001925,,平鄉城,37.0151,114.8871,中國-河北省-邢臺市-南和縣,DILA,master,,
1878,PL000000001926,,平鄉,37.0149,114.8839,中國-河北省-邢臺市-南和縣,DILA,master,,
1879,PL000000001927,,平鄉,37.0149,114.8839,中國-河北省-邢臺市-南和縣,DILA,master,,
1880,PL000000001928,,南和,37.0009,114.6822,中國-河北省-邢臺市-南和縣,DILA,master,,
1881,PL000000001929,,南和,36.9988,114.6968,中國-河北省-邢臺市-南和縣,DILA,master,,
1882,PL000000001930,,南和,36.9988,114.6968,中國-河北省-邢臺市-南和縣,DILA,master,,
1883,PL000000001931,,南和,36.9988,114.6968,中國-河北省-邢臺市-南和縣,DILA,master,,
1884,PL000000001932,,和州,36.9988,114.6968,中國-河北省-邢臺市-南和縣,DILA,master,,
1885,PL000000001933,,南和,36.9988,114.6968,中國-河北省-邢臺市-南和縣,DILA,master,,
1886,PL000000001934,,南和,36.9988,114.6968,中國-河北省-邢臺市-南和縣,DILA,master,,
1887,PL000000001935,,南和,36.9988,114.6968,中國-河北省-邢臺市-南和縣,DILA,master,,
1888,PL000000001936,,南和,36.9988,114.6968,中國-河北省-邢臺市-南和縣,DILA,master,,
1889,PL000000001937,,南和,36.9988,114.6968,中國-河北省-邢臺市-南和縣,DILA,master,,
1890,PL000000001938,,南和,36.9988,114.6968,中國-河北省-邢臺市-南和縣,DILA,master,,
1891,PL000000001939,,高家莊,36.9465,114.7844,中國-河北省-邢臺市-南和縣,DILA,master,,
1892,PL000000001940,,貰縣,37.7773,115.0948,中國-河北省-邢臺市-寧晉縣,DILA,master,,
1893,PL000000001941,,百尺口,37.6978,115.2576,中國-河北省-邢臺市-寧晉縣,DILA,master,,
1894,PL000000001942,,大陸村,37.6745,115.0393,中國-河北省-邢臺市-寧晉縣,DILA,master,,
1895,PL000000001943,,寧晉,37.6204,114.9249,中國-河北省-邢臺市-寧晉縣,DILA,master,,
1896,PL000000001944,,寧晉,37.6204,114.9249,中國-河北省-邢臺市-寧晉縣,DILA,master,,
1897,PL000000001945,,寧晉,37.6204,114.9249,中國-河北省-邢臺市-寧晉縣,DILA,master,,
1898,PL000000001946,,寧晉,37.6204,114.9249,中國-河北省-邢臺市-寧晉縣,DILA,master,,
1899,PL000000001947,,癭陶,37.6204,114.9249,中國-河北省-邢臺市-寧晉縣,DILA,master,,
1900,PL000000001948,,癭陶,37.6204,114.9249,中國-河北省-邢臺市-寧晉縣,DILA,master,,
1901,PL000000001949,,楊城,37.6204,114.9249,中國-河北省-邢臺市-寧晉縣,DILA,master,,
1902,PL000000001950,,楊氏,37.6204,114.9249,中國-河北省-邢臺市-寧晉縣,DILA,master,,
1903,PL000000001951,,楊氏,37.6204,114.9249,中國-河北省-邢臺市-寧晉縣,DILA,master,,
1904,PL000000001952,,楊氏,37.6204,114.9249,中國-河北省-邢臺市-寧晉縣,DILA,master,,
1905,PL000000001953,,楊氏,37.6204,114.9249,中國-河北省-邢臺市-寧晉縣,DILA,master,,
1906,PL000000001954,,營上村,37.6089,115.1362,中國-河北省-邢臺市-寧晉縣,DILA,master,,
1907,PL000000001955,,歷鄉,37.6083,115.0533,中國-河北省-邢臺市-寧晉縣,DILA,master,,
1908,PL000000001956,,賈家口,37.6019,115.0649,中國-河北省-邢臺市-寧晉縣,DILA,master,,
1909,PL000000001957,,歷城,37.5985,115.0498,中國-河北省-邢臺市-寧晉縣,DILA,master,,
1910,PL000000001958,,越莊,37.5926,114.9684,中國-河北省-邢臺市-寧晉縣,DILA,master,,
1911,PL000000001959,,東陳村,37.5381,114.8399,中國-河北省-邢臺市-寧晉縣,DILA,master,,
1912,PL000000001960,,新河鎮,37.5325,115.0952,中國-河北省-邢臺市-寧晉縣,DILA,master,,
1913,PL000000001961,,鉅鹿國,37.5192,114.8291,中國-河北省-邢臺市-寧晉縣,DILA,master,,
1914,PL000000001962,,廮陶,37.5192,114.8291,中國-河北省-邢臺市-寧晉縣,DILA,master,,
1915,PL000000001963,,鉅鹿郡,37.5192,114.8291,中國-河北省-邢臺市-寧晉縣,DILA,master,,
1916,PL000000001964,,廮陶,37.5192,114.8291,中國-河北省-邢臺市-寧晉縣,DILA,master,,
1917,PL000000001965,,鉅鹿郡,37.5136,114.8479,中國-河北省-邢臺市-寧晉縣,DILA,master,,
1918,PL000000001966,,廮陶,37.5136,114.8479,中國-河北省-邢臺市-寧晉縣,DILA,master,,
1919,PL000000001967,,廮陶,37.5136,114.8479,中國-河北省-邢臺市-寧晉縣,DILA,master,,
1920,PL000000001968,,薄落亭,37.5095,115.0457,中國-河北省-邢臺市-寧晉縣,DILA,master,,
1921,PL000000001969,,廮陶,37.5011,114.8441,中國-河北省-邢臺市-寧晉縣,DILA,master,,
1922,PL000000001970,,大陸澤,37.270403,114.946183,中國-河北省-邢臺市-鉅鹿縣,DILA,master,,
1923,PL000000001971,,臘觀寺,37.220753,115.030624,中國-河北省-邢臺市-鉅鹿縣,DILA,master,,
1924,PL000000001972,,韓家塞,37.3769,115.0281,中國-河北省-邢臺市-鉅鹿縣,DILA,master,,
1925,PL000000001973,,團城鎮,37.3719,115.1614,中國-河北省-邢臺市-鉅鹿縣,DILA,master,,
1926,PL000000001974,,東府亭城,37.2698,115.0305,中國-河北省-邢臺市-鉅鹿縣,DILA,master,,
1927,PL000000001975,,鉅鹿,37.2622,115.038,中國-河北省-邢臺市-鉅鹿縣,DILA,master,,
1928,PL000000001976,,南欒,37.2617,115.0351,中國-河北省-邢臺市-鉅鹿縣,DILA,master,,
1929,PL000000001977,,鉅鹿,37.2116,115.0323,中國-河北省-邢臺市-鉅鹿縣,DILA,master,,
1930,PL000000001978,,鉅鹿,37.2116,115.0323,中國-河北省-邢臺市-鉅鹿縣,DILA,master,,
1931,PL000000001979,,鉅鹿,37.2116,115.0323,中國-河北省-邢臺市-鉅鹿縣,DILA,master,,
1932,PL000000001980,,鉅鹿,37.2116,115.0323,中國-河北省-邢臺市-鉅鹿縣,DILA,master,,
1933,PL000000001981,,鉅鹿,37.2116,115.0323,中國-河北省-邢臺市-鉅鹿縣,DILA,master,,
1934,PL000000001982,,原莊堡,37.173,114.9663,中國-河北省-邢臺市-鉅鹿縣,DILA,master,,
1935,PL000000001983,,賈莊,37.1506,115.0322,中國-河北省-邢臺市-鉅鹿縣,DILA,master,,
1936,PL000000001984,,張王堡,37.22,115.1125,中國-河北省-邢臺市-鉅鹿縣,DILA,master,,
1937,PL000000001985,,南䜌,37.2546,115.0393,中國-河北省-邢臺市-鉅鹿縣,DILA,master,,
1938,PL000000001986,,南䜌,37.2714,115.0507,中國-河北省-邢臺市-鉅鹿縣,DILA,master,,
1939,PL000000001987,,堂陽鎮,37.5595,115.228,中國-河北省-邢臺市-新河縣,DILA,master,,
1940,PL000000001988,,新河,37.5288,115.256,中國-河北省-邢臺市-新河縣,DILA,master,,
1941,PL000000001989,,新河,37.5288,115.256,中國-河北省-邢臺市-新河縣,DILA,master,,
1942,PL000000001990,,新河,37.5288,115.256,中國-河北省-邢臺市-新河縣,DILA,master,,
1943,PL000000001991,,蘇添村,37.4773,115.282,中國-河北省-邢臺市-新河縣,DILA,master,,
1944,PL000000001992,,北洺水鎮,37.2667,115.2745,中國-河北省-邢臺市-廣宗縣,DILA,master,,
1945,PL000000001993,,沙丘臺,37.0977,115.1298,中國-河北省-邢臺市-廣宗縣,DILA,master,,
1946,PL000000001994,,廣宗,37.0673,115.1555,中國-河北省-邢臺市-廣宗縣,DILA,master,,
1947,PL000000001995,,廣宗,37.0673,115.1555,中國-河北省-邢臺市-廣宗縣,DILA,master,,
1948,PL000000001996,,廣宗,37.0673,115.1555,中國-河北省-邢臺市-廣宗縣,DILA,master,,
1949,PL000000001997,,景明寺,37.063157,115.024143,中國-河北省-邢臺市-平鄉縣,DILA,master,,
1950,PL000000001998,,福勝禪林,37.141031,114.908372,中國-河北省-邢臺市-平鄉縣,DILA,master,,
1951,PL000000001999,,沙丘平台,37.1085,115.1055,中國-河北省-邢臺市-平鄉縣,DILA,master,,
1952,PL000000002000,,節固鎮,37.0996,114.9761,中國-河北省-邢臺市-平鄉縣,DILA,master,,
1953,PL000000002001,,鉅鹿,36.9889,114.911,中國-河北省-邢臺市-平鄉縣,DILA,master,,
1954,PL000000002002,,鉅鹿,36.9889,114.911,中國-河北省-邢臺市-平鄉縣,DILA,master,,
1955,PL000000002003,,鉅鹿郡,36.9889,114.911,中國-河北省-邢臺市-平鄉縣,DILA,master,,
1956,PL000000002004,,平鄉,36.9871,114.9045,中國-河北省-邢臺市-平鄉縣,DILA,master,,
1957,PL000000002005,,平鄉,36.9871,114.9045,中國-河北省-邢臺市-平鄉縣,DILA,master,,
1958,PL000000002006,,鉅鹿,36.985,114.919,中國-河北省-邢臺市-平鄉縣,DILA,master,,
1959,PL000000002007,,鉅鹿,36.9846,114.9109,中國-河北省-邢臺市-平鄉縣,DILA,master,,
1960,PL000000002008,,鉅鹿,36.9846,114.9109,中國-河北省-邢臺市-平鄉縣,DILA,master,,
1961,PL000000002009,,平鄉,36.9839,114.9126,中國-河北省-邢臺市-平鄉縣,DILA,master,,
1962,PL000000002010,,平鄉,36.9835,114.9081,中國-河北省-邢臺市-平鄉縣,DILA,master,,
1963,PL000000002011,,高阜鎮,36.9826,115.0782,中國-河北省-邢臺市-平鄉縣,DILA,master,,
1964,PL000000002012,,常河鎮,36.9824,115.0038,中國-河北省-邢臺市-平鄉縣,DILA,master,,
1965,PL000000002013,,平鄉,36.9819,114.91,中國-河北省-邢臺市-平鄉縣,DILA,master,,
1966,PL000000002014,,鉅鹿,36.9794,114.9279,中國-河北省-邢臺市-平鄉縣,DILA,master,,
1967,PL000000002015,,鉅鹿郡,36.9794,114.9279,中國-河北省-邢臺市-平鄉縣,DILA,master,,
1968,PL000000002016,,平鄉,36.9782,114.9081,中國-河北省-邢臺市-平鄉縣,DILA,master,,
1969,PL000000002017,,七級堡,37.2687,115.366,中國-河北省-邢臺市-威縣,DILA,master,,
1970,PL000000002018,,經城,37.2348,115.2966,中國-河北省-邢臺市-威縣,DILA,master,,
1971,PL000000002019,,經城,37.2294,115.3032,中國-河北省-邢臺市-威縣,DILA,master,,
1972,PL000000002020,,經城鎮,37.2063,115.3117,中國-河北省-邢臺市-威縣,DILA,master,,
1973,PL000000002021,,經縣,37.1892,115.2798,中國-河北省-邢臺市-威縣,DILA,master,,
1974,PL000000002022,,張臺村,37.166,115.3445,中國-河北省-邢臺市-威縣,DILA,master,,
1975,PL000000002023,,經縣,37.1424,115.2485,中國-河北省-邢臺市-威縣,DILA,master,,
1976,PL000000002024,,經縣,37.1414,115.2554,中國-河北省-邢臺市-威縣,DILA,master,,
1977,PL000000002025,,薄落津,37.1414,115.2554,中國-河北省-邢臺市-威縣,DILA,master,,
1978,PL000000002026,,經縣,37.1327,115.266,中國-河北省-邢臺市-威縣,DILA,master,,
1979,PL000000002027,,經縣,37.1327,115.266,中國-河北省-邢臺市-威縣,DILA,master,,
1980,PL000000002028,,廣宗,36.9873,115.3292,中國-河北省-邢臺市-威縣,DILA,master,,
1981,PL000000002029,,廣宗,36.9873,115.3292,中國-河北省-邢臺市-威縣,DILA,master,,
1982,PL000000002030,,建興郡,36.981,115.3155,中國-河北省-邢臺市-威縣,DILA,master,,
1983,PL000000002031,,宗城,36.9749,115.3293,中國-河北省-邢臺市-威縣,DILA,master,,
1984,PL000000002032,,威縣,36.9734,115.2687,中國-河北省-邢臺市-威縣,DILA,master,,
1985,PL000000002033,,威縣,36.9734,115.2687,中國-河北省-邢臺市-威縣,DILA,master,,
1986,PL000000002034,,洺水,36.9734,115.2687,中國-河北省-邢臺市-威縣,DILA,master,,
1987,PL000000002035,,廣宗,36.973,115.34,中國-河北省-邢臺市-威縣,DILA,master,,
1988,PL000000002036,,廣宗,36.9702,115.3508,中國-河北省-邢臺市-威縣,DILA,master,,
1989,PL000000002037,,宗城,36.9685,115.3229,中國-河北省-邢臺市-威縣,DILA,master,,
1990,PL000000002038,,宗城,36.9601,115.5493,中國-河北省-邢臺市-威縣,DILA,master,,
1991,PL000000002039,,大寨堡,36.9191,115.4164,中國-河北省-邢臺市-威縣,DILA,master,,
1992,PL000000002040,,上曰,36.8786,115.2676,中國-河北省-邢臺市-威縣,DILA,master,,
1993,PL000000002041,,威州,36.9734,115.2687,中國-河北省-邢臺市-威縣,DILA,master,,
1994,PL000000002042,,極樂,37.070964,115.666926,中國-河北省-邢臺市-清河縣,DILA,master,,
1995,PL000000002043,,蓮家堡,37.115,115.7852,中國-河北省-邢臺市-清河縣,DILA,master,,
1996,PL000000002044,,清河郡,37.0942,115.6007,中國-河北省-邢臺市-清河縣,DILA,master,,
1997,PL000000002045,,青河,37.0942,115.6007,中國-河北省-邢臺市-清河縣,DILA,master,,
1998,PL000000002046,,清陽,37.0942,115.6007,中國-河北省-邢臺市-清河縣,DILA,master,,
1999,PL000000002047,,清河,37.0825,115.6296,中國-河北省-邢臺市-清河縣,DILA,master,,
2000,PL000000002048,,侯城,37.0732,115.8135,中國-河北省-邢臺市-清河縣,DILA,master,,
2001,PL000000002049,,清河,37.0697,115.6345,中國-河北省-邢臺市-清河縣,DILA,master,,
2002,PL000000002050,,清河,37.0697,115.6345,中國-河北省-邢臺市-清河縣,DILA,master,,
2003,PL000000002051,,恩州,37.0679,115.6331,中國-河北省-邢臺市-清河縣,DILA,master,,
2004,PL000000002052,,清河,37.0679,115.6331,中國-河北省-邢臺市-清河縣,DILA,master,,
2005,PL000000002053,,寧化鎮,37.0679,115.6331,中國-河北省-邢臺市-清河縣,DILA,master,,
2006,PL000000002054,,貝州,37.0636,115.6743,中國-河北省-邢臺市-清河縣,DILA,master,,
2007,PL000000002055,,清陽,37.0516,115.7631,中國-河北省-邢臺市-清河縣,DILA,master,,
2008,PL000000002056,,郭家屯,37.0494,115.77,中國-河北省-邢臺市-清河縣,DILA,master,,
2009,PL000000002057,,清河郡,37.0382,115.7719,中國-河北省-邢臺市-清河縣,DILA,master,,
2010,PL000000002058,,清陽,37.0382,115.7719,中國-河北省-邢臺市-清河縣,DILA,master,,
2011,PL000000002059,,謝爐堡,37.0353,115.7172,中國-河北省-邢臺市-清河縣,DILA,master,,
2012,PL000000002060,,油坊鋪,37.0127,115.7761,中國-河北省-邢臺市-清河縣,DILA,master,,
2013,PL000000002061,,邵固堡,36.9675,115.5526,中國-河北省-邢臺市-清河縣,DILA,master,,
2014,PL000000002062,,二哥營,36.9487,115.7584,中國-河北省-邢臺市-清河縣,DILA,master,,
2015,PL000000002063,,王舍城寺,36.870983,115.495285,中國-河北省-邢臺市-臨西縣,DILA,master,,
2016,PL000000002064,,王家淺,36.9198,115.7295,中國-河北省-邢臺市-臨西縣,DILA,master,,
2017,PL000000002065,,下堡寺,36.8778,115.4094,中國-河北省-邢臺市-臨西縣,DILA,master,,
2018,PL000000002066,,臨清,36.8579,115.4998,中國-河北省-邢臺市-臨西縣,DILA,master,,
2019,PL000000002067,,沙丘縣,36.8579,115.4998,中國-河北省-邢臺市-臨西縣,DILA,master,,
2020,PL000000002068,,沙丘縣,36.8579,115.4998,中國-河北省-邢臺市-臨西縣,DILA,master,,
2021,PL000000002069,,臨清,36.8579,115.4998,中國-河北省-邢臺市-臨西縣,DILA,master,,
2022,PL000000002070,,搖鞍鎮,36.8317,115.3826,中國-河北省-邢臺市-臨西縣,DILA,master,,
2023,PL000000002071,,尖莊,36.7833,115.4899,中國-河北省-邢臺市-臨西縣,DILA,master,,
2024,PL000000002072,,定覺寺,37.35341,115.394679,中國-河北省-邢臺市-南宮市,DILA,master,,
2025,PL000000002073,,普彤寺,37.373952,115.358636,中國-河北省-邢臺市-南宮市,DILA,master,,
2026,PL000000002074,,石佛寺,37.367803,115.377271,中國-河北省-邢臺市-南宮市,DILA,master,,
2027,PL000000002075,,西流集,37.4391,115.3413,中國-河北省-邢臺市-南宮市,DILA,master,,
2028,PL000000002076,,南宮,37.3886,115.3411,中國-河北省-邢臺市-南宮市,DILA,master,,
2029,PL000000002077,,南宮,37.387,115.3459,中國-河北省-邢臺市-南宮市,DILA,master,,
2030,PL000000002078,,南宮,37.387,115.3459,中國-河北省-邢臺市-南宮市,DILA,master,,
2031,PL000000002079,,南宮,37.3805,115.3538,中國-河北省-邢臺市-南宮市,DILA,master,,
2032,PL000000002080,,南宮,37.3778,115.3501,中國-河北省-邢臺市-南宮市,DILA,master,,
2033,PL000000002081,,南宮,37.3778,115.3501,中國-河北省-邢臺市-南宮市,DILA,master,,
2034,PL000000002082,,南宮,37.3778,115.3429,中國-河北省-邢臺市-南宮市,DILA,master,,
2035,PL000000002083,,團城鎮,37.3744,115.1823,中國-河北省-邢臺市-南宮市,DILA,master,,
2036,PL000000002084,,南宮,37.3733,115.3519,中國-河北省-邢臺市-南宮市,DILA,master,,
2037,PL000000002085,,南宮,37.3726,115.3476,中國-河北省-邢臺市-南宮市,DILA,master,,
2038,PL000000002086,,南宮,37.3584,115.3896,中國-河北省-邢臺市-南宮市,DILA,master,,
2039,PL000000002087,,南宮,37.3584,115.3896,中國-河北省-邢臺市-南宮市,DILA,master,,
2040,PL000000002088,,繚縣,37.2888,115.4343,中國-河北省-邢臺市-南宮市,DILA,master,,
2041,PL000000002089,,厝縣,37.1267,115.6083,中國-河北省-邢臺市-南宮市,DILA,master,,
2042,PL000000002090,,董家廟堡,37.1214,115.5964,中國-河北省-邢臺市-南宮市,DILA,master,,
2043,PL000000002091,,董家廟堡,37.1196,115.5825,中國-河北省-邢臺市-南宮市,DILA,master,,
2044,PL000000002092,,信成,37.1063,115.6076,中國-河北省-邢臺市-南宮市,DILA,master,,
2045,PL000000002093,,清河,37.1028,115.6141,中國-河北省-邢臺市-南宮市,DILA,master,,
2046,PL000000002094,,清河郡,37.1028,115.6141,中國-河北省-邢臺市-南宮市,DILA,master,,
2047,PL000000002095,,泛愛寺,36.872481,114.496039,中國-河北省-邢臺市-沙河市,DILA,master,,
2048,PL000000002096,,沙河,36.9528,114.5169,中國-河北省-邢臺市-沙河市,DILA,master,,
2049,PL000000002097,,沙河,36.9528,114.5169,中國-河北省-邢臺市-沙河市,DILA,master,,
2050,PL000000002098,,沙河,36.9453,114.5074,中國-河北省-邢臺市-沙河市,DILA,master,,
2051,PL000000002099,,沙河,36.9451,114.5154,中國-河北省-邢臺市-沙河市,DILA,master,,
2052,PL000000002100,,沙河,36.9374,114.5031,中國-河北省-邢臺市-沙河市,DILA,master,,
2053,PL000000002101,,綦村鎮,36.918,114.2911,中國-河北省-邢臺市-沙河市,DILA,master,,
2054,PL000000002102,,鐵冶務,36.918,114.2911,中國-河北省-邢臺市-沙河市,DILA,master,,
2055,PL000000002103,,沙河,36.917,114.4912,中國-河北省-邢臺市-沙河市,DILA,master,,
2056,PL000000002104,,小屯,36.8648,114.3457,中國-河北省-邢臺市-沙河市,DILA,master,,
2057,PL000000002105,,武水,39.224204,115.752622,中國-河北省-保定市,DILA,master,,
2058,PL000000002106,,謝家莊,38.9164,115.4223,中國-河北省-保定市-新市區,DILA,master,,
2059,PL000000002107,,保定府,38.855,115.5118,中國-河北省-保定市-北市區,DILA,master,,
2060,PL000000002108,,保定府,38.855,115.5118,中國-河北省-保定市-北市區,DILA,master,,
2061,PL000000002109,,保定路,38.855,115.5118,中國-河北省-保定市-北市區,DILA,master,,
2062,PL000000002110,,清苑,38.855,115.5118,中國-河北省-保定市-北市區,DILA,master,,
2063,PL000000002111,,扶輿,38.855,115.5118,中國-河北省-保定市-北市區,DILA,master,,
2064,PL000000002112,,清苑,38.855,115.5118,中國-河北省-保定市-北市區,DILA,master,,
2065,PL000000002113,,保州,38.855,115.5118,中國-河北省-保定市-北市區,DILA,master,,
2066,PL000000002114,,保塞,38.855,115.5118,中國-河北省-保定市-北市區,DILA,master,,
2067,PL000000002115,,清苑,38.855,115.5118,中國-河北省-保定市-北市區,DILA,master,,
2068,PL000000002116,,清苑,38.855,115.5118,中國-河北省-保定市-北市區,DILA,master,,
2069,PL000000002117,,清苑,38.855,115.5118,中國-河北省-保定市-北市區,DILA,master,,
2070,PL000000002118,,大寧都司,38.855,115.5118,中國-河北省-保定市-北市區,DILA,master,,
2071,PL000000002119,,龍泉寺,38.956133,115.348498,中國-河北省-保定市-滿城縣,DILA,master,,
2072,PL000000002120,,北平,39.0284,115.3265,中國-河北省-保定市-滿城縣,DILA,master,,
2073,PL000000002121,,北平,39.0284,115.3265,中國-河北省-保定市-滿城縣,DILA,master,,
2074,PL000000002122,,北平,39.0223,115.3431,中國-河北省-保定市-滿城縣,DILA,master,,
2075,PL000000002123,,北平,39.0223,115.3431,中國-河北省-保定市-滿城縣,DILA,master,,
2076,PL000000002124,,捉馬口鋪,39.0212,115.0176,中國-河北省-保定市-滿城縣,DILA,master,,
2077,PL000000002125,,北平,39.0187,115.3414,中國-河北省-保定市-滿城縣,DILA,master,,
2078,PL000000002126,,永樂,38.9599,115.3077,中國-河北省-保定市-滿城縣,DILA,master,,
2079,PL000000002127,,永樂,38.9515,115.3059,中國-河北省-保定市-滿城縣,DILA,master,,
2080,PL000000002128,,滿城,38.947,115.3253,中國-河北省-保定市-滿城縣,DILA,master,,
2081,PL000000002129,,滿城,38.947,115.3253,中國-河北省-保定市-滿城縣,DILA,master,,
2082,PL000000002130,,滿城,38.947,115.3253,中國-河北省-保定市-滿城縣,DILA,master,,
2083,PL000000002131,,永寧,38.8698,115.3136,中國-河北省-保定市-滿城縣,DILA,master,,
2084,PL000000002132,,方順橋,38.7837,115.273,中國-河北省-保定市-滿城縣,DILA,master,,
2085,PL000000002133,,滿城,38.7792,115.293,中國-河北省-保定市-滿城縣,DILA,master,,
2086,PL000000002134,,大激店,38.8365,115.3933,中國-河北省-保定市-清苑縣,DILA,master,,
2087,PL000000002135,,樂鄉,38.7705,115.5785,中國-河北省-保定市-清苑縣,DILA,master,,
2088,PL000000002136,,白城,38.7355,115.4072,中國-河北省-保定市-清苑縣,DILA,master,,
2089,PL000000002137,,陽城,38.6963,115.2791,中國-河北省-保定市-清苑縣,DILA,master,,
2090,PL000000002138,,清涼城,38.6915,115.5443,中國-河北省-保定市-清苑縣,DILA,master,,
2091,PL000000002139,,廣望,38.6762,115.4521,中國-河北省-保定市-清苑縣,DILA,master,,
2092,PL000000002140,,蔣莊,38.6719,115.4266,中國-河北省-保定市-清苑縣,DILA,master,,
2093,PL000000002141,,張登,38.6459,115.464,中國-河北省-保定市-清苑縣,DILA,master,,
2094,PL000000002142,,張登店,38.6458,115.4858,中國-河北省-保定市-清苑縣,DILA,master,,
2095,PL000000002143,,馬水口,39.8094,115.3807,中國-河北省-保定市-淶水縣,DILA,master,,
2096,PL000000002144,,金水口,39.6017,115.0551,中國-河北省-保定市-淶水縣,DILA,master,,
2097,PL000000002145,,板城,39.6006,115.2908,中國-河北省-保定市-淶水縣,DILA,master,,
2098,PL000000002146,,石亭,39.5216,115.7197,中國-河北省-保定市-淶水縣,DILA,master,,
2099,PL000000002147,,水東村,39.4861,115.6603,中國-河北省-保定市-淶水縣,DILA,master,,
2100,PL000000002148,,岐溝關,39.3926,115.8036,中國-河北省-保定市-淶水縣,DILA,master,,
2101,PL000000002149,,淶水,39.391,115.7176,中國-河北省-保定市-淶水縣,DILA,master,,
2102,PL000000002150,,淶水,39.391,115.7176,中國-河北省-保定市-淶水縣,DILA,master,,
2103,PL000000002151,,淶水,39.391,115.7176,中國-河北省-保定市-淶水縣,DILA,master,,
2104,PL000000002152,,淶水,39.391,115.7176,中國-河北省-保定市-淶水縣,DILA,master,,
2105,PL000000002153,,淶水,39.391,115.7176,中國-河北省-保定市-淶水縣,DILA,master,,
2106,PL000000002154,,遒縣,39.391,115.7176,中國-河北省-保定市-淶水縣,DILA,master,,
2107,PL000000002155,,遒縣,39.391,115.7176,中國-河北省-保定市-淶水縣,DILA,master,,
2108,PL000000002156,,迺縣,39.391,115.7176,中國-河北省-保定市-淶水縣,DILA,master,,
2109,PL000000002157,,迺國,39.391,115.7176,中國-河北省-保定市-淶水縣,DILA,master,,
2110,PL000000002158,,淶水,39.3856,115.7081,中國-河北省-保定市-淶水縣,DILA,master,,
2111,PL000000002159,,高洛村,39.3269,115.7655,中國-河北省-保定市-淶水縣,DILA,master,,
2112,PL000000002160,,狼牙口,39.1074,114.2964,中國-河北省-保定市-阜平縣,DILA,master,,
2113,PL000000002161,,鐵嶺口,39.0625,114.2454,中國-河北省-保定市-阜平縣,DILA,master,,
2114,PL000000002162,,落路口,39.04,114.3478,中國-河北省-保定市-阜平縣,DILA,master,,
2115,PL000000002163,,吳王口,39.0182,114.1131,中國-河北省-保定市-阜平縣,DILA,master,,
2116,PL000000002164,,上竿嶺口,38.988,114.1729,中國-河北省-保定市-阜平縣,DILA,master,,
2117,PL000000002165,,龍泉關,38.918634,113.838307,中國-河北省-保定市-阜平縣,DILA,master,,
2118,PL000000002166,,龍泉關,38.9061,113.8408,中國-河北省-保定市-阜平縣,DILA,master,,
2119,PL000000002167,,西曹谷鋪,38.8881,114.1549,中國-河北省-保定市-阜平縣,DILA,master,,
2120,PL000000002168,,東曹谷鋪,38.8616,114.1635,中國-河北省-保定市-阜平縣,DILA,master,,
2121,PL000000002169,,阜平,38.8524,114.1973,中國-河北省-保定市-阜平縣,DILA,master,,
2122,PL000000002170,,阜平,38.8524,114.1973,中國-河北省-保定市-阜平縣,DILA,master,,
2123,PL000000002171,,阜平,38.8524,114.1973,中國-河北省-保定市-阜平縣,DILA,master,,
2124,PL000000002172,,北寨,38.8524,114.1973,中國-河北省-保定市-阜平縣,DILA,master,,
2125,PL000000002173,,玉柳口鋪,38.8247,114.399,中國-河北省-保定市-阜平縣,DILA,master,,
2126,PL000000002174,,王快鎮,38.7765,114.4319,中國-河北省-保定市-阜平縣,DILA,master,,
2127,PL000000002175,,嘉祐鎮,38.7645,114.3253,中國-河北省-保定市-阜平縣,DILA,master,,
2128,PL000000002176,,釜山村鋪,39.1239,115.4251,中國-河北省-保定市-徐水縣,DILA,master,,
2129,PL000000002177,,長城口,39.0982,115.5877,中國-河北省-保定市-徐水縣,DILA,master,,
2130,PL000000002178,,白塔站,39.0667,115.6868,中國-河北省-保定市-徐水縣,DILA,master,,
2131,PL000000002179,,大王店,39.06,115.4658,中國-河北省-保定市-徐水縣,DILA,master,,
2132,PL000000002180,,遂城,39.0483,115.5499,中國-河北省-保定市-徐水縣,DILA,master,,
2133,PL000000002181,,遂城,39.0427,115.5438,中國-河北省-保定市-徐水縣,DILA,master,,
2134,PL000000002182,,廣信軍,39.0427,115.5438,中國-河北省-保定市-徐水縣,DILA,master,,
2135,PL000000002183,,遂城,39.0409,115.5491,中國-河北省-保定市-徐水縣,DILA,master,,
2136,PL000000002184,,遂城,39.0401,115.5481,中國-河北省-保定市-徐水縣,DILA,master,,
2137,PL000000002185,,安肅,39.0187,115.6671,中國-河北省-保定市-徐水縣,DILA,master,,
2138,PL000000002186,,安肅,39.0187,115.6671,中國-河北省-保定市-徐水縣,DILA,master,,
2139,PL000000002187,,安肅州,39.0187,115.6671,中國-河北省-保定市-徐水縣,DILA,master,,
2140,PL000000002188,,安肅,39.0187,115.6671,中國-河北省-保定市-徐水縣,DILA,master,,
2141,PL000000002189,,安肅軍,39.0187,115.6671,中國-河北省-保定市-徐水縣,DILA,master,,
2142,PL000000002190,,北新城,39.007,115.5453,中國-河北省-保定市-徐水縣,DILA,master,,
2143,PL000000002191,,北新城,39.007,115.5453,中國-河北省-保定市-徐水縣,DILA,master,,
2144,PL000000002192,,北新城,38.9951,115.5701,中國-河北省-保定市-徐水縣,DILA,master,,
2145,PL000000002193,,北新城,38.9951,115.5701,中國-河北省-保定市-徐水縣,DILA,master,,
2146,PL000000002194,,英雄城,38.9897,115.5478,中國-河北省-保定市-徐水縣,DILA,master,,
2147,PL000000002195,,樊與亭,38.9859,115.7065,中國-河北省-保定市-徐水縣,DILA,master,,
2148,PL000000002196,,五侯寺,39.1316,115.693,中國-河北省-保定市-定興縣,DILA,master,,
2149,PL000000002197,,定興,39.2688,115.784,中國-河北省-保定市-定興縣,DILA,master,,
2150,PL000000002198,,定興,39.2688,115.784,中國-河北省-保定市-定興縣,DILA,master,,
2151,PL000000002199,,定興,39.2688,115.784,中國-河北省-保定市-定興縣,DILA,master,,
2152,PL000000002200,,史家鎮,39.2567,115.8837,中國-河北省-保定市-定興縣,DILA,master,,
2153,PL000000002201,,迺縣,39.211,115.697,中國-河北省-保定市-定興縣,DILA,master,,
2154,PL000000002202,,河陽,39.2079,115.7643,中國-河北省-保定市-定興縣,DILA,master,,
2155,PL000000002203,,容城,39.173,115.8599,中國-河北省-保定市-定興縣,DILA,master,,
2156,PL000000002204,,范陽,39.1507,115.6867,中國-河北省-保定市-定興縣,DILA,master,,
2157,PL000000002205,,武陽城,39.1501,115.599,中國-河北省-保定市-定興縣,DILA,master,,
2158,PL000000002206,,范陽,39.142,115.6938,中國-河北省-保定市-定興縣,DILA,master,,
2159,PL000000002207,,范陽,39.142,115.6938,中國-河北省-保定市-定興縣,DILA,master,,
2160,PL000000002208,,范陽,39.1372,115.6877,中國-河北省-保定市-定興縣,DILA,master,,
2161,PL000000002209,,范陽,39.1372,115.6877,中國-河北省-保定市-定興縣,DILA,master,,
2162,PL000000002210,,固城鎮,39.1348,115.6951,中國-河北省-保定市-定興縣,DILA,master,,
2163,PL000000002211,,范陽,39.1316,115.6929,中國-河北省-保定市-定興縣,DILA,master,,
2164,PL000000002212,,常山,39.052517,114.503484,中國-河北省-保定市-唐縣,DILA,master,,
2165,PL000000002213,,法果寺,38.743821,114.959303,中國-河北省-保定市-唐縣,DILA,master,,
2166,PL000000002214,,靈源寺,38.798706,115.012215,中國-河北省-保定市-唐縣,DILA,master,,
2167,PL000000002215,,周家鋪堡,39.079,114.8338,中國-河北省-保定市-唐縣,DILA,master,,
2168,PL000000002216,,周家鋪,39.0758,114.839,中國-河北省-保定市-唐縣,DILA,master,,
2169,PL000000002217,,倒馬關,39.0745,114.6305,中國-河北省-保定市-唐縣,DILA,master,,
2170,PL000000002218,,花塔子鋪,39.0684,114.8057,中國-河北省-保定市-唐縣,DILA,master,,
2171,PL000000002219,,倒馬關,39.0608,114.6351,中國-河北省-保定市-唐縣,DILA,master,,
2172,PL000000002220,,岳嶺口,38.9867,114.5761,中國-河北省-保定市-唐縣,DILA,master,,
2173,PL000000002221,,岳嶺口,38.9769,114.581,中國-河北省-保定市-唐縣,DILA,master,,
2174,PL000000002222,,石門鋪,38.9539,114.6205,中國-河北省-保定市-唐縣,DILA,master,,
2175,PL000000002223,,軍城鎮,38.9122,114.7098,中國-河北省-保定市-唐縣,DILA,master,,
2176,PL000000002224,,唐湄店,38.8921,114.9099,中國-河北省-保定市-唐縣,DILA,master,,
2177,PL000000002225,,唐縣,38.8233,115.0523,中國-河北省-保定市-唐縣,DILA,master,,
2178,PL000000002226,,委栗關,38.8048,114.9485,中國-河北省-保定市-唐縣,DILA,master,,
2179,PL000000002227,,望都,38.7844,115.0475,中國-河北省-保定市-唐縣,DILA,master,,
2180,PL000000002228,,望都,38.7722,115.0268,中國-河北省-保定市-唐縣,DILA,master,,
2181,PL000000002229,,望都,38.7722,115.0268,中國-河北省-保定市-唐縣,DILA,master,,
2182,PL000000002230,,望都,38.7655,115.0243,中國-河北省-保定市-唐縣,DILA,master,,
2183,PL000000002231,,望都,38.7655,115.0243,中國-河北省-保定市-唐縣,DILA,master,,
2184,PL000000002232,,橫河口,38.7652,114.7468,中國-河北省-保定市-唐縣,DILA,master,,
2185,PL000000002233,,左人城,38.7481,114.8295,中國-河北省-保定市-唐縣,DILA,master,,
2186,PL000000002234,,左人鄉,38.7466,114.8175,中國-河北省-保定市-唐縣,DILA,master,,
2187,PL000000002235,,唐縣,38.7408,114.9788,中國-河北省-保定市-唐縣,DILA,master,,
2188,PL000000002236,,古唐,38.7408,114.9788,中國-河北省-保定市-唐縣,DILA,master,,
2189,PL000000002237,,唐縣,38.7408,114.9788,中國-河北省-保定市-唐縣,DILA,master,,
2190,PL000000002238,,唐縣,38.7381,114.8473,中國-河北省-保定市-唐縣,DILA,master,,
2191,PL000000002239,,中人城,38.7338,114.9161,中國-河北省-保定市-唐縣,DILA,master,,
2192,PL000000002240,,中人亭,38.7311,114.9436,中國-河北省-保定市-唐縣,DILA,master,,
2193,PL000000002241,,左人城,38.7282,114.8215,中國-河北省-保定市-唐縣,DILA,master,,
2194,PL000000002242,,唐縣,38.7083,114.8325,中國-河北省-保定市-唐縣,DILA,master,,
2195,PL000000002243,,唐縣,38.7047,114.8339,中國-河北省-保定市-唐縣,DILA,master,,
2196,PL000000002244,,北羅,38.7019,114.8824,中國-河北省-保定市-唐縣,DILA,master,,
2197,PL000000002245,,倒馬關所,39.0633,114.6268,中國-河北省-保定市-唐縣,DILA,master,,
2198,PL000000002246,,龍化鎮,38.7327,115.8875,中國-河北省-保定市-高陽縣,DILA,master,,
2199,PL000000002247,,高陽,38.6893,115.911,中國-河北省-保定市-高陽縣,DILA,master,,
2200,PL000000002248,,高陽郡,38.6893,115.911,中國-河北省-保定市-高陽縣,DILA,master,,
2201,PL000000002249,,高陽,38.6889,115.913,中國-河北省-保定市-高陽縣,DILA,master,,
2202,PL000000002250,,高陽,38.6881,115.7839,中國-河北省-保定市-高陽縣,DILA,master,,
2203,PL000000002251,,高陽,38.6881,115.7839,中國-河北省-保定市-高陽縣,DILA,master,,
2204,PL000000002252,,高陽,38.6855,115.9137,中國-河北省-保定市-高陽縣,DILA,master,,
2205,PL000000002253,,高陽,38.6801,115.9193,中國-河北省-保定市-高陽縣,DILA,master,,
2206,PL000000002254,,高陽,38.6795,115.9054,中國-河北省-保定市-高陽縣,DILA,master,,
2207,PL000000002255,,順安軍,38.6795,115.9054,中國-河北省-保定市-高陽縣,DILA,master,,
2208,PL000000002256,,高陽,38.6786,115.9206,中國-河北省-保定市-高陽縣,DILA,master,,
2209,PL000000002257,,高陽,38.6763,115.9078,中國-河北省-保定市-高陽縣,DILA,master,,
2210,PL000000002258,,高陽,38.6729,115.912,中國-河北省-保定市-高陽縣,DILA,master,,
2211,PL000000002259,,高陽,38.6706,115.9116,中國-河北省-保定市-高陽縣,DILA,master,,
2212,PL000000002260,,侯世城,38.6603,115.7372,中國-河北省-保定市-高陽縣,DILA,master,,
2213,PL000000002261,,新橋鎮,38.6377,115.8256,中國-河北省-保定市-高陽縣,DILA,master,,
2214,PL000000002262,,利家口,38.5783,115.8565,中國-河北省-保定市-高陽縣,DILA,master,,
2215,PL000000002263,,緒口鋪,38.5774,115.8426,中國-河北省-保定市-高陽縣,DILA,master,,
2216,PL000000002264,,高陽,38.6763,115.9078,中國-河北省-保定市-高陽縣,DILA,master,,
2217,PL000000002265,,遒縣,39.1189,115.8639,中國-河北省-保定市-容城縣,DILA,master,,
2218,PL000000002266,,容城,39.1106,115.8652,中國-河北省-保定市-容城縣,DILA,master,,
2219,PL000000002267,,容城,39.1099,115.8715,中國-河北省-保定市-容城縣,DILA,master,,
2220,PL000000002268,,容城,39.1099,115.8715,中國-河北省-保定市-容城縣,DILA,master,,
2221,PL000000002269,,容城,39.1082,115.8835,中國-河北省-保定市-容城縣,DILA,master,,
2222,PL000000002270,,歸義,39.0786,115.9899,中國-河北省-保定市-容城縣,DILA,master,,
2223,PL000000002271,,陳家堡,39.0749,115.9078,中國-河北省-保定市-容城縣,DILA,master,,
2224,PL000000002272,,易縣,39.0742,115.964,中國-河北省-保定市-容城縣,DILA,master,,
2225,PL000000002273,,容城,39.0509,115.8755,中國-河北省-保定市-容城縣,DILA,master,,
2226,PL000000002274,,容城,39.0509,115.8755,中國-河北省-保定市-容城縣,DILA,master,,
2227,PL000000002275,,容城,39.0509,115.8755,中國-河北省-保定市-容城縣,DILA,master,,
2228,PL000000002276,,易城,39.0257,116.0495,中國-河北省-保定市-容城縣,DILA,master,,
2229,PL000000002277,,易城,39.0257,116.0495,中國-河北省-保定市-容城縣,DILA,master,,
2230,PL000000002278,,易京,39.0209,116.0116,中國-河北省-保定市-容城縣,DILA,master,,
2231,PL000000002279,,易京,39.0209,116.0116,中國-河北省-保定市-容城縣,DILA,master,,
2232,PL000000002280,,易京,39.0197,116.0107,中國-河北省-保定市-容城縣,DILA,master,,
2233,PL000000002281,,易縣,39.0191,116.0521,中國-河北省-保定市-容城縣,DILA,master,,
2234,PL000000002282,,易京城,39.0123,116.0569,中國-河北省-保定市-容城縣,DILA,master,,
2235,PL000000002283,,飛狐口,39.5755,114.6489,中國-河北省-保定市-淶源縣,DILA,master,,
2236,PL000000002284,,烏龍溝口,39.4825,114.9831,中國-河北省-保定市-淶源縣,DILA,master,,
2237,PL000000002285,,塔崖口,39.4318,115.0439,中國-河北省-保定市-淶源縣,DILA,master,,
2238,PL000000002286,,大金井,39.4161,114.6837,中國-河北省-保定市-淶源縣,DILA,master,,
2239,PL000000002287,,廣昌,39.404,114.6912,中國-河北省-保定市-淶源縣,DILA,master,,
2240,PL000000002288,,廣昌,39.404,114.6912,中國-河北省-保定市-淶源縣,DILA,master,,
2241,PL000000002289,,驛馬嶺,39.3933,114.5082,中國-河北省-保定市-淶源縣,DILA,master,,
2242,PL000000002290,,廣昌,39.3844,114.7066,中國-河北省-保定市-淶源縣,DILA,master,,
2243,PL000000002291,,廣昌,39.3844,114.7066,中國-河北省-保定市-淶源縣,DILA,master,,
2244,PL000000002292,,廣昌,39.3534,114.6985,中國-河北省-保定市-淶源縣,DILA,master,,
2245,PL000000002293,,廣昌,39.3534,114.6985,中國-河北省-保定市-淶源縣,DILA,master,,
2246,PL000000002294,,飛狐,39.3534,114.6985,中國-河北省-保定市-淶源縣,DILA,master,,
2247,PL000000002295,,飛狐,39.3534,114.6985,中國-河北省-保定市-淶源縣,DILA,master,,
2248,PL000000002296,,飛狐,39.3534,114.6985,中國-河北省-保定市-淶源縣,DILA,master,,
2249,PL000000002297,,飛狐,39.3534,114.6985,中國-河北省-保定市-淶源縣,DILA,master,,
2250,PL000000002298,,浮團峪口,39.3503,114.8539,中國-河北省-保定市-淶源縣,DILA,master,,
2251,PL000000002299,,浮圖峪,39.3434,114.8764,中國-河北省-保定市-淶源縣,DILA,master,,
2252,PL000000002300,,三家村,39.3373,114.8035,中國-河北省-保定市-淶源縣,DILA,master,,
2253,PL000000002301,,石門峽,39.3371,114.7484,中國-河北省-保定市-淶源縣,DILA,master,,
2254,PL000000002302,,凝靜庵口,39.27,114.8447,中國-河北省-保定市-淶源縣,DILA,master,,
2255,PL000000002303,,白石口,39.2549,114.7083,中國-河北省-保定市-淶源縣,DILA,master,,
2256,PL000000002304,,插箭嶺,39.2421,114.652,中國-河北省-保定市-淶源縣,DILA,master,,
2257,PL000000002305,,插箭峪,39.2296,114.6603,中國-河北省-保定市-淶源縣,DILA,master,,
2258,PL000000002306,,銀城防,39.1405,114.7842,中國-河北省-保定市-淶源縣,DILA,master,,
2259,PL000000002307,,望都,38.7046,115.1431,中國-河北省-保定市-望都縣,DILA,master,,
2260,PL000000002308,,慶都,38.7046,115.1431,中國-河北省-保定市-望都縣,DILA,master,,
2261,PL000000002309,,慶都,38.7046,115.1431,中國-河北省-保定市-望都縣,DILA,master,,
2262,PL000000002310,,望都,38.7046,115.1431,中國-河北省-保定市-望都縣,DILA,master,,
2263,PL000000002311,,慶都,38.7046,115.1431,中國-河北省-保定市-望都縣,DILA,master,,
2264,PL000000002312,,陽城,38.7029,115.2674,中國-河北省-保定市-望都縣,DILA,master,,
2265,PL000000002313,,新處,38.6405,115.0867,中國-河北省-保定市-望都縣,DILA,master,,
2266,PL000000002314,,容城,38.9992,115.9623,中國-河北省-保定市-安新縣,DILA,master,,
2267,PL000000002315,,新安,38.9244,115.938,中國-河北省-保定市-安新縣,DILA,master,,
2268,PL000000002316,,新安,38.9244,115.938,中國-河北省-保定市-安新縣,DILA,master,,
2269,PL000000002317,,新安,38.9244,115.938,中國-河北省-保定市-安新縣,DILA,master,,
2270,PL000000002318,,越北口,38.9146,116.1033,中國-河北省-保定市-安新縣,DILA,master,,
2271,PL000000002319,,葛城,38.8749,115.8211,中國-河北省-保定市-安新縣,DILA,master,,
2272,PL000000002320,,安州,38.8714,115.8237,中國-河北省-保定市-安新縣,DILA,master,,
2273,PL000000002321,,安州,38.8666,115.8254,中國-河北省-保定市-安新縣,DILA,master,,
2274,PL000000002322,,葛城,38.8666,115.8254,中國-河北省-保定市-安新縣,DILA,master,,
2275,PL000000002323,,唐興,38.8551,115.9043,中國-河北省-保定市-安新縣,DILA,master,,
2276,PL000000002324,,七級口,38.8376,115.8134,中國-河北省-保定市-安新縣,DILA,master,,
2277,PL000000002325,,扶輿,38.8081,115.6841,中國-河北省-保定市-安新縣,DILA,master,,
2278,PL000000002326,,安州,38.8666,115.8254,中國-河北省-保定市-安新縣,DILA,master,,
2279,PL000000002327,,狼牙山,39.347429,115.494566,中國-河北省-保定市-易縣,DILA,master,,
2280,PL000000002328,,華嚴寺,39.32196,115.429823,中國-河北省-保定市-易縣,DILA,master,,
2281,PL000000002329,,開元寺,39.35407,115.517408,中國-河北省-保定市-易縣,DILA,master,,
2282,PL000000002330,,興聖寺,39.347429,115.494566,中國-河北省-保定市-易縣,DILA,master,,
2283,PL000000002331,,興國寺,39.359274,115.509953,中國-河北省-保定市-易縣,DILA,master,,
2284,PL000000002332,,保壽院,39.347429,115.494566,中國-河北省-保定市-易縣,DILA,master,,
2285,PL000000002333,,黃莊,39.5761,115.3048,中國-河北省-保定市-易縣,DILA,master,,
2286,PL000000002334,,黃兒莊,39.57,115.297,中國-河北省-保定市-易縣,DILA,master,,
2287,PL000000002335,,奇峰,39.4787,115.2767,中國-河北省-保定市-易縣,DILA,master,,
2288,PL000000002336,,樓亭,39.4783,115.2727,中國-河北省-保定市-易縣,DILA,master,,
2289,PL000000002337,,奇峰口,39.4622,115.2771,中國-河北省-保定市-易縣,DILA,master,,
2290,PL000000002338,,紫荊關,39.4246,115.1883,中國-河北省-保定市-易縣,DILA,master,,
2291,PL000000002339,,五阮關,39.4235,115.2018,中國-河北省-保定市-易縣,DILA,master,,
2292,PL000000002340,,紫荊嶺口,39.4218,115.1842,中國-河北省-保定市-易縣,DILA,master,,
2293,PL000000002341,,紫荊關,39.4194,115.2,中國-河北省-保定市-易縣,DILA,master,,
2294,PL000000002342,,易州,39.3483,115.5033,中國-河北省-保定市-易縣,DILA,master,,
2295,PL000000002343,,易州,39.3483,115.5033,中國-河北省-保定市-易縣,DILA,master,,
2296,PL000000002344,,易縣,39.3483,115.5033,中國-河北省-保定市-易縣,DILA,master,,
2297,PL000000002345,,易州,39.3483,115.5033,中國-河北省-保定市-易縣,DILA,master,,
2298,PL000000002346,,易縣,39.3483,115.5033,中國-河北省-保定市-易縣,DILA,master,,
2299,PL000000002347,,易州,39.3483,115.5033,中國-河北省-保定市-易縣,DILA,master,,
2300,PL000000002348,,上谷郡,39.3483,115.5033,中國-河北省-保定市-易縣,DILA,master,,
2301,PL000000002349,,易縣,39.3483,115.5033,中國-河北省-保定市-易縣,DILA,master,,
2302,PL000000002350,,上谷郡,39.3483,115.5033,中國-河北省-保定市-易縣,DILA,master,,
2303,PL000000002351,,易縣,39.3483,115.5033,中國-河北省-保定市-易縣,DILA,master,,
2304,PL000000002352,,龍華店,39.3393,115.2992,中國-河北省-保定市-易縣,DILA,master,,
2305,PL000000002353,,金陂鎮,39.3298,115.2399,中國-河北省-保定市-易縣,DILA,master,,
2306,PL000000002354,,金陂鎮,39.3124,115.2568,中國-河北省-保定市-易縣,DILA,master,,
2307,PL000000002355,,五回,39.3034,115.1885,中國-河北省-保定市-易縣,DILA,master,,
2308,PL000000002356,,故安,39.2813,115.5788,中國-河北省-保定市-易縣,DILA,master,,
2309,PL000000002357,,故安,39.2813,115.5788,中國-河北省-保定市-易縣,DILA,master,,
2310,PL000000002358,,故安,39.2794,115.5953,中國-河北省-保定市-易縣,DILA,master,,
2311,PL000000002359,,故安,39.2794,115.5953,中國-河北省-保定市-易縣,DILA,master,,
2312,PL000000002360,,故安,39.2659,115.5665,中國-河北省-保定市-易縣,DILA,master,,
2313,PL000000002361,,西水寨,39.1442,115.2206,中國-河北省-保定市-易縣,DILA,master,,
2314,PL000000002362,,西水寨,39.1438,115.2129,中國-河北省-保定市-易縣,DILA,master,,
2315,PL000000002363,,紫荊關所,39.4173,115.1855,中國-河北省-保定市-易縣,DILA,master,,
2316,PL000000002364,,茂山衛,39.3483,115.5033,中國-河北省-保定市-易縣,DILA,master,,
2317,PL000000002365,,易州,39.3483,115.5033,中國-河北省-保定市-易縣,DILA,master,,
2318,PL000000002367,,蒲吾山,38.623534,114.692504,中國-河北省-保定市-曲陽縣,DILA,master,,
2319,PL000000002368,,大興寺,38.644691,114.778863,中國-河北省-保定市-曲陽縣,DILA,master,,
2320,PL000000002369,,永安寺,38.622902,114.716966,中國-河北省-保定市-曲陽縣,DILA,master,,
2321,PL000000002370,,龍興寺,38.5194,114.9847,中國-河北省-保定市-定州市,DILA,master,,
2322,PL000000002371,,修德寺,38.623534,114.692504,中國-河北省-保定市-曲陽縣,DILA,master,,
2323,PL000000002372,,軍城寨,38.9205,114.6851,中國-河北省-保定市-曲陽縣,DILA,master,,
2324,PL000000002373,,軍城鎮,38.9094,114.7014,中國-河北省-保定市-曲陽縣,DILA,master,,
2325,PL000000002374,,三會口鋪,38.8339,114.6753,中國-河北省-保定市-曲陽縣,DILA,master,,
2326,PL000000002375,,馬溺關,38.7598,114.7125,中國-河北省-保定市-曲陽縣,DILA,master,,
2327,PL000000002376,,赤岸鎮,38.736,114.4669,中國-河北省-保定市-曲陽縣,DILA,master,,
2328,PL000000002377,,赤岸鎮,38.726,114.4675,中國-河北省-保定市-曲陽縣,DILA,master,,
2329,PL000000002378,,龍泉鎮,38.675,114.7121,中國-河北省-保定市-曲陽縣,DILA,master,,
2330,PL000000002379,,夫人城,38.6358,114.5619,中國-河北省-保定市-曲陽縣,DILA,master,,
2331,PL000000002380,,曲陽,38.6208,114.6999,中國-河北省-保定市-曲陽縣,DILA,master,,
2332,PL000000002381,,曲陽,38.6208,114.6999,中國-河北省-保定市-曲陽縣,DILA,master,,
2333,PL000000002382,,曲陽,38.6208,114.6999,中國-河北省-保定市-曲陽縣,DILA,master,,
2334,PL000000002383,,曲陽,38.6208,114.6999,中國-河北省-保定市-曲陽縣,DILA,master,,
2335,PL000000002384,,曲陽,38.6208,114.6999,中國-河北省-保定市-曲陽縣,DILA,master,,
2336,PL000000002385,,上曲陽,38.6203,114.6694,中國-河北省-保定市-曲陽縣,DILA,master,,
2337,PL000000002386,,上曲陽,38.6203,114.6694,中國-河北省-保定市-曲陽縣,DILA,master,,
2338,PL000000002387,,上曲陽,38.6203,114.6535,中國-河北省-保定市-曲陽縣,DILA,master,,
2339,PL000000002388,,上曲陽,38.6203,114.6535,中國-河北省-保定市-曲陽縣,DILA,master,,
2340,PL000000002389,,曲陽,38.6185,114.6538,中國-河北省-保定市-曲陽縣,DILA,master,,
2341,PL000000002390,,恒陽,38.6208,114.6999,中國-河北省-保定市-曲陽縣,DILA,master,,
2342,PL000000002391,,新橋鎮,38.5996,115.8265,中國-河北省-保定市-蠡縣,DILA,master,,
2343,PL000000002392,,蠡縣,38.4893,115.5844,中國-河北省-保定市-蠡縣,DILA,master,,
2344,PL000000002393,,蠡縣,38.4893,115.5844,中國-河北省-保定市-蠡縣,DILA,master,,
2345,PL000000002394,,博野,38.4893,115.5844,中國-河北省-保定市-蠡縣,DILA,master,,
2346,PL000000002395,,蠡州,38.4893,115.5844,中國-河北省-保定市-蠡縣,DILA,master,,
2347,PL000000002396,,博野,38.4893,115.5844,中國-河北省-保定市-蠡縣,DILA,master,,
2348,PL000000002397,,博野,38.4893,115.5844,中國-河北省-保定市-蠡縣,DILA,master,,
2349,PL000000002398,,永寧軍,38.4568,115.4688,中國-河北省-保定市-蠡縣,DILA,master,,
2350,PL000000002399,,博野,38.4568,115.4688,中國-河北省-保定市-蠡縣,DILA,master,,
2351,PL000000002400,,博陸,38.4108,115.6135,中國-河北省-保定市-蠡縣,DILA,master,,
2352,PL000000002401,,稽古寺,38.845635,114.852539,中國-河北省-保定市-唐縣,DILA,master,,
2353,PL000000002402,,鴻上關,38.9799,114.8977,中國-河北省-保定市-順平縣,DILA,master,,
2354,PL000000002403,,魚臺口鋪,38.9789,115.1585,中國-河北省-保定市-順平縣,DILA,master,,
2355,PL000000002404,,安陽口鋪,38.9166,115.1135,中國-河北省-保定市-順平縣,DILA,master,,
2356,PL000000002405,,安陽關,38.9159,115.0989,中國-河北省-保定市-順平縣,DILA,master,,
2357,PL000000002406,,北平寨,38.8999,115.2025,中國-河北省-保定市-順平縣,DILA,master,,
2358,PL000000002407,,唐縣,38.8437,115.0748,中國-河北省-保定市-順平縣,DILA,master,,
2359,PL000000002408,,唐縣,38.8437,115.0748,中國-河北省-保定市-順平縣,DILA,master,,
2360,PL000000002409,,唐縣,38.8371,115.0551,中國-河北省-保定市-順平縣,DILA,master,,
2361,PL000000002410,,唐縣,38.8371,115.0551,中國-河北省-保定市-順平縣,DILA,master,,
2362,PL000000002411,,朝陽城,38.8334,115.0931,中國-河北省-保定市-順平縣,DILA,master,,
2363,PL000000002412,,完縣,38.8325,115.1333,中國-河北省-保定市-順平縣,DILA,master,,
2364,PL000000002413,,完縣,38.8325,115.1333,中國-河北省-保定市-順平縣,DILA,master,,
2365,PL000000002414,,完州,38.8325,115.1333,中國-河北省-保定市-順平縣,DILA,master,,
2366,PL000000002415,,北平,38.8325,115.1333,中國-河北省-保定市-順平縣,DILA,master,,
2367,PL000000002416,,北平,38.8325,115.1333,中國-河北省-保定市-順平縣,DILA,master,,
2368,PL000000002417,,北平,38.8325,115.1333,中國-河北省-保定市-順平縣,DILA,master,,
2369,PL000000002418,,蒲陰,38.8325,115.1333,中國-河北省-保定市-順平縣,DILA,master,,
2370,PL000000002419,,蒲陰,38.814,115.2098,中國-河北省-保定市-順平縣,DILA,master,,
2371,PL000000002420,,曲逆,38.8133,115.2309,中國-河北省-保定市-順平縣,DILA,master,,
2372,PL000000002421,,蒲陰,38.8108,115.2265,中國-河北省-保定市-順平縣,DILA,master,,
2373,PL000000002422,,蒲陰,38.8106,115.2249,中國-河北省-保定市-順平縣,DILA,master,,
2374,PL000000002423,,曲逆,38.808,115.2227,中國-河北省-保定市-順平縣,DILA,master,,
2375,PL000000002424,,拱辰鎮,38.7651,115.2421,中國-河北省-保定市-順平縣,DILA,master,,
2376,PL000000002425,,靈光寺,38.383371,115.54464,中國-河北省-保定市-博野縣,DILA,master,,
2377,PL000000002426,,陶墟店,38.5267,115.5021,中國-河北省-保定市-博野縣,DILA,master,,
2378,PL000000002427,,博野,38.4568,115.4688,中國-河北省-保定市-博野縣,DILA,master,,
2379,PL000000002428,,博野,38.4568,115.4688,中國-河北省-保定市-博野縣,DILA,master,,
2380,PL000000002429,,劉陀店,38.4541,115.5306,中國-河北省-保定市-博野縣,DILA,master,,
2381,PL000000002430,,蠡吾,38.4401,115.4581,中國-河北省-保定市-博野縣,DILA,master,,
2382,PL000000002431,,蠡吾,38.4401,115.4581,中國-河北省-保定市-博野縣,DILA,master,,
2383,PL000000002432,,蠡吾,38.4393,115.4466,中國-河北省-保定市-博野縣,DILA,master,,
2384,PL000000002433,,蠡吾,38.4393,115.4466,中國-河北省-保定市-博野縣,DILA,master,,
2385,PL000000002434,,蠡吾,38.4317,115.4527,中國-河北省-保定市-博野縣,DILA,master,,
2386,PL000000002435,,博陵縣,38.4083,115.6,中國-河北省-保定市-博野縣,DILA,master,,
2387,PL000000002436,,陸成,38.4083,115.6,中國-河北省-保定市-博野縣,DILA,master,,
2388,PL000000002437,,博陸,38.4061,115.5843,中國-河北省-保定市-博野縣,DILA,master,,
2389,PL000000002438,,鐵燈盞,38.3883,115.5933,中國-河北省-保定市-博野縣,DILA,master,,
2390,PL000000002439,,鐵燈盞,38.3862,115.604,中國-河北省-保定市-博野縣,DILA,master,,
2391,PL000000002440,,安國,38.3541,115.5916,中國-河北省-保定市-博野縣,DILA,master,,
2392,PL000000002441,,安國,38.3541,115.5916,中國-河北省-保定市-博野縣,DILA,master,,
2393,PL000000002442,,安國,38.3482,115.5961,中國-河北省-保定市-博野縣,DILA,master,,
2394,PL000000002443,,安國,38.3482,115.5961,中國-河北省-保定市-博野縣,DILA,master,,
2395,PL000000002444,,高陽國,38.4061,115.5843,中國-河北省-保定市-博野縣,DILA,master,,
2396,PL000000002445,,博陸,38.4061,115.5843,中國-河北省-保定市-博野縣,DILA,master,,
2397,PL000000002446,,崇寧,38.995007,116.102862,中國-河北省-保定市-雄縣,DILA,master,,
2398,PL000000002447,,興雲,38.994199,116.102862,中國-河北省-保定市-雄縣,DILA,master,,
2399,PL000000002448,,易縣,39.0174,116.0689,中國-河北省-保定市-雄縣,DILA,master,,
2400,PL000000002449,,紅城寨,38.9902,116.2945,中國-河北省-保定市-雄縣,DILA,master,,
2401,PL000000002450,,雄縣,38.9751,116.1025,中國-河北省-保定市-雄縣,DILA,master,,
2402,PL000000002451,,雄縣,38.9751,116.1025,中國-河北省-保定市-雄縣,DILA,master,,
2403,PL000000002452,,歸信,38.9751,116.1025,中國-河北省-保定市-雄縣,DILA,master,,
2404,PL000000002453,,雄州,38.9751,116.1025,中國-河北省-保定市-雄縣,DILA,master,,
2405,PL000000002454,,歸信,38.9751,116.1025,中國-河北省-保定市-雄縣,DILA,master,,
2406,PL000000002455,,雄州,38.9751,116.1025,中國-河北省-保定市-雄縣,DILA,master,,
2407,PL000000002456,,金山,39.484642,115.974314,中國-河北省-保定市-涿州市,DILA,master,,
2408,PL000000002457,,涿縣,39.484642,115.974314,中國-河北省-保定市-涿州市,DILA,master,,
2409,PL000000002458,,涿州,39.485284,115.974365,中國-河北省-保定市-涿州市,DILA,master,,
2410,PL000000002459,,當陌村,39.444212,115.985489,中國-河北省-保定市-涿州市,DILA,master,,
2411,PL000000002461,,駐蹕寺,39.484642,115.974314,中國-北京市-市轄區-西城區,DILA,master,,
2412,PL000000002462,,西鄉,39.5826,115.9401,中國-河北省-保定市-涿州市,DILA,master,,
2413,PL000000002463,,長鄉,39.5354,116.1948,中國-河北省-保定市-涿州市,DILA,master,,
2414,PL000000002464,,涿州,39.4865,115.978,中國-河北省-保定市-涿州市,DILA,master,,
2415,PL000000002465,,涿州,39.4865,115.978,中國-河北省-保定市-涿州市,DILA,master,,
2416,PL000000002466,,范陽,39.4865,115.978,中國-河北省-保定市-涿州市,DILA,master,,
2417,PL000000002467,,范陽,39.4865,115.978,中國-河北省-保定市-涿州市,DILA,master,,
2418,PL000000002468,,涿州,39.4865,115.978,中國-河北省-保定市-涿州市,DILA,master,,
2419,PL000000002469,,涿縣,39.4865,115.978,中國-河北省-保定市-涿州市,DILA,master,,
2420,PL000000002470,,范陽郡,39.4865,115.978,中國-河北省-保定市-涿州市,DILA,master,,
2421,PL000000002471,,涿縣,39.4865,115.978,中國-河北省-保定市-涿州市,DILA,master,,
2422,PL000000002472,,范陽郡,39.4865,115.978,中國-河北省-保定市-涿州市,DILA,master,,
2423,PL000000002473,,幽州,39.4865,115.978,中國-河北省-保定市-涿州市,DILA,master,,
2424,PL000000002474,,范陽國,39.4865,115.978,中國-河北省-保定市-涿州市,DILA,master,,
2425,PL000000002475,,涿縣,39.4865,115.978,中國-河北省-保定市-涿州市,DILA,master,,
2426,PL000000002476,,范陽郡,39.4865,115.978,中國-河北省-保定市-涿州市,DILA,master,,
2427,PL000000002477,,涿縣,39.4865,115.978,中國-河北省-保定市-涿州市,DILA,master,,
2428,PL000000002478,,涿郡,39.4865,115.978,中國-河北省-保定市-涿州市,DILA,master,,
2429,PL000000002479,,涿縣,39.4865,115.978,中國-河北省-保定市-涿州市,DILA,master,,
2430,PL000000002480,,涿縣,39.4865,115.978,中國-河北省-保定市-涿州市,DILA,master,,
2431,PL000000002481,,鸞城,39.4779,116.0892,中國-河北省-保定市-涿州市,DILA,master,,
2432,PL000000002482,,涿郡,39.4694,115.9894,中國-河北省-保定市-涿州市,DILA,master,,
2433,PL000000002483,,涿縣,39.4694,115.9894,中國-河北省-保定市-涿州市,DILA,master,,
2434,PL000000002484,,祁溝關,39.4185,115.8307,中國-河北省-保定市-涿州市,DILA,master,,
2435,PL000000002485,,涿州,39.4865,115.978,中國-河北省-保定市-涿州市,DILA,master,,
2436,PL000000002486,,玄州等州,39.4865,115.978,中國-河北省-保定市-涿州市,DILA,master,,
2437,PL000000002487,,涿鹿三衛,39.4865,115.978,中國-河北省-保定市-涿州市,DILA,master,,
2438,PL000000002488,,涿州,39.4865,115.978,中國-河北省-保定市-涿州市,DILA,master,,
2439,PL000000002489,,慎州等州,39.5565,115.8893,中國-河北省-保定市-涿州市,DILA,master,,
2440,PL000000002491,,嘉魚山,38.516256,114.984323,中國-河北省-保定市-定州市,DILA,master,,
2441,PL000000002492,,大像峯,38.516256,114.984323,中國-河北省-保定市-定州市,DILA,master,,
2442,PL000000002493,,正解寺,38.510301,114.996594,中國-河北省-保定市-定州市,DILA,master,,
2443,PL000000002494,,賈和寺,38.516256,114.984323,中國-河北省-保定市-定州市,DILA,master,,
2444,PL000000002495,,法華寺,38.516256,114.984323,中國-河北省-保定市-定州市,DILA,master,,
2445,PL000000002496,,定真院,38.516256,114.984323,中國-河北省-保定市-定州市,DILA,master,,
2446,PL000000002497,,慶雲寺,38.516256,114.984323,中國-河北省-保定市-定州市,DILA,master,,
2447,PL000000002498,,上生寺,38.516256,114.984323,中國-河北省-保定市-定州市,DILA,master,,
2448,PL000000002499,,來安鎮,38.6405,115.1701,中國-河北省-保定市-定州市,DILA,master,,
2449,PL000000002500,,永豐鎮,38.6139,115.2127,中國-河北省-保定市-定州市,DILA,master,,
2450,PL000000002501,,清風店,38.6053,115.0617,中國-河北省-保定市-定州市,DILA,master,,
2451,PL000000002502,,清風店,38.6041,115.0528,中國-河北省-保定市-定州市,DILA,master,,
2452,PL000000002503,,樂陽城,38.5598,114.9994,中國-河北省-保定市-定州市,DILA,master,,
2453,PL000000002504,,小鹿家莊,38.5466,115.1173,中國-河北省-保定市-定州市,DILA,master,,
2454,PL000000002505,,定州,38.5194,114.9847,中國-河北省-保定市-定州市,DILA,master,,
2455,PL000000002506,,定州,38.5194,114.9847,中國-河北省-保定市-定州市,DILA,master,,
2456,PL000000002507,,中山府,38.5194,114.9847,中國-河北省-保定市-定州市,DILA,master,,
2457,PL000000002508,,安喜,38.5194,114.9847,中國-河北省-保定市-定州市,DILA,master,,
2458,PL000000002509,,安喜,38.5194,114.9847,中國-河北省-保定市-定州市,DILA,master,,
2459,PL000000002510,,定州,38.5194,114.9847,中國-河北省-保定市-定州市,DILA,master,,
2460,PL000000002511,,中山,38.5194,114.9847,中國-河北省-保定市-定州市,DILA,master,,
2461,PL000000002512,,安喜,38.5194,114.9847,中國-河北省-保定市-定州市,DILA,master,,
2462,PL000000002513,,易定節度,38.5194,114.9847,中國-河北省-保定市-定州市,DILA,master,,
2463,PL000000002514,,博陵郡,38.5194,114.9847,中國-河北省-保定市-定州市,DILA,master,,
2464,PL000000002515,,鮮虞,38.5194,114.9847,中國-河北省-保定市-定州市,DILA,master,,
2465,PL000000002516,,中山郡,38.5194,114.9847,中國-河北省-保定市-定州市,DILA,master,,
2466,PL000000002517,,定州,38.5194,114.9847,中國-河北省-保定市-定州市,DILA,master,,
2467,PL000000002518,,盧奴,38.5194,114.9847,中國-河北省-保定市-定州市,DILA,master,,
2468,PL000000002519,,中山國,38.5194,114.9847,中國-河北省-保定市-定州市,DILA,master,,
2469,PL000000002520,,盧奴,38.5194,114.9847,中國-河北省-保定市-定州市,DILA,master,,
2470,PL000000002521,,中山國,38.5194,114.9847,中國-河北省-保定市-定州市,DILA,master,,
2471,PL000000002522,,盧奴,38.5194,114.9847,中國-河北省-保定市-定州市,DILA,master,,
2472,PL000000002523,,中山國,38.5194,114.9847,中國-河北省-保定市-定州市,DILA,master,,
2473,PL000000002524,,盧奴,38.5194,114.9847,中國-河北省-保定市-定州市,DILA,master,,
2474,PL000000002525,,中山國,38.5194,114.9847,中國-河北省-保定市-定州市,DILA,master,,
2475,PL000000002526,,盧奴,38.5194,114.9847,中國-河北省-保定市-定州市,DILA,master,,
2476,PL000000002527,,明月店,38.4631,114.8861,中國-河北省-保定市-定州市,DILA,master,,
2477,PL000000002528,,五女堡,38.4492,115.2246,中國-河北省-保定市-定州市,DILA,master,,
2478,PL000000002529,,安喜,38.4383,115.142,中國-河北省-保定市-定州市,DILA,master,,
2479,PL000000002530,,安熹,38.4362,115.1559,中國-河北省-保定市-定州市,DILA,master,,
2480,PL000000002531,,安險,38.434,115.151,中國-河北省-保定市-定州市,DILA,master,,
2481,PL000000002532,,安熹,38.4322,115.1499,中國-河北省-保定市-定州市,DILA,master,,
2482,PL000000002533,,安喜,38.4305,115.1699,中國-河北省-保定市-定州市,DILA,master,,
2483,PL000000002534,,唐昌,38.3263,115.0261,中國-河北省-保定市-定州市,DILA,master,,
2484,PL000000002535,,漢昌,38.3145,115.0258,中國-河北省-保定市-定州市,DILA,master,,
2485,PL000000002536,,魏昌,38.3086,115.0231,中國-河北省-保定市-定州市,DILA,master,,
2486,PL000000002537,,魏昌,38.3086,115.0231,中國-河北省-保定市-定州市,DILA,master,,
2487,PL000000002538,,苦陘,38.3085,115.0306,中國-河北省-保定市-定州市,DILA,master,,
2488,PL000000002539,,隋昌,38.3041,115.0237,中國-河北省-保定市-定州市,DILA,master,,
2489,PL000000002540,,魏昌,38.3034,115.0217,中國-河北省-保定市-定州市,DILA,master,,
2490,PL000000002541,,苦陘,38.3008,115.0294,中國-河北省-保定市-定州市,DILA,master,,
2491,PL000000002542,,中山郡,38.5194,114.9847,中國-河北省-保定市-定州市,DILA,master,,
2492,PL000000002543,,義武節度使,38.5194,114.9847,中國-河北省-保定市-定州市,DILA,master,,
2493,PL000000002544,,解瀆亭,38.4253,115.3697,中國-河北省-保定市-安國市,DILA,master,,
2494,PL000000002545,,祁州,38.4116,115.3247,中國-河北省-保定市-安國市,DILA,master,,
2495,PL000000002546,,祁州,38.4116,115.3247,中國-河北省-保定市-安國市,DILA,master,,
2496,PL000000002547,,蒲陰,38.4116,115.3247,中國-河北省-保定市-安國市,DILA,master,,
2497,PL000000002548,,祁州,38.4116,115.3247,中國-河北省-保定市-安國市,DILA,master,,
2498,PL000000002549,,蒲陰,38.4116,115.3247,中國-河北省-保定市-安國市,DILA,master,,
2499,PL000000002550,,義豐,38.4116,115.3247,中國-河北省-保定市-安國市,DILA,master,,
2500,PL000000002551,,義豐,38.4116,115.3247,中國-河北省-保定市-安國市,DILA,master,,
2501,PL000000002552,,安國城,38.3614,115.3958,中國-河北省-保定市-安國市,DILA,master,,
2502,PL000000002553,,祁州,38.4116,115.3247,中國-河北省-保定市-安國市,DILA,master,,
2503,PL000000002554,,大佛寺,39.24574,115.983323,中國-河北省-保定市-高碑店市,DILA,master,,
2504,PL000000002555,,三家店,39.3487,115.986,中國-河北省-保定市-高碑店市,DILA,master,,
2505,PL000000002556,,高密店,39.325,115.8687,中國-河北省-保定市-高碑店市,DILA,master,,
2506,PL000000002557,,新昌,39.2513,116.1451,中國-河北省-保定市-高碑店市,DILA,master,,
2507,PL000000002558,,新昌縣,39.2411,116.1584,中國-河北省-保定市-高碑店市,DILA,master,,
2508,PL000000002559,,新城,39.2405,115.9841,中國-河北省-保定市-高碑店市,DILA,master,,
2509,PL000000002560,,新城,39.2405,115.9841,中國-河北省-保定市-高碑店市,DILA,master,,
2510,PL000000002561,,新城,39.2389,115.9964,中國-河北省-保定市-高碑店市,DILA,master,,
2511,PL000000002562,,新城,39.2381,116.0004,中國-河北省-保定市-高碑店市,DILA,master,,
2512,PL000000002563,,新城縣,39.2331,115.9871,中國-河北省-保定市-高碑店市,DILA,master,,
2513,PL000000002564,,歸義,39.1953,116.0411,中國-河北省-保定市-高碑店市,DILA,master,,
2514,PL000000002565,,高橋村,39.1668,116.03,中國-河北省-保定市-高碑店市,DILA,master,,
2515,PL000000002566,,白溝店,39.1068,116.0312,中國-河北省-保定市-高碑店市,DILA,master,,
2516,PL000000002567,,張家口廳,40.7906,114.8959,中國-河北省-張家口市-橋東區,DILA,master,,
2517,PL000000002568,,張家口堡,40.7906,114.8959,中國-河北省-張家口市-橋東區,DILA,master,,
2518,PL000000002569,,大寧,40.7906,114.8959,中國-河北省-張家口市-橋東區,DILA,master,,
2519,PL000000002570,,大寧,40.7906,114.8959,中國-河北省-張家口市-橋東區,DILA,master,,
2520,PL000000002571,,廣寧,40.7906,114.8959,中國-河北省-張家口市-橋東區,DILA,master,,
2521,PL000000002572,,廣寧,40.7906,114.8959,中國-河北省-張家口市-橋東區,DILA,master,,
2522,PL000000002573,,廣寧,40.7906,114.8959,中國-河北省-張家口市-橋東區,DILA,master,,
2523,PL000000002574,,宣化,40.6097,115.0611,中國-河北省-張家口市-宣化區,DILA,master,,
2524,PL000000002575,,宣化廳,40.6097,115.0611,中國-河北省-張家口市-宣化區,DILA,master,,
2525,PL000000002576,,宣德府,40.6097,115.0611,中國-河北省-張家口市-宣化區,DILA,master,,
2526,PL000000002577,,文德,40.6097,115.0611,中國-河北省-張家口市-宣化區,DILA,master,,
2527,PL000000002578,,歸化州,40.6097,115.0611,中國-河北省-張家口市-宣化區,DILA,master,,
2528,PL000000002579,,文德縣,40.6097,115.0611,中國-河北省-張家口市-宣化區,DILA,master,,
2529,PL000000002580,,萬全都司,40.6097,115.0611,中國-河北省-張家口市-宣化區,DILA,master,,
2530,PL000000002581,,宣府,40.6097,115.0611,中國-河北省-張家口市-宣化區,DILA,master,,
2531,PL000000002582,,興和所,40.6097,115.0611,中國-河北省-張家口市-宣化區,DILA,master,,
2532,PL000000002583,,宣府三衛,40.6097,115.0611,中國-河北省-張家口市-宣化區,DILA,master,,
2533,PL000000002584,,雞鳴,40.500885,115.280992,中國-河北省-張家口市-下花園區,DILA,master,,
2534,PL000000002585,,青邊口堡,40.7832,115.0908,中國-河北省-張家口市-宣化縣,DILA,master,,
2535,PL000000002586,,羊房堡,40.7753,115.0173,中國-河北省-張家口市-宣化縣,DILA,master,,
2536,PL000000002587,,長峪口堡,40.7671,115.1555,中國-河北省-張家口市-宣化縣,DILA,master,,
2537,PL000000002588,,大白陽堡,40.7489,115.3019,中國-河北省-張家口市-宣化縣,DILA,master,,
2538,PL000000002589,,小白陽堡,40.7475,115.3659,中國-河北省-張家口市-宣化縣,DILA,master,,
2539,PL000000002590,,葛峪堡,40.7469,115.1861,中國-河北省-張家口市-宣化縣,DILA,master,,
2540,PL000000002591,,白陽鎮,40.7447,115.3058,中國-河北省-張家口市-宣化縣,DILA,master,,
2541,PL000000002592,,寧遠站堡,40.7161,114.9048,中國-河北省-張家口市-宣化縣,DILA,master,,
2542,PL000000002593,,趙川堡,40.6799,115.3664,中國-河北省-張家口市-宣化縣,DILA,master,,
2543,PL000000002594,,沙嶺,40.6595,114.933,中國-河北省-張家口市-宣化縣,DILA,master,,
2544,PL000000002595,,賈家營,40.6212,115.2483,中國-河北省-張家口市-宣化縣,DILA,master,,
2545,PL000000002596,,李家梁,40.5767,115.4049,中國-河北省-張家口市-宣化縣,DILA,master,,
2546,PL000000002597,,水泉堡,40.474,114.9276,中國-河北省-張家口市-宣化縣,DILA,master,,
2547,PL000000002598,,深井堡,40.4033,114.8398,中國-河北省-張家口市-宣化縣,DILA,master,,
2548,PL000000002599,,深井堡,40.3996,114.8305,中國-河北省-張家口市-宣化縣,DILA,master,,
2549,PL000000002601,,哈柳圖,41.3591,114.6397,中國-河北省-張家口市-張北縣,DILA,master,,
2550,PL000000002602,,中都,41.2963,114.6123,中國-河北省-張家口市-張北縣,DILA,master,,
2551,PL000000002603,,鑲黃等四旗牧廠,41.2393,114.7801,中國-河北省-張家口市-張北縣,DILA,master,,
2552,PL000000002604,,沙城,41.2386,114.6471,中國-河北省-張家口市-張北縣,DILA,master,,
2553,PL000000002605,,興和城,41.1549,114.7229,中國-河北省-張家口市-張北縣,DILA,master,,
2554,PL000000002606,,興和,41.1549,114.7229,中國-河北省-張家口市-張北縣,DILA,master,,
2555,PL000000002607,,高原,41.1549,114.7229,中國-河北省-張家口市-張北縣,DILA,master,,
2556,PL000000002608,,興和路,41.1549,114.7229,中國-河北省-張家口市-張北縣,DILA,master,,
2557,PL000000002609,,燕子城,41.1549,114.7229,中國-河北省-張家口市-張北縣,DILA,master,,
2558,PL000000002610,,懷荒鎮,41.1549,114.7229,中國-河北省-張家口市-張北縣,DILA,master,,
2559,PL000000002611,,烏里雅蘇臺,41.1166,114.4626,中國-河北省-張家口市-張北縣,DILA,master,,
2560,PL000000002612,,野狐嶺,41.0101,114.7585,中國-河北省-張家口市-張北縣,DILA,master,,
2561,PL000000002613,,虞臺嶺,40.9988,114.5992,中國-河北省-張家口市-張北縣,DILA,master,,
2562,PL000000002614,,太仆寺左翼牧廠,41.3403,114.8626,中國-河北省-張家口市-張北縣,DILA,master,,
2563,PL000000002615,,雲需府,41.7638,115.7206,中國-河北省-張家口市-沽源縣,DILA,master,,
2564,PL000000002616,,烏藍城,41.7444,115.7499,中國-河北省-張家口市-沽源縣,DILA,master,,
2565,PL000000002617,,禦夷故城,41.738,115.7389,中國-河北省-張家口市-沽源縣,DILA,master,,
2566,PL000000002618,,羊城,41.5618,115.597,中國-河北省-張家口市-沽源縣,DILA,master,,
2567,PL000000002619,,隰寧,41.5396,115.6947,中國-河北省-張家口市-沽源縣,DILA,master,,
2568,PL000000002620,,保安溝,41.3637,115.5981,中國-河北省-張家口市-沽源縣,DILA,master,,
2569,PL000000002621,,禦夷鎮城,41.361,115.9853,中國-河北省-張家口市-沽源縣,DILA,master,,
2570,PL000000002622,,丁莊,41.3056,115.5747,中國-河北省-張家口市-沽源縣,DILA,master,,
2571,PL000000002623,,鄂拉呼都克,41.3292,114.2674,中國-河北省-張家口市-尚義縣,DILA,master,,
2572,PL000000002624,,威寧,41.1017,113.8954,中國-河北省-張家口市-尚義縣,DILA,master,,
2573,PL000000002625,,蒐吉,41.0627,114.2518,中國-河北省-張家口市-尚義縣,DILA,master,,
2574,PL000000002626,,土木路,41.0024,114.0976,中國-河北省-張家口市-尚義縣,DILA,master,,
2575,PL000000002627,,桃山,40.9631,114.4386,中國-河北省-張家口市-尚義縣,DILA,master,,
2576,PL000000002628,,東楊木溝,40.9414,114.3416,中國-河北省-張家口市-尚義縣,DILA,master,,
2577,PL000000002629,,小蒜溝,40.8805,114.2708,中國-河北省-張家口市-尚義縣,DILA,master,,
2578,PL000000002630,,下馬圈,40.8611,114.1784,中國-河北省-張家口市-尚義縣,DILA,master,,
2579,PL000000002631,,大雲寺,39.438118,114.254805,中國-山西省-大同市-靈丘縣,DILA,master,,
2580,PL000000002632,,金河十寺,39.946288,114.93629,中國-河北省-張家口市-蔚縣,DILA,master,,
2581,PL000000002633,,鴛鴦口,40.0958,114.704,中國-河北省-張家口市-蔚縣,DILA,master,,
2582,PL000000002634,,鴛鴦口,40.0889,114.709,中國-河北省-張家口市-蔚縣,DILA,master,,
2583,PL000000002635,,定安,40.0557,114.8162,中國-河北省-張家口市-蔚縣,DILA,master,,
2584,PL000000002636,,當城,40.0505,114.8515,中國-河北省-張家口市-蔚縣,DILA,master,,
2585,PL000000002637,,當城,40.0505,114.8515,中國-河北省-張家口市-蔚縣,DILA,master,,
2586,PL000000002638,,桃花堡,40.0466,114.9963,中國-河北省-張家口市-蔚縣,DILA,master,,
2587,PL000000002639,,桃花堡,40.0464,114.996,中國-河北省-張家口市-蔚縣,DILA,master,,
2588,PL000000002640,,當城,40.0451,114.8461,中國-河北省-張家口市-蔚縣,DILA,master,,
2589,PL000000002641,,當城,40.0451,114.8461,中國-河北省-張家口市-蔚縣,DILA,master,,
2590,PL000000002642,,雊瞀,40.0386,114.9673,中國-河北省-張家口市-蔚縣,DILA,master,,
2591,PL000000002643,,雊瞀,40.0386,114.9673,中國-河北省-張家口市-蔚縣,DILA,master,,
2592,PL000000002644,,及家莊,40.0248,114.8657,中國-河北省-張家口市-蔚縣,DILA,master,,
2593,PL000000002645,,定安,40.0245,114.8034,中國-河北省-張家口市-蔚縣,DILA,master,,
2594,PL000000002646,,長寧鎮,40.0133,114.9583,中國-河北省-張家口市-蔚縣,DILA,master,,
2595,PL000000002647,,代郡,39.8966,114.6812,中國-河北省-張家口市-蔚縣,DILA,master,,
2596,PL000000002648,,代縣,39.887,114.6779,中國-河北省-張家口市-蔚縣,DILA,master,,
2597,PL000000002649,,代郡,39.887,114.6779,中國-河北省-張家口市-蔚縣,DILA,master,,
2598,PL000000002650,,代縣,39.887,114.6779,中國-河北省-張家口市-蔚縣,DILA,master,,
2599,PL000000002651,,代郡,39.886,114.6826,中國-河北省-張家口市-蔚縣,DILA,master,,
2600,PL000000002652,,代縣,39.886,114.6826,中國-河北省-張家口市-蔚縣,DILA,master,,
2601,PL000000002653,,代郡,39.886,114.6826,中國-河北省-張家口市-蔚縣,DILA,master,,
2602,PL000000002654,,代縣,39.886,114.6826,中國-河北省-張家口市-蔚縣,DILA,master,,
2603,PL000000002655,,東代郡,39.8849,114.6722,中國-河北省-張家口市-蔚縣,DILA,master,,
2604,PL000000002656,,代郡,39.8823,114.6892,中國-河北省-張家口市-蔚縣,DILA,master,,
2605,PL000000002657,,代縣,39.8823,114.6892,中國-河北省-張家口市-蔚縣,DILA,master,,
2606,PL000000002658,,松子口,39.8779,114.8379,中國-河北省-張家口市-蔚縣,DILA,master,,
2607,PL000000002659,,蔚州,39.8399,114.5789,中國-河北省-張家口市-蔚縣,DILA,master,,
2608,PL000000002660,,蔚州,39.8399,114.5789,中國-河北省-張家口市-蔚縣,DILA,master,,
2609,PL000000002661,,靈仙,39.8399,114.5789,中國-河北省-張家口市-蔚縣,DILA,master,,
2610,PL000000002662,,蔚州,39.8399,114.5789,中國-河北省-張家口市-蔚縣,DILA,master,,
2611,PL000000002663,,蔚州,39.8399,114.5789,中國-河北省-張家口市-蔚縣,DILA,master,,
2612,PL000000002664,,靈仙,39.8399,114.5789,中國-河北省-張家口市-蔚縣,DILA,master,,
2613,PL000000002665,,安邊,39.8399,114.5789,中國-河北省-張家口市-蔚縣,DILA,master,,
2614,PL000000002666,,橫野軍,39.8399,114.5789,中國-河北省-張家口市-蔚縣,DILA,master,,
2615,PL000000002667,,北靈丘郡,39.8399,114.5789,中國-河北省-張家口市-蔚縣,DILA,master,,
2616,PL000000002668,,九宮口,39.8159,114.7976,中國-河北省-張家口市-蔚縣,DILA,master,,
2617,PL000000002669,,九宮口,39.8078,114.8016,中國-河北省-張家口市-蔚縣,DILA,master,,
2618,PL000000002670,,石門口,39.7417,114.4418,中國-河北省-張家口市-蔚縣,DILA,master,,
2619,PL000000002671,,北口關,39.7106,114.6351,中國-河北省-張家口市-蔚縣,DILA,master,,
2620,PL000000002672,,飛狐口,39.6206,114.6321,中國-河北省-張家口市-蔚縣,DILA,master,,
2621,PL000000002673,,黑石嶺堡,39.6081,114.6438,中國-河北省-張家口市-蔚縣,DILA,master,,
2622,PL000000002674,,黑石嶺堡,39.5827,114.6427,中國-河北省-張家口市-蔚縣,DILA,master,,
2623,PL000000002675,,蔚州,40.0557,114.8162,中國-河北省-張家口市-蔚縣,DILA,master,,
2624,PL000000002676,,三馬房,40.2392,114.5864,中國-河北省-張家口市-陽原縣,DILA,master,,
2625,PL000000002677,,順聖,40.2264,114.5913,中國-河北省-張家口市-陽原縣,DILA,master,,
2626,PL000000002678,,四馬房,40.2259,114.5309,中國-河北省-張家口市-陽原縣,DILA,master,,
2627,PL000000002679,,東城,40.1886,114.5633,中國-河北省-張家口市-陽原縣,DILA,master,,
2628,PL000000002680,,順聖川東城,40.1863,114.5609,中國-河北省-張家口市-陽原縣,DILA,master,,
2629,PL000000002681,,順聖,40.183,114.5887,中國-河北省-張家口市-陽原縣,DILA,master,,
2630,PL000000002682,,七馬房,40.1698,114.4504,中國-河北省-張家口市-陽原縣,DILA,master,,
2631,PL000000002683,,桑乾,40.154,114.6374,中國-河北省-張家口市-陽原縣,DILA,master,,
2632,PL000000002684,,桑乾,40.154,114.6374,中國-河北省-張家口市-陽原縣,DILA,master,,
2633,PL000000002685,,七馬房,40.1532,114.4636,中國-河北省-張家口市-陽原縣,DILA,master,,
2634,PL000000002686,,八馬房,40.1529,114.3874,中國-河北省-張家口市-陽原縣,DILA,master,,
2635,PL000000002687,,桑乾縣,40.1438,114.6435,中國-河北省-張家口市-陽原縣,DILA,master,,
2636,PL000000002688,,弘州,40.142,114.1847,中國-河北省-張家口市-陽原縣,DILA,master,,
2637,PL000000002689,,平昌郡,40.1152,114.6524,中國-河北省-張家口市-陽原縣,DILA,master,,
2638,PL000000002690,,西寧,40.1108,114.1742,中國-河北省-張家口市-陽原縣,DILA,master,,
2639,PL000000002691,,順聖川西城,40.1108,114.1742,中國-河北省-張家口市-陽原縣,DILA,master,,
2640,PL000000002692,,弘州,40.1108,114.1742,中國-河北省-張家口市-陽原縣,DILA,master,,
2641,PL000000002693,,永寧,40.1108,114.1742,中國-河北省-張家口市-陽原縣,DILA,master,,
2642,PL000000002694,,白馬營,40.1093,114.2706,中國-河北省-張家口市-陽原縣,DILA,master,,
2643,PL000000002695,,昌平,40.0824,114.5636,中國-河北省-張家口市-陽原縣,DILA,master,,
2644,PL000000002696,,安陽,40.0451,114.3853,中國-河北省-張家口市-陽原縣,DILA,master,,
2645,PL000000002697,,東安陽,40.0326,114.3979,中國-河北省-張家口市-陽原縣,DILA,master,,
2646,PL000000002698,,東安陽,40.0326,114.3979,中國-河北省-張家口市-陽原縣,DILA,master,,
2647,PL000000002699,,陽原,40.0248,114.0846,中國-河北省-張家口市-陽原縣,DILA,master,,
2648,PL000000002700,,安陽,40.0228,114.3831,中國-河北省-張家口市-陽原縣,DILA,master,,
2649,PL000000002701,,渡口堡,40.696,114.2671,中國-河北省-張家口市-懷安縣,DILA,master,,
2650,PL000000002702,,馬城,40.6921,114.3273,中國-河北省-張家口市-懷安縣,DILA,master,,
2651,PL000000002703,,西陽河堡,40.6875,114.1791,中國-河北省-張家口市-懷安縣,DILA,master,,
2652,PL000000002704,,宣平,40.6806,114.6625,中國-河北省-張家口市-懷安縣,DILA,master,,
2653,PL000000002705,,宣平,40.6806,114.6625,中國-河北省-張家口市-懷安縣,DILA,master,,
2654,PL000000002706,,馬城,40.6722,114.3792,中國-河北省-張家口市-懷安縣,DILA,master,,
2655,PL000000002707,,馬城,40.6722,114.3792,中國-河北省-張家口市-懷安縣,DILA,master,,
2656,PL000000002708,,左衛城,40.6712,114.709,中國-河北省-張家口市-懷安縣,DILA,master,,
2657,PL000000002709,,馬城,40.6697,114.3674,中國-河北省-張家口市-懷安縣,DILA,master,,
2658,PL000000002710,,柴溝堡,40.6682,114.4286,中國-河北省-張家口市-懷安縣,DILA,master,,
2659,PL000000002711,,柴溝堡,40.6682,114.4286,中國-河北省-張家口市-懷安縣,DILA,master,,
2660,PL000000002712,,大寧郡,40.6494,114.4963,中國-河北省-張家口市-懷安縣,DILA,master,,
2661,PL000000002713,,懷安,40.5434,114.5773,中國-河北省-張家口市-懷安縣,DILA,master,,
2662,PL000000002714,,李信屯堡,40.5138,114.3065,中國-河北省-張家口市-懷安縣,DILA,master,,
2663,PL000000002715,,李信屯堡,40.5135,114.3346,中國-河北省-張家口市-懷安縣,DILA,master,,
2664,PL000000002716,,懷安縣,40.5116,114.5593,中國-河北省-張家口市-懷安縣,DILA,master,,
2665,PL000000002717,,懷安,40.5041,114.5597,中國-河北省-張家口市-懷安縣,DILA,master,,
2666,PL000000002718,,懷安,40.453,114.4811,中國-河北省-張家口市-懷安縣,DILA,master,,
2667,PL000000002719,,萬全左衛,40.6721,114.7115,中國-河北省-張家口市-懷安縣,DILA,master,,
2668,PL000000002720,,懷安衛,40.4614,114.4848,中國-河北省-張家口市-懷安縣,DILA,master,,
2669,PL000000002721,,保安右衛,40.4614,114.4848,中國-河北省-張家口市-懷安縣,DILA,master,,
2670,PL000000002722,,東部都尉,40.6722,114.3792,中國-河北省-張家口市-懷安縣,DILA,master,,
2671,PL000000002723,,上莊堡,40.979,114.7493,中國-河北省-張家口市-萬全縣,DILA,master,,
2672,PL000000002724,,新河口堡,40.956,114.5623,中國-河北省-張家口市-萬全縣,DILA,master,,
2673,PL000000002725,,新河口堡,40.9503,114.5547,中國-河北省-張家口市-萬全縣,DILA,master,,
2674,PL000000002726,,膳房堡,40.9485,114.7598,中國-河北省-張家口市-萬全縣,DILA,master,,
2675,PL000000002727,,膳房堡,40.9467,114.7643,中國-河北省-張家口市-萬全縣,DILA,master,,
2676,PL000000002728,,新開口堡,40.9435,114.6828,中國-河北省-張家口市-萬全縣,DILA,master,,
2677,PL000000002729,,萬全,40.8643,114.7447,中國-河北省-張家口市-萬全縣,DILA,master,,
2678,PL000000002730,,小寧,40.8643,114.7447,中國-河北省-張家口市-萬全縣,DILA,master,,
2679,PL000000002731,,寧縣,40.8643,114.7447,中國-河北省-張家口市-萬全縣,DILA,master,,
2680,PL000000002732,,寧縣,40.8643,114.7447,中國-河北省-張家口市-萬全縣,DILA,master,,
2681,PL000000002733,,洗馬林堡,40.8227,114.4689,中國-河北省-張家口市-萬全縣,DILA,master,,
2682,PL000000002734,,洗馬林堡,40.8091,114.4731,中國-河北省-張家口市-萬全縣,DILA,master,,
2683,PL000000002735,,尋麻林,40.8091,114.4731,中國-河北省-張家口市-萬全縣,DILA,master,,
2684,PL000000002736,,沙城堡,40.7038,114.4685,中國-河北省-張家口市-萬全縣,DILA,master,,
2685,PL000000002737,,暗莊堡,40.6848,114.5064,中國-河北省-張家口市-萬全縣,DILA,master,,
2686,PL000000002738,,萬全右衛,40.8643,114.7447,中國-河北省-張家口市-萬全縣,DILA,master,,
2687,PL000000002739,,護烏桓校尉,40.8643,114.7447,中國-河北省-張家口市-萬全縣,DILA,master,,
2688,PL000000002740,,西部都尉,40.8643,114.7447,中國-河北省-張家口市-萬全縣,DILA,master,,
2689,PL000000002741,,柏林寺,40.363502,115.001181,中國-河北省-張家口市-宣化縣,DILA,master,,
2690,PL000000002742,,長安嶺堡,40.554,115.6573,中國-河北省-張家口市-懷來縣,DILA,master,,
2691,PL000000002743,,麻谷口堡,40.4961,115.5781,中國-河北省-張家口市-懷來縣,DILA,master,,
2692,PL000000002744,,雞鳴堡,40.4501,115.33,中國-河北省-張家口市-懷來縣,DILA,master,,
2693,PL000000002745,,東八里堡,40.4294,115.4632,中國-河北省-張家口市-懷來縣,DILA,master,,
2694,PL000000002746,,保安州,40.4291,115.4208,中國-河北省-張家口市-懷來縣,DILA,master,,
2695,PL000000002747,,且居,40.4153,115.414,中國-河北省-張家口市-懷來縣,DILA,master,,
2696,PL000000002748,,良田屯堡,40.4051,115.4916,中國-河北省-張家口市-懷來縣,DILA,master,,
2697,PL000000002749,,沙城,40.399,115.5432,中國-河北省-張家口市-懷來縣,DILA,master,,
2698,PL000000002750,,土木堡,40.397,115.5206,中國-河北省-張家口市-懷來縣,DILA,master,,
2699,PL000000002751,,媯川,40.375,115.7351,中國-河北省-張家口市-懷來縣,DILA,master,,
2700,PL000000002752,,土木堡,40.3705,115.6324,中國-河北省-張家口市-懷來縣,DILA,master,,
2701,PL000000002753,,清夷軍,40.3499,115.7318,中國-河北省-張家口市-懷來縣,DILA,master,,
2702,PL000000002754,,媯州,40.3499,115.7318,中國-河北省-張家口市-懷來縣,DILA,master,,
2703,PL000000002755,,懷戎,40.3499,115.7318,中國-河北省-張家口市-懷來縣,DILA,master,,
2704,PL000000002756,,可汗州,40.3485,115.7461,中國-河北省-張家口市-懷來縣,DILA,master,,
2705,PL000000002757,,懷來,40.3485,115.7461,中國-河北省-張家口市-懷來縣,DILA,master,,
2706,PL000000002758,,懷來,40.3475,115.726,中國-河北省-張家口市-懷來縣,DILA,master,,
2707,PL000000002759,,平原郡,40.3311,115.4892,中國-河北省-張家口市-懷來縣,DILA,master,,
2708,PL000000002760,,沮陽,40.2825,115.7111,中國-河北省-張家口市-懷來縣,DILA,master,,
2709,PL000000002761,,上谷郡,40.2813,115.7113,中國-河北省-張家口市-懷來縣,DILA,master,,
2710,PL000000002762,,沮陽,40.2813,115.7113,中國-河北省-張家口市-懷來縣,DILA,master,,
2711,PL000000002763,,上谷郡,40.2813,115.7113,中國-河北省-張家口市-懷來縣,DILA,master,,
2712,PL000000002764,,沮陽,40.2813,115.7113,中國-河北省-張家口市-懷來縣,DILA,master,,
2713,PL000000002765,,上谷郡,40.2772,115.6962,中國-河北省-張家口市-懷來縣,DILA,master,,
2714,PL000000002766,,上谷郡,40.2715,115.7119,中國-河北省-張家口市-懷來縣,DILA,master,,
2715,PL000000002767,,沮陽,40.2715,115.7119,中國-河北省-張家口市-懷來縣,DILA,master,,
2716,PL000000002768,,沮陽,40.2715,115.7119,中國-河北省-張家口市-懷來縣,DILA,master,,
2717,PL000000002769,,上谷郡,40.2706,115.7024,中國-河北省-張家口市-懷來縣,DILA,master,,
2718,PL000000002770,,沮陽,40.2706,115.7024,中國-河北省-張家口市-懷來縣,DILA,master,,
2719,PL000000002771,,橫嶺城,40.2258,115.8337,中國-河北省-張家口市-懷來縣,DILA,master,,
2720,PL000000002772,,懷來衛,40.3536,115.7396,中國-河北省-張家口市-懷來縣,DILA,master,,
2721,PL000000002773,,延慶右衛,40.3536,115.7396,中國-河北省-張家口市-懷來縣,DILA,master,,
2722,PL000000002774,,長安所,40.5629,115.671,中國-河北省-張家口市-懷來縣,DILA,master,,
2723,PL000000002775,,雲川所,40.5629,115.671,中國-河北省-張家口市-懷來縣,DILA,master,,
2724,PL000000002776,,鎮邊城所,40.1982,115.8114,中國-河北省-張家口市-懷來縣,DILA,master,,
2725,PL000000002777,,泉上,40.4248,115.5991,中國-河北省-張家口市-懷來縣,DILA,master,,
2726,PL000000002779,,法雲蘭若,40.379197,115.213321,中國-河北省-張家口市-涿鹿縣,DILA,master,,
2727,PL000000002780,,茹縣,40.4364,115.2643,中國-河北省-張家口市-涿鹿縣,DILA,master,,
2728,PL000000002781,,北莊,40.4171,115.2073,中國-河北省-張家口市-涿鹿縣,DILA,master,,
2729,PL000000002782,,保安州,40.3759,115.2247,中國-河北省-張家口市-涿鹿縣,DILA,master,,
2730,PL000000002783,,礬山,40.3759,115.2247,中國-河北省-張家口市-涿鹿縣,DILA,master,,
2731,PL000000002784,,奉聖州,40.3759,115.2247,中國-河北省-張家口市-涿鹿縣,DILA,master,,
2732,PL000000002785,,奉聖州,40.3759,115.2247,中國-河北省-張家口市-涿鹿縣,DILA,master,,
2733,PL000000002786,,永興,40.3759,115.2247,中國-河北省-張家口市-涿鹿縣,DILA,master,,
2734,PL000000002787,,奉聖州,40.3759,115.2247,中國-河北省-張家口市-涿鹿縣,DILA,master,,
2735,PL000000002788,,永興縣,40.3759,115.2247,中國-河北省-張家口市-涿鹿縣,DILA,master,,
2736,PL000000002789,,廣寧,40.3759,115.2247,中國-河北省-張家口市-涿鹿縣,DILA,master,,
2737,PL000000002790,,廣寧郡,40.3759,115.2247,中國-河北省-張家口市-涿鹿縣,DILA,master,,
2738,PL000000002791,,燕州,40.3759,115.2247,中國-河北省-張家口市-涿鹿縣,DILA,master,,
2739,PL000000002792,,廣寧郡,40.3759,115.2247,中國-河北省-張家口市-涿鹿縣,DILA,master,,
2740,PL000000002793,,下洛,40.3759,115.2247,中國-河北省-張家口市-涿鹿縣,DILA,master,,
2741,PL000000002794,,廣寧郡,40.3759,115.2247,中國-河北省-張家口市-涿鹿縣,DILA,master,,
2742,PL000000002795,,下洛,40.3759,115.2247,中國-河北省-張家口市-涿鹿縣,DILA,master,,
2743,PL000000002796,,下落,40.3759,115.2247,中國-河北省-張家口市-涿鹿縣,DILA,master,,
2744,PL000000002797,,下落,40.3759,115.2247,中國-河北省-張家口市-涿鹿縣,DILA,master,,
2745,PL000000002798,,雙樹村,40.3627,115.3686,中國-河北省-張家口市-涿鹿縣,DILA,master,,
2746,PL000000002799,,潘縣,40.3253,115.1285,中國-河北省-張家口市-涿鹿縣,DILA,master,,
2747,PL000000002800,,潘縣,40.3234,115.1173,中國-河北省-張家口市-涿鹿縣,DILA,master,,
2748,PL000000002801,,潘縣,40.3234,115.1173,中國-河北省-張家口市-涿鹿縣,DILA,master,,
2749,PL000000002802,,董家莊,40.3132,115.2,中國-河北省-張家口市-涿鹿縣,DILA,master,,
2750,PL000000002803,,懷戎,40.3068,115.1005,中國-河北省-張家口市-涿鹿縣,DILA,master,,
2751,PL000000002804,,潘縣,40.3002,115.1172,中國-河北省-張家口市-涿鹿縣,DILA,master,,
2752,PL000000002805,,潘縣,40.3002,115.1172,中國-河北省-張家口市-涿鹿縣,DILA,master,,
2753,PL000000002806,,礬山,40.2176,115.4417,中國-河北省-張家口市-涿鹿縣,DILA,master,,
2754,PL000000002807,,礬山縣,40.2145,115.4437,中國-河北省-張家口市-涿鹿縣,DILA,master,,
2755,PL000000002808,,涿鹿城,40.2135,115.379,中國-河北省-張家口市-涿鹿縣,DILA,master,,
2756,PL000000002809,,涿鹿,40.2109,115.3987,中國-河北省-張家口市-涿鹿縣,DILA,master,,
2757,PL000000002810,,涿鹿,40.2109,115.3987,中國-河北省-張家口市-涿鹿縣,DILA,master,,
2758,PL000000002811,,涿鹿,40.2094,115.3876,中國-河北省-張家口市-涿鹿縣,DILA,master,,
2759,PL000000002812,,涿鹿,40.2094,115.3876,中國-河北省-張家口市-涿鹿縣,DILA,master,,
2760,PL000000002813,,礬山堡,40.2071,115.4418,中國-河北省-張家口市-涿鹿縣,DILA,master,,
2761,PL000000002814,,阪泉,40.206,115.4266,中國-河北省-張家口市-涿鹿縣,DILA,master,,
2762,PL000000002815,,美峪所,40.1315,115.2588,中國-河北省-張家口市-涿鹿縣,DILA,master,,
2763,PL000000002816,,馬水口,39.8405,115.2766,中國-河北省-張家口市-涿鹿縣,DILA,master,,
2764,PL000000002817,,馬水口,39.8342,115.2713,中國-河北省-張家口市-涿鹿縣,DILA,master,,
2765,PL000000002819,,獨石口廳,41.317,115.7452,中國-河北省-張家口市-赤城縣,DILA,master,,
2766,PL000000002820,,盆底坑,41.2815,116.0596,中國-河北省-張家口市-赤城縣,DILA,master,,
2767,PL000000002821,,君子堡,41.209,115.5744,中國-河北省-張家口市-赤城縣,DILA,master,,
2768,PL000000002822,,君子堡,41.2028,115.5915,中國-河北省-張家口市-赤城縣,DILA,master,,
2769,PL000000002823,,半壁店堡,41.2005,115.7541,中國-河北省-張家口市-赤城縣,DILA,master,,
2770,PL000000002824,,松樹堡,41.1522,115.5726,中國-河北省-張家口市-赤城縣,DILA,master,,
2771,PL000000002825,,馬營堡,41.1409,115.6573,中國-河北省-張家口市-赤城縣,DILA,master,,
2772,PL000000002826,,鎮安堡,41.123,115.8849,中國-河北省-張家口市-赤城縣,DILA,master,,
2773,PL000000002827,,貓兒峪堡,41.1228,115.7641,中國-河北省-張家口市-赤城縣,DILA,master,,
2774,PL000000002828,,白草,41.1223,116.1037,中國-河北省-張家口市-赤城縣,DILA,master,,
2775,PL000000002829,,大白草樹,41.12,116.1064,中國-河北省-張家口市-赤城縣,DILA,master,,
2776,PL000000002830,,鎮安堡,41.1115,115.8816,中國-河北省-張家口市-赤城縣,DILA,master,,
2777,PL000000002831,,倉上堡,41.083,115.7182,中國-河北省-張家口市-赤城縣,DILA,master,,
2778,PL000000002832,,雲州,41.083,115.7182,中國-河北省-張家口市-赤城縣,DILA,master,,
2779,PL000000002833,,雲州,41.0309,115.7769,中國-河北省-張家口市-赤城縣,DILA,master,,
2780,PL000000002834,,雲州堡,41.027,115.7717,中國-河北省-張家口市-赤城縣,DILA,master,,
2781,PL000000002835,,望雲,41.0269,115.7627,中國-河北省-張家口市-赤城縣,DILA,master,,
2782,PL000000002836,,牧馬堡,40.9989,115.9352,中國-河北省-張家口市-赤城縣,DILA,master,,
2783,PL000000002837,,禦夷鎮,40.9834,115.7747,中國-河北省-張家口市-赤城縣,DILA,master,,
2784,PL000000002838,,鎮寧堡,40.9795,115.6925,中國-河北省-張家口市-赤城縣,DILA,master,,
2785,PL000000002839,,鎮寧堡,40.9696,115.6918,中國-河北省-張家口市-赤城縣,DILA,master,,
2786,PL000000002840,,瓦房溝,40.9673,116.1611,中國-河北省-張家口市-赤城縣,DILA,master,,
2787,PL000000002841,,瓦房溝,40.965,116.199,中國-河北省-張家口市-赤城縣,DILA,master,,
2788,PL000000002842,,龍門所,40.9299,115.9775,中國-河北省-張家口市-赤城縣,DILA,master,,
2789,PL000000002843,,赤城,40.9128,115.824,中國-河北省-張家口市-赤城縣,DILA,master,,
2790,PL000000002844,,赤城堡,40.9128,115.824,中國-河北省-張家口市-赤城縣,DILA,master,,
2791,PL000000002845,,赤城,40.9128,115.824,中國-河北省-張家口市-赤城縣,DILA,master,,
2792,PL000000002846,,赤城,40.9128,115.824,中國-河北省-張家口市-赤城縣,DILA,master,,
2793,PL000000002847,,金家莊堡,40.8908,115.5903,中國-河北省-張家口市-赤城縣,DILA,master,,
2794,PL000000002848,,井兒溝,40.8813,116.1969,中國-河北省-張家口市-赤城縣,DILA,master,,
2795,PL000000002849,,樣田堡,40.8347,115.947,中國-河北省-張家口市-赤城縣,DILA,master,,
2796,PL000000002850,,長仲地堡,40.8247,116.0765,中國-河北省-張家口市-赤城縣,DILA,master,,
2797,PL000000002851,,三岔口堡,40.811,115.672,中國-河北省-張家口市-赤城縣,DILA,master,,
2798,PL000000002852,,龍門,40.8008,115.5712,中國-河北省-張家口市-赤城縣,DILA,master,,
2799,PL000000002853,,龍門,40.7957,115.5729,中國-河北省-張家口市-赤城縣,DILA,master,,
2800,PL000000002854,,龍門縣,40.7877,115.5771,中國-河北省-張家口市-赤城縣,DILA,master,,
2801,PL000000002855,,寧遠堡,40.7812,116.0925,中國-河北省-張家口市-赤城縣,DILA,master,,
2802,PL000000002856,,門關堡,40.7783,115.4641,中國-河北省-張家口市-赤城縣,DILA,master,,
2803,PL000000002857,,慶陽口,40.7647,116.1366,中國-河北省-張家口市-赤城縣,DILA,master,,
2804,PL000000002858,,女祁,40.7602,115.7904,中國-河北省-張家口市-赤城縣,DILA,master,,
2805,PL000000002859,,鵰鶚堡,40.737,115.8364,中國-河北省-張家口市-赤城縣,DILA,master,,
2806,PL000000002860,,鵰鶚堡,40.7288,115.836,中國-河北省-張家口市-赤城縣,DILA,master,,
2807,PL000000002861,,廣邊軍,40.7108,115.8296,中國-河北省-張家口市-赤城縣,DILA,master,,
2808,PL000000002862,,滴水崖堡,40.7032,116.069,中國-河北省-張家口市-赤城縣,DILA,master,,
2809,PL000000002863,,滴水崖堡,40.6948,116.0736,中國-河北省-張家口市-赤城縣,DILA,master,,
2810,PL000000002864,,龍門衛,40.7944,115.5736,中國-河北省-張家口市-赤城縣,DILA,master,,
2811,PL000000002865,,龍門所,40.9373,115.9788,中國-河北省-張家口市-赤城縣,DILA,master,,
2812,PL000000002866,,開平衛,41.315,115.7408,中國-河北省-張家口市-赤城縣,DILA,master,,
2813,PL000000002867,,東部都尉,40.7602,115.7904,中國-河北省-張家口市-赤城縣,DILA,master,,
2814,PL000000002868,,麻呢壩,41.2212,115.1081,中國-河北省-張家口市-崇禮縣,DILA,master,,
2815,PL000000002869,,吃米溝,41.1607,115.0859,中國-河北省-張家口市-崇禮縣,DILA,master,,
2816,PL000000002870,,西獅子溝,41.1107,115.4088,中國-河北省-張家口市-崇禮縣,DILA,master,,
2817,PL000000002871,,驛馬圖,41.0956,115.0813,中國-河北省-張家口市-崇禮縣,DILA,master,,
2818,PL000000002872,,吉慶溝,41.0181,114.8713,中國-河北省-張家口市-崇禮縣,DILA,master,,
2819,PL000000002873,,太平莊,41.0115,115.2937,中國-河北省-張家口市-崇禮縣,DILA,master,,
2820,PL000000002874,,西灣子,40.9747,115.2797,中國-河北省-張家口市-崇禮縣,DILA,master,,
2821,PL000000002875,,太子城,40.9312,115.4479,中國-河北省-張家口市-崇禮縣,DILA,master,,
2822,PL000000002876,,太子城,40.9092,115.445,中國-河北省-張家口市-崇禮縣,DILA,master,,
2823,PL000000002877,,陶？廟,40.9077,114.9823,中國-河北省-張家口市-崇禮縣,DILA,master,,
2824,PL000000002878,,地上幾,40.8972,115.1456,中國-河北省-張家口市-崇禮縣,DILA,master,,
2825,PL000000002879,,四臺嘴,40.812,115.3787,中國-河北省-張家口市-崇禮縣,DILA,master,,
2826,PL000000002880,,承德府,40.9649,117.9299,中國-河北省-承德市-雙橋區,DILA,master,,
2827,PL000000002881,,哈喇河套,40.9387,117.7336,中國-河北省-承德市-雙灤區,DILA,master,,
2828,PL000000002882,,兩家兒,41.3142,118.0283,中國-河北省-承德市-承德縣,DILA,master,,
2829,PL000000002883,,東三十家子,41.2857,118.1584,中國-河北省-承德市-承德縣,DILA,master,,
2830,PL000000002884,,頭溝,41.1559,118.0707,中國-河北省-承德市-承德縣,DILA,master,,
2831,PL000000002885,,打造館,41.134,118.0027,中國-河北省-承德市-承德縣,DILA,master,,
2832,PL000000002886,,雙峰寺,41.0418,118.0052,中國-河北省-承德市-承德縣,DILA,master,,
2833,PL000000002887,,二溝,41.0414,118.1916,中國-河北省-承德市-承德縣,DILA,master,,
2834,PL000000002888,,牛山館,40.9899,118.2505,中國-河北省-承德市-承德縣,DILA,master,,
2835,PL000000002889,,六溝,40.9511,118.2897,中國-河北省-承德市-承德縣,DILA,master,,
2836,PL000000002890,,上板城,40.8348,118.0203,中國-河北省-承德市-承德縣,DILA,master,,
2837,PL000000002891,,下板城,40.7684,118.1938,中國-河北省-承德市-承德縣,DILA,master,,
2838,PL000000002892,,鞍匠屯上旗,40.7511,117.7077,中國-河北省-承德市-承德縣,DILA,master,,
2839,PL000000002893,,黑峪,40.6511,117.5165,中國-河北省-承德市-承德縣,DILA,master,,
2840,PL000000002894,,伏凌山,40.618787,117.479153,中國-河北省-承德市-興隆縣,DILA,master,,
2841,PL000000002895,,柳河口,40.6517,118.1683,中國-河北省-承德市-興隆縣,DILA,master,,
2842,PL000000002896,,黃崖戌,40.5618,117.2924,中國-河北省-承德市-興隆縣,DILA,master,,
2843,PL000000002897,,白馬川,40.5306,117.839,中國-河北省-承德市-興隆縣,DILA,master,,
2844,PL000000002898,,白馬川,40.5191,117.8509,中國-河北省-承德市-興隆縣,DILA,master,,
2845,PL000000002899,,磨刀峪,40.461,117.245,中國-河北省-承德市-興隆縣,DILA,master,,
2846,PL000000002900,,半壁山,40.3631,117.9342,中國-河北省-承德市-興隆縣,DILA,master,,
2847,PL000000002901,,分水嶺,40.3482,117.7564,中國-河北省-承德市-興隆縣,DILA,master,,
2848,PL000000002902,,俊靡,40.2993,117.8585,中國-河北省-承德市-興隆縣,DILA,master,,
2849,PL000000002903,,俊靡,40.2993,117.8585,中國-河北省-承德市-興隆縣,DILA,master,,
2850,PL000000002904,,俊靡,40.2956,117.8652,中國-河北省-承德市-興隆縣,DILA,master,,
2851,PL000000002905,,俊靡,40.2956,117.8652,中國-河北省-承德市-興隆縣,DILA,master,,
2852,PL000000002906,,將軍關,40.2714,117.3363,中國-河北省-承德市-興隆縣,DILA,master,,
2853,PL000000002907,,將軍石關,40.268,117.3404,中國-河北省-承德市-興隆縣,DILA,master,,
2854,PL000000002908,,雄武軍,40.2367,117.3778,中國-河北省-承德市-興隆縣,DILA,master,,
2855,PL000000002909,,墻子嶺關,40.4391,117.2405,中國-河北省-承德市-興隆縣,DILA,master,,
2856,PL000000002910,,富谷館,41.3265,118.7842,中國-河北省-承德市-平泉縣,DILA,master,,
2857,PL000000002911,,北五十家子,41.3133,118.8065,中國-河北省-承德市-平泉縣,DILA,master,,
2858,PL000000002912,,喀喇沁中旗,41.2587,118.7298,中國-河北省-承德市-平泉縣,DILA,master,,
2859,PL000000002913,,黃土梁,41.228,118.7709,中國-河北省-承德市-平泉縣,DILA,master,,
2860,PL000000002914,,梨樹溝,41.2191,118.5071,中國-河北省-承德市-平泉縣,DILA,master,,
2861,PL000000002915,,二道河,41.191,118.7538,中國-河北省-承德市-平泉縣,DILA,master,,
2862,PL000000002916,,櫻桃溝,41.1384,118.7425,中國-河北省-承德市-平泉縣,DILA,master,,
2863,PL000000002917,,富裕,41.1083,118.6837,中國-河北省-承德市-平泉縣,DILA,master,,
2864,PL000000002918,,鐵漿館,41.0807,118.743,中國-河北省-承德市-平泉縣,DILA,master,,
2865,PL000000002919,,八家,41.063,118.7561,中國-河北省-承德市-平泉縣,DILA,master,,
2866,PL000000002920,,平泉州,41.0055,118.6902,中國-河北省-承德市-平泉縣,DILA,master,,
2867,PL000000002921,,鹿而峽館,40.9769,118.4481,中國-河北省-承德市-平泉縣,DILA,master,,
2868,PL000000002922,,插漢河套,40.9576,118.6115,中國-河北省-承德市-平泉縣,DILA,master,,
2869,PL000000002923,,神山,40.9541,118.6495,中國-河北省-承德市-平泉縣,DILA,master,,
2870,PL000000002924,,澤州,40.9541,118.6495,中國-河北省-承德市-平泉縣,DILA,master,,
2871,PL000000002925,,安樂郡,40.9292,118.4375,中國-河北省-承德市-平泉縣,DILA,master,,
2872,PL000000002926,,打雞,40.9238,118.594,中國-河北省-承德市-平泉縣,DILA,master,,
2873,PL000000002927,,惠州,40.9238,118.594,中國-河北省-承德市-平泉縣,DILA,master,,
2874,PL000000002928,,南五十家子,40.9117,118.6525,中國-河北省-承德市-平泉縣,DILA,master,,
2875,PL000000002929,,四道溝,40.9115,118.5141,中國-河北省-承德市-平泉縣,DILA,master,,
2876,PL000000002930,,雅圖溝,40.8732,118.658,中國-河北省-承德市-平泉縣,DILA,master,,
2877,PL000000002931,,大吉口,40.8122,118.6006,中國-河北省-承德市-平泉縣,DILA,master,,
2878,PL000000002932,,黨壩,40.7667,118.6229,中國-河北省-承德市-平泉縣,DILA,master,,
2879,PL000000002933,,冷嶺,40.7466,118.6396,中國-河北省-承德市-平泉縣,DILA,master,,
2880,PL000000002934,,字縣,41.1988,118.8077,中國-河北省-承德市-平泉縣,DILA,master,,
2881,PL000000002935,,凡城,40.8322,118.6766,中國-河北省-承德市-平泉縣,DILA,master,,
2882,PL000000002936,,柳河館,41.1177,117.6374,中國-河北省-承德市-灤平縣,DILA,master,,
2883,PL000000002937,,金?屯,41.0512,117.505,中國-河北省-承德市-灤平縣,DILA,master,,
2884,PL000000002938,,宜興州,41.0288,117.3776,中國-河北省-承德市-灤平縣,DILA,master,,
2885,PL000000002939,,小興州,40.9989,117.3602,中國-河北省-承德市-灤平縣,DILA,master,,
2886,PL000000002940,,白檀,40.9875,117.3376,中國-河北省-承德市-灤平縣,DILA,master,,
2887,PL000000002941,,白檀,40.9812,117.3528,中國-河北省-承德市-灤平縣,DILA,master,,
2888,PL000000002942,,密雲郡,40.9812,117.3528,中國-河北省-承德市-灤平縣,DILA,master,,
2889,PL000000002943,,喇嘛洞,40.9761,117.4521,中國-河北省-承德市-灤平縣,DILA,master,,
2890,PL000000002944,,白檀,40.961,117.4742,中國-河北省-承德市-灤平縣,DILA,master,,
2891,PL000000002945,,臥如來館,40.9484,117.4344,中國-河北省-承德市-灤平縣,DILA,master,,
2892,PL000000002946,,興州,40.9454,117.6967,中國-河北省-承德市-灤平縣,DILA,master,,
2893,PL000000002947,,北安州,40.9336,117.7167,中國-河北省-承德市-灤平縣,DILA,master,,
2894,PL000000002948,,興化,40.9336,117.7167,中國-河北省-承德市-灤平縣,DILA,master,,
2895,PL000000002949,,灤平,40.9297,117.7418,中國-河北省-承德市-灤平縣,DILA,master,,
2896,PL000000002950,,鞍匠屯,40.9281,117.3419,中國-河北省-承德市-灤平縣,DILA,master,,
2897,PL000000002951,,西三岔口,40.9092,116.8799,中國-河北省-承德市-灤平縣,DILA,master,,
2898,PL000000002952,,虎石哈,40.899,116.9839,中國-河北省-承德市-灤平縣,DILA,master,,
2899,PL000000002953,,十八盤,40.8681,117.28,中國-河北省-承德市-灤平縣,DILA,master,,
2900,PL000000002954,,新館,40.8666,117.3349,中國-河北省-承德市-灤平縣,DILA,master,,
2901,PL000000002955,,小白旗,40.8488,117.1454,中國-河北省-承德市-灤平縣,DILA,master,,
2902,PL000000002956,,小十八盤,40.817,117.2476,中國-河北省-承德市-灤平縣,DILA,master,,
2903,PL000000002957,,色樹溝,40.8157,117.4232,中國-河北省-承德市-灤平縣,DILA,master,,
2904,PL000000002958,,三岔口,40.7774,117.2349,中國-河北省-承德市-灤平縣,DILA,master,,
2905,PL000000002959,,大店子,40.7768,117.1033,中國-河北省-承德市-灤平縣,DILA,master,,
2906,PL000000002960,,斛鹽戍,40.7408,117.3345,中國-河北省-承德市-灤平縣,DILA,master,,
2907,PL000000002961,,巴克什營,40.738,117.2499,中國-河北省-承德市-灤平縣,DILA,master,,
2908,PL000000002962,,滑鹽,40.7368,117.3347,中國-河北省-承德市-灤平縣,DILA,master,,
2909,PL000000002963,,東子店,40.8578,116.918,中國-河北省-承德市-灤平縣,DILA,master,,
2910,PL000000002965,,半壁山,41.7461,116.9589,中國-河北省-承德市-隆化縣,DILA,master,,
2911,PL000000002966,,阿拉超爾營,41.7376,117.4757,中國-河北省-承德市-隆化縣,DILA,master,,
2912,PL000000002967,,步步溝,41.6887,117.438,中國-河北省-承德市-隆化縣,DILA,master,,
2913,PL000000002968,,高麗營,41.6249,117.4831,中國-河北省-承德市-隆化縣,DILA,master,,
2914,PL000000002969,,唐三營,41.624,117.7741,中國-河北省-承德市-隆化縣,DILA,master,,
2915,PL000000002970,,白虎溝,41.5782,117.4429,中國-河北省-承德市-隆化縣,DILA,master,,
2916,PL000000002971,,張三營,41.5669,117.7381,中國-河北省-承德市-隆化縣,DILA,master,,
2917,PL000000002972,,郭家屯,41.5631,117.0963,中國-河北省-承德市-隆化縣,DILA,master,,
2918,PL000000002973,,坡賴村,41.5236,117.7797,中國-河北省-承德市-隆化縣,DILA,master,,
2919,PL000000002974,,沙府營,41.3345,117.6294,中國-河北省-承德市-隆化縣,DILA,master,,
2920,PL000000002975,,黃姑屯,41.3126,117.7363,中國-河北省-承德市-隆化縣,DILA,master,,
2921,PL000000002976,,方城,41.3126,117.7363,中國-河北省-承德市-隆化縣,DILA,master,,
2922,PL000000002977,,安州,41.3126,117.7363,中國-河北省-承德市-隆化縣,DILA,master,,
2923,PL000000002978,,廣陽郡,41.3126,117.7363,中國-河北省-承德市-隆化縣,DILA,master,,
2924,PL000000002979,,北店子,41.2915,117.3514,中國-河北省-承德市-隆化縣,DILA,master,,
2925,PL000000002980,,太平莊,41.2342,117.3889,中國-河北省-承德市-隆化縣,DILA,master,,
2926,PL000000002981,,中關,41.1828,117.945,中國-河北省-承德市-隆化縣,DILA,master,,
2927,PL000000002982,,森吉圖,41.8806,116.5708,中國-河北省-承德市-豐寧滿族自治縣,DILA,master,,
2928,PL000000002983,,干溝門,41.666,116.6601,中國-河北省-承德市-豐寧滿族自治縣,DILA,master,,
2929,PL000000002984,,花家營,41.4861,116.8228,中國-河北省-承德市-豐寧滿族自治縣,DILA,master,,
2930,PL000000002985,,上黃旗,41.4715,116.6722,中國-河北省-承德市-豐寧滿族自治縣,DILA,master,,
2931,PL000000002986,,城根營,41.4215,116.692,中國-河北省-承德市-豐寧滿族自治縣,DILA,master,,
2932,PL000000002987,,西密雲戍,41.3158,116.6122,中國-河北省-承德市-豐寧滿族自治縣,DILA,master,,
2933,PL000000002988,,鄧家柵,41.2301,116.3635,中國-河北省-承德市-豐寧滿族自治縣,DILA,master,,
2934,PL000000002989,,豐寧,41.2234,117.2213,中國-河北省-承德市-豐寧滿族自治縣,DILA,master,,
2935,PL000000002990,,大閣幾,41.2022,116.6502,中國-河北省-承德市-豐寧滿族自治縣,DILA,master,,
2936,PL000000002991,,滿套兒,41.184,116.682,中國-河北省-承德市-豐寧滿族自治縣,DILA,master,,
2937,PL000000002992,,古房兒,41.1381,116.8385,中國-河北省-承德市-豐寧滿族自治縣,DILA,master,,
2938,PL000000002993,,洪湯寺,41.1291,116.5,中國-河北省-承德市-豐寧滿族自治縣,DILA,master,,
2939,PL000000002994,,和尚鋪,41.0812,116.5436,中國-河北省-承德市-豐寧滿族自治縣,DILA,master,,
2940,PL000000002995,,哈當,41.014,116.8055,中國-河北省-承德市-豐寧滿族自治縣,DILA,master,,
2941,PL000000002996,,窄林兒,41.0013,116.9582,中國-河北省-承德市-豐寧滿族自治縣,DILA,master,,
2942,PL000000002997,,窄林兒,41.0008,116.9464,中國-河北省-承德市-豐寧滿族自治縣,DILA,master,,
2943,PL000000002998,,密雲,41.2394,116.8425,中國-河北省-承德市-豐寧滿族自治縣,DILA,master,,
2944,PL000000002999,,要陽,41.1429,117.0759,中國-河北省-承德市-豐寧滿族自治縣,DILA,master,,
2945,PL000000003000,,要陽都尉,41.0077,117.0196,中國-河北省-承德市-豐寧滿族自治縣,DILA,master,,
2946,PL000000003001,,匠營,41.3925,116.8926,中國-河北省-承德市-豐寧滿族自治縣,DILA,master,,
2947,PL000000003002,,龍須門,40.6508,118.5867,中國-河北省-承德市-寬城滿族自治縣,DILA,master,,
2948,PL000000003003,,湯兔,40.6395,118.9789,中國-河北省-承德市-寬城滿族自治縣,DILA,master,,
2949,PL000000003004,,聶門,40.6084,118.6559,中國-河北省-承德市-寬城滿族自治縣,DILA,master,,
2950,PL000000003005,,寬城,40.5982,118.4904,中國-河北省-承德市-寬城滿族自治縣,DILA,master,,
2951,PL000000003006,,寬河,40.5982,118.4904,中國-河北省-承德市-寬城滿族自治縣,DILA,master,,
2952,PL000000003007,,寬民站,40.587,118.563,中國-河北省-承德市-寬城滿族自治縣,DILA,master,,
2953,PL000000003008,,逃軍兔,40.5587,118.8083,中國-河北省-承德市-寬城滿族自治縣,DILA,master,,
2954,PL000000003009,,黃崖,40.5382,118.4733,中國-河北省-承德市-寬城滿族自治縣,DILA,master,,
2955,PL000000003010,,忽魯思大,40.5096,118.6983,中國-河北省-承德市-寬城滿族自治縣,DILA,master,,
2956,PL000000003011,,孤山,40.439,118.5388,中國-河北省-承德市-寬城滿族自治縣,DILA,master,,
2957,PL000000003012,,青山口,40.3922,118.5752,中國-河北省-承德市-寬城滿族自治縣,DILA,master,,
2958,PL000000003013,,青山口關,40.3818,118.5829,中國-河北省-承德市-寬城滿族自治縣,DILA,master,,
2959,PL000000003014,,大姑站,40.4528,118.5953,中國-河北省-承德市-寬城滿族自治縣,DILA,master,,
2960,PL000000003015,,尖山寨,42.1373,117.3573,中國-河北省-承德市-圍場滿族蒙古族自治縣,DILA,master,,
2961,PL000000003016,,圍場廳,41.9039,118.176,中國-河北省-承德市-圍場滿族蒙古族自治縣,DILA,master,,
2962,PL000000003017,,奚,41.8847,117.0009,中國-河北省-承德市-圍場滿族蒙古族自治縣,DILA,master,,
2963,PL000000003018,,庫莫奚,42.4326,117.8007,中國-河北省-承德市-圍場滿族蒙古族自治縣,DILA,master,,
2964,PL000000003019,,宇文部,41.8772,118.1445,中國-河北省-承德市-圍場滿族蒙古族自治縣,DILA,master,,
2965,PL000000003021,,滄州,38.3081,116.8716,中國-河北省-滄州市-新華區,DILA,master,,
2966,PL000000003022,,滄州,38.3081,116.8716,中國-河北省-滄州市-新華區,DILA,master,,
2967,PL000000003023,,清池,38.3081,116.8716,中國-河北省-滄州市-新華區,DILA,master,,
2968,PL000000003024,,長蘆鎮,38.3081,116.8716,中國-河北省-滄州市-新華區,DILA,master,,
2969,PL000000003025,,長蘆,38.3081,116.8716,中國-河北省-滄州市-新華區,DILA,master,,
2970,PL000000003026,,滄州,38.3081,116.8716,中國-河北省-滄州市-新華區,DILA,master,,
2971,PL000000003027,,水月寺,38.322232,116.853376,中國-河北省-滄州市-運河區,DILA,master,,
2972,PL000000003028,,長蘆,38.2942,116.8376,中國-河北省-滄州市-運河區,DILA,master,,
2973,PL000000003029,,盧,38.3,116.7,中國-河北省-滄州市-滄縣,DILA,master,,
2974,PL000000003030,,安定寺,38.292197,116.871841,中國-河北省-滄州市-滄縣,DILA,master,,
2975,PL000000003031,,興濟,38.4625,116.9153,中國-河北省-滄州市-滄縣,DILA,master,,
2976,PL000000003032,,興濟,38.4625,116.9153,中國-河北省-滄州市-滄縣,DILA,master,,
2977,PL000000003033,,興濟鎮,38.4572,116.9127,中國-河北省-滄州市-滄縣,DILA,master,,
2978,PL000000003034,,竇店,38.4048,116.9585,中國-河北省-滄州市-滄縣,DILA,master,,
2979,PL000000003035,,中邑,38.3837,117.068,中國-河北省-滄州市-滄縣,DILA,master,,
2980,PL000000003036,,杜林鎮,38.3389,116.7418,中國-河北省-滄州市-滄縣,DILA,master,,
2981,PL000000003037,,景城鎮,38.3174,116.539,中國-河北省-滄州市-滄縣,DILA,master,,
2982,PL000000003038,,景城,38.3121,116.5531,中國-河北省-滄州市-滄縣,DILA,master,,
2983,PL000000003039,,京城,38.3104,116.5298,中國-河北省-滄州市-滄縣,DILA,master,,
2984,PL000000003040,,景城,38.3058,116.5469,中國-河北省-滄州市-滄縣,DILA,master,,
2985,PL000000003041,,景成,38.302,116.5639,中國-河北省-滄州市-滄縣,DILA,master,,
2986,PL000000003042,,風化店,38.2864,116.9983,中國-河北省-滄州市-滄縣,DILA,master,,
2987,PL000000003043,,捷地,38.2549,116.8796,中國-河北省-滄州市-滄縣,DILA,master,,
2988,PL000000003044,,浮陽,38.2373,117.0401,中國-河北省-滄州市-滄縣,DILA,master,,
2989,PL000000003045,,高川鎮,38.2346,116.5678,中國-河北省-滄州市-滄縣,DILA,master,,
2990,PL000000003046,,清池,38.2283,117.044,中國-河北省-滄州市-滄縣,DILA,master,,
2991,PL000000003047,,景城郡,38.2283,117.044,中國-河北省-滄州市-滄縣,DILA,master,,
2992,PL000000003048,,浮陽,38.2254,117.0266,中國-河北省-滄州市-滄縣,DILA,master,,
2993,PL000000003049,,浮陽郡,38.2254,117.0266,中國-河北省-滄州市-滄縣,DILA,master,,
2994,PL000000003050,,浮陽,38.225,117.0266,中國-河北省-滄州市-滄縣,DILA,master,,
2995,PL000000003051,,浮陽,38.225,117.0266,中國-河北省-滄州市-滄縣,DILA,master,,
2996,PL000000003052,,北皮城,38.2235,116.7104,中國-河北省-滄州市-滄縣,DILA,master,,
2997,PL000000003053,,成平,38.2228,116.5704,中國-河北省-滄州市-滄縣,DILA,master,,
2998,PL000000003054,,舊滄州集,38.2145,117.0359,中國-河北省-滄州市-滄縣,DILA,master,,
2999,PL000000003055,,成平,38.214,116.5657,中國-河北省-滄州市-滄縣,DILA,master,,
3000,PL000000003056,,成平,38.214,116.5657,中國-河北省-滄州市-滄縣,DILA,master,,
3001,PL000000003057,,渤海郡,38.2137,117.0484,中國-河北省-滄州市-滄縣,DILA,master,,
3002,PL000000003058,,浮陽,38.2137,117.0484,中國-河北省-滄州市-滄縣,DILA,master,,
3003,PL000000003059,,清池,38.2129,117.038,中國-河北省-滄州市-滄縣,DILA,master,,
3004,PL000000003060,,七里淀,38.2072,116.93,中國-河北省-滄州市-滄縣,DILA,master,,
3005,PL000000003061,,成平,38.2039,116.5781,中國-河北省-滄州市-滄縣,DILA,master,,
3006,PL000000003062,,白楊橋,38.1976,116.7489,中國-河北省-滄州市-滄縣,DILA,master,,
3007,PL000000003063,,滄州,38.1885,117.0373,中國-河北省-滄州市-滄縣,DILA,master,,
3008,PL000000003064,,王官屯,38.1653,116.9956,中國-河北省-滄州市-滄縣,DILA,master,,
3009,PL000000003065,,渤海郡,38.1512,116.8798,中國-河北省-滄州市-滄縣,DILA,master,,
3010,PL000000003066,,郎兒口,38.1309,116.8791,中國-河北省-滄州市-滄縣,DILA,master,,
3011,PL000000003067,,磚河鎮,38.2204,116.791,中國-河北省-滄州市-滄縣,DILA,master,,
3012,PL000000003068,,滄州,38.2278,117.0434,中國-河北省-滄州市-滄縣,DILA,master,,
3013,PL000000003069,,清池,38.2278,117.0434,中國-河北省-滄州市-滄縣,DILA,master,,
3014,PL000000003070,,廣海節度使,38.1885,117.0373,中國-河北省-滄州市-滄縣,DILA,master,,
3015,PL000000003071,,流河鎮,38.6909,116.8578,中國-河北省-滄州市-青縣,DILA,master,,
3016,PL000000003072,,東平舒,38.6796,116.8013,中國-河北省-滄州市-青縣,DILA,master,,
3017,PL000000003073,,東平舒,38.6734,116.8239,中國-河北省-滄州市-青縣,DILA,master,,
3018,PL000000003074,,東平舒,38.6284,116.8073,中國-河北省-滄州市-青縣,DILA,master,,
3019,PL000000003075,,東平舒,38.6284,116.8073,中國-河北省-滄州市-青縣,DILA,master,,
3020,PL000000003076,,青縣,38.5798,116.8352,中國-河北省-滄州市-青縣,DILA,master,,
3021,PL000000003077,,青縣,38.5798,116.8352,中國-河北省-滄州市-青縣,DILA,master,,
3022,PL000000003078,,會川,38.5798,116.8352,中國-河北省-滄州市-青縣,DILA,master,,
3023,PL000000003079,,清州,38.5798,116.8352,中國-河北省-滄州市-青縣,DILA,master,,
3024,PL000000003080,,乾寧軍,38.5704,116.8312,中國-河北省-滄州市-青縣,DILA,master,,
3025,PL000000003081,,木門鎮,38.5085,116.8441,中國-河北省-滄州市-青縣,DILA,master,,
3026,PL000000003082,,參戶亭,38.4923,116.7583,中國-河北省-滄州市-青縣,DILA,master,,
3027,PL000000003083,,參戶,38.4835,116.768,中國-河北省-滄州市-青縣,DILA,master,,
3028,PL000000003084,,苑橋鎮,38.4318,116.7802,中國-河北省-滄州市-青縣,DILA,master,,
3029,PL000000003085,,新集鎮,38.429,116.7816,中國-河北省-滄州市-青縣,DILA,master,,
3030,PL000000003086,,崇仙鎮,38.4216,116.6376,中國-河北省-滄州市-青縣,DILA,master,,
3031,PL000000003087,,清州,38.5798,116.8352,中國-河北省-滄州市-青縣,DILA,master,,
3032,PL000000003088,,下口鎮,37.969,116.5855,中國-河北省-滄州市-東光縣,DILA,master,,
3033,PL000000003089,,新樂,37.9595,116.8005,中國-河北省-滄州市-東光縣,DILA,master,,
3034,PL000000003090,,新樂,37.9595,116.8005,中國-河北省-滄州市-東光縣,DILA,master,,
3035,PL000000003091,,東光,37.8979,116.646,中國-河北省-滄州市-東光縣,DILA,master,,
3036,PL000000003092,,東光,37.8979,116.646,中國-河北省-滄州市-東光縣,DILA,master,,
3037,PL000000003093,,東光,37.8853,116.6611,中國-河北省-滄州市-東光縣,DILA,master,,
3038,PL000000003094,,東光,37.8853,116.6611,中國-河北省-滄州市-東光縣,DILA,master,,
3039,PL000000003095,,東光,37.8853,116.6535,中國-河北省-滄州市-東光縣,DILA,master,,
3040,PL000000003096,,東光,37.8837,116.5424,中國-河北省-滄州市-東光縣,DILA,master,,
3041,PL000000003097,,東光,37.8837,116.5424,中國-河北省-滄州市-東光縣,DILA,master,,
3042,PL000000003098,,東光,37.8837,116.5424,中國-河北省-滄州市-東光縣,DILA,master,,
3043,PL000000003099,,永靜軍,37.8837,116.5424,中國-河北省-滄州市-東光縣,DILA,master,,
3044,PL000000003100,,東光,37.8837,116.5424,中國-河北省-滄州市-東光縣,DILA,master,,
3045,PL000000003101,,景州,37.8837,116.5424,中國-河北省-滄州市-東光縣,DILA,master,,
3046,PL000000003102,,景州,37.8837,116.5424,中國-河北省-滄州市-東光縣,DILA,master,,
3047,PL000000003103,,歡州,37.8837,116.5424,中國-河北省-滄州市-東光縣,DILA,master,,
3048,PL000000003104,,胡蘇,37.8176,116.7153,中國-河北省-滄州市-東光縣,DILA,master,,
3049,PL000000003105,,胡蘇,37.8113,116.7176,中國-河北省-滄州市-東光縣,DILA,master,,
3050,PL000000003106,,臨津鎮,37.808,116.6902,中國-河北省-滄州市-東光縣,DILA,master,,
3051,PL000000003107,,連鎮,37.7935,116.4956,中國-河北省-滄州市-東光縣,DILA,master,,
3052,PL000000003108,,漢武帝望海南臺,38.2682,117.6822,中國-河北省-滄州市-海興縣,DILA,master,,
3053,PL000000003109,,丁村,38.1986,117.4447,中國-河北省-滄州市-海興縣,DILA,master,,
3054,PL000000003110,,柳國,38.192,117.4125,中國-河北省-滄州市-海興縣,DILA,master,,
3055,PL000000003111,,小山,38.1884,117.6213,中國-河北省-滄州市-海興縣,DILA,master,,
3056,PL000000003112,,蘇基鎮,38.1343,117.508,中國-河北省-滄州市-海興縣,DILA,master,,
3057,PL000000003113,,海盈場,38.1343,117.508,中國-河北省-滄州市-海興縣,DILA,master,,
3058,PL000000003114,,阜財場,38.0459,117.4794,中國-河北省-滄州市-海興縣,DILA,master,,
3059,PL000000003115,,高家灣鎮,38.042,117.4799,中國-河北省-滄州市-海興縣,DILA,master,,
3060,PL000000003116,,鹽山,38.0544,117.2352,中國-河北省-滄州市-鹽山縣,DILA,master,,
3061,PL000000003117,,鹽山,38.0544,117.2352,中國-河北省-滄州市-鹽山縣,DILA,master,,
3062,PL000000003118,,高城,38.019,117.3385,中國-河北省-滄州市-鹽山縣,DILA,master,,
3063,PL000000003119,,高城,38.0175,117.3387,中國-河北省-滄州市-鹽山縣,DILA,master,,
3064,PL000000003120,,高城,38.0175,117.3387,中國-河北省-滄州市-鹽山縣,DILA,master,,
3065,PL000000003121,,高成,38.0161,117.355,中國-河北省-滄州市-鹽山縣,DILA,master,,
3066,PL000000003122,,高城,38.0064,117.3256,中國-河北省-滄州市-鹽山縣,DILA,master,,
3067,PL000000003123,,望樹鎮,37.948,117.3322,中國-河北省-滄州市-鹽山縣,DILA,master,,
3068,PL000000003124,,饒安,37.8772,117.1357,中國-河北省-滄州市-鹽山縣,DILA,master,,
3069,PL000000003125,,饒安,37.8748,117.1375,中國-河北省-滄州市-鹽山縣,DILA,master,,
3070,PL000000003126,,饒安,37.8748,117.1375,中國-河北省-滄州市-鹽山縣,DILA,master,,
3071,PL000000003127,,饒安,37.8727,117.1413,中國-河北省-滄州市-鹽山縣,DILA,master,,
3072,PL000000003128,,無棣,37.8715,117.4245,中國-河北省-滄州市-鹽山縣,DILA,master,,
3073,PL000000003129,,千童,37.8697,117.1504,中國-河北省-滄州市-鹽山縣,DILA,master,,
3074,PL000000003130,,平津鄉,37.8689,117.2578,中國-河北省-滄州市-鹽山縣,DILA,master,,
3075,PL000000003131,,舊縣鎮,37.868,117.1467,中國-河北省-滄州市-鹽山縣,DILA,master,,
3076,PL000000003132,,舊縣倉,37.868,117.1467,中國-河北省-滄州市-鹽山縣,DILA,master,,
3077,PL000000003133,,舊縣,37.8656,117.1395,中國-河北省-滄州市-鹽山縣,DILA,master,,
3078,PL000000003134,,無棣,37.8648,117.4257,中國-河北省-滄州市-鹽山縣,DILA,master,,
3079,PL000000003135,,無棣鎮,37.862,117.4222,中國-河北省-滄州市-鹽山縣,DILA,master,,
3080,PL000000003136,,慶雲,37.8591,117.4043,中國-河北省-滄州市-鹽山縣,DILA,master,,
3081,PL000000003137,,無棣,37.8591,117.4043,中國-河北省-滄州市-鹽山縣,DILA,master,,
3082,PL000000003138,,慶雲,37.852,117.4147,中國-河北省-滄州市-鹽山縣,DILA,master,,
3083,PL000000003139,,都尉,38.0161,117.355,中國-河北省-滄州市-鹽山縣,DILA,master,,
3084,PL000000003140,,太史堡,38.4936,115.8247,中國-河北省-滄州市-肅寧縣,DILA,master,,
3085,PL000000003141,,肅寧,38.431,115.8415,中國-河北省-滄州市-肅寧縣,DILA,master,,
3086,PL000000003142,,肅寧,38.431,115.8415,中國-河北省-滄州市-肅寧縣,DILA,master,,
3087,PL000000003143,,肅寧,38.431,115.8415,中國-河北省-滄州市-肅寧縣,DILA,master,,
3088,PL000000003144,,肅寧寨,38.431,115.8415,中國-河北省-滄州市-肅寧縣,DILA,master,,
3089,PL000000003145,,豐樂堡,38.4235,115.9374,中國-河北省-滄州市-肅寧縣,DILA,master,,
3090,PL000000003146,,武垣城,38.3956,115.8962,中國-河北省-滄州市-肅寧縣,DILA,master,,
3091,PL000000003147,,武垣,38.3874,115.9,中國-河北省-滄州市-肅寧縣,DILA,master,,
3092,PL000000003148,,武垣,38.3832,115.9092,中國-河北省-滄州市-肅寧縣,DILA,master,,
3093,PL000000003149,,武垣,38.3832,115.9092,中國-河北省-滄州市-肅寧縣,DILA,master,,
3094,PL000000003150,,無蔞亭,38.3685,115.8345,中國-河北省-滄州市-肅寧縣,DILA,master,,
3095,PL000000003151,,張國寺,38.038475,116.702822,中國-河北省-滄州市-南皮縣,DILA,master,,
3096,PL000000003152,,半壁店,38.1255,116.7563,中國-河北省-滄州市-南皮縣,DILA,master,,
3097,PL000000003153,,薛家窩,38.1104,116.6712,中國-河北省-滄州市-南皮縣,DILA,master,,
3098,PL000000003154,,南皮,38.1003,116.7091,中國-河北省-滄州市-南皮縣,DILA,master,,
3099,PL000000003155,,勃海郡,38.1003,116.7091,中國-河北省-滄州市-南皮縣,DILA,master,,
3100,PL000000003156,,渤海郡,38.0953,116.7043,中國-河北省-滄州市-南皮縣,DILA,master,,
3101,PL000000003157,,南皮,38.0953,116.7043,中國-河北省-滄州市-南皮縣,DILA,master,,
3102,PL000000003158,,渤海郡,38.0953,116.7043,中國-河北省-滄州市-南皮縣,DILA,master,,
3103,PL000000003159,,南皮,38.0953,116.7043,中國-河北省-滄州市-南皮縣,DILA,master,,
3104,PL000000003160,,南皮,38.0952,116.7181,中國-河北省-滄州市-南皮縣,DILA,master,,
3105,PL000000003161,,渤海郡,38.0857,116.7259,中國-河北省-滄州市-南皮縣,DILA,master,,
3106,PL000000003162,,南皮,38.0857,116.7259,中國-河北省-滄州市-南皮縣,DILA,master,,
3107,PL000000003163,,南皮,38.0857,116.7259,中國-河北省-滄州市-南皮縣,DILA,master,,
3108,PL000000003164,,南皮,38.0392,116.7115,中國-河北省-滄州市-南皮縣,DILA,master,,
3109,PL000000003165,,南皮,38.0367,116.7064,中國-河北省-滄州市-南皮縣,DILA,master,,
3110,PL000000003166,,南皮,38.0367,116.7064,中國-河北省-滄州市-南皮縣,DILA,master,,
3111,PL000000003167,,南皮,38.0367,116.7064,中國-河北省-滄州市-南皮縣,DILA,master,,
3112,PL000000003168,,魏家莊,38.0367,116.7064,中國-河北省-滄州市-南皮縣,DILA,master,,
3113,PL000000003169,,南皮,38.0367,116.7064,中國-河北省-滄州市-南皮縣,DILA,master,,
3114,PL000000003170,,南皮鎮,38.0367,116.7064,中國-河北省-滄州市-南皮縣,DILA,master,,
3115,PL000000003171,,南皮,38.0367,116.7064,中國-河北省-滄州市-南皮縣,DILA,master,,
3116,PL000000003172,,張為村,37.9929,117.0221,中國-河北省-滄州市-南皮縣,DILA,master,,
3117,PL000000003173,,新鄉城,37.9355,116.8848,中國-河北省-滄州市-南皮縣,DILA,master,,
3118,PL000000003174,,高樂,37.915,116.9129,中國-河北省-滄州市-南皮縣,DILA,master,,
3119,PL000000003175,,安陵,37.6989,116.4075,中國-河北省-滄州市-吳橋縣,DILA,master,,
3120,PL000000003176,,東安陵,37.6929,116.4104,中國-河北省-滄州市-吳橋縣,DILA,master,,
3121,PL000000003177,,范屯,37.6919,116.5826,中國-河北省-滄州市-吳橋縣,DILA,master,,
3122,PL000000003178,,安陵,37.6737,116.439,中國-河北省-滄州市-吳橋縣,DILA,master,,
3123,PL000000003179,,桑園鎮,37.622,116.3841,中國-河北省-滄州市-吳橋縣,DILA,master,,
3124,PL000000003180,,吳橋,37.6059,116.5133,中國-河北省-滄州市-吳橋縣,DILA,master,,
3125,PL000000003181,,吳橋鎮,37.6032,116.5098,中國-河北省-滄州市-吳橋縣,DILA,master,,
3126,PL000000003182,,吳橋,37.6005,116.5244,中國-河北省-滄州市-吳橋縣,DILA,master,,
3127,PL000000003183,,吳橋,37.6001,116.5169,中國-河北省-滄州市-吳橋縣,DILA,master,,
3128,PL000000003184,,白馬寺,38.183573,116.117923,中國-河北省-滄州市-獻縣,DILA,master,,
3129,PL000000003185,,商家林,38.307,116.0819,中國-河北省-滄州市-獻縣,DILA,master,,
3130,PL000000003186,,韓村,38.3055,116.3581,中國-河北省-滄州市-獻縣,DILA,master,,
3131,PL000000003187,,中水,38.2937,115.9963,中國-河北省-滄州市-獻縣,DILA,master,,
3132,PL000000003188,,北林鎮,38.2867,116.2381,中國-河北省-滄州市-獻縣,DILA,master,,
3133,PL000000003189,,永寧鎮,38.2859,116.3146,中國-河北省-滄州市-獻縣,DILA,master,,
3134,PL000000003190,,中水,38.2833,115.9876,中國-河北省-滄州市-獻縣,DILA,master,,
3135,PL000000003191,,中水,38.2791,115.9824,中國-河北省-滄州市-獻縣,DILA,master,,
3136,PL000000003192,,中水,38.2791,115.9824,中國-河北省-滄州市-獻縣,DILA,master,,
3137,PL000000003193,,淮鎮店,38.2222,116.3611,中國-河北省-滄州市-獻縣,DILA,master,,
3138,PL000000003194,,淮鎮,38.2172,116.371,中國-河北省-滄州市-獻縣,DILA,master,,
3139,PL000000003195,,獻縣,38.1899,116.1245,中國-河北省-滄州市-獻縣,DILA,master,,
3140,PL000000003196,,獻縣,38.1899,116.1245,中國-河北省-滄州市-獻縣,DILA,master,,
3141,PL000000003197,,樂壽,38.1899,116.1245,中國-河北省-滄州市-獻縣,DILA,master,,
3142,PL000000003198,,樂壽,38.1899,116.1245,中國-河北省-滄州市-獻縣,DILA,master,,
3143,PL000000003199,,樂壽,38.1899,116.1245,中國-河北省-滄州市-獻縣,DILA,master,,
3144,PL000000003200,,樂壽,38.1899,116.1245,中國-河北省-滄州市-獻縣,DILA,master,,
3145,PL000000003201,,樂城,38.1899,116.1245,中國-河北省-滄州市-獻縣,DILA,master,,
3146,PL000000003202,,河間國,38.1576,116.2067,中國-河北省-滄州市-獻縣,DILA,master,,
3147,PL000000003203,,樂成,38.1576,116.2067,中國-河北省-滄州市-獻縣,DILA,master,,
3148,PL000000003204,,河間國,38.1576,116.2067,中國-河北省-滄州市-獻縣,DILA,master,,
3149,PL000000003205,,樂成,38.1576,116.2067,中國-河北省-滄州市-獻縣,DILA,master,,
3150,PL000000003206,,河間國,38.1436,116.1899,中國-河北省-滄州市-獻縣,DILA,master,,
3151,PL000000003207,,樂城,38.1436,116.1899,中國-河北省-滄州市-獻縣,DILA,master,,
3152,PL000000003208,,河間郡,38.1401,116.1928,中國-河北省-滄州市-獻縣,DILA,master,,
3153,PL000000003209,,樂成,38.1401,116.1928,中國-河北省-滄州市-獻縣,DILA,master,,
3154,PL000000003210,,單家橋,38.13,116.1658,中國-河北省-滄州市-獻縣,DILA,master,,
3155,PL000000003211,,獻州,38.1899,116.1245,中國-河北省-滄州市-獻縣,DILA,master,,
3156,PL000000003212,,孟村,38.0657,117.107,中國-河北省-滄州市-孟村回族自治縣,DILA,master,,
3157,PL000000003213,,孟村,38.0553,117.1079,中國-河北省-滄州市-孟村回族自治縣,DILA,master,,
3158,PL000000003214,,饒安,37.9996,117.1042,中國-河北省-滄州市-孟村回族自治縣,DILA,master,,
3159,PL000000003215,,饒安鎮,37.9809,117.1041,中國-河北省-滄州市-孟村回族自治縣,DILA,master,,
3160,PL000000003216,,實性寺,38.083354,116.57277,中國-河北省-滄州市-泊頭市,DILA,master,,
3161,PL000000003217,,建成,38.1662,116.587,中國-河北省-滄州市-泊頭市,DILA,master,,
3162,PL000000003218,,劉解鎮,38.1271,116.3575,中國-河北省-滄州市-泊頭市,DILA,master,,
3163,PL000000003219,,劉解鎮,38.126,116.3562,中國-河北省-滄州市-泊頭市,DILA,master,,
3164,PL000000003220,,齊家堰,38.1136,116.6127,中國-河北省-滄州市-泊頭市,DILA,master,,
3165,PL000000003221,,泊頭鎮,38.0503,116.5862,中國-河北省-滄州市-泊頭市,DILA,master,,
3166,PL000000003222,,泊頭鎮,38.038,116.5949,中國-河北省-滄州市-泊頭市,DILA,master,,
3167,PL000000003223,,富莊驛,38.0273,116.1346,中國-河北省-滄州市-泊頭市,DILA,master,,
3168,PL000000003224,,弓高,38.0222,116.4573,中國-河北省-滄州市-泊頭市,DILA,master,,
3169,PL000000003225,,候井,38.0199,116.4673,中國-河北省-滄州市-泊頭市,DILA,master,,
3170,PL000000003226,,南大樹鎮,38.0198,116.3803,中國-河北省-滄州市-泊頭市,DILA,master,,
3171,PL000000003227,,弓高鎮,38.0185,116.4715,中國-河北省-滄州市-泊頭市,DILA,master,,
3172,PL000000003228,,交河,38.0162,116.2948,中國-河北省-滄州市-泊頭市,DILA,master,,
3173,PL000000003229,,交河,38.0162,116.2948,中國-河北省-滄州市-泊頭市,DILA,master,,
3174,PL000000003230,,交河,38.0162,116.2948,中國-河北省-滄州市-泊頭市,DILA,master,,
3175,PL000000003231,,弓高,38.0137,116.4701,中國-河北省-滄州市-泊頭市,DILA,master,,
3176,PL000000003232,,北望鎮,37.9977,116.123,中國-河北省-滄州市-泊頭市,DILA,master,,
3177,PL000000003233,,開元寺,38.848778,116.134139,中國-河北省-滄州市-任丘市,DILA,master,,
3178,PL000000003234,,鄚縣,38.8732,116.1348,中國-河北省-滄州市-任丘市,DILA,master,,
3179,PL000000003235,,鄚縣,38.8712,116.1381,中國-河北省-滄州市-任丘市,DILA,master,,
3180,PL000000003236,,鄚縣,38.8712,116.1381,中國-河北省-滄州市-任丘市,DILA,master,,
3181,PL000000003237,,鄚縣,38.8568,116.1342,中國-河北省-滄州市-任丘市,DILA,master,,
3182,PL000000003238,,鄚市鎮,38.8541,116.1236,中國-河北省-滄州市-任丘市,DILA,master,,
3183,PL000000003239,,莫亭,38.8506,116.123,中國-河北省-滄州市-任丘市,DILA,master,,
3184,PL000000003240,,鄀縣,38.8505,116.1238,中國-河北省-滄州市-任丘市,DILA,master,,
3185,PL000000003241,,文安郡,38.8492,116.1096,中國-河北省-滄州市-任丘市,DILA,master,,
3186,PL000000003242,,莫縣,38.8492,116.1096,中國-河北省-滄州市-任丘市,DILA,master,,
3187,PL000000003243,,鄚鎮,38.849,116.1205,中國-河北省-滄州市-任丘市,DILA,master,,
3188,PL000000003244,,阿陵城,38.7786,116.2024,中國-河北省-滄州市-任丘市,DILA,master,,
3189,PL000000003245,,阿陵,38.7778,116.1721,中國-河北省-滄州市-任丘市,DILA,master,,
3190,PL000000003246,,長茅鎮,38.7583,116.3768,中國-河北省-滄州市-任丘市,DILA,master,,
3191,PL000000003247,,長豐鎮,38.7573,116.3756,中國-河北省-滄州市-任丘市,DILA,master,,
3192,PL000000003248,,長豐,38.7509,116.3785,中國-河北省-滄州市-任丘市,DILA,master,,
3193,PL000000003249,,任丘,38.7069,116.1002,中國-河北省-滄州市-任丘市,DILA,master,,
3194,PL000000003250,,任丘,38.7069,116.1002,中國-河北省-滄州市-任丘市,DILA,master,,
3195,PL000000003251,,任丘,38.7069,116.1002,中國-河北省-滄州市-任丘市,DILA,master,,
3196,PL000000003252,,任丘,38.7069,116.1002,中國-河北省-滄州市-任丘市,DILA,master,,
3197,PL000000003253,,莫州,38.7069,116.1002,中國-河北省-滄州市-任丘市,DILA,master,,
3198,PL000000003254,,任丘,38.7069,116.1002,中國-河北省-滄州市-任丘市,DILA,master,,
3199,PL000000003255,,鎖井口,38.6843,116.3446,中國-河北省-滄州市-任丘市,DILA,master,,
3200,PL000000003256,,新中鎮,38.5792,116.0646,中國-河北省-滄州市-任丘市,DILA,master,,
3201,PL000000003257,,莫州,38.8506,116.123,中國-河北省-滄州市-任丘市,DILA,master,,
3202,PL000000003258,,同居鎮,38.5956,117.213,中國-河北省-滄州市-黃驊市,DILA,master,,
3203,PL000000003259,,祁口,38.5933,117.571,中國-河北省-滄州市-黃驊市,DILA,master,,
3204,PL000000003260,,乾符寨,38.5852,117.17,中國-河北省-滄州市-黃驊市,DILA,master,,
3205,PL000000003261,,魯城,38.5835,117.1524,中國-河北省-滄州市-黃驊市,DILA,master,,
3206,PL000000003262,,章武,38.5763,117.1762,中國-河北省-滄州市-黃驊市,DILA,master,,
3207,PL000000003263,,章武,38.5763,117.1762,中國-河北省-滄州市-黃驊市,DILA,master,,
3208,PL000000003264,,魯城,38.5691,117.1666,中國-河北省-滄州市-黃驊市,DILA,master,,
3209,PL000000003265,,嚴鎮場,38.5531,117.3226,中國-河北省-滄州市-黃驊市,DILA,master,,
3210,PL000000003266,,章武,38.542,117.1091,中國-河北省-滄州市-黃驊市,DILA,master,,
3211,PL000000003267,,孫正莊,38.536,117.3002,中國-河北省-滄州市-黃驊市,DILA,master,,
3212,PL000000003268,,章武,38.5329,117.1555,中國-河北省-滄州市-黃驊市,DILA,master,,
3213,PL000000003269,,李村,38.5217,117.1703,中國-河北省-滄州市-黃驊市,DILA,master,,
3214,PL000000003270,,呂家橋,38.5098,117.266,中國-河北省-滄州市-黃驊市,DILA,master,,
3215,PL000000003271,,吳家莊,38.4369,117.1668,中國-河北省-滄州市-黃驊市,DILA,master,,
3216,PL000000003272,,韓村鎮,38.3683,117.3655,中國-河北省-滄州市-黃驊市,DILA,master,,
3217,PL000000003273,,利國場,38.3656,117.3615,中國-河北省-滄州市-黃驊市,DILA,master,,
3218,PL000000003274,,漢武帝望海北臺,38.3598,117.5901,中國-河北省-滄州市-黃驊市,DILA,master,,
3219,PL000000003275,,海豐鎮,38.305,117.5933,中國-河北省-滄州市-黃驊市,DILA,master,,
3220,PL000000003276,,阜民場,38.3028,117.2977,中國-河北省-滄州市-黃驊市,DILA,master,,
3221,PL000000003277,,海豐場,38.2862,117.5275,中國-河北省-滄州市-黃驊市,DILA,master,,
3222,PL000000003278,,章武,38.2862,117.2939,中國-河北省-滄州市-黃驊市,DILA,master,,
3223,PL000000003279,,羊兒莊,38.2827,117.5207,中國-河北省-滄州市-黃驊市,DILA,master,,
3224,PL000000003280,,常郭鎮,38.2728,117.2556,中國-河北省-滄州市-黃驊市,DILA,master,,
3225,PL000000003281,,畢孟鎮,38.2491,117.1976,中國-河北省-滄州市-黃驊市,DILA,master,,
3226,PL000000003282,,利民場,38.2374,117.1899,中國-河北省-滄州市-黃驊市,DILA,master,,
3227,PL000000003283,,鹽山,38.1997,117.3296,中國-河北省-滄州市-黃驊市,DILA,master,,
3228,PL000000003284,,鹽山,38.1966,117.3255,中國-河北省-滄州市-黃驊市,DILA,master,,
3229,PL000000003285,,鹽山,38.1963,117.3278,中國-河北省-滄州市-黃驊市,DILA,master,,
3230,PL000000003286,,鹽山,38.1888,117.328,中國-河北省-滄州市-黃驊市,DILA,master,,
3231,PL000000003287,,河北東路,38.4349,116.0952,中國-河北省-滄州市-河間市,DILA,master,,
3232,PL000000003289,,弘博寺,38.445768,116.093354,中國-河北省-滄州市-河間市,DILA,master,,
3233,PL000000003290,,興化寺,38.026385,116.276514,中國-河北省-滄州市-泊頭市,DILA,master,,
3234,PL000000003291,,瀛西寺,38.508865,115.971443,中國-河北省-滄州市-河間市,DILA,master,,
3235,PL000000003292,,州鄉,38.5432,116.2086,中國-河北省-滄州市-河間市,DILA,master,,
3236,PL000000003293,,君子館,38.5405,116.0779,中國-河北省-滄州市-河間市,DILA,master,,
3237,PL000000003294,,束城,38.5313,116.3954,中國-河北省-滄州市-河間市,DILA,master,,
3238,PL000000003295,,束城,38.5298,116.3989,中國-河北省-滄州市-河間市,DILA,master,,
3239,PL000000003296,,束城,38.5282,116.3924,中國-河北省-滄州市-河間市,DILA,master,,
3240,PL000000003297,,劉古庄,38.5272,116.2221,中國-河北省-滄州市-河間市,DILA,master,,
3241,PL000000003298,,束城,38.5227,116.3943,中國-河北省-滄州市-河間市,DILA,master,,
3242,PL000000003299,,小陵城,38.455,116.0592,中國-河北省-滄州市-河間市,DILA,master,,
3243,PL000000003300,,河間,38.4349,116.0952,中國-河北省-滄州市-河間市,DILA,master,,
3244,PL000000003301,,河間府,38.4349,116.0952,中國-河北省-滄州市-河間市,DILA,master,,
3245,PL000000003302,,河間,38.4349,116.0952,中國-河北省-滄州市-河間市,DILA,master,,
3246,PL000000003303,,河間府,38.4349,116.0952,中國-河北省-滄州市-河間市,DILA,master,,
3247,PL000000003304,,河間,38.4349,116.0952,中國-河北省-滄州市-河間市,DILA,master,,
3248,PL000000003305,,瀛州,38.4349,116.0952,中國-河北省-滄州市-河間市,DILA,master,,
3249,PL000000003306,,河間府,38.4349,116.0952,中國-河北省-滄州市-河間市,DILA,master,,
3250,PL000000003307,,河間,38.4349,116.0952,中國-河北省-滄州市-河間市,DILA,master,,
3251,PL000000003308,,河間府,38.4349,116.0952,中國-河北省-滄州市-河間市,DILA,master,,
3252,PL000000003309,,河間,38.4349,116.0952,中國-河北省-滄州市-河間市,DILA,master,,
3253,PL000000003310,,河間郡,38.4349,116.0952,中國-河北省-滄州市-河間市,DILA,master,,
3254,PL000000003311,,河間,38.4349,116.0952,中國-河北省-滄州市-河間市,DILA,master,,
3255,PL000000003312,,河間郡,38.4349,116.0952,中國-河北省-滄州市-河間市,DILA,master,,
3256,PL000000003313,,瀛州,38.4349,116.0952,中國-河北省-滄州市-河間市,DILA,master,,
3257,PL000000003314,,束州,38.4281,116.4597,中國-河北省-滄州市-河間市,DILA,master,,
3258,PL000000003315,,束州,38.4189,116.4535,中國-河北省-滄州市-河間市,DILA,master,,
3259,PL000000003316,,七里井,38.3952,116.0828,中國-河北省-滄州市-河間市,DILA,master,,
3260,PL000000003317,,沙河橋,38.3922,116.3242,中國-河北省-滄州市-河間市,DILA,master,,
3261,PL000000003318,,景和鎮,38.3871,116.4598,中國-河北省-滄州市-河間市,DILA,master,,
3262,PL000000003319,,景和鎮,38.3826,116.4667,中國-河北省-滄州市-河間市,DILA,master,,
3263,PL000000003320,,辛莊,38.3705,116.106,中國-河北省-滄州市-河間市,DILA,master,,
3264,PL000000003321,,武垣,38.3411,116.0844,中國-河北省-滄州市-河間市,DILA,master,,
3265,PL000000003322,,河間郡,38.3411,116.0844,中國-河北省-滄州市-河間市,DILA,master,,
3266,PL000000003323,,武垣,38.3344,116.0773,中國-河北省-滄州市-河間市,DILA,master,,
3267,PL000000003324,,武垣,38.3344,116.0773,中國-河北省-滄州市-河間市,DILA,master,,
3268,PL000000003325,,大同中屯衛,38.4349,116.0952,中國-河北省-滄州市-河間市,DILA,master,,
3269,PL000000003326,,瀋陽中屯衛,38.4349,116.0952,中國-河北省-滄州市-河間市,DILA,master,,
3270,PL000000003327,,出塵之塔,29.544693,113.941203,中國-湖北省-咸寧市-崇陽縣,DILA,master,,
3271,PL000000003328,,馬頭鎮,39.3056,116.7794,中國-河北省-廊坊市-安次區,DILA,master,,
3272,PL000000003329,,東安,39.4103,116.7276,中國-河北省-廊坊市-安次區,DILA,master,,
3273,PL000000003330,,東安,39.415,116.7306,中國-河北省-廊坊市-安次區,DILA,master,,
3274,PL000000003331,,葛漁城,39.2628,116.8421,中國-河北省-廊坊市-安次區,DILA,master,,
3275,PL000000003332,,安次,39.5306,116.647,中國-河北省-廊坊市-安次區,DILA,master,,
3276,PL000000003333,,安次,39.5366,116.6413,中國-河北省-廊坊市-安次區,DILA,master,,
3277,PL000000003334,,狼城寨,39.172,116.7739,中國-河北省-廊坊市-安次區,DILA,master,,
3278,PL000000003335,,黃堝堤,39.2538,116.744,中國-河北省-廊坊市-安次區,DILA,master,,
3279,PL000000003336,,龍山,39.5107,116.5414,中國-河北省-廊坊市-廣陽區,DILA,master,,
3280,PL000000003337,,昌州,39.5107,116.5414,中國-河北省-廊坊市-廣陽區,DILA,master,,
3281,PL000000003338,,郎坊,39.5182,116.702,中國-河北省-廊坊市-廣陽區,DILA,master,,
3282,PL000000003339,,安次,39.5397,116.6529,中國-河北省-廊坊市-廣陽區,DILA,master,,
3283,PL000000003340,,安次,39.5397,116.6529,中國-河北省-廊坊市-廣陽區,DILA,master,,
3284,PL000000003341,,安次,39.5055,116.5852,中國-河北省-廊坊市-廣陽區,DILA,master,,
3285,PL000000003342,,安次,39.4998,116.6001,中國-河北省-廊坊市-廣陽區,DILA,master,,
3286,PL000000003343,,萇道城,39.5236,116.5565,中國-河北省-廊坊市-廣陽區,DILA,master,,
3287,PL000000003344,,安次,39.5334,116.6662,中國-河北省-廊坊市-廣陽區,DILA,master,,
3288,PL000000003345,,安次,39.5391,116.6518,中國-河北省-廊坊市-廣陽區,DILA,master,,
3289,PL000000003346,,萇鄉,39.5066,116.2126,中國-河北省-廊坊市-固安縣,DILA,master,,
3290,PL000000003347,,陽鄉,39.5005,116.2134,中國-河北省-廊坊市-固安縣,DILA,master,,
3291,PL000000003348,,固安,39.4348,116.311,中國-河北省-廊坊市-固安縣,DILA,master,,
3292,PL000000003349,,固安,39.4348,116.311,中國-河北省-廊坊市-固安縣,DILA,master,,
3293,PL000000003350,,固安州,39.4348,116.311,中國-河北省-廊坊市-固安縣,DILA,master,,
3294,PL000000003351,,固安,39.4348,116.311,中國-河北省-廊坊市-固安縣,DILA,master,,
3295,PL000000003352,,固安,39.4348,116.311,中國-河北省-廊坊市-固安縣,DILA,master,,
3296,PL000000003353,,固安,39.4348,116.311,中國-河北省-廊坊市-固安縣,DILA,master,,
3297,PL000000003354,,韓侯城,39.4208,116.416,中國-河北省-廊坊市-固安縣,DILA,master,,
3298,PL000000003355,,方城,39.396,116.234,中國-河北省-廊坊市-固安縣,DILA,master,,
3299,PL000000003356,,方城,39.3804,116.2627,中國-河北省-廊坊市-固安縣,DILA,master,,
3300,PL000000003357,,方城,39.3804,116.2627,中國-河北省-廊坊市-固安縣,DILA,master,,
3301,PL000000003358,,方城,39.3785,116.2584,中國-河北省-廊坊市-固安縣,DILA,master,,
3302,PL000000003359,,方城,39.3785,116.2584,中國-河北省-廊坊市-固安縣,DILA,master,,
3303,PL000000003360,,方城,39.369,116.2587,中國-河北省-廊坊市-固安縣,DILA,master,,
3304,PL000000003361,,臨鄉,39.333,116.261,中國-河北省-廊坊市-固安縣,DILA,master,,
3305,PL000000003362,,臨鄉,39.333,116.261,中國-河北省-廊坊市-固安縣,DILA,master,,
3306,PL000000003363,,臨鄉城,39.3207,116.2577,中國-河北省-廊坊市-固安縣,DILA,master,,
3307,PL000000003364,,牛堝堡,39.2578,116.3534,中國-河北省-廊坊市-固安縣,DILA,master,,
3308,PL000000003365,,禮讓堡,39.2332,116.2314,中國-河北省-廊坊市-固安縣,DILA,master,,
3309,PL000000003366,,三塔寺,39.321749,116.502591,中國-河北省-廊坊市-永清縣,DILA,master,,
3310,PL000000003367,,永清,39.3249,116.5004,中國-河北省-廊坊市-永清縣,DILA,master,,
3311,PL000000003368,,永清,39.3249,116.5004,中國-河北省-廊坊市-永清縣,DILA,master,,
3312,PL000000003369,,永清,39.3249,116.5004,中國-河北省-廊坊市-永清縣,DILA,master,,
3313,PL000000003370,,永清,39.3249,116.5004,中國-河北省-廊坊市-永清縣,DILA,master,,
3314,PL000000003371,,會昌,39.3249,116.5004,中國-河北省-廊坊市-永清縣,DILA,master,,
3315,PL000000003372,,雙營,39.3124,116.5922,中國-河北省-廊坊市-永清縣,DILA,master,,
3316,PL000000003373,,益昌,39.2155,116.6067,中國-河北省-廊坊市-永清縣,DILA,master,,
3317,PL000000003374,,香河,39.7644,117.0059,中國-河北省-廊坊市-香河縣,DILA,master,,
3318,PL000000003375,,香河,39.7644,117.0059,中國-河北省-廊坊市-香河縣,DILA,master,,
3319,PL000000003376,,香河,39.7644,117.0059,中國-河北省-廊坊市-香河縣,DILA,master,,
3320,PL000000003377,,營州前屯衛,39.7644,117.0059,中國-河北省-廊坊市-香河縣,DILA,master,,
3321,PL000000003378,,子牙鎮,38.8385,116.7377,中國-河北省-廊坊市-大城縣,DILA,master,,
3322,PL000000003379,,大城,38.695,116.6316,中國-河北省-廊坊市-大城縣,DILA,master,,
3323,PL000000003380,,大城,38.695,116.6316,中國-河北省-廊坊市-大城縣,DILA,master,,
3324,PL000000003381,,大城,38.695,116.6316,中國-河北省-廊坊市-大城縣,DILA,master,,
3325,PL000000003382,,大城,38.695,116.6316,中國-河北省-廊坊市-大城縣,DILA,master,,
3326,PL000000003383,,平舒,38.695,116.6316,中國-河北省-廊坊市-大城縣,DILA,master,,
3327,PL000000003384,,平舒,38.695,116.6316,中國-河北省-廊坊市-大城縣,DILA,master,,
3328,PL000000003385,,平舒,38.695,116.6316,中國-河北省-廊坊市-大城縣,DILA,master,,
3329,PL000000003386,,章武郡,38.695,116.6316,中國-河北省-廊坊市-大城縣,DILA,master,,
3330,PL000000003387,,章武郡,38.695,116.6316,中國-河北省-廊坊市-大城縣,DILA,master,,
3331,PL000000003388,,章武國,38.695,116.6316,中國-河北省-廊坊市-大城縣,DILA,master,,
3332,PL000000003389,,北魏村,38.6519,116.4385,中國-河北省-廊坊市-大城縣,DILA,master,,
3333,PL000000003390,,廣安鎮,38.6445,116.5511,中國-河北省-廊坊市-大城縣,DILA,master,,
3334,PL000000003391,,劉各莊,38.5794,116.5102,中國-河北省-廊坊市-大城縣,DILA,master,,
3335,PL000000003392,,束州,38.5661,116.4551,中國-河北省-廊坊市-大城縣,DILA,master,,
3336,PL000000003393,,束州,38.5661,116.4551,中國-河北省-廊坊市-大城縣,DILA,master,,
3337,PL000000003394,,束州,38.5617,116.4423,中國-河北省-廊坊市-大城縣,DILA,master,,
3338,PL000000003395,,苑家口,39.0385,116.4537,中國-河北省-廊坊市-文安縣,DILA,master,,
3339,PL000000003396,,蘇橋鎮,39.0275,116.4908,中國-河北省-廊坊市-文安縣,DILA,master,,
3340,PL000000003397,,蘇家橋,39.0275,116.4821,中國-河北省-廊坊市-文安縣,DILA,master,,
3341,PL000000003398,,保定,39.0077,116.3692,中國-河北省-廊坊市-文安縣,DILA,master,,
3342,PL000000003399,,保定,39.0028,116.3707,中國-河北省-廊坊市-文安縣,DILA,master,,
3343,PL000000003400,,保定,39.0028,116.3707,中國-河北省-廊坊市-文安縣,DILA,master,,
3344,PL000000003401,,保定軍,39.0026,116.3813,中國-河北省-廊坊市-文安縣,DILA,master,,
3345,PL000000003402,,文安,38.9693,116.5477,中國-河北省-廊坊市-文安縣,DILA,master,,
3346,PL000000003403,,文安,38.966,116.5564,中國-河北省-廊坊市-文安縣,DILA,master,,
3347,PL000000003404,,文安,38.9626,116.5432,中國-河北省-廊坊市-文安縣,DILA,master,,
3348,PL000000003405,,文安,38.9626,116.5432,中國-河北省-廊坊市-文安縣,DILA,master,,
3349,PL000000003406,,柳河鎮,38.961,116.5573,中國-河北省-廊坊市-文安縣,DILA,master,,
3350,PL000000003407,,文安,38.9589,116.5376,中國-河北省-廊坊市-文安縣,DILA,master,,
3351,PL000000003408,,文安,38.9589,116.5376,中國-河北省-廊坊市-文安縣,DILA,master,,
3352,PL000000003409,,劉家渦寨,38.9362,116.3828,中國-河北省-廊坊市-文安縣,DILA,master,,
3353,PL000000003410,,狼虎廟鎮,38.9251,116.4841,中國-河北省-廊坊市-文安縣,DILA,master,,
3354,PL000000003411,,文安,38.864,116.4743,中國-河北省-廊坊市-文安縣,DILA,master,,
3355,PL000000003412,,文安,38.864,116.4743,中國-河北省-廊坊市-文安縣,DILA,master,,
3356,PL000000003413,,文安,38.864,116.4743,中國-河北省-廊坊市-文安縣,DILA,master,,
3357,PL000000003414,,文安,38.864,116.4743,中國-河北省-廊坊市-文安縣,DILA,master,,
3358,PL000000003415,,文安,38.864,116.4743,中國-河北省-廊坊市-文安縣,DILA,master,,
3359,PL000000003416,,張家寨,38.8246,116.3595,中國-河北省-廊坊市-文安縣,DILA,master,,
3360,PL000000003417,,泥窪鋪,39.9538,116.95,中國-河北省-廊坊市-大廠回族自治縣,DILA,master,,
3361,PL000000003418,,夏店鋪,39.9457,116.9245,中國-河北省-廊坊市-大廠回族自治縣,DILA,master,,
3362,PL000000003419,,鮮州等州,39.9502,116.9213,中國-河北省-廊坊市-大廠回族自治縣,DILA,master,,
3363,PL000000003420,,信安鎮,39.1519,116.6556,中國-河北省-廊坊市-霸州市,DILA,master,,
3364,PL000000003421,,佛聖渦寨,39.1515,116.7894,中國-河北省-廊坊市-霸州市,DILA,master,,
3365,PL000000003422,,信安鎮,39.1494,116.6548,中國-河北省-廊坊市-霸州市,DILA,master,,
3366,PL000000003423,,田家寨,39.1475,116.7267,中國-河北省-廊坊市-霸州市,DILA,master,,
3367,PL000000003424,,信安軍,39.144,116.6587,中國-河北省-廊坊市-霸州市,DILA,master,,
3368,PL000000003425,,霸州,39.1007,116.405,中國-河北省-廊坊市-霸州市,DILA,master,,
3369,PL000000003426,,霸州,39.1007,116.405,中國-河北省-廊坊市-霸州市,DILA,master,,
3370,PL000000003427,,益津,39.1007,116.405,中國-河北省-廊坊市-霸州市,DILA,master,,
3371,PL000000003428,,霸州,39.1007,116.405,中國-河北省-廊坊市-霸州市,DILA,master,,
3372,PL000000003429,,勝芳鎮,39.0673,116.7091,中國-河北省-廊坊市-霸州市,DILA,master,,
3373,PL000000003430,,雁頭寨,39.0666,116.5748,中國-河北省-廊坊市-霸州市,DILA,master,,
3374,PL000000003431,,平曲城,39.0584,116.5553,中國-河北省-廊坊市-霸州市,DILA,master,,
3375,PL000000003432,,霸州,39.1007,116.405,中國-河北省-廊坊市-霸州市,DILA,master,,
3376,PL000000003433,,寶鑑,39.980941,117.069609,中國-河北省-廊坊市-三河市,DILA,master,,
3377,PL000000003434,,南管,39.980941,117.069609,中國-河北省-廊坊市-三河市,DILA,master,,
3378,PL000000003435,,三河,39.9819,117.086,中國-河北省-廊坊市-三河市,DILA,master,,
3379,PL000000003436,,三河,39.9819,117.086,中國-河北省-廊坊市-三河市,DILA,master,,
3380,PL000000003437,,三河,39.9819,117.086,中國-河北省-廊坊市-三河市,DILA,master,,
3381,PL000000003438,,三河,39.9768,117.1017,中國-河北省-廊坊市-三河市,DILA,master,,
3382,PL000000003439,,路縣,39.9332,116.832,中國-河北省-廊坊市-三河市,DILA,master,,
3383,PL000000003440,,潞縣,39.931,116.8201,中國-河北省-廊坊市-三河市,DILA,master,,
3384,PL000000003441,,潞縣,39.9284,116.8143,中國-河北省-廊坊市-三河市,DILA,master,,
3385,PL000000003442,,潞縣,39.9284,116.8143,中國-河北省-廊坊市-三河市,DILA,master,,
3386,PL000000003443,,潞縣,39.9187,116.809,中國-河北省-廊坊市-三河市,DILA,master,,
3387,PL000000003444,,虹橋,39.8994,116.7952,中國-河北省-廊坊市-三河市,DILA,master,,
3388,PL000000003445,,興州後屯衛,39.9819,117.086,中國-河北省-廊坊市-三河市,DILA,master,,
3389,PL000000003446,,營州後屯衛,39.9819,117.086,中國-河北省-廊坊市-三河市,DILA,master,,
3390,PL000000003447,,衡水,37.7254,115.7153,中國-河北省-衡水市-桃城區,DILA,master,,
3391,PL000000003448,,衡水,37.7254,115.7153,中國-河北省-衡水市-桃城區,DILA,master,,
3392,PL000000003449,,衡水,37.7254,115.7153,中國-河北省-衡水市-桃城區,DILA,master,,
3393,PL000000003450,,留中堡,37.7052,115.8338,中國-河北省-衡水市-桃城區,DILA,master,,
3394,PL000000003451,,焦岡,37.6862,115.5651,中國-河北省-衡水市-桃城區,DILA,master,,
3395,PL000000003452,,衡水,37.7236,115.5999,中國-河北省-衡水市-桃城區,DILA,master,,
3396,PL000000003453,,衡水,37.7237,115.6152,中國-河北省-衡水市-桃城區,DILA,master,,
3397,PL000000003454,,衡水,37.7329,115.6274,中國-河北省-衡水市-桃城區,DILA,master,,
3398,PL000000003455,,興福寺,37.492595,115.718207,中國-河北省-衡水市-棗強縣,DILA,master,,
3399,PL000000003456,,流常堡,37.5764,115.8199,中國-河北省-衡水市-棗強縣,DILA,master,,
3400,PL000000003457,,棗強,37.5214,115.8726,中國-河北省-衡水市-棗強縣,DILA,master,,
3401,PL000000003458,,煮棗城,37.5179,115.6726,中國-河北省-衡水市-棗強縣,DILA,master,,
3402,PL000000003459,,棗強,37.5166,115.8658,中國-河北省-衡水市-棗強縣,DILA,master,,
3403,PL000000003460,,棗強,37.5148,115.8859,中國-河北省-衡水市-棗強縣,DILA,master,,
3404,PL000000003461,,棗強,37.5018,115.7276,中國-河北省-衡水市-棗強縣,DILA,master,,
3405,PL000000003462,,棗強,37.5018,115.7276,中國-河北省-衡水市-棗強縣,DILA,master,,
3406,PL000000003463,,棗強,37.5018,115.7276,中國-河北省-衡水市-棗強縣,DILA,master,,
3407,PL000000003464,,辟陽,37.4827,115.64,中國-河北省-衡水市-棗強縣,DILA,master,,
3408,PL000000003465,,壁陽城,37.4805,115.6417,中國-河北省-衡水市-棗強縣,DILA,master,,
3409,PL000000003466,,棗強,37.4745,115.8189,中國-河北省-衡水市-棗強縣,DILA,master,,
3410,PL000000003467,,圈子堡,37.4645,115.5939,中國-河北省-衡水市-棗強縣,DILA,master,,
3411,PL000000003468,,棗強,37.4605,115.8144,中國-河北省-衡水市-棗強縣,DILA,master,,
3412,PL000000003469,,棗強,37.4605,115.8144,中國-河北省-衡水市-棗強縣,DILA,master,,
3413,PL000000003470,,(艸心)題,37.3732,115.656,中國-河北省-衡水市-棗強縣,DILA,master,,
3414,PL000000003471,,古營堡,37.322,115.7259,中國-河北省-衡水市-棗強縣,DILA,master,,
3415,PL000000003472,,蕭張堡,37.6046,115.7156,中國-河北省-衡水市-棗強縣,DILA,master,,
3416,PL000000003473,,越橋堡,37.935,115.954,中國-河北省-衡水市-武邑縣,DILA,master,,
3417,PL000000003474,,東昌,37.9328,115.9545,中國-河北省-衡水市-武邑縣,DILA,master,,
3418,PL000000003475,,圈頭鎮,37.859,115.8099,中國-河北省-衡水市-武邑縣,DILA,master,,
3419,PL000000003476,,灌津,37.8052,116.0312,中國-河北省-衡水市-武邑縣,DILA,master,,
3420,PL000000003477,,武邑,37.8052,115.9003,中國-河北省-衡水市-武邑縣,DILA,master,,
3421,PL000000003478,,武邑,37.8052,115.9003,中國-河北省-衡水市-武邑縣,DILA,master,,
3422,PL000000003479,,武邑,37.8052,115.9003,中國-河北省-衡水市-武邑縣,DILA,master,,
3423,PL000000003480,,武邑,37.8052,115.9003,中國-河北省-衡水市-武邑縣,DILA,master,,
3424,PL000000003481,,武邑,37.8052,115.9003,中國-河北省-衡水市-武邑縣,DILA,master,,
3425,PL000000003482,,武邑,37.8052,115.9003,中國-河北省-衡水市-武邑縣,DILA,master,,
3426,PL000000003483,,武邑,37.8052,115.9003,中國-河北省-衡水市-武邑縣,DILA,master,,
3427,PL000000003484,,武邑,37.8052,115.9003,中國-河北省-衡水市-武邑縣,DILA,master,,
3428,PL000000003485,,武邑,37.8052,115.9003,中國-河北省-衡水市-武邑縣,DILA,master,,
3429,PL000000003486,,武邑,37.8052,115.9003,中國-河北省-衡水市-武邑縣,DILA,master,,
3430,PL000000003487,,觀津,37.8033,116.0568,中國-河北省-衡水市-武邑縣,DILA,master,,
3431,PL000000003488,,觀津,37.8005,116.0298,中國-河北省-衡水市-武邑縣,DILA,master,,
3432,PL000000003489,,觀津,37.8005,116.0298,中國-河北省-衡水市-武邑縣,DILA,master,,
3433,PL000000003490,,審婆堡,37.7988,116.025,中國-河北省-衡水市-武邑縣,DILA,master,,
3434,PL000000003491,,觀津,37.7935,116.0361,中國-河北省-衡水市-武邑縣,DILA,master,,
3435,PL000000003492,,觀津,37.7935,116.0361,中國-河北省-衡水市-武邑縣,DILA,master,,
3436,PL000000003493,,觀津鎮,37.7899,116.0259,中國-河北省-衡水市-武邑縣,DILA,master,,
3437,PL000000003494,,孫莊寨堡,37.7297,116.0133,中國-河北省-衡水市-武邑縣,DILA,master,,
3438,PL000000003495,,棘津城,37.6421,115.9185,中國-河北省-衡水市-武邑縣,DILA,master,,
3439,PL000000003496,,高隄,37.6421,115.9185,中國-河北省-衡水市-武邑縣,DILA,master,,
3440,PL000000003497,,武邑,37.8052,115.9003,中國-河北省-衡水市-武邑縣,DILA,master,,
3441,PL000000003498,,五祖寺,38.055395,115.83772,中國-河北省-衡水市-武強縣,DILA,master,,
3442,PL000000003499,,武遂,38.1371,115.8941,中國-河北省-衡水市-武強縣,DILA,master,,
3443,PL000000003500,,武遂,38.1348,115.887,中國-河北省-衡水市-武強縣,DILA,master,,
3444,PL000000003501,,武遂,38.1312,115.8787,中國-河北省-衡水市-武強縣,DILA,master,,
3445,PL000000003502,,武隧,38.1279,115.9047,中國-河北省-衡水市-武強縣,DILA,master,,
3446,PL000000003503,,武遂,38.1253,115.9079,中國-河北省-衡水市-武強縣,DILA,master,,
3447,PL000000003504,,小營,38.1031,115.944,中國-河北省-衡水市-武強縣,DILA,master,,
3448,PL000000003505,,小范鎮,38.046,115.9676,中國-河北省-衡水市-武強縣,DILA,master,,
3449,PL000000003506,,武強,38.0082,115.8584,中國-河北省-衡水市-武強縣,DILA,master,,
3450,PL000000003507,,武邑郡,38.008,115.8446,中國-河北省-衡水市-武強縣,DILA,master,,
3451,PL000000003508,,武強,38.0077,115.8552,中國-河北省-衡水市-武強縣,DILA,master,,
3452,PL000000003509,,武強,38.0059,115.8491,中國-河北省-衡水市-武強縣,DILA,master,,
3453,PL000000003510,,武強,37.9977,115.8426,中國-河北省-衡水市-武強縣,DILA,master,,
3454,PL000000003511,,武強,37.9936,115.8689,中國-河北省-衡水市-武強縣,DILA,master,,
3455,PL000000003512,,武強,37.9936,115.8689,中國-河北省-衡水市-武強縣,DILA,master,,
3456,PL000000003513,,武強,37.9738,115.8599,中國-河北省-衡水市-武強縣,DILA,master,,
3457,PL000000003514,,武強縣,37.9713,115.8338,中國-河北省-衡水市-武強縣,DILA,master,,
3458,PL000000003515,,武強,37.9343,115.8279,中國-河北省-衡水市-武強縣,DILA,master,,
3459,PL000000003516,,曲李寺,38.235116,115.719699,中國-河北省-衡水市-饒陽縣,DILA,master,,
3460,PL000000003517,,洪福寺,38.235116,115.719699,中國-河北省-衡水市-饒陽縣,DILA,master,,
3461,PL000000003518,,張岡,38.3364,115.7474,中國-河北省-衡水市-饒陽縣,DILA,master,,
3462,PL000000003519,,蕪蔞縣,38.3025,115.8001,中國-河北省-衡水市-饒陽縣,DILA,master,,
3463,PL000000003520,,饒陽,38.3011,115.8177,中國-河北省-衡水市-饒陽縣,DILA,master,,
3464,PL000000003521,,饒陽,38.3011,115.8177,中國-河北省-衡水市-饒陽縣,DILA,master,,
3465,PL000000003522,,王岡,38.2959,115.6896,中國-河北省-衡水市-饒陽縣,DILA,master,,
3466,PL000000003523,,饒陽,38.2956,115.8334,中國-河北省-衡水市-饒陽縣,DILA,master,,
3467,PL000000003524,,饒,38.2859,115.8145,中國-河北省-衡水市-饒陽縣,DILA,master,,
3468,PL000000003525,,饒陽,38.2452,115.7457,中國-河北省-衡水市-饒陽縣,DILA,master,,
3469,PL000000003526,,饒陽,38.2452,115.7457,中國-河北省-衡水市-饒陽縣,DILA,master,,
3470,PL000000003527,,饒陽,38.2452,115.7457,中國-河北省-衡水市-饒陽縣,DILA,master,,
3471,PL000000003528,,饒陽,38.2452,115.7457,中國-河北省-衡水市-饒陽縣,DILA,master,,
3472,PL000000003529,,饒陽,38.2452,115.7457,中國-河北省-衡水市-饒陽縣,DILA,master,,
3473,PL000000003530,,饒陽,38.2452,115.7457,中國-河北省-衡水市-饒陽縣,DILA,master,,
3474,PL000000003531,,饒陽,38.2452,115.7457,中國-河北省-衡水市-饒陽縣,DILA,master,,
3475,PL000000003532,,魯口城,38.2452,115.7457,中國-河北省-衡水市-饒陽縣,DILA,master,,
3476,PL000000003533,,魯口城,38.2399,115.7341,中國-河北省-衡水市-饒陽縣,DILA,master,,
3477,PL000000003534,,小隄堡,38.1215,115.6463,中國-河北省-衡水市-饒陽縣,DILA,master,,
3478,PL000000003535,,馬店堡,38.2972,115.4035,中國-河北省-衡水市-安平縣,DILA,master,,
3479,PL000000003536,,安平,38.2298,115.5202,中國-河北省-衡水市-安平縣,DILA,master,,
3480,PL000000003537,,安平,38.2298,115.5202,中國-河北省-衡水市-安平縣,DILA,master,,
3481,PL000000003538,,安平,38.2298,115.5202,中國-河北省-衡水市-安平縣,DILA,master,,
3482,PL000000003539,,安平,38.2298,115.5202,中國-河北省-衡水市-安平縣,DILA,master,,
3483,PL000000003540,,安平,38.2298,115.5202,中國-河北省-衡水市-安平縣,DILA,master,,
3484,PL000000003541,,安平,38.2298,115.5202,中國-河北省-衡水市-安平縣,DILA,master,,
3485,PL000000003542,,安平,38.2298,115.5202,中國-河北省-衡水市-安平縣,DILA,master,,
3486,PL000000003543,,博陵郡,38.2298,115.5202,中國-河北省-衡水市-安平縣,DILA,master,,
3487,PL000000003544,,博陵郡,38.2298,115.5202,中國-河北省-衡水市-安平縣,DILA,master,,
3488,PL000000003545,,安平,38.2298,115.5202,中國-河北省-衡水市-安平縣,DILA,master,,
3489,PL000000003546,,博陵國,38.2298,115.5202,中國-河北省-衡水市-安平縣,DILA,master,,
3490,PL000000003547,,安平,38.2298,115.5202,中國-河北省-衡水市-安平縣,DILA,master,,
3491,PL000000003548,,安平,38.2298,115.5202,中國-河北省-衡水市-安平縣,DILA,master,,
3492,PL000000003549,,安平,38.2298,115.5202,中國-河北省-衡水市-安平縣,DILA,master,,
3493,PL000000003550,,子文店堡,38.1965,115.3943,中國-河北省-衡水市-安平縣,DILA,master,,
3494,PL000000003551,,穀丘,38.1385,115.4185,中國-河北省-衡水市-安平縣,DILA,master,,
3495,PL000000003552,,都尉,38.2298,115.5202,中國-河北省-衡水市-安平縣,DILA,master,,
3496,PL000000003553,,故城,37.4032,116.1359,中國-河北省-衡水市-故城縣,DILA,master,,
3497,PL000000003554,,故城,37.4032,116.1359,中國-河北省-衡水市-故城縣,DILA,master,,
3498,PL000000003555,,故城,37.3967,116.1221,中國-河北省-衡水市-故城縣,DILA,master,,
3499,PL000000003556,,漳南,37.395,116.1191,中國-河北省-衡水市-故城縣,DILA,master,,
3500,PL000000003557,,四女寺鎮,37.3585,116.2225,中國-河北省-衡水市-故城縣,DILA,master,,
3501,PL000000003558,,鄭家口,37.3538,115.9702,中國-河北省-衡水市-故城縣,DILA,master,,
3502,PL000000003559,,饒陽鎮,37.3382,115.8127,中國-河北省-衡水市-故城縣,DILA,master,,
3503,PL000000003560,,復陽,37.3334,115.8171,中國-河北省-衡水市-故城縣,DILA,master,,
3504,PL000000003561,,饒陽鎮,37.3297,115.807,中國-河北省-衡水市-故城縣,DILA,master,,
3505,PL000000003562,,果子口,37.3153,115.9722,中國-河北省-衡水市-故城縣,DILA,master,,
3506,PL000000003563,,武城,37.2084,115.8551,中國-河北省-衡水市-故城縣,DILA,master,,
3507,PL000000003564,,東武城,37.2023,115.8704,中國-河北省-衡水市-故城縣,DILA,master,,
3508,PL000000003565,,武城,37.199,115.8325,中國-河北省-衡水市-故城縣,DILA,master,,
3509,PL000000003566,,東武城,37.1986,115.841,中國-河北省-衡水市-故城縣,DILA,master,,
3510,PL000000003567,,東武城,37.1986,115.841,中國-河北省-衡水市-故城縣,DILA,master,,
3511,PL000000003568,,東武城,37.1976,115.8218,中國-河北省-衡水市-故城縣,DILA,master,,
3512,PL000000003569,,東武城,37.1976,115.8218,中國-河北省-衡水市-故城縣,DILA,master,,
3513,PL000000003570,,武城,37.1474,115.8413,中國-河北省-衡水市-故城縣,DILA,master,,
3514,PL000000003571,,舊縣鎮,37.1441,115.8403,中國-河北省-衡水市-故城縣,DILA,master,,
3515,PL000000003572,,渡口驛,37.074,115.8709,中國-河北省-衡水市-故城縣,DILA,master,,
3516,PL000000003573,,天寧,37.691366,116.263759,中國-河北省-衡水市-景縣,DILA,master,,
3517,PL000000003574,,胡蘇亭,37.8027,116.4469,中國-河北省-衡水市-景縣,DILA,master,,
3518,PL000000003575,,弓高,37.7646,116.1433,中國-河北省-衡水市-景縣,DILA,master,,
3519,PL000000003576,,弓高,37.7646,116.1433,中國-河北省-衡水市-景縣,DILA,master,,
3520,PL000000003577,,弓高城,37.7636,116.123,中國-河北省-衡水市-景縣,DILA,master,,
3521,PL000000003578,,王家淺,37.745,116.4283,中國-河北省-衡水市-景縣,DILA,master,,
3522,PL000000003579,,宋門,37.7199,116.1012,中國-河北省-衡水市-景縣,DILA,master,,
3523,PL000000003580,,宋門鎮,37.7191,116.1253,中國-河北省-衡水市-景縣,DILA,master,,
3524,PL000000003581,,脩市,37.7166,116.2394,中國-河北省-衡水市-景縣,DILA,master,,
3525,PL000000003582,,安陵,37.7115,116.3803,中國-河北省-衡水市-景縣,DILA,master,,
3526,PL000000003583,,安陵倉,37.7115,116.3803,中國-河北省-衡水市-景縣,DILA,master,,
3527,PL000000003584,,蓨市,37.7067,116.2032,中國-河北省-衡水市-景縣,DILA,master,,
3528,PL000000003585,,安陵,37.7065,116.372,中國-河北省-衡水市-景縣,DILA,master,,
3529,PL000000003586,,脩縣,37.6973,116.3055,中國-河北省-衡水市-景縣,DILA,master,,
3530,PL000000003587,,安陵鎮,37.6969,116.3666,中國-河北省-衡水市-景縣,DILA,master,,
3531,PL000000003588,,安陵鎮,37.6961,116.3783,中國-河北省-衡水市-景縣,DILA,master,,
3532,PL000000003589,,蓨縣,37.6899,116.3081,中國-河北省-衡水市-景縣,DILA,master,,
3533,PL000000003590,,景州,37.6872,116.2677,中國-河北省-衡水市-景縣,DILA,master,,
3534,PL000000003591,,景州,37.6872,116.2677,中國-河北省-衡水市-景縣,DILA,master,,
3535,PL000000003592,,蓨縣,37.6872,116.2677,中國-河北省-衡水市-景縣,DILA,master,,
3536,PL000000003593,,郪縣,37.6872,116.2677,中國-河北省-衡水市-景縣,DILA,master,,
3537,PL000000003594,,蓨縣,37.6872,116.2677,中國-河北省-衡水市-景縣,DILA,master,,
3538,PL000000003595,,蓚縣,37.6872,116.2677,中國-河北省-衡水市-景縣,DILA,master,,
3539,PL000000003596,,平堤,37.6517,116.0299,中國-河北省-衡水市-景縣,DILA,master,,
3540,PL000000003597,,蓨縣,37.6376,116.2724,中國-河北省-衡水市-景縣,DILA,master,,
3541,PL000000003598,,脩縣,37.6279,116.2663,中國-河北省-衡水市-景縣,DILA,master,,
3542,PL000000003599,,脩縣,37.6279,116.2663,中國-河北省-衡水市-景縣,DILA,master,,
3543,PL000000003600,,龍華鎮,37.5987,116.0283,中國-河北省-衡水市-景縣,DILA,master,,
3544,PL000000003601,,歷縣,37.5804,116.0477,中國-河北省-衡水市-景縣,DILA,master,,
3545,PL000000003602,,廣川,37.5633,115.9143,中國-河北省-衡水市-景縣,DILA,master,,
3546,PL000000003603,,廣川,37.5531,115.9135,中國-河北省-衡水市-景縣,DILA,master,,
3547,PL000000003604,,廣川,37.5531,115.9135,中國-河北省-衡水市-景縣,DILA,master,,
3548,PL000000003605,,廣川鎮,37.5487,115.9137,中國-河北省-衡水市-景縣,DILA,master,,
3549,PL000000003606,,廣川,37.5438,115.9161,中國-河北省-衡水市-景縣,DILA,master,,
3550,PL000000003607,,廣川,37.5438,115.9161,中國-河北省-衡水市-景縣,DILA,master,,
3551,PL000000003608,,劉智廟,37.5344,116.2578,中國-河北省-衡水市-景縣,DILA,master,,
3552,PL000000003609,,薛官屯,37.5159,115.9232,中國-河北省-衡水市-景縣,DILA,master,,
3553,PL000000003610,,景州,37.6872,116.2677,中國-河北省-衡水市-景縣,DILA,master,,
3554,PL000000003611,,雙樓,37.9321,116.5299,中國-河北省-衡水市-阜城縣,DILA,master,,
3555,PL000000003612,,馬頭鎮,37.8865,116.5135,中國-河北省-衡水市-阜城縣,DILA,master,,
3556,PL000000003613,,阜城,37.88,116.276,中國-河北省-衡水市-阜城縣,DILA,master,,
3557,PL000000003614,,阜城,37.8791,116.2874,中國-河北省-衡水市-阜城縣,DILA,master,,
3558,PL000000003615,,阜城,37.8764,116.2574,中國-河北省-衡水市-阜城縣,DILA,master,,
3559,PL000000003616,,阜城,37.8673,116.1543,中國-河北省-衡水市-阜城縣,DILA,master,,
3560,PL000000003617,,阜城,37.8673,116.1543,中國-河北省-衡水市-阜城縣,DILA,master,,
3561,PL000000003618,,阜城,37.8673,116.1543,中國-河北省-衡水市-阜城縣,DILA,master,,
3562,PL000000003619,,阜城,37.8673,116.1543,中國-河北省-衡水市-阜城縣,DILA,master,,
3563,PL000000003620,,阜城,37.8673,116.1543,中國-河北省-衡水市-阜城縣,DILA,master,,
3564,PL000000003621,,阜城,37.8673,116.1543,中國-河北省-衡水市-阜城縣,DILA,master,,
3565,PL000000003622,,沙渦鎮,37.8628,116.2636,中國-河北省-衡水市-阜城縣,DILA,master,,
3566,PL000000003623,,大龍灣,37.843,116.4575,中國-河北省-衡水市-阜城縣,DILA,master,,
3567,PL000000003624,,漫河鎮,37.7876,116.214,中國-河北省-衡水市-阜城縣,DILA,master,,
3568,PL000000003625,,來強,37.550591,115.573629,中國-河北省-衡水市-冀州市,DILA,master,,
3569,PL000000003626,,條,37.550591,115.573629,中國-河北省-衡水市-冀州市,DILA,master,,
3570,PL000000003628,,覺觀寺,37.56845,115.555964,中國-河北省-衡水市-冀州市,DILA,master,,
3571,PL000000003629,,謝家莊堡,37.6535,115.4835,中國-河北省-衡水市-冀州市,DILA,master,,
3572,PL000000003630,,扶柳,37.6393,115.4477,中國-河北省-衡水市-冀州市,DILA,master,,
3573,PL000000003631,,扶柳,37.6387,115.4462,中國-河北省-衡水市-冀州市,DILA,master,,
3574,PL000000003632,,扶柳,37.6387,115.4462,中國-河北省-衡水市-冀州市,DILA,master,,
3575,PL000000003633,,扶柳城,37.6371,115.4323,中國-河北省-衡水市-冀州市,DILA,master,,
3576,PL000000003634,,扶柳,37.6243,115.4113,中國-河北省-衡水市-冀州市,DILA,master,,
3577,PL000000003635,,堂陽,37.5882,115.2309,中國-河北省-衡水市-冀州市,DILA,master,,
3578,PL000000003636,,堂陽,37.581,115.2255,中國-河北省-衡水市-冀州市,DILA,master,,
3579,PL000000003637,,堂陽,37.5787,115.2383,中國-河北省-衡水市-冀州市,DILA,master,,
3580,PL000000003638,,堂陽,37.5787,115.2383,中國-河北省-衡水市-冀州市,DILA,master,,
3581,PL000000003639,,堂陽,37.5768,115.2231,中國-河北省-衡水市-冀州市,DILA,master,,
3582,PL000000003640,,堂陽,37.5704,115.2204,中國-河北省-衡水市-冀州市,DILA,master,,
3583,PL000000003641,,冀州,37.5652,115.5734,中國-河北省-衡水市-冀州市,DILA,master,,
3584,PL000000003642,,翼州,37.5652,115.5734,中國-河北省-衡水市-冀州市,DILA,master,,
3585,PL000000003643,,信都,37.5652,115.5734,中國-河北省-衡水市-冀州市,DILA,master,,
3586,PL000000003644,,信都,37.5652,115.5734,中國-河北省-衡水市-冀州市,DILA,master,,
3587,PL000000003645,,冀州,37.5652,115.5734,中國-河北省-衡水市-冀州市,DILA,master,,
3588,PL000000003646,,冀州,37.5652,115.5734,中國-河北省-衡水市-冀州市,DILA,master,,
3589,PL000000003647,,信都,37.5652,115.5734,中國-河北省-衡水市-冀州市,DILA,master,,
3590,PL000000003648,,魏州,37.5652,115.5734,中國-河北省-衡水市-冀州市,DILA,master,,
3591,PL000000003649,,長樂,37.5652,115.5734,中國-河北省-衡水市-冀州市,DILA,master,,
3592,PL000000003650,,信都郡,37.5652,115.5734,中國-河北省-衡水市-冀州市,DILA,master,,
3593,PL000000003651,,長樂郡,37.5652,115.5734,中國-河北省-衡水市-冀州市,DILA,master,,
3594,PL000000003652,,信都,37.5652,115.5734,中國-河北省-衡水市-冀州市,DILA,master,,
3595,PL000000003653,,兩河,37.5652,115.5734,中國-河北省-衡水市-冀州市,DILA,master,,
3596,PL000000003654,,安平郡,37.5652,115.5734,中國-河北省-衡水市-冀州市,DILA,master,,
3597,PL000000003655,,信都,37.5652,115.5734,中國-河北省-衡水市-冀州市,DILA,master,,
3598,PL000000003656,,冀州,37.5652,115.5734,中國-河北省-衡水市-冀州市,DILA,master,,
3599,PL000000003657,,安平國,37.5652,115.5734,中國-河北省-衡水市-冀州市,DILA,master,,
3600,PL000000003658,,信都,37.5652,115.5734,中國-河北省-衡水市-冀州市,DILA,master,,
3601,PL000000003659,,韓村堡,37.5188,115.4531,中國-河北省-衡水市-冀州市,DILA,master,,
3602,PL000000003660,,田村堡,37.4381,115.4765,中國-河北省-衡水市-冀州市,DILA,master,,
3603,PL000000003661,,寧化站,37.3182,115.5619,中國-河北省-衡水市-冀州市,DILA,master,,
3604,PL000000003662,,扶柳,37.6243,115.4113,中國-河北省-衡水市-冀州市,DILA,master,,
3605,PL000000003663,,冀州,37.5652,115.5734,中國-河北省-衡水市-冀州市,DILA,master,,
3606,PL000000003664,,安平國,37.5652,115.5734,中國-河北省-衡水市-冀州市,DILA,master,,
3607,PL000000003665,,信都,37.5652,115.5734,中國-河北省-衡水市-冀州市,DILA,master,,
3608,PL000000003666,,翼州,37.5652,115.5734,中國-河北省-衡水市-冀州市,DILA,master,,
3609,PL000000003667,,寶月寺,38.071685,115.662414,中國-河北省-衡水市-深州市,DILA,master,,
3610,PL000000003668,,法寶寺,38.120726,115.51613,中國-河北省-衡水市-深州市,DILA,master,,
3611,PL000000003669,,福聖寺,37.995375,115.671844,中國-河北省-衡水市-深州市,DILA,master,,
3612,PL000000003670,,開元寺,38.000546,115.553823,中國-河北省-衡水市-深州市,DILA,master,,
3613,PL000000003671,,清峰寺,37.998416,115.705498,中國-河北省-衡水市-深州市,DILA,master,,
3614,PL000000003672,,天安寺,37.927531,115.557679,中國-河北省-衡水市-深州市,DILA,master,,
3615,PL000000003673,,下博,38.0196,115.6792,中國-河北省-衡水市-深州市,DILA,master,,
3616,PL000000003674,,大田家莊,38.0114,115.7083,中國-河北省-衡水市-深州市,DILA,master,,
3617,PL000000003675,,深州,38.011,115.5585,中國-河北省-衡水市-深州市,DILA,master,,
3618,PL000000003676,,深縣,38.011,115.5585,中國-河北省-衡水市-深州市,DILA,master,,
3619,PL000000003677,,舊州站,38.011,115.5585,中國-河北省-衡水市-深州市,DILA,master,,
3620,PL000000003678,,饒陽郡,38.011,115.5585,中國-河北省-衡水市-深州市,DILA,master,,
3621,PL000000003679,,陸澤,38.011,115.5585,中國-河北省-衡水市-深州市,DILA,master,,
3622,PL000000003680,,鄡縣,37.9988,115.4969,中國-河北省-衡水市-深州市,DILA,master,,
3623,PL000000003681,,深州,37.9956,115.5351,中國-河北省-衡水市-深州市,DILA,master,,
3624,PL000000003682,,樂鄉,37.9908,115.7408,中國-河北省-衡水市-深州市,DILA,master,,
3625,PL000000003683,,樂鄉城,37.974,115.7451,中國-河北省-衡水市-深州市,DILA,master,,
3626,PL000000003684,,東陽頭,37.9648,115.5686,中國-河北省-衡水市-深州市,DILA,master,,
3627,PL000000003685,,下博,37.9519,115.6845,中國-河北省-衡水市-深州市,DILA,master,,
3628,PL000000003686,,下博,37.9465,115.6823,中國-河北省-衡水市-深州市,DILA,master,,
3629,PL000000003687,,下博,37.9416,115.679,中國-河北省-衡水市-深州市,DILA,master,,
3630,PL000000003688,,下博,37.9416,115.679,中國-河北省-衡水市-深州市,DILA,master,,
3631,PL000000003689,,下博,37.9416,115.6727,中國-河北省-衡水市-深州市,DILA,master,,
3632,PL000000003690,,下博,37.9416,115.6727,中國-河北省-衡水市-深州市,DILA,master,,
3633,PL000000003691,,河頭村,37.9385,115.7783,中國-河北省-衡水市-深州市,DILA,master,,
3634,PL000000003692,,深州,37.9062,115.5605,中國-河北省-衡水市-深州市,DILA,master,,
3635,PL000000003693,,靜安,37.9062,115.5605,中國-河北省-衡水市-深州市,DILA,master,,
3636,PL000000003694,,三龍堂,37.904,115.7694,中國-河北省-衡水市-深州市,DILA,master,,
3637,PL000000003695,,靜安,37.9017,115.5727,中國-河北省-衡水市-深州市,DILA,master,,
3638,PL000000003696,,付家池,37.8869,115.7127,中國-河北省-衡水市-深州市,DILA,master,,
3639,PL000000003697,,付家池倉,37.8869,115.7127,中國-河北省-衡水市-深州市,DILA,master,,
3640,PL000000003698,,鄡縣,37.8781,115.4247,中國-河北省-衡水市-深州市,DILA,master,,
3641,PL000000003699,,蓨縣,37.8764,115.4287,中國-河北省-衡水市-深州市,DILA,master,,
3642,PL000000003700,,北黎園,37.8741,115.6284,中國-河北省-衡水市-深州市,DILA,master,,
3643,PL000000003701,,鄡縣,37.8685,115.4282,中國-河北省-衡水市-深州市,DILA,master,,
3644,PL000000003702,,郻縣,37.8583,115.4353,中國-河北省-衡水市-深州市,DILA,master,,
3645,PL000000003703,,桃國,37.7902,115.4858,中國-河北省-衡水市-深州市,DILA,master,,
3646,PL000000003704,,深州,37.9017,115.5727,中國-河北省-衡水市-深州市,DILA,master,,
3647,PL000000003705,,磬口山,36.917,114.491,中國-河北省-邢臺市-沙河市,DILA,master,,
3648,PL000000003706,,金華寺,36.2752,114.389,中國-河北省-邯鄲市-臨漳縣,DILA,master,,
3649,PL000000003709,,光華殿,36.2752,114.389,,DILA,master,,
3650,PL000000003710,,受都寺,37.5652,115.5734,中國-河北省-衡水市-冀州市,DILA,master,,
3651,PL000000003711,,廷尉寺,36.2392,114.414,中國-河北省-邯鄲市-臨漳縣,DILA,master,,
3652,PL000000003713,,王城谷,37.872982,112.556269,中國-山西省,DILA,master,,
3653,PL000000003714,,山西省,37.8732,112.5743,中國-山西省,DILA,master,,
3654,PL000000003715,,晉,37.8732,112.5743,中國-山西省,DILA,master,,
3655,PL000000003716,,山西,37.872982,112.556269,中國-山西省,DILA,master,,
3656,PL000000003717,,高澤,37.25725,112.093717,中國-山西省,DILA,master,,
3657,PL000000003718,,小河,37.642955,112.430104,中國-山西省,DILA,master,,
3658,PL000000003719,,并州大寺,37.7241,112.44,中國-山西省,DILA,master,,
3659,PL000000003720,,鴻祐寺,37.872982,112.556269,中國-山西省,DILA,master,,
3660,PL000000003723,,石壁谷,37.7557,112.501,中國-山西省-太原市,DILA,master,,
3661,PL000000003724,,龍山,37.869931,112.543369,中國-山西省-太原市,DILA,master,,
3662,PL000000003725,,太原西山,37.869931,112.543369,中國-山西省-太原市,DILA,master,,
3663,PL000000003726,,雙塔寺,37.845439,112.590661,中國-山西省-太原市-迎澤區,DILA,master,,
3664,PL000000003727,,甘泉寺,37.78,112.44,中國-山西省-太原市-晉源區,DILA,master,,
3665,PL000000003728,,無量壽寺,37.869931,112.543369,中國-山西省-太原市,DILA,master,,
3666,PL000000003729,,萬佛寺,37.869931,112.543369,中國-山西省-太原市,DILA,master,,
3667,PL000000003730,,北京,37.7118,112.5553,中國-山西省-太原市-小店區,DILA,master,,
3668,PL000000003731,,晉陽,37.7118,112.5553,中國-山西省-太原市-小店區,DILA,master,,
3669,PL000000003732,,河東節度使,37.7118,112.5553,中國-山西省-太原市-小店區,DILA,master,,
3670,PL000000003733,,小迨保,37.7476,112.5725,中國-山西省-太原市-小店區,DILA,master,,
3671,PL000000003734,,馬村,37.7902,112.5483,中國-山西省-太原市-小店區,DILA,master,,
3672,PL000000003735,,平晉,37.7745,112.5817,中國-山西省-太原市-小店區,DILA,master,,
3673,PL000000003736,,永利監,37.7933,112.5749,中國-山西省-太原市-小店區,DILA,master,,
3674,PL000000003737,,永寧寺,37.659963,112.407738,中國-山西省-太原市-晉源區,DILA,master,,
3675,PL000000003738,,河東路,37.8732,112.5743,中國-山西省-太原市-杏花嶺區,DILA,master,,
3676,PL000000003739,,崇善寺,37.866387,112.573612,中國-山西省-太原市-杏花嶺區,DILA,master,,
3677,PL000000003740,,太原府,37.8732,112.5743,中國-山西省-太原市-杏花嶺區,DILA,master,,
3678,PL000000003741,,陽曲,37.8732,112.5743,中國-山西省-太原市-杏花嶺區,DILA,master,,
3679,PL000000003742,,太原府,37.8732,112.5743,中國-山西省-太原市-杏花嶺區,DILA,master,,
3680,PL000000003743,,陽曲,37.8732,112.5743,中國-山西省-太原市-杏花嶺區,DILA,master,,
3681,PL000000003744,,陽曲,37.8732,112.5743,中國-山西省-太原市-杏花嶺區,DILA,master,,
3682,PL000000003745,,翼寧路,37.8732,112.5743,中國-山西省-太原市-杏花嶺區,DILA,master,,
3683,PL000000003746,,臨汾站,37.8732,112.5743,中國-山西省-太原市-杏花嶺區,DILA,master,,
3684,PL000000003747,,太原府,37.8732,112.5743,中國-山西省-太原市-杏花嶺區,DILA,master,,
3685,PL000000003748,,河東北路,37.8732,112.5743,中國-山西省-太原市-杏花嶺區,DILA,master,,
3686,PL000000003749,,太原,37.8732,112.5743,中國-山西省-太原市-杏花嶺區,DILA,master,,
3687,PL000000003750,,陽曲,37.8732,112.5743,中國-山西省-太原市-杏花嶺區,DILA,master,,
3688,PL000000003751,,三交口,37.9329,112.5736,中國-山西省-太原市-杏花嶺區,DILA,master,,
3689,PL000000003752,,多福寺,37.96617,112.428355,中國-山西省-太原市-尖草坪區,DILA,master,,
3690,PL000000003753,,狼孟,37.9891,112.5782,中國-山西省-太原市-尖草坪區,DILA,master,,
3691,PL000000003754,,狼孟,37.9891,112.5782,中國-山西省-太原市-尖草坪區,DILA,master,,
3692,PL000000003755,,狼孟,37.9891,112.5782,中國-山西省-太原市-尖草坪區,DILA,master,,
3693,PL000000003756,,狼孟,37.9891,112.5782,中國-山西省-太原市-尖草坪區,DILA,master,,
3694,PL000000003757,,天門關,38.0551,112.4507,中國-山西省-太原市-尖草坪區,DILA,master,,
3695,PL000000003758,,天門關,38.0645,112.4518,中國-山西省-太原市-尖草坪區,DILA,master,,
3696,PL000000003759,,陽曲,37.9982,112.5986,中國-山西省-太原市-尖草坪區,DILA,master,,
3697,PL000000003760,,陽曲,37.9982,112.5986,中國-山西省-太原市-尖草坪區,DILA,master,,
3698,PL000000003761,,陽曲,37.9808,112.5856,中國-山西省-太原市-尖草坪區,DILA,master,,
3699,PL000000003762,,陽曲,37.9994,112.5804,中國-山西省-太原市-尖草坪區,DILA,master,,
3700,PL000000003763,,木井城,37.9802,112.5773,中國-山西省-太原市-尖草坪區,DILA,master,,
3701,PL000000003764,,王封村,37.9061,112.3451,中國-山西省-太原市-萬柏林區,DILA,master,,
3702,PL000000003766,,東看山,37.715375,112.477683,中國-山西省-太原市-晉源區,DILA,master,,
3703,PL000000003768,,并州刺史部,37.7513,112.4799,中國-山西省-太原市-晉源區,DILA,master,,
3704,PL000000003769,,蒙山,37.778976,112.437405,中國-山西省-太原市-晉源區,DILA,master,,
3705,PL000000003770,,比干山,37.715375,112.477683,中國-山西省-太原市-晉源區,DILA,master,,
3706,PL000000003771,,結絀山,37.731693,112.428843,中國-山西省-太原市-晉源區,DILA,master,,
3707,PL000000003772,,內城寺,37.715375,112.477683,中國-山西省-太原市-晉源區,DILA,master,,
3708,PL000000003773,,大興國寺,37.715375,112.477683,中國-山西省-太原市-晉源區,DILA,master,,
3709,PL000000003774,,寶基寺,37.715375,112.477683,中國-山西省-太原市-晉源區,DILA,master,,
3710,PL000000003775,,武德寺,37.715375,112.477683,中國-山西省-太原市-晉源區,DILA,master,,
3711,PL000000003776,,淨明寺,37.777096,112.439228,中國-山西省-太原市-晉源區,DILA,master,,
3712,PL000000003777,,眞智寺,37.715375,112.477683,中國-山西省-太原市-晉源區,DILA,master,,
3713,PL000000003778,,義興寺,37.715375,112.477683,中國-山西省-太原市-晉源區,DILA,master,,
3714,PL000000003779,,凝定寺,37.715375,112.477683,中國-山西省-太原市-晉源區,DILA,master,,
3715,PL000000003780,,童子寺,37.736504,112.430895,中國-山西省-太原市-晉源區,DILA,master,,
3716,PL000000003781,,太原寺,37.715375,112.477683,中國-山西省-太原市-晉源區,DILA,master,,
3717,PL000000003782,,講堂院,37.715375,112.477683,中國-山西省-太原市-晉源區,DILA,master,,
3718,PL000000003783,,佛山院,37.715375,112.477683,中國-山西省-太原市-晉源區,DILA,master,,
3719,PL000000003784,,三學寺,37.85107,112.517485,中國-山西省-太原市-萬柏林區,DILA,master,,
3720,PL000000003785,,大安寺,37.715375,112.477683,中國-山西省-太原市-晉源區,DILA,master,,
3721,PL000000003786,,淨土院,37.715375,112.477683,中國-山西省-太原市-晉源區,DILA,master,,
3722,PL000000003787,,西寺,37.715375,112.477683,中國-山西省-太原市-晉源區,DILA,master,,
3723,PL000000003788,,聖壽寺,37.73613,112.38068,中國-山西省-太原市-晉源區,DILA,master,,
3724,PL000000003789,,天王院,36.759491,110.627251,中國-山西省-臨汾市-永和縣,DILA,master,,
3725,PL000000003790,,藏海寺,37.715375,112.477683,中國-山西省-太原市-晉源區,DILA,master,,
3726,PL000000003791,,并州,37.7557,112.5009,中國-山西省-太原市-晉源區,DILA,master,,
3727,PL000000003792,,晉陽,37.7557,112.5009,中國-山西省-太原市-晉源區,DILA,master,,
3728,PL000000003793,,太原縣,37.709,112.5121,中國-山西省-太原市-晉源區,DILA,master,,
3729,PL000000003794,,并部,37.709,112.5121,中國-山西省-太原市-晉源區,DILA,master,,
3730,PL000000003795,,并門,37.709,112.5121,中國-山西省-太原市-晉源區,DILA,master,,
3731,PL000000003796,,晉陽,37.709,112.5121,中國-山西省-太原市-晉源區,DILA,master,,
3732,PL000000003797,,河東節度使,37.709,112.5121,中國-山西省-太原市-晉源區,DILA,master,,
3733,PL000000003798,,幷州,37.741,112.5002,中國-山西省-太原市-晉源區,DILA,master,,
3734,PL000000003799,,太原國,37.741,112.5002,中國-山西省-太原市-晉源區,DILA,master,,
3735,PL000000003800,,藍谷,37.741,112.5002,中國-山西省-太原市-晉源區,DILA,master,,
3736,PL000000003801,,晉陽,37.741,112.5002,中國-山西省-太原市-晉源區,DILA,master,,
3737,PL000000003802,,太原郡,37.7392,112.4954,中國-山西省-太原市-晉源區,DILA,master,,
3738,PL000000003803,,并州,37.7392,112.4954,中國-山西省-太原市-晉源區,DILA,master,,
3739,PL000000003804,,晉陽,37.7392,112.4954,中國-山西省-太原市-晉源區,DILA,master,,
3740,PL000000003805,,匈奴中郎將,37.7392,112.4954,中國-山西省-太原市-晉源區,DILA,master,,
3741,PL000000003806,,太原郡,37.7513,112.4799,中國-山西省-太原市-晉源區,DILA,master,,
3742,PL000000003807,,晉陽,37.7513,112.4799,中國-山西省-太原市-晉源區,DILA,master,,
3743,PL000000003808,,太原郡,37.7513,112.4799,中國-山西省-太原市-晉源區,DILA,master,,
3744,PL000000003809,,晉陽,37.7513,112.4799,中國-山西省-太原市-晉源區,DILA,master,,
3745,PL000000003810,,并州,37.7241,112.4398,中國-山西省-太原市-晉源區,DILA,master,,
3746,PL000000003811,,太原郡,37.7241,112.4398,中國-山西省-太原市-晉源區,DILA,master,,
3747,PL000000003812,,晉陽,37.7241,112.4398,中國-山西省-太原市-晉源區,DILA,master,,
3748,PL000000003813,,并,37.7162,112.4991,中國-山西省-太原市-晉源區,DILA,master,,
3749,PL000000003814,,太原郡,37.7162,112.4991,中國-山西省-太原市-晉源區,DILA,master,,
3750,PL000000003815,,晉陽,37.7162,112.4991,中國-山西省-太原市-晉源區,DILA,master,,
3751,PL000000003816,,東莊水堡,37.7049,112.4614,中國-山西省-太原市-晉源區,DILA,master,,
3752,PL000000003817,,太原郡,37.7557,112.5009,中國-山西省-太原市-晉源區,DILA,master,,
3753,PL000000003818,,太原郡,37.7565,112.4947,中國-山西省-太原市-晉源區,DILA,master,,
3754,PL000000003819,,汾水流域,37.7331,112.4933,中國-山西省-太原市-晉源區,DILA,master,,
3755,PL000000003820,,太原,37.7397,112.4861,中國-山西省-太原市-晉源區,DILA,master,,
3756,PL000000003821,,董茹保,37.7911,112.5044,中國-山西省-太原市-晉源區,DILA,master,,
3757,PL000000003822,,晉祠,37.6969,112.418,中國-山西省-太原市-晉源區,DILA,master,,
3758,PL000000003823,,晉陽,37.7565,112.4947,中國-山西省-太原市-晉源區,DILA,master,,
3759,PL000000003824,,梗陽,37.6159,112.3499,中國-山西省-太原市-清徐縣,DILA,master,,
3760,PL000000003825,,清源鄉,37.6107,112.3491,中國-山西省-太原市-清徐縣,DILA,master,,
3761,PL000000003826,,清源,37.6107,112.3491,中國-山西省-太原市-清徐縣,DILA,master,,
3762,PL000000003827,,清源,37.6107,112.3491,中國-山西省-太原市-清徐縣,DILA,master,,
3763,PL000000003828,,清源,37.6107,112.3491,中國-山西省-太原市-清徐縣,DILA,master,,
3764,PL000000003829,,清源,37.6107,112.3491,中國-山西省-太原市-清徐縣,DILA,master,,
3765,PL000000003830,,清源縣,37.6107,112.3491,中國-山西省-太原市-清徐縣,DILA,master,,
3766,PL000000003831,,梗陽城,37.6107,112.3491,中國-山西省-太原市-清徐縣,DILA,master,,
3767,PL000000003832,,梗陽城,37.6107,112.3491,中國-山西省-太原市-清徐縣,DILA,master,,
3768,PL000000003833,,梗陽鄉,37.6107,112.3491,中國-山西省-太原市-清徐縣,DILA,master,,
3769,PL000000003834,,洞渦驛,37.5868,112.5081,中國-山西省-太原市-清徐縣,DILA,master,,
3770,PL000000003835,,同戈站,37.5859,112.5362,中國-山西省-太原市-清徐縣,DILA,master,,
3771,PL000000003836,,徐溝,37.5666,112.5077,中國-山西省-太原市-清徐縣,DILA,master,,
3772,PL000000003837,,徐溝,37.5572,112.5146,中國-山西省-太原市-清徐縣,DILA,master,,
3773,PL000000003838,,徐溝,37.5572,112.5146,中國-山西省-太原市-清徐縣,DILA,master,,
3774,PL000000003839,,徐溝鎮,37.5561,112.5157,中國-山西省-太原市-清徐縣,DILA,master,,
3775,PL000000003840,,堯城鎮,37.5189,112.4664,中國-山西省-太原市-清徐縣,DILA,master,,
3776,PL000000003841,,懷遠堡,37.5124,112.5009,中國-山西省-太原市-清徐縣,DILA,master,,
3777,PL000000003842,,陽興寨,38.2569,112.9118,中國-山西省-太原市-陽曲縣,DILA,master,,
3778,PL000000003843,,石嶺關,38.2366,112.7449,中國-山西省-太原市-陽曲縣,DILA,master,,
3779,PL000000003844,,石嶺關,38.2341,112.7468,中國-山西省-太原市-陽曲縣,DILA,master,,
3780,PL000000003845,,石嶺關,38.2341,112.7468,中國-山西省-太原市-陽曲縣,DILA,master,,
3781,PL000000003846,,石嶺關,38.2317,112.7439,中國-山西省-太原市-陽曲縣,DILA,master,,
3782,PL000000003847,,石嶺關,38.2289,112.7415,中國-山西省-太原市-陽曲縣,DILA,master,,
3783,PL000000003848,,陽興寨,38.2136,112.923,中國-山西省-太原市-陽曲縣,DILA,master,,
3784,PL000000003849,,赤塘關,38.197,112.6311,中國-山西省-太原市-陽曲縣,DILA,master,,
3785,PL000000003850,,赤塘關,38.192,112.632,中國-山西省-太原市-陽曲縣,DILA,master,,
3786,PL000000003851,,孟,38.1765,112.7476,中國-山西省-太原市-陽曲縣,DILA,master,,
3787,PL000000003852,,盂縣,38.1739,112.743,中國-山西省-太原市-陽曲縣,DILA,master,,
3788,PL000000003853,,盂縣,38.1739,112.743,中國-山西省-太原市-陽曲縣,DILA,master,,
3789,PL000000003854,,埽峪村,38.1687,112.3513,中國-山西省-太原市-陽曲縣,DILA,master,,
3790,PL000000003855,,盂縣,38.1673,112.7418,中國-山西省-太原市-陽曲縣,DILA,master,,
3791,PL000000003856,,盂縣,38.1673,112.7418,中國-山西省-太原市-陽曲縣,DILA,master,,
3792,PL000000003857,,陵井驛,38.1425,112.4332,中國-山西省-太原市-陽曲縣,DILA,master,,
3793,PL000000003858,,百井寨,38.1119,112.7087,中國-山西省-太原市-陽曲縣,DILA,master,,
3794,PL000000003859,,柏井鋪,38.1117,112.7207,中國-山西省-太原市-陽曲縣,DILA,master,,
3795,PL000000003860,,百井,38.104,112.705,中國-山西省-太原市-陽曲縣,DILA,master,,
3796,PL000000003861,,成晉站,38.0908,112.7138,中國-山西省-太原市-陽曲縣,DILA,master,,
3797,PL000000003862,,天門關,38.08,112.4367,中國-山西省-太原市-陽曲縣,DILA,master,,
3798,PL000000003863,,汾陽,38.0793,112.7545,中國-山西省-太原市-陽曲縣,DILA,master,,
3799,PL000000003864,,黃土寨,38.0722,112.6697,中國-山西省-太原市-陽曲縣,DILA,master,,
3800,PL000000003865,,狼孟,38.0688,112.6804,中國-山西省-太原市-陽曲縣,DILA,master,,
3801,PL000000003866,,羅陰城,38.0644,112.719,中國-山西省-太原市-陽曲縣,DILA,master,,
3802,PL000000003867,,方山市,38.0524,112.9628,中國-山西省-太原市-陽曲縣,DILA,master,,
3803,PL000000003869,,樓煩鎮,38.1141,111.8378,中國-山西省-太原市-婁煩縣,DILA,master,,
3804,PL000000003870,,樓煩,38.1104,111.8376,中國-山西省-太原市-婁煩縣,DILA,master,,
3805,PL000000003871,,憲州,38.1065,111.8355,中國-山西省-太原市-婁煩縣,DILA,master,,
3806,PL000000003872,,憲州,38.0632,111.7999,中國-山西省-太原市-婁煩縣,DILA,master,,
3807,PL000000003873,,雁門關,37.9398,112.0352,中國-山西省-太原市-婁煩縣,DILA,master,,
3808,PL000000003874,,天池監,37.9307,111.827,中國-山西省-太原市-婁煩縣,DILA,master,,
3809,PL000000003875,,故交村,37.9097,112.1473,中國-山西省-太原市-古交市,DILA,master,,
3810,PL000000003876,,交城,37.8923,112.1396,中國-山西省-太原市-古交市,DILA,master,,
3811,PL000000003877,,岔口村,37.8488,111.8801,中國-山西省-太原市-古交市,DILA,master,,
3812,PL000000003878,,北園,40.1638,113.379,中國-山西省-大同市,DILA,master,,
3813,PL000000003880,,石窟寺,38.869039,113.387669,中國-山西省-忻州市-五台縣,DILA,master,,
3814,PL000000003881,,西京道,40.0923,113.3062,中國-山西省-大同市-城區,DILA,master,,
3815,PL000000003882,,大同,40.0923,113.3062,中國-山西省-大同市-城區,DILA,master,,
3816,PL000000003883,,大同府,40.0923,113.3062,中國-山西省-大同市-城區,DILA,master,,
3817,PL000000003884,,大同,40.0923,113.3062,中國-山西省-大同市-城區,DILA,master,,
3818,PL000000003885,,大同府,40.0923,113.3062,中國-山西省-大同市-城區,DILA,master,,
3819,PL000000003886,,大同,40.0923,113.3062,中國-山西省-大同市-城區,DILA,master,,
3820,PL000000003887,,大同路,40.0923,113.3062,中國-山西省-大同市-城區,DILA,master,,
3821,PL000000003888,,大同,40.0923,113.3062,中國-山西省-大同市-城區,DILA,master,,
3822,PL000000003889,,大同府,40.0923,113.3062,中國-山西省-大同市-城區,DILA,master,,
3823,PL000000003890,,西京,40.0923,113.3062,中國-山西省-大同市-城區,DILA,master,,
3824,PL000000003891,,雲中,40.0923,113.3062,中國-山西省-大同市-城區,DILA,master,,
3825,PL000000003892,,雲州,40.0923,113.3062,中國-山西省-大同市-城區,DILA,master,,
3826,PL000000003893,,雲中,40.0923,113.3062,中國-山西省-大同市-城區,DILA,master,,
3827,PL000000003894,,雲州,40.0923,113.3062,中國-山西省-大同市-城區,DILA,master,,
3828,PL000000003895,,雲內,40.0923,113.3062,中國-山西省-大同市-城區,DILA,master,,
3829,PL000000003896,,平城,40.0923,113.3062,中國-山西省-大同市-城區,DILA,master,,
3830,PL000000003897,,平城,40.0923,113.3062,中國-山西省-大同市-城區,DILA,master,,
3831,PL000000003898,,山西行都司,40.0923,113.3062,中國-山西省-大同市-城區,DILA,master,,
3832,PL000000003899,,大同鎮,40.0923,113.3062,中國-山西省-大同市-城區,DILA,master,,
3833,PL000000003901,,西京路,40.1376,113.2407,中國-山西省-大同市-南郊區,DILA,master,,
3834,PL000000003903,,武州西山,40.1,113.1,中國-山西省-大同市-南郊區,DILA,master,,
3835,PL000000003904,,通樂寺,40.1,113.1,中國-山西省-大同市-南郊區,DILA,master,,
3836,PL000000003907,,禪房寺,39.954465,113.050148,中國-山西省-大同市-南郊區,DILA,master,,
3837,PL000000003908,,北臺石窟,40.109722,113.122222,中國-山西省-大同市-南郊區,DILA,master,,
3838,PL000000003909,,恆州,40.1322,113.3585,中國-山西省-大同市-南郊區,DILA,master,,
3839,PL000000003910,,平城,40.1302,113.3515,中國-山西省-大同市-南郊區,DILA,master,,
3840,PL000000003911,,平城,40.1302,113.3515,中國-山西省-大同市-南郊區,DILA,master,,
3841,PL000000003912,,東部都尉,40.1302,113.3515,中國-山西省-大同市-南郊區,DILA,master,,
3842,PL000000003913,,夏米莊,39.9891,113.2168,中國-山西省-大同市-南郊區,DILA,master,,
3843,PL000000003914,,高山所,40.1041,112.979,中國-山西省-大同市-南郊區,DILA,master,,
3844,PL000000003915,,高山堡,40.1003,112.9755,中國-山西省-大同市-南郊區,DILA,master,,
3845,PL000000003916,,孤店,40.1822,113.3209,中國-山西省-大同市-南郊區,DILA,master,,
3846,PL000000003917,,北代,40.1322,113.3585,中國-山西省-大同市-南郊區,DILA,master,,
3847,PL000000003918,,平城,40.1361,113.3468,中國-山西省-大同市-南郊區,DILA,master,,
3848,PL000000003919,,奉義,40.1278,113.3631,中國-山西省-大同市-南郊區,DILA,master,,
3849,PL000000003920,,恒安鎮,40.1251,113.3364,中國-山西省-大同市-南郊區,DILA,master,,
3850,PL000000003921,,代郡,40.1322,113.3585,中國-山西省-大同市-南郊區,DILA,master,,
3851,PL000000003922,,大同府,40.1376,113.2407,中國-山西省-大同市-南郊區,DILA,master,,
3852,PL000000003923,,西京,40.1376,113.2407,中國-山西省-大同市-南郊區,DILA,master,,
3853,PL000000003924,,鎮羌堡,40.3845,113.2525,中國-山西省-大同市-新榮區,DILA,master,,
3854,PL000000003925,,鴻橋,40.2186,113.1153,中國-山西省-大同市-新榮區,DILA,master,,
3855,PL000000003926,,鎮河堡,40.2211,113.1383,中國-山西省-大同市-新榮區,DILA,master,,
3856,PL000000003927,,破魯堡,40.2182,112.95,中國-山西省-大同市-新榮區,DILA,master,,
3857,PL000000003928,,鎮川堡,40.2856,113.383,中國-山西省-大同市-新榮區,DILA,master,,
3858,PL000000003929,,鎮川堡,40.2895,113.4001,中國-山西省-大同市-新榮區,DILA,master,,
3859,PL000000003930,,燕昌城,40.2817,113.1775,中國-山西省-大同市-新榮區,DILA,master,,
3860,PL000000003931,,北代,40.1638,113.3793,中國-山西省-大同市-新榮區,DILA,master,,
3861,PL000000003932,,永固,40.3458,113.1865,中國-山西省-大同市-新榮區,DILA,master,,
3862,PL000000003933,,焦山,40.3821,113.1436,中國-山西省-大同市-新榮區,DILA,master,,
3863,PL000000003934,,拒墻堡,40.3804,113.1451,中國-山西省-大同市-新榮區,DILA,master,,
3864,PL000000003935,,拒門堡,40.3339,112.9972,中國-山西省-大同市-新榮區,DILA,master,,
3865,PL000000003936,,助馬堡,40.2922,112.9271,中國-山西省-大同市-新榮區,DILA,master,,
3866,PL000000003937,,弘賜堡,40.3173,113.2972,中國-山西省-大同市-新榮區,DILA,master,,
3867,PL000000003938,,宏賜堡,40.3186,113.2842,中國-山西省-大同市-新榮區,DILA,master,,
3868,PL000000003939,,祝馬口,40.2906,112.929,中國-山西省-大同市-新榮區,DILA,master,,
3869,PL000000003940,,得勝堡,40.3822,113.2321,中國-山西省-大同市-新榮區,DILA,master,,
3870,PL000000003941,,拒門,40.3335,112.9754,中國-山西省-大同市-新榮區,DILA,master,,
3871,PL000000003942,,拒牆保,40.3675,113.1273,中國-山西省-大同市-新榮區,DILA,master,,
3872,PL000000003943,,鎮門堡,40.4225,113.8611,中國-山西省-大同市-陽高縣,DILA,master,,
3873,PL000000003944,,虎峪口,40.415,113.8709,中國-山西省-大同市-陽高縣,DILA,master,,
3874,PL000000003945,,守口堡,40.3977,113.6742,中國-山西省-大同市-陽高縣,DILA,master,,
3875,PL000000003946,,陽和口,40.3972,113.7031,中國-山西省-大同市-陽高縣,DILA,master,,
3876,PL000000003947,,高柳,40.3587,113.7453,中國-山西省-大同市-陽高縣,DILA,master,,
3877,PL000000003948,,陽高,40.3532,113.762,中國-山西省-大同市-陽高縣,DILA,master,,
3878,PL000000003949,,清塞軍,40.3532,113.762,中國-山西省-大同市-陽高縣,DILA,master,,
3879,PL000000003950,,高柳,40.3532,113.762,中國-山西省-大同市-陽高縣,DILA,master,,
3880,PL000000003951,,高柳郡,40.3532,113.762,中國-山西省-大同市-陽高縣,DILA,master,,
3881,PL000000003952,,代郡,40.3532,113.762,中國-山西省-大同市-陽高縣,DILA,master,,
3882,PL000000003953,,高柳,40.3532,113.762,中國-山西省-大同市-陽高縣,DILA,master,,
3883,PL000000003954,,高柳,40.3532,113.762,中國-山西省-大同市-陽高縣,DILA,master,,
3884,PL000000003955,,鎮邊堡,40.3167,113.5169,中國-山西省-大同市-陽高縣,DILA,master,,
3885,PL000000003956,,參合,40.3162,113.7867,中國-山西省-大同市-陽高縣,DILA,master,,
3886,PL000000003957,,長青,40.2828,113.8525,中國-山西省-大同市-陽高縣,DILA,master,,
3887,PL000000003958,,白登堡,40.2785,113.8347,中國-山西省-大同市-陽高縣,DILA,master,,
3888,PL000000003959,,白登,40.2745,113.8427,中國-山西省-大同市-陽高縣,DILA,master,,
3889,PL000000003960,,白登,40.2745,113.8427,中國-山西省-大同市-陽高縣,DILA,master,,
3890,PL000000003961,,道人,40.115,113.9853,中國-山西省-大同市-陽高縣,DILA,master,,
3891,PL000000003962,,道人,40.115,113.9853,中國-山西省-大同市-陽高縣,DILA,master,,
3892,PL000000003963,,狋氏,39.9544,113.9444,中國-山西省-大同市-陽高縣,DILA,master,,
3893,PL000000003964,,狋氏,39.9544,113.9444,中國-山西省-大同市-陽高縣,DILA,master,,
3894,PL000000003965,,高山衛,40.3532,113.762,中國-山西省-大同市-陽高縣,DILA,master,,
3895,PL000000003966,,陽和衛,40.3532,113.762,中國-山西省-大同市-陽高縣,DILA,master,,
3896,PL000000003967,,西部都尉,40.3532,113.762,中國-山西省-大同市-陽高縣,DILA,master,,
3897,PL000000003968,,新平堡,40.659,114.0808,中國-山西省-大同市-天鎮縣,DILA,master,,
3898,PL000000003969,,延陵,40.6577,114.0912,中國-山西省-大同市-天鎮縣,DILA,master,,
3899,PL000000003970,,新平堡,40.6538,114.1018,中國-山西省-大同市-天鎮縣,DILA,master,,
3900,PL000000003971,,永加堡,40.5434,114.2719,中國-山西省-大同市-天鎮縣,DILA,master,,
3901,PL000000003972,,瓦窯口堡,40.5381,114.1551,中國-山西省-大同市-天鎮縣,DILA,master,,
3902,PL000000003973,,永嘉堡,40.5319,114.2466,中國-山西省-大同市-天鎮縣,DILA,master,,
3903,PL000000003974,,白羊口,40.4807,114.0842,中國-山西省-大同市-天鎮縣,DILA,master,,
3904,PL000000003975,,榆林口,40.4665,114.0323,中國-山西省-大同市-天鎮縣,DILA,master,,
3905,PL000000003976,,白羊口,40.4653,114.079,中國-山西省-大同市-天鎮縣,DILA,master,,
3906,PL000000003977,,天鎮,40.4152,114.092,中國-山西省-大同市-天鎮縣,DILA,master,,
3907,PL000000003978,,天成,40.4152,114.092,中國-山西省-大同市-天鎮縣,DILA,master,,
3908,PL000000003979,,天成,40.4152,114.092,中國-山西省-大同市-天鎮縣,DILA,master,,
3909,PL000000003980,,天成軍,40.4152,114.092,中國-山西省-大同市-天鎮縣,DILA,master,,
3910,PL000000003981,,米辛關堡,40.3034,114.101,中國-山西省-大同市-天鎮縣,DILA,master,,
3911,PL000000003982,,天成衛,40.4152,114.092,中國-山西省-大同市-天鎮縣,DILA,master,,
3912,PL000000003983,,鎮虜衛,40.4152,114.092,中國-山西省-大同市-天鎮縣,DILA,master,,
3913,PL000000003984,,瓦口,40.5326,114.1384,中國-山西省-大同市-天鎮縣,DILA,master,,
3914,PL000000003985,,宏教寺,39.848041,114.378554,中國-山西省-大同市-廣靈縣,DILA,master,,
3915,PL000000003986,,西照寺,39.820164,113.970847,中國-山西省-大同市-廣靈縣,DILA,master,,
3916,PL000000003987,,焦山,39.7911,114.3353,中國-山西省-大同市-廣靈縣,DILA,master,,
3917,PL000000003988,,焦山寨,39.7899,114.3284,中國-山西省-大同市-廣靈縣,DILA,master,,
3918,PL000000003989,,平舒,39.7762,114.2206,中國-山西省-大同市-廣靈縣,DILA,master,,
3919,PL000000003990,,平舒,39.7762,114.2206,中國-山西省-大同市-廣靈縣,DILA,master,,
3920,PL000000003991,,平舒,39.7727,114.2242,中國-山西省-大同市-廣靈縣,DILA,master,,
3921,PL000000003992,,平舒,39.7727,114.2242,中國-山西省-大同市-廣靈縣,DILA,master,,
3922,PL000000003993,,廣靈,39.7629,114.2859,中國-山西省-大同市-廣靈縣,DILA,master,,
3923,PL000000003994,,廣靈,39.7629,114.2859,中國-山西省-大同市-廣靈縣,DILA,master,,
3924,PL000000003995,,廣靈,39.7629,114.2859,中國-山西省-大同市-廣靈縣,DILA,master,,
3925,PL000000003996,,廣陵,39.7629,114.2859,中國-山西省-大同市-廣靈縣,DILA,master,,
3926,PL000000003997,,平舒,39.757,114.2196,中國-山西省-大同市-廣靈縣,DILA,master,,
3927,PL000000003998,,土嶺寨,39.7366,114.1469,中國-山西省-大同市-廣靈縣,DILA,master,,
3928,PL000000003999,,加斗寨,39.7333,114.3721,中國-山西省-大同市-廣靈縣,DILA,master,,
3929,PL000000004000,,林關口,39.7223,114.0972,中國-山西省-大同市-廣靈縣,DILA,master,,
3930,PL000000004001,,林關口,39.7169,114.0976,中國-山西省-大同市-廣靈縣,DILA,master,,
3931,PL000000004002,,直峪口,39.7026,114.252,中國-山西省-大同市-廣靈縣,DILA,master,,
3932,PL000000004003,,直谷關,39.7008,114.2322,中國-山西省-大同市-廣靈縣,DILA,master,,
3933,PL000000004004,,直谷關,39.6999,114.2441,中國-山西省-大同市-廣靈縣,DILA,master,,
3934,PL000000004005,,靈丘聚,39.4373,114.3041,中國-山西省-大同市-靈丘縣,DILA,master,,
3935,PL000000004006,,靈丘,39.4373,114.3041,中國-山西省-大同市-靈丘縣,DILA,master,,
3936,PL000000004007,,靈丘,39.4371,114.239,中國-山西省-大同市-靈丘縣,DILA,master,,
3937,PL000000004008,,靈丘,39.4371,114.239,中國-山西省-大同市-靈丘縣,DILA,master,,
3938,PL000000004009,,靈丘,39.4371,114.239,中國-山西省-大同市-靈丘縣,DILA,master,,
3939,PL000000004010,,靈丘,39.4371,114.239,中國-山西省-大同市-靈丘縣,DILA,master,,
3940,PL000000004011,,蔚州,39.4371,114.239,中國-山西省-大同市-靈丘縣,DILA,master,,
3941,PL000000004012,,靈丘,39.4371,114.239,中國-山西省-大同市-靈丘縣,DILA,master,,
3942,PL000000004013,,靈丘,39.4371,114.239,中國-山西省-大同市-靈丘縣,DILA,master,,
3943,PL000000004014,,靈丘,39.4371,114.239,中國-山西省-大同市-靈丘縣,DILA,master,,
3944,PL000000004015,,靈丘郡,39.4371,114.239,中國-山西省-大同市-靈丘縣,DILA,master,,
3945,PL000000004016,,靈丘,39.4342,114.2859,中國-山西省-大同市-靈丘縣,DILA,master,,
3946,PL000000004017,,恒岳,38.5885,112.9102,中國-山西省-大同市-渾源縣,DILA,master,,
3947,PL000000004018,,夏壺山,39.282834,113.020736,中國-山西省-忻州市-代縣,DILA,master,,
3948,PL000000004019,,亂嶺關,39.7668,113.8935,中國-山西省-大同市-渾源縣,DILA,master,,
3949,PL000000004020,,蔡村堡,39.7504,113.6066,中國-山西省-大同市-渾源縣,DILA,master,,
3950,PL000000004021,,崞山,39.7114,113.6382,中國-山西省-大同市-渾源縣,DILA,master,,
3951,PL000000004022,,崞縣,39.711,113.6159,中國-山西省-大同市-渾源縣,DILA,master,,
3952,PL000000004023,,崞縣,39.711,113.6159,中國-山西省-大同市-渾源縣,DILA,master,,
3953,PL000000004024,,崞縣,39.702,113.6122,中國-山西省-大同市-渾源縣,DILA,master,,
3954,PL000000004025,,渾源州,39.6958,113.6947,中國-山西省-大同市-渾源縣,DILA,master,,
3955,PL000000004026,,渾源州,39.6958,113.6947,中國-山西省-大同市-渾源縣,DILA,master,,
3956,PL000000004027,,渾源州,39.6958,113.6947,中國-山西省-大同市-渾源縣,DILA,master,,
3957,PL000000004028,,渾源,39.6958,113.6947,中國-山西省-大同市-渾源縣,DILA,master,,
3958,PL000000004029,,賈莊,39.6556,113.5252,中國-山西省-大同市-渾源縣,DILA,master,,
3959,PL000000004030,,李峪口,39.6527,113.6751,中國-山西省-大同市-渾源縣,DILA,master,,
3960,PL000000004031,,瓷窯口,39.6367,113.7451,中國-山西省-大同市-渾源縣,DILA,master,,
3961,PL000000004032,,繁畤,39.6128,113.51,中國-山西省-大同市-渾源縣,DILA,master,,
3962,PL000000004033,,繁畤,39.6128,113.51,中國-山西省-大同市-渾源縣,DILA,master,,
3963,PL000000004034,,繁畤,39.6071,113.4885,中國-山西省-大同市-渾源縣,DILA,master,,
3964,PL000000004035,,大凌雲口,39.5675,113.5622,中國-山西省-大同市-渾源縣,DILA,master,,
3965,PL000000004036,,莎泉,39.4721,113.8281,中國-山西省-大同市-渾源縣,DILA,master,,
3966,PL000000004037,,王家莊堡,39.4221,113.9144,中國-山西省-大同市-渾源縣,DILA,master,,
3967,PL000000004038,,大寨頭,39.405,113.8629,中國-山西省-大同市-渾源縣,DILA,master,,
3968,PL000000004039,,麻谷寨,39.3978,113.8253,中國-山西省-大同市-渾源縣,DILA,master,,
3969,PL000000004040,,水磨堡,39.6647,113.6119,中國-山西省-大同市-渾源縣,DILA,master,,
3970,PL000000004041,,保安堡,40.2289,112.9038,中國-山西省-大同市-左雲縣,DILA,master,,
3971,PL000000004042,,保安,40.228,112.9012,中國-山西省-大同市-左雲縣,DILA,master,,
3972,PL000000004043,,威魯堡,40.1538,112.8028,中國-山西省-大同市-左雲縣,DILA,master,,
3973,PL000000004044,,威魯堡,40.1477,112.8018,中國-山西省-大同市-左雲縣,DILA,master,,
3974,PL000000004045,,安魯,40.1412,112.6996,中國-山西省-大同市-左雲縣,DILA,master,,
3975,PL000000004046,,寧魯堡,40.1376,112.7072,中國-山西省-大同市-左雲縣,DILA,master,,
3976,PL000000004047,,三屯堡,40.0514,112.7001,中國-山西省-大同市-左雲縣,DILA,master,,
3977,PL000000004048,,左雲,40.0076,112.7034,中國-山西省-大同市-左雲縣,DILA,master,,
3978,PL000000004049,,武周城,40.0076,112.7034,中國-山西省-大同市-左雲縣,DILA,master,,
3979,PL000000004050,,武周,40.0076,112.7034,中國-山西省-大同市-左雲縣,DILA,master,,
3980,PL000000004051,,武州,40.0076,112.7034,中國-山西省-大同市-左雲縣,DILA,master,,
3981,PL000000004052,,雲川衛,40.0076,112.7034,中國-山西省-大同市-左雲縣,DILA,master,,
3982,PL000000004053,,大同左衛,40.0076,112.7034,中國-山西省-大同市-左雲縣,DILA,master,,
3983,PL000000004054,,牛皮關,40.178,113.494,中國-山西省-大同市-大同縣,DILA,master,,
3984,PL000000004055,,聚落所,40.1728,113.5819,中國-山西省-大同市-大同縣,DILA,master,,
3985,PL000000004056,,聚樂城,40.1661,113.5645,中國-山西省-大同市-大同縣,DILA,master,,
3986,PL000000004057,,白登,40.1611,113.4362,中國-山西省-大同市-大同縣,DILA,master,,
3987,PL000000004058,,白登,40.1611,113.4362,中國-山西省-大同市-大同縣,DILA,master,,
3988,PL000000004059,,平邑,40.0492,113.6682,中國-山西省-大同市-大同縣,DILA,master,,
3989,PL000000004060,,陵a莊堡,40.0313,113.7442,中國-山西省-大同市-大同縣,DILA,master,,
3990,PL000000004061,,平邑,40.0269,113.6965,中國-山西省-大同市-大同縣,DILA,master,,
3991,PL000000004062,,北平邑,40.0247,113.6937,中國-山西省-大同市-大同縣,DILA,master,,
3992,PL000000004063,,沙堝,39.9922,113.677,中國-山西省-大同市-大同縣,DILA,master,,
3993,PL000000004064,,上泉站,39.9718,113.3819,中國-山西省-大同市-大同縣,DILA,master,,
3994,PL000000004065,,平潭站,37.8781,113.5671,中國-山西省-陽泉市-礦區,DILA,master,,
3995,PL000000004066,,平譚城,37.8523,113.5391,中國-山西省-陽泉市-郊區,DILA,master,,
3996,PL000000004067,,承天軍,37.9732,113.911,中國-山西省-陽泉市-平定縣,DILA,master,,
3997,PL000000004068,,娘子關,37.9611,113.8893,中國-山西省-陽泉市-平定縣,DILA,master,,
3998,PL000000004069,,葦澤關,37.9521,113.882,中國-山西省-陽泉市-平定縣,DILA,master,,
3999,PL000000004070,,故關,37.9485,113.9222,中國-山西省-陽泉市-平定縣,DILA,master,,
4000,PL000000004071,,故關,37.9485,113.9222,中國-山西省-陽泉市-平定縣,DILA,master,,
4001,PL000000004072,,固關,37.9237,113.924,中國-山西省-陽泉市-平定縣,DILA,master,,
4002,PL000000004073,,固關,37.9161,113.935,中國-山西省-陽泉市-平定縣,DILA,master,,
4003,PL000000004074,,故關,37.9085,113.9205,中國-山西省-陽泉市-平定縣,DILA,master,,
4004,PL000000004075,,新固關,37.8902,113.8802,中國-山西省-陽泉市-平定縣,DILA,master,,
4005,PL000000004076,,新固關所,37.8836,113.8814,中國-山西省-陽泉市-平定縣,DILA,master,,
4006,PL000000004077,,柏井驛,37.8229,113.8035,中國-山西省-陽泉市-平定縣,DILA,master,,
4007,PL000000004078,,百井寨,37.8148,113.8169,中國-山西省-陽泉市-平定縣,DILA,master,,
4008,PL000000004079,,柏井站,37.8098,113.8059,中國-山西省-陽泉市-平定縣,DILA,master,,
4009,PL000000004080,,平定州,37.8014,113.6318,中國-山西省-陽泉市-平定縣,DILA,master,,
4010,PL000000004081,,平定州,37.8014,113.6318,中國-山西省-陽泉市-平定縣,DILA,master,,
4011,PL000000004082,,平定,37.8014,113.6318,中國-山西省-陽泉市-平定縣,DILA,master,,
4012,PL000000004083,,平定軍,37.8014,113.6318,中國-山西省-陽泉市-平定縣,DILA,master,,
4013,PL000000004084,,石艾,37.8014,113.6318,中國-山西省-陽泉市-平定縣,DILA,master,,
4014,PL000000004085,,石艾,37.8014,113.6318,中國-山西省-陽泉市-平定縣,DILA,master,,
4015,PL000000004086,,上艾,37.8014,113.6318,中國-山西省-陽泉市-平定縣,DILA,master,,
4016,PL000000004087,,上艾,37.8014,113.6318,中國-山西省-陽泉市-平定縣,DILA,master,,
4017,PL000000004088,,上艾,37.8014,113.6318,中國-山西省-陽泉市-平定縣,DILA,master,,
4018,PL000000004089,,上艾,37.8014,113.6318,中國-山西省-陽泉市-平定縣,DILA,master,,
4019,PL000000004090,,樂平郡,37.7913,113.6314,中國-山西省-陽泉市-平定縣,DILA,master,,
4020,PL000000004091,,平定州,37.8014,113.6318,中國-山西省-陽泉市-平定縣,DILA,master,,
4021,PL000000004092,,牧護關,38.637631,113.094736,中國-山西省-忻州市-五台縣,DILA,master,,
4022,PL000000004093,,大賢村,38.016759,113.361735,中國-山西省-陽泉市-盂縣,DILA,master,,
4023,PL000000004095,,韓氏莊,38.039176,113.358023,中國-山西省-陽泉市-盂縣,DILA,master,,
4024,PL000000004096,,長者泉,38.083074,113.407143,中國-山西省-陽泉市-盂縣,DILA,master,,
4025,PL000000004097,,榆棗口,38.4269,113.4187,中國-山西省-陽泉市-盂縣,DILA,master,,
4026,PL000000004098,,榆棗關,38.4228,113.4154,中國-山西省-陽泉市-盂縣,DILA,master,,
4027,PL000000004099,,中社,38.276,113.3048,中國-山西省-陽泉市-盂縣,DILA,master,,
4028,PL000000004100,,六嶺關,38.231,113.5624,中國-山西省-陽泉市-盂縣,DILA,master,,
4029,PL000000004101,,西煙堡,38.1702,113.074,中國-山西省-陽泉市-盂縣,DILA,master,,
4030,PL000000004102,,烏城驛,38.1631,113.0673,中國-山西省-陽泉市-盂縣,DILA,master,,
4031,PL000000004103,,牛村寨,38.1048,113.5069,中國-山西省-陽泉市-盂縣,DILA,master,,
4032,PL000000004104,,盂縣,38.0904,113.4225,中國-山西省-陽泉市-盂縣,DILA,master,,
4033,PL000000004105,,盂縣,38.0904,113.4225,中國-山西省-陽泉市-盂縣,DILA,master,,
4034,PL000000004106,,盂州,38.0904,113.4225,中國-山西省-陽泉市-盂縣,DILA,master,,
4035,PL000000004107,,盂縣,38.0904,113.4225,中國-山西省-陽泉市-盂縣,DILA,master,,
4036,PL000000004108,,盂縣,38.0904,113.4225,中國-山西省-陽泉市-盂縣,DILA,master,,
4037,PL000000004109,,盂縣,38.0904,113.4225,中國-山西省-陽泉市-盂縣,DILA,master,,
4038,PL000000004110,,濁漳河,36.353664,113.862767,中國-山西省-長治市,DILA,master,,
4039,PL000000004111,,延祥院,36.194892,113.111158,中國-山西省-長治市,DILA,master,,
4040,PL000000004112,,開元寺,36.194892,113.111158,中國-山西省-長治市,DILA,master,,
4041,PL000000004113,,寒嶺,36.202842,113.116118,中國-山西省-長治市-城區,DILA,master,,
4042,PL000000004114,,法住寺,36.202842,113.116118,中國-山西省-長治市-城區,DILA,master,,
4043,PL000000004115,,梵境寺,36.202842,113.116118,中國-山西省-長治市-城區,DILA,master,,
4044,PL000000004116,,元開府寺,36.202842,113.116118,中國-山西省-長治市-城區,DILA,master,,
4045,PL000000004117,,延唐寺,36.185494,113.103576,中國-山西省-長治市-城區,DILA,master,,
4046,PL000000004118,,貞元寺,36.184234,113.107695,中國-山西省-長治市-城區,DILA,master,,
4047,PL000000004119,,宗教院,36.202842,113.116118,中國-山西省-長治市-城區,DILA,master,,
4048,PL000000004120,,長治,36.1829,113.1128,中國-山西省-長治市-城區,DILA,master,,
4049,PL000000004121,,濈安府,36.1829,113.1128,中國-山西省-長治市-城區,DILA,master,,
4050,PL000000004122,,長治,36.1829,113.1128,中國-山西省-長治市-城區,DILA,master,,
4051,PL000000004123,,潞安,36.1829,113.1128,中國-山西省-長治市-城區,DILA,master,,
4052,PL000000004124,,上黨,36.1829,113.1128,中國-山西省-長治市-城區,DILA,master,,
4053,PL000000004125,,潞州,36.1829,113.1128,中國-山西省-長治市-城區,DILA,master,,
4054,PL000000004126,,上黨,36.1829,113.1128,中國-山西省-長治市-城區,DILA,master,,
4055,PL000000004127,,隆德府,36.1829,113.1128,中國-山西省-長治市-城區,DILA,master,,
4056,PL000000004128,,潞州,36.1829,113.1128,中國-山西省-長治市-城區,DILA,master,,
4057,PL000000004129,,上黨,36.1829,113.1128,中國-山西省-長治市-城區,DILA,master,,
4058,PL000000004130,,澤潞節度使,36.1829,113.1128,中國-山西省-長治市-城區,DILA,master,,
4059,PL000000004131,,上黨,36.1829,113.1128,中國-山西省-長治市-城區,DILA,master,,
4060,PL000000004132,,上黨郡,36.1829,113.1128,中國-山西省-長治市-城區,DILA,master,,
4061,PL000000004133,,瀋陽中護衛,36.1829,113.1128,中國-山西省-長治市-城區,DILA,master,,
4062,PL000000004134,,潞州衛,36.1829,113.1128,中國-山西省-長治市-城區,DILA,master,,
4063,PL000000004135,,潞州,36.1829,113.1128,中國-山西省-長治市-城區,DILA,master,,
4064,PL000000004136,,昭義節度使,36.1829,113.1128,中國-山西省-長治市-城區,DILA,master,,
4065,PL000000004137,,石墨山,36.198963,113.119349,中國-山西省-長治市-郊區,DILA,master,,
4066,PL000000004138,,壺關,36.342,113.1155,中國-山西省-長治市-郊區,DILA,master,,
4067,PL000000004139,,上黨郡,36.342,113.1155,中國-山西省-長治市-郊區,DILA,master,,
4068,PL000000004140,,壺關,36.342,113.1155,中國-山西省-長治市-郊區,DILA,master,,
4069,PL000000004141,,壺口關,36.1711,113.1682,中國-山西省-長治市-郊區,DILA,master,,
4070,PL000000004142,,壺口關,36.1711,113.1682,中國-山西省-長治市-郊區,DILA,master,,
4071,PL000000004143,,壺關,36.3341,113.0997,中國-山西省-長治市-郊區,DILA,master,,
4072,PL000000004144,,壺關,36.3341,113.0997,中國-山西省-長治市-郊區,DILA,master,,
4073,PL000000004145,,黃碾鎮,36.3743,113.1473,中國-山西省-長治市-郊區,DILA,master,,
4074,PL000000004146,,安昌鎮,36.3363,113.099,中國-山西省-長治市-郊區,DILA,master,,
4075,PL000000004147,,壺關口,36.1682,113.1545,中國-山西省-長治市-郊區,DILA,master,,
4076,PL000000004148,,封田,36.2368,113.0938,中國-山西省-長治市-郊區,DILA,master,,
4077,PL000000004149,,上黨郡,36.3325,113.1203,中國-山西省-長治市-郊區,DILA,master,,
4078,PL000000004150,,壺關,36.3437,113.0703,中國-山西省-長治市-郊區,DILA,master,,
4079,PL000000004151,,屯留,36.3573,113.0391,中國-山西省-長治市-郊區,DILA,master,,
4080,PL000000004152,,西澗,36.1862,113.072,中國-山西省-長治市-郊區,DILA,master,,
4081,PL000000004153,,裴村,36.1897,113.0508,中國-山西省-長治市-郊區,DILA,master,,
4082,PL000000004154,,北董堡,36.1345,113.0911,中國-山西省-長治市-長治縣,DILA,master,,
4083,PL000000004155,,長子,36.1104,113.1117,中國-山西省-長治市-長治縣,DILA,master,,
4084,PL000000004156,,高望堡,36.1046,113.1592,中國-山西省-長治市-長治縣,DILA,master,,
4085,PL000000004157,,幸城,36.0914,113.037,中國-山西省-長治市-長治縣,DILA,master,,
4086,PL000000004158,,黎亭,36.0681,113.0548,中國-山西省-長治市-長治縣,DILA,master,,
4087,PL000000004159,,黎亭,36.0663,113.0673,中國-山西省-長治市-長治縣,DILA,master,,
4088,PL000000004160,,韓店鎮,36.0381,113.0551,中國-山西省-長治市-長治縣,DILA,master,,
4089,PL000000004161,,韓店,36.0376,113.0584,中國-山西省-長治市-長治縣,DILA,master,,
4090,PL000000004162,,大峪嶺,35.9752,113.1713,中國-山西省-長治市-長治縣,DILA,master,,
4091,PL000000004163,,桑梓鎮,35.9578,113.0698,中國-山西省-長治市-長治縣,DILA,master,,
4092,PL000000004164,,大義鎮,35.9386,113.0244,中國-山西省-長治市-長治縣,DILA,master,,
4093,PL000000004165,,西火鎮,35.9191,113.1612,中國-山西省-長治市-長治縣,DILA,master,,
4094,PL000000004166,,武陽,36.534706,113.044586,中國-山西省-長治市-襄垣縣,DILA,master,,
4095,PL000000004167,,延聖寺,36.534706,113.044586,中國-山西省-長治市-襄垣縣,DILA,master,,
4096,PL000000004168,,修寂寺,36.534706,113.044586,中國-山西省-長治市-襄垣縣,DILA,master,,
4097,PL000000004169,,西營鎮,36.7139,113.0527,中國-山西省-長治市-襄垣縣,DILA,master,,
4098,PL000000004170,,襄垣,36.6722,113.0224,中國-山西省-長治市-襄垣縣,DILA,master,,
4099,PL000000004171,,下良鎮,36.6557,113.054,中國-山西省-長治市-襄垣縣,DILA,master,,
4100,PL000000004172,,襄垣,36.6502,113.0404,中國-山西省-長治市-襄垣縣,DILA,master,,
4101,PL000000004173,,襄垣,36.6502,113.0404,中國-山西省-長治市-襄垣縣,DILA,master,,
4102,PL000000004174,,襄垣,36.6492,113.008,中國-山西省-長治市-襄垣縣,DILA,master,,
4103,PL000000004175,,襄垣,36.6492,113.008,中國-山西省-長治市-襄垣縣,DILA,master,,
4104,PL000000004176,,安民城,36.5825,113.0341,中國-山西省-長治市-襄垣縣,DILA,master,,
4105,PL000000004177,,下虒聚,36.5789,112.8217,中國-山西省-長治市-襄垣縣,DILA,master,,
4106,PL000000004178,,虒亭鎮,36.5627,112.8162,中國-山西省-長治市-襄垣縣,DILA,master,,
4107,PL000000004179,,褫亭鎮,36.5607,112.8225,中國-山西省-長治市-襄垣縣,DILA,master,,
4108,PL000000004180,,襄垣,36.534,113.0501,中國-山西省-長治市-襄垣縣,DILA,master,,
4109,PL000000004181,,襄垣,36.534,113.0501,中國-山西省-長治市-襄垣縣,DILA,master,,
4110,PL000000004182,,襄垣,36.534,113.0501,中國-山西省-長治市-襄垣縣,DILA,master,,
4111,PL000000004183,,襄垣,36.534,113.0501,中國-山西省-長治市-襄垣縣,DILA,master,,
4112,PL000000004184,,韓州,36.534,113.0501,中國-山西省-長治市-襄垣縣,DILA,master,,
4113,PL000000004185,,襄垣,36.534,113.0501,中國-山西省-長治市-襄垣縣,DILA,master,,
4114,PL000000004186,,襄垣,36.534,113.0501,中國-山西省-長治市-襄垣縣,DILA,master,,
4115,PL000000004187,,夏店鎮,36.514,112.9081,中國-山西省-長治市-襄垣縣,DILA,master,,
4116,PL000000004188,,太平驛,36.4944,112.9443,中國-山西省-長治市-襄垣縣,DILA,master,,
4117,PL000000004189,,太平驛,36.4728,112.938,中國-山西省-長治市-襄垣縣,DILA,master,,
4118,PL000000004190,,東周鎮,36.4717,112.9749,中國-山西省-長治市-襄垣縣,DILA,master,,
4119,PL000000004191,,石佛寺,36.374934,112.833998,中國-山西省-長治市-屯留縣,DILA,master,,
4120,PL000000004192,,中村寨,36.4145,112.5592,中國-山西省-長治市-屯留縣,DILA,master,,
4121,PL000000004193,,余吾,36.3883,112.8382,中國-山西省-長治市-屯留縣,DILA,master,,
4122,PL000000004194,,余吾,36.3883,112.8382,中國-山西省-長治市-屯留縣,DILA,master,,
4123,PL000000004195,,余吾城,36.3843,112.8338,中國-山西省-長治市-屯留縣,DILA,master,,
4124,PL000000004196,,苗岳鎮,36.335,112.7973,中國-山西省-長治市-屯留縣,DILA,master,,
4125,PL000000004197,,霍壁,36.3344,112.7737,中國-山西省-長治市-屯留縣,DILA,master,,
4126,PL000000004198,,屯留,36.3225,112.7911,中國-山西省-長治市-屯留縣,DILA,master,,
4127,PL000000004199,,屯留,36.3213,112.8918,中國-山西省-長治市-屯留縣,DILA,master,,
4128,PL000000004200,,屯留,36.3213,112.8918,中國-山西省-長治市-屯留縣,DILA,master,,
4129,PL000000004201,,屯留,36.3213,112.8918,中國-山西省-長治市-屯留縣,DILA,master,,
4130,PL000000004202,,屯留,36.3213,112.8918,中國-山西省-長治市-屯留縣,DILA,master,,
4131,PL000000004203,,屯留,36.3213,112.8918,中國-山西省-長治市-屯留縣,DILA,master,,
4132,PL000000004204,,霜澤寨,36.3069,112.6275,中國-山西省-長治市-屯留縣,DILA,master,,
4133,PL000000004205,,屯留,36.2606,112.9012,中國-山西省-長治市-屯留縣,DILA,master,,
4134,PL000000004206,,屯留,36.2606,112.9012,中國-山西省-長治市-屯留縣,DILA,master,,
4135,PL000000004207,,屯留,36.2524,112.9016,中國-山西省-長治市-屯留縣,DILA,master,,
4136,PL000000004208,,屯留,36.2524,112.9016,中國-山西省-長治市-屯留縣,DILA,master,,
4137,PL000000004209,,屯留,36.2511,112.9275,中國-山西省-長治市-屯留縣,DILA,master,,
4138,PL000000004210,,豐儀鎮,36.2454,112.7169,中國-山西省-長治市-屯留縣,DILA,master,,
4139,PL000000004211,,天龍洞,36.19994,113.429849,中國-山西省-長治市-平順縣,DILA,master,,
4140,PL000000004212,,石城里,36.3542,113.6513,中國-山西省-長治市-平順縣,DILA,master,,
4141,PL000000004213,,虹梯關,36.2349,113.5596,中國-山西省-長治市-平順縣,DILA,master,,
4142,PL000000004214,,虹梯關,36.2272,113.5596,中國-山西省-長治市-平順縣,DILA,master,,
4143,PL000000004215,,平順,36.2003,113.4401,中國-山西省-長治市-平順縣,DILA,master,,
4144,PL000000004216,,平順,36.2003,113.4401,中國-山西省-長治市-平順縣,DILA,master,,
4145,PL000000004217,,越村,36.0447,113.5457,中國-山西省-長治市-平順縣,DILA,master,,
4146,PL000000004218,,玉峽關,36.0381,113.6259,中國-山西省-長治市-平順縣,DILA,master,,
4147,PL000000004219,,玉峽關,36.0308,113.6267,中國-山西省-長治市-平順縣,DILA,master,,
4148,PL000000004220,,羊腸阪,35.9993,113.513,中國-山西省-長治市-平順縣,DILA,master,,
4149,PL000000004221,,羊腸坂,36.0152,113.5813,中國-山西省-長治市-平順縣,DILA,master,,
4150,PL000000004222,,流泉精舍,36.502375,113.387169,中國-山西省-長治市-黎城縣,DILA,master,,
4151,PL000000004223,,法會寺,36.46241,113.336117,中國-山西省-長治市-黎城縣,DILA,master,,
4152,PL000000004224,,大雲寺,36.502375,113.387169,中國-山西省-長治市-黎城縣,DILA,master,,
4153,PL000000004225,,刈陵,36.523,113.3577,中國-山西省-長治市-黎城縣,DILA,master,,
4154,PL000000004226,,黎城,36.5228,113.351,中國-山西省-長治市-黎城縣,DILA,master,,
4155,PL000000004227,,黎城,36.5187,113.3531,中國-山西省-長治市-黎城縣,DILA,master,,
4156,PL000000004228,,黎城,36.5037,113.3894,中國-山西省-長治市-黎城縣,DILA,master,,
4157,PL000000004229,,黎城,36.5037,113.3894,中國-山西省-長治市-黎城縣,DILA,master,,
4158,PL000000004230,,黎城,36.5037,113.3894,中國-山西省-長治市-黎城縣,DILA,master,,
4159,PL000000004231,,黎城,36.5037,113.3894,中國-山西省-長治市-黎城縣,DILA,master,,
4160,PL000000004232,,壺口關,36.5037,113.3894,中國-山西省-長治市-黎城縣,DILA,master,,
4161,PL000000004233,,崇賢堡,36.1247,113.2967,中國-山西省-長治市-壺關縣,DILA,master,,
4162,PL000000004234,,壺關,36.1128,113.2089,中國-山西省-長治市-壺關縣,DILA,master,,
4163,PL000000004235,,壺關,36.1128,113.2089,中國-山西省-長治市-壺關縣,DILA,master,,
4164,PL000000004236,,壺關,36.1128,113.2089,中國-山西省-長治市-壺關縣,DILA,master,,
4165,PL000000004237,,壺關,36.1128,113.2089,中國-山西省-長治市-壺關縣,DILA,master,,
4166,PL000000004238,,壺關,36.1097,113.2002,中國-山西省-長治市-壺關縣,DILA,master,,
4167,PL000000004239,,壺關,36.0054,113.2806,中國-山西省-長治市-壺關縣,DILA,master,,
4168,PL000000004240,,馮坡鎮,35.9946,113.1625,中國-山西省-長治市-壺關縣,DILA,master,,
4169,PL000000004241,,崞口,35.9492,113.6187,中國-山西省-長治市-壺關縣,DILA,master,,
4170,PL000000004242,,越屋嶺,35.8986,113.2132,中國-山西省-長治市-壺關縣,DILA,master,,
4171,PL000000004243,,壽聖寺,36.036907,112.809402,中國-山西省-長治市-長子縣,DILA,master,,
4172,PL000000004244,,壽聖寺,36.101541,112.726718,中國-山西省-長治市-長子縣,DILA,master,,
4173,PL000000004245,,靈空聖夀院,36.12066,112.872292,中國-山西省-長治市-長子縣,DILA,master,,
4174,PL000000004246,,鮑店鎮,36.2481,112.848,中國-山西省-長治市-長子縣,DILA,master,,
4175,PL000000004247,,長子,36.1193,112.8831,中國-山西省-長治市-長子縣,DILA,master,,
4176,PL000000004248,,長子,36.1193,112.8831,中國-山西省-長治市-長子縣,DILA,master,,
4177,PL000000004249,,長子,36.1193,112.8831,中國-山西省-長治市-長子縣,DILA,master,,
4178,PL000000004250,,長子,36.1193,112.8831,中國-山西省-長治市-長子縣,DILA,master,,
4179,PL000000004251,,長子,36.1193,112.8831,中國-山西省-長治市-長子縣,DILA,master,,
4180,PL000000004252,,長子,36.1193,112.8831,中國-山西省-長治市-長子縣,DILA,master,,
4181,PL000000004253,,上黨郡,36.1107,112.8407,中國-山西省-長治市-長子縣,DILA,master,,
4182,PL000000004254,,長子,36.1107,112.8407,中國-山西省-長治市-長子縣,DILA,master,,
4183,PL000000004255,,上黨郡,36.1107,112.8407,中國-山西省-長治市-長子縣,DILA,master,,
4184,PL000000004256,,長子,36.1107,112.8407,中國-山西省-長治市-長子縣,DILA,master,,
4185,PL000000004257,,長子,36.1089,112.8538,中國-山西省-長治市-長子縣,DILA,master,,
4186,PL000000004258,,長子,36.1089,112.8538,中國-山西省-長治市-長子縣,DILA,master,,
4187,PL000000004259,,上黨郡,36.0845,112.8294,中國-山西省-長治市-長子縣,DILA,master,,
4188,PL000000004260,,長子,36.0845,112.8294,中國-山西省-長治市-長子縣,DILA,master,,
4189,PL000000004261,,應城,36.0005,112.9655,中國-山西省-長治市-長子縣,DILA,master,,
4190,PL000000004262,,上店鎮,37.1197,112.4592,中國-山西省-長治市-武鄉縣,DILA,master,,
4191,PL000000004263,,隆舟峪,37.1066,112.49,中國-山西省-長治市-武鄉縣,DILA,master,,
4192,PL000000004264,,石會關,37.0954,112.5218,中國-山西省-長治市-武鄉縣,DILA,master,,
4193,PL000000004265,,南關,37.0951,112.5237,中國-山西省-長治市-武鄉縣,DILA,master,,
4194,PL000000004266,,南關鎮,37.0866,112.5264,中國-山西省-長治市-武鄉縣,DILA,master,,
4195,PL000000004267,,墨蹬村,36.9717,113.3019,中國-山西省-長治市-武鄉縣,DILA,master,,
4196,PL000000004268,,涅縣,36.9545,112.6651,中國-山西省-長治市-武鄉縣,DILA,master,,
4197,PL000000004269,,涅縣,36.9545,112.6651,中國-山西省-長治市-武鄉縣,DILA,master,,
4198,PL000000004270,,涅縣,36.947,112.6728,中國-山西省-長治市-武鄉縣,DILA,master,,
4199,PL000000004271,,涅縣,36.947,112.6728,中國-山西省-長治市-武鄉縣,DILA,master,,
4200,PL000000004272,,涅縣,36.9443,112.67,中國-山西省-長治市-武鄉縣,DILA,master,,
4201,PL000000004273,,墨蹬鎮,36.9441,113.3025,中國-山西省-長治市-武鄉縣,DILA,master,,
4202,PL000000004274,,武鄉,36.84,112.9091,中國-山西省-長治市-武鄉縣,DILA,master,,
4203,PL000000004275,,武鄉,36.84,112.9091,中國-山西省-長治市-武鄉縣,DILA,master,,
4204,PL000000004276,,鄉郡,36.8337,112.9181,中國-山西省-長治市-武鄉縣,DILA,master,,
4205,PL000000004277,,鄉縣,36.8337,112.9181,中國-山西省-長治市-武鄉縣,DILA,master,,
4206,PL000000004278,,武鄉,36.8299,112.9186,中國-山西省-長治市-武鄉縣,DILA,master,,
4207,PL000000004279,,鄉縣,36.8286,112.9348,中國-山西省-長治市-武鄉縣,DILA,master,,
4208,PL000000004280,,鄉縣,36.8285,112.9185,中國-山西省-長治市-武鄉縣,DILA,master,,
4209,PL000000004281,,武鄉,36.8283,112.9263,中國-山西省-長治市-武鄉縣,DILA,master,,
4210,PL000000004282,,甲水縣,36.8104,112.8282,中國-山西省-長治市-武鄉縣,DILA,master,,
4211,PL000000004283,,盤龍鎮,36.7978,113.121,中國-山西省-長治市-武鄉縣,DILA,master,,
4212,PL000000004284,,韓壁寨,36.7515,113.1715,中國-山西省-長治市-武鄉縣,DILA,master,,
4213,PL000000004285,,土河寨,36.7274,113.203,中國-山西省-長治市-武鄉縣,DILA,master,,
4214,PL000000004286,,大悲庵,36.766438,112.692529,中國-山西省-長治市-沁縣,DILA,master,,
4215,PL000000004287,,鼓腰嶺,36.966,112.5556,中國-山西省-長治市-沁縣,DILA,master,,
4216,PL000000004288,,權店鎮,36.9542,112.5915,中國-山西省-長治市-沁縣,DILA,master,,
4217,PL000000004289,,西湯鎮,36.9304,112.616,中國-山西省-長治市-沁縣,DILA,master,,
4218,PL000000004290,,西湯鎮,36.9212,112.6202,中國-山西省-長治市-沁縣,DILA,master,,
4219,PL000000004291,,王可寨,36.8541,112.5845,中國-山西省-長治市-沁縣,DILA,master,,
4220,PL000000004292,,沁州,36.7568,112.7084,中國-山西省-長治市-沁縣,DILA,master,,
4221,PL000000004293,,沁州,36.7568,112.7084,中國-山西省-長治市-沁縣,DILA,master,,
4222,PL000000004294,,銅鞮,36.7568,112.7084,中國-山西省-長治市-沁縣,DILA,master,,
4223,PL000000004295,,威勝軍,36.7568,112.7084,中國-山西省-長治市-沁縣,DILA,master,,
4224,PL000000004296,,銅鞮,36.7568,112.7084,中國-山西省-長治市-沁縣,DILA,master,,
4225,PL000000004297,,郭村鎮,36.7468,112.5756,中國-山西省-長治市-沁縣,DILA,master,,
4226,PL000000004298,,道興寨,36.6991,112.6335,中國-山西省-長治市-沁縣,DILA,master,,
4227,PL000000004299,,烏蘇城,36.6736,112.5946,中國-山西省-長治市-沁縣,DILA,master,,
4228,PL000000004300,,新店寨,36.6414,112.7452,中國-山西省-長治市-沁縣,DILA,master,,
4229,PL000000004301,,銅鞮,36.6073,112.6214,中國-山西省-長治市-沁縣,DILA,master,,
4230,PL000000004302,,銅鞮,36.6058,112.6939,中國-山西省-長治市-沁縣,DILA,master,,
4231,PL000000004303,,銅鞮,36.6058,112.6939,中國-山西省-長治市-沁縣,DILA,master,,
4232,PL000000004304,,銅鞮,36.6041,112.6952,中國-山西省-長治市-沁縣,DILA,master,,
4233,PL000000004305,,銅鞮,36.6041,112.6952,中國-山西省-長治市-沁縣,DILA,master,,
4234,PL000000004306,,南仁寨,36.604,112.5961,中國-山西省-長治市-沁縣,DILA,master,,
4235,PL000000004307,,銅鞮,36.6016,112.6296,中國-山西省-長治市-沁縣,DILA,master,,
4236,PL000000004308,,銅鞮,36.5996,112.6211,中國-山西省-長治市-沁縣,DILA,master,,
4237,PL000000004309,,銅鞮,36.5993,112.6894,中國-山西省-長治市-沁縣,DILA,master,,
4238,PL000000004310,,上虒亭,36.5885,112.7551,中國-山西省-長治市-沁縣,DILA,master,,
4239,PL000000004311,,南泉寨,36.547,112.5438,中國-山西省-長治市-沁縣,DILA,master,,
4240,PL000000004312,,沁州,36.7568,112.7084,中國-山西省-長治市-沁縣,DILA,master,,
4241,PL000000004313,,雲室山,36.499833,112.330312,中國-山西省-長治市-沁源縣,DILA,master,,
4242,PL000000004314,,圓通寺,36.702272,112.704898,中國-山西省-長治市-沁縣,DILA,master,,
4243,PL000000004315,,天安寺,36.754334,112.693774,中國-山西省-長治市-沁縣,DILA,master,,
4244,PL000000004316,,聖佛寺,36.615131,112.061504,中國-山西省-長治市-沁源縣,DILA,master,,
4245,PL000000004317,,度索原,36.8675,112.0339,中國-山西省-長治市-沁源縣,DILA,master,,
4246,PL000000004318,,綿上,36.7804,112.264,中國-山西省-長治市-沁源縣,DILA,master,,
4247,PL000000004319,,綿上,36.7743,112.251,中國-山西省-長治市-沁源縣,DILA,master,,
4248,PL000000004320,,綿上,36.7712,112.2537,中國-山西省-長治市-沁源縣,DILA,master,,
4249,PL000000004321,,綿上,36.771,112.2435,中國-山西省-長治市-沁源縣,DILA,master,,
4250,PL000000004322,,綿上關,36.7649,112.2548,中國-山西省-長治市-沁源縣,DILA,master,,
4251,PL000000004323,,綿上,36.7563,112.2644,中國-山西省-長治市-沁源縣,DILA,master,,
4252,PL000000004324,,綿上聚,36.7425,112.2439,中國-山西省-長治市-沁源縣,DILA,master,,
4253,PL000000004325,,郭道鎮,36.6651,112.3096,中國-山西省-長治市-沁源縣,DILA,master,,
4254,PL000000004326,,侯壁寨,36.643,112.3955,中國-山西省-長治市-沁源縣,DILA,master,,
4255,PL000000004327,,韓洪鎮,36.6336,112.2077,中國-山西省-長治市-沁源縣,DILA,master,,
4256,PL000000004328,,官軍鎮,36.581,112.3756,中國-山西省-長治市-沁源縣,DILA,master,,
4257,PL000000004329,,柏子鎮,36.5403,112.1457,中國-山西省-長治市-沁源縣,DILA,master,,
4258,PL000000004330,,沁源,36.4965,112.3389,中國-山西省-長治市-沁源縣,DILA,master,,
4259,PL000000004331,,沁源,36.4965,112.3389,中國-山西省-長治市-沁源縣,DILA,master,,
4260,PL000000004332,,沁源,36.4965,112.3389,中國-山西省-長治市-沁源縣,DILA,master,,
4261,PL000000004333,,沁源,36.4965,112.3389,中國-山西省-長治市-沁源縣,DILA,master,,
4262,PL000000004334,,沁州,36.4965,112.3389,中國-山西省-長治市-沁源縣,DILA,master,,
4263,PL000000004335,,陽城郡,36.4965,112.3389,中國-山西省-長治市-沁源縣,DILA,master,,
4264,PL000000004336,,沁源,36.4965,112.3389,中國-山西省-長治市-沁源縣,DILA,master,,
4265,PL000000004337,,沁源,36.4965,112.3389,中國-山西省-長治市-沁源縣,DILA,master,,
4266,PL000000004338,,穀遠,36.4965,112.3389,中國-山西省-長治市-沁源縣,DILA,master,,
4267,PL000000004339,,穀遠,36.4965,112.3389,中國-山西省-長治市-沁源縣,DILA,master,,
4268,PL000000004340,,穀遠,36.4965,112.3389,中國-山西省-長治市-沁源縣,DILA,master,,
4269,PL000000004341,,穀遠,36.4965,112.3389,中國-山西省-長治市-沁源縣,DILA,master,,
4270,PL000000004342,,天井關,36.4568,113.2392,中國-山西省-長治市-潞城市,DILA,master,,
4271,PL000000004343,,上黨郡,36.4233,113.3618,中國-山西省-長治市-潞城市,DILA,master,,
4272,PL000000004344,,潞縣,36.4233,113.3618,中國-山西省-長治市-潞城市,DILA,master,,
4273,PL000000004345,,潞縣,36.4233,113.3618,中國-山西省-長治市-潞城市,DILA,master,,
4274,PL000000004346,,潞縣,36.4183,113.3557,中國-山西省-長治市-潞城市,DILA,master,,
4275,PL000000004347,,潞縣,36.4183,113.3557,中國-山西省-長治市-潞城市,DILA,master,,
4276,PL000000004348,,潞城,36.41,113.3641,中國-山西省-長治市-潞城市,DILA,master,,
4277,PL000000004349,,潞,36.4035,113.367,中國-山西省-長治市-潞城市,DILA,master,,
4278,PL000000004350,,神頭陣,36.3925,113.3331,中國-山西省-長治市-潞城市,DILA,master,,
4279,PL000000004351,,上黨郡,36.3861,113.3155,中國-山西省-長治市-潞城市,DILA,master,,
4280,PL000000004352,,潞城,36.3344,113.2305,中國-山西省-長治市-潞城市,DILA,master,,
4281,PL000000004353,,潞城,36.3344,113.2305,中國-山西省-長治市-潞城市,DILA,master,,
4282,PL000000004354,,潞城,36.3344,113.2305,中國-山西省-長治市-潞城市,DILA,master,,
4283,PL000000004355,,潞城,36.3344,113.2305,中國-山西省-長治市-潞城市,DILA,master,,
4284,PL000000004356,,潞城,36.3344,113.2305,中國-山西省-長治市-潞城市,DILA,master,,
4285,PL000000004357,,潞城,36.3344,113.2305,中國-山西省-長治市-潞城市,DILA,master,,
4286,PL000000004358,,微子鎮,36.3337,113.3055,中國-山西省-長治市-潞城市,DILA,master,,
4287,PL000000004359,,微子城,36.331,113.2973,中國-山西省-長治市-潞城市,DILA,master,,
4288,PL000000004360,,壺關,36.3172,113.147,中國-山西省-長治市-潞城市,DILA,master,,
4289,PL000000004361,,景業寺,35.491477,112.845285,中國-山西省-晉城市,DILA,master,,
4290,PL000000004362,,古賢谷寺,35.501604,112.853263,中國-山西省-晉城市-城區,DILA,master,,
4291,PL000000004363,,景淨寺,35.501604,112.853263,中國-山西省-晉城市-城區,DILA,master,,
4292,PL000000004364,,鳳台,35.5037,112.8484,中國-山西省-晉城市-城區,DILA,master,,
4293,PL000000004365,,澤州府,35.5037,112.8484,中國-山西省-晉城市-城區,DILA,master,,
4294,PL000000004366,,澤州,35.5037,112.8484,中國-山西省-晉城市-城區,DILA,master,,
4295,PL000000004367,,晉城,35.5037,112.8484,中國-山西省-晉城市-城區,DILA,master,,
4296,PL000000004368,,晉城,35.5037,112.8484,中國-山西省-晉城市-城區,DILA,master,,
4297,PL000000004369,,澤州,35.5037,112.8484,中國-山西省-晉城市-城區,DILA,master,,
4298,PL000000004370,,澤州,35.5037,112.8484,中國-山西省-晉城市-城區,DILA,master,,
4299,PL000000004371,,晉城,35.5037,112.8484,中國-山西省-晉城市-城區,DILA,master,,
4300,PL000000004372,,蓋州,35.5037,112.8484,中國-山西省-晉城市-城區,DILA,master,,
4301,PL000000004373,,高都,35.5037,112.8484,中國-山西省-晉城市-城區,DILA,master,,
4302,PL000000004374,,高都,35.5037,112.8484,中國-山西省-晉城市-城區,DILA,master,,
4303,PL000000004375,,高都,35.5037,112.8484,中國-山西省-晉城市-城區,DILA,master,,
4304,PL000000004376,,高都,35.5037,112.8484,中國-山西省-晉城市-城區,DILA,master,,
4305,PL000000004377,,高都,35.5037,112.8484,中國-山西省-晉城市-城區,DILA,master,,
4306,PL000000004378,,寧山衛,35.5037,112.8484,中國-山西省-晉城市-城區,DILA,master,,
4307,PL000000004379,,澤州,35.5037,112.8484,中國-山西省-晉城市-城區,DILA,master,,
4308,PL000000004380,,磕山寺,35.690691,112.442009,中國-山西省-晉城市-沁水縣,DILA,master,,
4309,PL000000004381,,固鎮,35.7626,112.0871,中國-山西省-晉城市-沁水縣,DILA,master,,
4310,PL000000004382,,端氏,35.747,112.3564,中國-山西省-晉城市-沁水縣,DILA,master,,
4311,PL000000004383,,端氏,35.747,112.3564,中國-山西省-晉城市-沁水縣,DILA,master,,
4312,PL000000004384,,端氏,35.7463,112.3657,中國-山西省-晉城市-沁水縣,DILA,master,,
4313,PL000000004385,,端氏,35.7463,112.3657,中國-山西省-晉城市-沁水縣,DILA,master,,
4314,PL000000004386,,端氏,35.7399,112.3611,中國-山西省-晉城市-沁水縣,DILA,master,,
4315,PL000000004387,,安平郡,35.735,112.3616,中國-山西省-晉城市-沁水縣,DILA,master,,
4316,PL000000004388,,端氏,35.735,112.3616,中國-山西省-晉城市-沁水縣,DILA,master,,
4317,PL000000004389,,鄭莊渡,35.7256,112.4282,中國-山西省-晉城市-沁水縣,DILA,master,,
4318,PL000000004390,,沁水,35.6898,112.1794,中國-山西省-晉城市-沁水縣,DILA,master,,
4319,PL000000004391,,沁水,35.6898,112.1794,中國-山西省-晉城市-沁水縣,DILA,master,,
4320,PL000000004392,,沁水,35.6898,112.1794,中國-山西省-晉城市-沁水縣,DILA,master,,
4321,PL000000004393,,沁水,35.6898,112.1794,中國-山西省-晉城市-沁水縣,DILA,master,,
4322,PL000000004394,,沁水,35.6898,112.1794,中國-山西省-晉城市-沁水縣,DILA,master,,
4323,PL000000004395,,沁水,35.6898,112.1794,中國-山西省-晉城市-沁水縣,DILA,master,,
4324,PL000000004396,,端市鎮,35.6765,112.5531,中國-山西省-晉城市-沁水縣,DILA,master,,
4325,PL000000004397,,端氏,35.6732,112.5517,中國-山西省-晉城市-沁水縣,DILA,master,,
4326,PL000000004398,,端氏,35.6707,112.5459,中國-山西省-晉城市-沁水縣,DILA,master,,
4327,PL000000004399,,端氏,35.6698,112.5518,中國-山西省-晉城市-沁水縣,DILA,master,,
4328,PL000000004400,,竇莊,35.6474,112.5146,中國-山西省-晉城市-沁水縣,DILA,master,,
4329,PL000000004401,,竇莊堡,35.6411,112.5111,中國-山西省-晉城市-沁水縣,DILA,master,,
4330,PL000000004402,,南陽村,35.5197,112.1056,中國-山西省-晉城市-沁水縣,DILA,master,,
4331,PL000000004403,,靈泉寺,35.483241,112.366317,中國-山西省-晉城市-陽城縣,DILA,master,,
4332,PL000000004404,,龍泉寺,38.996032,113.542035,中國-山西省-忻州市-五台縣,DILA,master,,
4333,PL000000004405,,泗州院,35.603391,112.310454,中國-山西省-晉城市-陽城縣,DILA,master,,
4334,PL000000004406,,千峰寺,35.345014,112.168156,中國-山西省-晉城市-陽城縣,DILA,master,,
4335,PL000000004407,,陽阿,35.6151,112.3413,中國-山西省-晉城市-陽城縣,DILA,master,,
4336,PL000000004408,,陽阿城,35.6124,112.3164,中國-山西省-晉城市-陽城縣,DILA,master,,
4337,PL000000004409,,芹地,35.6005,112.3637,中國-山西省-晉城市-陽城縣,DILA,master,,
4338,PL000000004410,,陽阿,35.5984,112.3159,中國-山西省-晉城市-陽城縣,DILA,master,,
4339,PL000000004411,,陽阿,35.5984,112.3159,中國-山西省-晉城市-陽城縣,DILA,master,,
4340,PL000000004412,,劉村寨,35.59,112.396,中國-山西省-晉城市-陽城縣,DILA,master,,
4341,PL000000004413,,武安鎮,35.5455,112.5649,中國-山西省-晉城市-陽城縣,DILA,master,,
4342,PL000000004414,,王曲堡,35.5045,112.3928,中國-山西省-晉城市-陽城縣,DILA,master,,
4343,PL000000004415,,濩澤,35.5008,112.2722,中國-山西省-晉城市-陽城縣,DILA,master,,
4344,PL000000004416,,濩澤,35.4978,112.2636,中國-山西省-晉城市-陽城縣,DILA,master,,
4345,PL000000004417,,濩澤,35.4978,112.2636,中國-山西省-晉城市-陽城縣,DILA,master,,
4346,PL000000004418,,潤城,35.4922,112.5494,中國-山西省-晉城市-陽城縣,DILA,master,,
4347,PL000000004419,,陽城,35.49,112.4272,中國-山西省-晉城市-陽城縣,DILA,master,,
4348,PL000000004420,,陽城,35.49,112.4272,中國-山西省-晉城市-陽城縣,DILA,master,,
4349,PL000000004421,,陽城,35.49,112.4272,中國-山西省-晉城市-陽城縣,DILA,master,,
4350,PL000000004422,,陽城,35.49,112.4272,中國-山西省-晉城市-陽城縣,DILA,master,,
4351,PL000000004423,,濩澤,35.49,112.4272,中國-山西省-晉城市-陽城縣,DILA,master,,
4352,PL000000004424,,濩澤,35.49,112.4272,中國-山西省-晉城市-陽城縣,DILA,master,,
4353,PL000000004425,,北流堡,35.4651,112.5854,中國-山西省-晉城市-陽城縣,DILA,master,,
4354,PL000000004426,,白桑廠,35.4066,112.4699,中國-山西省-晉城市-陽城縣,DILA,master,,
4355,PL000000004427,,東冶鎮,35.3563,112.5091,中國-山西省-晉城市-陽城縣,DILA,master,,
4356,PL000000004428,,濩澤,35.5008,112.2722,中國-山西省-晉城市-陽城縣,DILA,master,,
4357,PL000000004429,,佛山,35.775373,113.273961,中國-山西省-晉城市-陵川縣,DILA,master,,
4358,PL000000004430,,丈八佛寺,35.778105,113.271406,中國-山西省-晉城市-陵川縣,DILA,master,,
4359,PL000000004431,,丈八佛寺,35.785608,113.256432,中國-山西省-晉城市-陵川縣,DILA,master,,
4360,PL000000004432,,池下鎮,35.876,113.197,中國-山西省-晉城市-陵川縣,DILA,master,,
4361,PL000000004433,,平城鎮,35.8365,113.3114,中國-山西省-晉城市-陵川縣,DILA,master,,
4362,PL000000004434,,陵川,35.7774,113.2863,中國-山西省-晉城市-陵川縣,DILA,master,,
4363,PL000000004435,,陵川,35.7774,113.2863,中國-山西省-晉城市-陵川縣,DILA,master,,
4364,PL000000004436,,陵川,35.7774,113.2863,中國-山西省-晉城市-陵川縣,DILA,master,,
4365,PL000000004437,,陵川,35.7774,113.2863,中國-山西省-晉城市-陵川縣,DILA,master,,
4366,PL000000004438,,陵川,35.7774,113.2863,中國-山西省-晉城市-陵川縣,DILA,master,,
4367,PL000000004439,,陵川,35.7774,113.2863,中國-山西省-晉城市-陵川縣,DILA,master,,
4368,PL000000004440,,路城鎮,35.6812,113.3067,中國-山西省-晉城市-陵川縣,DILA,master,,
4369,PL000000004441,,附城鎮,35.6636,113.151,中國-山西省-晉城市-陵川縣,DILA,master,,
4370,PL000000004442,,馬武寨,35.6549,113.5121,中國-山西省-晉城市-陵川縣,DILA,master,,
4371,PL000000004443,,奪火城,35.5535,113.2978,中國-山西省-晉城市-陵川縣,DILA,master,,
4372,PL000000004444,,永和隘,35.5444,113.2908,中國-山西省-晉城市-陵川縣,DILA,master,,
4373,PL000000004445,,廣福寺,35.473303,112.621745,中國-山西省-晉城市-澤州縣,DILA,master,,
4374,PL000000004446,,聖樂寺,35.465706,112.736486,中國-山西省-晉城市-澤州縣,DILA,master,,
4375,PL000000004447,,乾明寺,35.481703,112.747206,中國-山西省-晉城市-澤州縣,DILA,master,,
4376,PL000000004448,,丹川,35.6021,112.9685,中國-山西省-晉城市-澤州縣,DILA,master,,
4377,PL000000004449,,長平郡,35.6021,112.9685,中國-山西省-晉城市-澤州縣,DILA,master,,
4378,PL000000004450,,天井關,35.3662,112.8079,中國-山西省-晉城市-澤州縣,DILA,master,,
4379,PL000000004451,,天井關,35.3662,112.8079,中國-山西省-晉城市-澤州縣,DILA,master,,
4380,PL000000004452,,建興郡,35.6638,112.7941,中國-山西省-晉城市-澤州縣,DILA,master,,
4381,PL000000004453,,陽阿,35.6638,112.7941,中國-山西省-晉城市-澤州縣,DILA,master,,
4382,PL000000004454,,碗子關,35.2607,112.9093,中國-山西省-晉城市-澤州縣,DILA,master,,
4383,PL000000004455,,碗子城,35.2607,112.9093,中國-山西省-晉城市-澤州縣,DILA,master,,
4384,PL000000004456,,柳樹店,35.4303,113.0972,中國-山西省-晉城市-澤州縣,DILA,master,,
4385,PL000000004457,,柳樹店,35.4324,113.101,中國-山西省-晉城市-澤州縣,DILA,master,,
4386,PL000000004458,,巴公鎮,35.6208,112.8895,中國-山西省-晉城市-澤州縣,DILA,master,,
4387,PL000000004459,,空倉堡,35.6824,112.7682,中國-山西省-晉城市-澤州縣,DILA,master,,
4388,PL000000004460,,橫望嶺,35.2841,112.8912,中國-山西省-晉城市-澤州縣,DILA,master,,
4389,PL000000004461,,攔車鎮,35.3093,112.8533,中國-山西省-晉城市-澤州縣,DILA,master,,
4390,PL000000004462,,天井關,35.3313,112.8526,中國-山西省-晉城市-澤州縣,DILA,master,,
4391,PL000000004463,,天井關,35.3534,112.8194,中國-山西省-晉城市-澤州縣,DILA,master,,
4392,PL000000004464,,天井關,35.354,112.8012,中國-山西省-晉城市-澤州縣,DILA,master,,
4393,PL000000004465,,天井關,35.357,112.8024,中國-山西省-晉城市-澤州縣,DILA,master,,
4394,PL000000004466,,天井關,35.3607,112.8321,中國-山西省-晉城市-澤州縣,DILA,master,,
4395,PL000000004467,,高都,35.6013,112.9696,中國-山西省-晉城市-澤州縣,DILA,master,,
4396,PL000000004468,,太行關,35.3635,112.8351,中國-山西省-晉城市-澤州縣,DILA,master,,
4397,PL000000004469,,大小箕村,35.3944,112.7623,中國-山西省-晉城市-澤州縣,DILA,master,,
4398,PL000000004470,,星軺鎮,35.3067,112.8532,中國-山西省-晉城市-澤州縣,DILA,master,,
4399,PL000000004471,,碗子城關,35.2646,112.9003,中國-山西省-晉城市-澤州縣,DILA,master,,
4400,PL000000004472,,防輿,35.798044,112.923948,中國-山西省-晉城市-高平市,DILA,master,,
4401,PL000000004473,,羊頭山,35.877292,112.972403,中國-山西省-晉城市-高平市,DILA,master,,
4402,PL000000004474,,清化寺,35.890536,112.97326,中國-山西省-晉城市-高平市,DILA,master,,
4403,PL000000004475,,趙莊堡,35.9383,112.86,中國-山西省-晉城市-高平市,DILA,master,,
4404,PL000000004476,,長平關,35.906,112.8637,中國-山西省-晉城市-高平市,DILA,master,,
4405,PL000000004477,,長平關,35.9059,112.872,中國-山西省-晉城市-高平市,DILA,master,,
4406,PL000000004478,,長平關,35.898,112.8611,中國-山西省-晉城市-高平市,DILA,master,,
4407,PL000000004479,,長平亭,35.8863,112.8364,中國-山西省-晉城市-高平市,DILA,master,,
4408,PL000000004480,,長平,35.8748,112.8574,中國-山西省-晉城市-高平市,DILA,master,,
4409,PL000000004481,,寺莊鎮,35.8607,112.884,中國-山西省-晉城市-高平市,DILA,master,,
4410,PL000000004482,,省冤谷,35.8595,112.8798,中國-山西省-晉城市-高平市,DILA,master,,
4411,PL000000004483,,長平,35.8507,112.8444,中國-山西省-晉城市-高平市,DILA,master,,
4412,PL000000004484,,禮義鎮,35.8157,113.1143,中國-山西省-晉城市-高平市,DILA,master,,
4413,PL000000004485,,野川鎮,35.7946,112.8566,中國-山西省-晉城市-高平市,DILA,master,,
4414,PL000000004486,,高平,35.7914,112.9289,中國-山西省-晉城市-高平市,DILA,master,,
4415,PL000000004487,,高平,35.7914,112.9289,中國-山西省-晉城市-高平市,DILA,master,,
4416,PL000000004488,,高平,35.7914,112.9289,中國-山西省-晉城市-高平市,DILA,master,,
4417,PL000000004489,,橫澗橋,35.7914,112.9289,中國-山西省-晉城市-高平市,DILA,master,,
4418,PL000000004490,,高平,35.7914,112.9289,中國-山西省-晉城市-高平市,DILA,master,,
4419,PL000000004491,,高平,35.7914,112.9289,中國-山西省-晉城市-高平市,DILA,master,,
4420,PL000000004492,,高平,35.7914,112.9289,中國-山西省-晉城市-高平市,DILA,master,,
4421,PL000000004493,,泫氏,35.7914,112.9289,中國-山西省-晉城市-高平市,DILA,master,,
4422,PL000000004494,,泫氏,35.7914,112.9289,中國-山西省-晉城市-高平市,DILA,master,,
4423,PL000000004495,,泫氏,35.7914,112.9289,中國-山西省-晉城市-高平市,DILA,master,,
4424,PL000000004496,,泫氏,35.7914,112.9289,中國-山西省-晉城市-高平市,DILA,master,,
4425,PL000000004497,,泫氏,35.7914,112.9289,中國-山西省-晉城市-高平市,DILA,master,,
4426,PL000000004498,,米山鎮,35.767,112.9733,中國-山西省-晉城市-高平市,DILA,master,,
4427,PL000000004499,,南馬鎮,35.7198,113.114,中國-山西省-晉城市-高平市,DILA,master,,
4428,PL000000004500,,喬村驛,35.6991,112.8994,中國-山西省-晉城市-高平市,DILA,master,,
4429,PL000000004501,,丁璧鎮,35.6899,113.0327,中國-山西省-晉城市-高平市,DILA,master,,
4430,PL000000004502,,朔州,39.3076,112.4312,中國-山西省-朔州市-朔城區,DILA,master,,
4431,PL000000004503,,朔州,39.3076,112.4312,中國-山西省-朔州市-朔城區,DILA,master,,
4432,PL000000004504,,鄯陽,39.3076,112.4312,中國-山西省-朔州市-朔城區,DILA,master,,
4433,PL000000004505,,朔州,39.3076,112.4312,中國-山西省-朔州市-朔城區,DILA,master,,
4434,PL000000004506,,鄯陽,39.3076,112.4312,中國-山西省-朔州市-朔城區,DILA,master,,
4435,PL000000004507,,朔州,39.3076,112.4312,中國-山西省-朔州市-朔城區,DILA,master,,
4436,PL000000004508,,善陽,39.3076,112.4312,中國-山西省-朔州市-朔城區,DILA,master,,
4437,PL000000004509,,馬邑郡,39.3076,112.4312,中國-山西省-朔州市-朔城區,DILA,master,,
4438,PL000000004510,,善陽,39.3076,112.4312,中國-山西省-朔州市-朔城區,DILA,master,,
4439,PL000000004511,,馬邑城,39.3076,112.4312,中國-山西省-朔州市-朔城區,DILA,master,,
4440,PL000000004512,,馬邑,39.3076,112.4312,中國-山西省-朔州市-朔城區,DILA,master,,
4441,PL000000004513,,馬邑城,39.3076,112.4312,中國-山西省-朔州市-朔城區,DILA,master,,
4442,PL000000004514,,馬邑,39.3076,112.4312,中國-山西省-朔州市-朔城區,DILA,master,,
4443,PL000000004515,,馬邑,39.3076,112.4312,中國-山西省-朔州市-朔城區,DILA,master,,
4444,PL000000004516,,馬邑,39.3076,112.4312,中國-山西省-朔州市-朔城區,DILA,master,,
4445,PL000000004517,,朔州,39.3076,112.4312,中國-山西省-朔州市-朔城區,DILA,master,,
4446,PL000000004518,,陰館,39.2393,112.7205,中國-山西省-朔州市-朔城區,DILA,master,,
4447,PL000000004519,,雁門郡,39.2393,112.7205,中國-山西省-朔州市-朔城區,DILA,master,,
4448,PL000000004520,,陰館,39.2393,112.7205,中國-山西省-朔州市-朔城區,DILA,master,,
4449,PL000000004521,,陰館縣,39.2227,112.7319,中國-山西省-朔州市-朔城區,DILA,master,,
4450,PL000000004522,,陰館,39.2227,112.7319,中國-山西省-朔州市-朔城區,DILA,master,,
4451,PL000000004523,,馬邑,39.3584,112.6531,中國-山西省-朔州市-朔城區,DILA,master,,
4452,PL000000004524,,馬邑,39.3584,112.6531,中國-山西省-朔州市-朔城區,DILA,master,,
4453,PL000000004525,,大同軍,39.3577,112.6514,中國-山西省-朔州市-朔城區,DILA,master,,
4454,PL000000004526,,馬邑,39.3577,112.6514,中國-山西省-朔州市-朔城區,DILA,master,,
4455,PL000000004527,,東邵莊堡,39.3338,112.5679,中國-山西省-朔州市-朔城區,DILA,master,,
4456,PL000000004528,,蔣家峪,39.3227,112.0728,中國-山西省-朔州市-朔城區,DILA,master,,
4457,PL000000004529,,馬邑,39.3611,112.6492,中國-山西省-朔州市-朔城區,DILA,master,,
4458,PL000000004530,,馬邑,39.3629,112.662,中國-山西省-朔州市-朔城區,DILA,master,,
4459,PL000000004531,,羅家堡,39.3781,112.7338,中國-山西省-朔州市-朔城區,DILA,master,,
4460,PL000000004532,,利民堡,39.2813,112.1152,中國-山西省-朔州市-朔城區,DILA,master,,
4461,PL000000004533,,利民堡,39.2815,112.1109,中國-山西省-朔州市-朔城區,DILA,master,,
4462,PL000000004534,,小代堡,39.2416,112.6077,中國-山西省-朔州市-朔城區,DILA,master,,
4463,PL000000004535,,賈家莊堡,39.2417,112.5331,中國-山西省-朔州市-朔城區,DILA,master,,
4464,PL000000004536,,廣武城,39.1506,112.7284,中國-山西省-朔州市-朔城區,DILA,master,,
4465,PL000000004537,,平齊郡,39.1584,112.5822,中國-山西省-朔州市-朔城區,DILA,master,,
4466,PL000000004538,,陰館城,39.2322,112.7206,中國-山西省-朔州市-朔城區,DILA,master,,
4467,PL000000004539,,桑于鎮,39.2279,112.7209,中國-山西省-朔州市-朔城區,DILA,master,,
4468,PL000000004540,,臘河谷,39.4197,112.5649,中國-山西省-朔州市-朔城區,DILA,master,,
4469,PL000000004541,,新城,39.1347,112.3599,中國-山西省-朔州市-朔城區,DILA,master,,
4470,PL000000004542,,狼牙村,39.2531,112.4171,中國-山西省-朔州市-朔城區,DILA,master,,
4471,PL000000004543,,洪濤,39.4186,112.6215,中國-山西省-朔州市-朔城區,DILA,master,,
4472,PL000000004544,,井坪城,39.5244,112.3021,中國-山西省-朔州市-平魯區,DILA,master,,
4473,PL000000004545,,井坪所,39.5244,112.3021,中國-山西省-朔州市-平魯區,DILA,master,,
4474,PL000000004546,,中陵,39.7672,112.2004,中國-山西省-朔州市-平魯區,DILA,master,,
4475,PL000000004547,,中陵,39.7672,112.2004,中國-山西省-朔州市-平魯區,DILA,master,,
4476,PL000000004548,,平虜衛,39.7567,112.2005,中國-山西省-朔州市-平魯區,DILA,master,,
4477,PL000000004549,,三山墩,39.9074,112.1128,中國-山西省-朔州市-平魯區,DILA,master,,
4478,PL000000004550,,迎恩堡,39.7771,112.0291,中國-山西省-朔州市-平魯區,DILA,master,,
4479,PL000000004551,,迎恩堡,39.7835,112.0266,中國-山西省-朔州市-平魯區,DILA,master,,
4480,PL000000004552,,平魯,39.7564,112.1933,中國-山西省-朔州市-平魯區,DILA,master,,
4481,PL000000004553,,敗虎堡,39.8103,112.0394,中國-山西省-朔州市-平魯區,DILA,master,,
4482,PL000000004554,,阻虎堡,39.7319,112.0448,中國-山西省-朔州市-平魯區,DILA,master,,
4483,PL000000004555,,阻虎堡,39.7353,112.043,中國-山西省-朔州市-平魯區,DILA,master,,
4484,PL000000004556,,乃河堡,39.5503,112.0645,中國-山西省-朔州市-平魯區,DILA,master,,
4485,PL000000004557,,乃河堡,39.5564,112.0568,中國-山西省-朔州市-平魯區,DILA,master,,
4486,PL000000004558,,偏嶺口,39.7442,112.7697,中國-山西省-朔州市-山陰縣,DILA,master,,
4487,PL000000004559,,口前村,39.6832,112.6381,中國-山西省-朔州市-山陰縣,DILA,master,,
4488,PL000000004560,,黃花堆,39.5783,112.8849,中國-山西省-朔州市-山陰縣,DILA,master,,
4489,PL000000004561,,岱岳鎮,39.5137,112.8472,中國-山西省-朔州市-山陰縣,DILA,master,,
4490,PL000000004562,,桑乾,39.5086,112.9905,中國-山西省-朔州市-山陰縣,DILA,master,,
4491,PL000000004563,,桑乾郡,39.5086,112.9905,中國-山西省-朔州市-山陰縣,DILA,master,,
4492,PL000000004564,,神武,39.5012,112.9744,中國-山西省-朔州市-山陰縣,DILA,master,,
4493,PL000000004565,,河陰,39.4518,112.9491,中國-山西省-朔州市-山陰縣,DILA,master,,
4494,PL000000004566,,山陰,39.4451,112.9418,中國-山西省-朔州市-山陰縣,DILA,master,,
4495,PL000000004567,,山陰,39.4433,112.9342,中國-山西省-朔州市-山陰縣,DILA,master,,
4496,PL000000004568,,山陰,39.4433,112.9342,中國-山西省-朔州市-山陰縣,DILA,master,,
4497,PL000000004569,,廣武站,39.2,112.7813,中國-山西省-朔州市-山陰縣,DILA,master,,
4498,PL000000004570,,廣武營,39.191,112.8256,中國-山西省-朔州市-山陰縣,DILA,master,,
4499,PL000000004571,,寶宮寺,39.564066,113.182272,中國-山西省-朔州市-應縣,DILA,master,,
4500,PL000000004572,,覺興寺,39.535339,113.185022,中國-山西省-朔州市-應縣,DILA,master,,
4501,PL000000004573,,天王寺,39.518544,113.295882,中國-山西省-朔州市-應縣,DILA,master,,
4502,PL000000004574,,白狼堆,39.6298,113.1345,中國-山西省-朔州市-應縣,DILA,master,,
4503,PL000000004575,,劇陽,39.6182,113.2949,中國-山西省-朔州市-應縣,DILA,master,,
4504,PL000000004576,,劇陽,39.6182,113.2949,中國-山西省-朔州市-應縣,DILA,master,,
4505,PL000000004577,,劇陽,39.6134,113.3051,中國-山西省-朔州市-應縣,DILA,master,,
4506,PL000000004578,,劇陽,39.6134,113.3051,中國-山西省-朔州市-應縣,DILA,master,,
4507,PL000000004579,,五里寨,39.5971,113.2006,中國-山西省-朔州市-應縣,DILA,master,,
4508,PL000000004580,,金城,39.5971,113.2006,中國-山西省-朔州市-應縣,DILA,master,,
4509,PL000000004581,,黃瓜堆,39.5925,113.0541,中國-山西省-朔州市-應縣,DILA,master,,
4510,PL000000004582,,繁畤,39.5715,113.458,中國-山西省-朔州市-應縣,DILA,master,,
4511,PL000000004583,,繁畤郡,39.5715,113.458,中國-山西省-朔州市-應縣,DILA,master,,
4512,PL000000004584,,應州,39.5597,113.1921,中國-山西省-朔州市-應縣,DILA,master,,
4513,PL000000004585,,應州,39.5597,113.1921,中國-山西省-朔州市-應縣,DILA,master,,
4514,PL000000004586,,金城,39.5597,113.1921,中國-山西省-朔州市-應縣,DILA,master,,
4515,PL000000004587,,彰國軍,39.5597,113.1921,中國-山西省-朔州市-應縣,DILA,master,,
4516,PL000000004588,,汪陶,39.5525,113.1299,中國-山西省-朔州市-應縣,DILA,master,,
4517,PL000000004589,,汪陶,39.5525,113.1299,中國-山西省-朔州市-應縣,DILA,master,,
4518,PL000000004590,,汪陶,39.5461,113.1246,中國-山西省-朔州市-應縣,DILA,master,,
4519,PL000000004591,,汪陶,39.5461,113.1246,中國-山西省-朔州市-應縣,DILA,master,,
4520,PL000000004592,,碑樓口,39.522,113.4507,中國-山西省-朔州市-應縣,DILA,master,,
4521,PL000000004593,,北樓口,39.4883,113.4911,中國-山西省-朔州市-應縣,DILA,master,,
4522,PL000000004594,,大石口,39.4836,113.3547,中國-山西省-朔州市-應縣,DILA,master,,
4523,PL000000004595,,大石寨,39.4829,113.3442,中國-山西省-朔州市-應縣,DILA,master,,
4524,PL000000004596,,南平城,39.4822,113.136,中國-山西省-朔州市-應縣,DILA,master,,
4525,PL000000004597,,小石口,39.4518,113.3282,中國-山西省-朔州市-應縣,DILA,master,,
4526,PL000000004598,,大羅鎮,39.4198,113.1794,中國-山西省-朔州市-應縣,DILA,master,,
4527,PL000000004599,,茹月寨,39.3931,113.299,中國-山西省-朔州市-應縣,DILA,master,,
4528,PL000000004600,,茹越口,39.3812,113.2841,中國-山西省-朔州市-應縣,DILA,master,,
4529,PL000000004601,,茹越營,39.3704,113.2931,中國-山西省-朔州市-應縣,DILA,master,,
4530,PL000000004602,,安東中屯衛,39.5597,113.1921,中國-山西省-朔州市-應縣,DILA,master,,
4531,PL000000004603,,應州,39.5971,113.2006,中國-山西省-朔州市-應縣,DILA,master,,
4532,PL000000004604,,殺虎口,40.2452,112.3395,中國-山西省-朔州市-右玉縣,DILA,master,,
4533,PL000000004605,,山破狐堡,40.2414,112.5385,中國-山西省-朔州市-右玉縣,DILA,master,,
4534,PL000000004606,,破虎堡,40.2345,112.5348,中國-山西省-朔州市-右玉縣,DILA,master,,
4535,PL000000004607,,殺虎口,40.2326,112.3325,中國-山西省-朔州市-右玉縣,DILA,master,,
4536,PL000000004608,,右玉,40.161,112.3649,中國-山西省-朔州市-右玉縣,DILA,master,,
4537,PL000000004609,,朔平府,40.161,112.3649,中國-山西省-朔州市-右玉縣,DILA,master,,
4538,PL000000004610,,靜邊軍,40.1599,112.3534,中國-山西省-朔州市-右玉縣,DILA,master,,
4539,PL000000004611,,雙溝墩,40.1196,112.2316,中國-山西省-朔州市-右玉縣,DILA,master,,
4540,PL000000004612,,紅土堡,40.1022,112.4329,中國-山西省-朔州市-右玉縣,DILA,master,,
4541,PL000000004613,,鐵山堡,40.0997,112.2284,中國-山西省-朔州市-右玉縣,DILA,master,,
4542,PL000000004614,,紅土堡,40.0961,112.4245,中國-山西省-朔州市-右玉縣,DILA,master,,
4543,PL000000004615,,右雲堡,40.0518,112.197,中國-山西省-朔州市-右玉縣,DILA,master,,
4544,PL000000004616,,黃土堡,40.0469,112.4945,中國-山西省-朔州市-右玉縣,DILA,master,,
4545,PL000000004617,,牛心堡,40.028,112.573,中國-山西省-朔州市-右玉縣,DILA,master,,
4546,PL000000004618,,雲石堡,40.0249,112.1998,中國-山西省-朔州市-右玉縣,DILA,master,,
4547,PL000000004619,,善無,39.9987,112.4095,中國-山西省-朔州市-右玉縣,DILA,master,,
4548,PL000000004620,,雁門郡,39.9987,112.4095,中國-山西省-朔州市-右玉縣,DILA,master,,
4549,PL000000004621,,善無,39.9955,112.3771,中國-山西省-朔州市-右玉縣,DILA,master,,
4550,PL000000004622,,善無郡,39.9955,112.3771,中國-山西省-朔州市-右玉縣,DILA,master,,
4551,PL000000004623,,定襄郡,39.9954,112.3867,中國-山西省-朔州市-右玉縣,DILA,master,,
4552,PL000000004624,,善無,39.9954,112.3867,中國-山西省-朔州市-右玉縣,DILA,master,,
4553,PL000000004625,,善無,39.9954,112.3867,中國-山西省-朔州市-右玉縣,DILA,master,,
4554,PL000000004626,,雁門郡,39.9954,112.3867,中國-山西省-朔州市-右玉縣,DILA,master,,
4555,PL000000004627,,威遠堡,39.9526,112.3539,中國-山西省-朔州市-右玉縣,DILA,master,,
4556,PL000000004628,,威平堡,39.8953,112.2841,中國-山西省-朔州市-右玉縣,DILA,master,,
4557,PL000000004629,,威平堡,39.8932,112.273,中國-山西省-朔州市-右玉縣,DILA,master,,
4558,PL000000004630,,玉林衛,40.1599,112.3573,中國-山西省-朔州市-右玉縣,DILA,master,,
4559,PL000000004631,,大同右衛,40.1599,112.3573,中國-山西省-朔州市-右玉縣,DILA,master,,
4560,PL000000004632,,威遠衛,39.9495,112.3489,中國-山西省-朔州市-右玉縣,DILA,master,,
4561,PL000000004633,,班氏,39.8489,113.3798,中國-山西省-朔州市-懷仁縣,DILA,master,,
4562,PL000000004634,,班氏,39.8489,113.3798,中國-山西省-朔州市-懷仁縣,DILA,master,,
4563,PL000000004635,,班氏,39.8426,113.3767,中國-山西省-朔州市-懷仁縣,DILA,master,,
4564,PL000000004636,,利國冶,39.8324,112.9626,中國-山西省-朔州市-懷仁縣,DILA,master,,
4565,PL000000004637,,懷仁,39.8196,113.113,中國-山西省-朔州市-懷仁縣,DILA,master,,
4566,PL000000004638,,懷仁,39.8196,113.113,中國-山西省-朔州市-懷仁縣,DILA,master,,
4567,PL000000004639,,懷仁,39.8196,113.113,中國-山西省-朔州市-懷仁縣,DILA,master,,
4568,PL000000004640,,懷仁,39.8196,113.113,中國-山西省-朔州市-懷仁縣,DILA,master,,
4569,PL000000004641,,西安堡,39.8075,113.2658,中國-山西省-朔州市-懷仁縣,DILA,master,,
4570,PL000000004642,,大峪口,39.7445,112.8796,中國-山西省-朔州市-懷仁縣,DILA,master,,
4571,PL000000004643,,白狼塞,39.6607,112.9074,中國-山西省-朔州市-懷仁縣,DILA,master,,
4572,PL000000004644,,安宿鎮,39.7091,112.9712,中國-山西省-朔州市-懷仁縣,DILA,master,,
4573,PL000000004645,,永壽寺,37.686995,112.787847,中國-山西省-晉中市-榆次區,DILA,master,,
4574,PL000000004646,,什貼鎮,37.8225,112.8624,中國-山西省-晉中市-榆次區,DILA,master,,
4575,PL000000004647,,鳴謙驛,37.7678,112.714,中國-山西省-晉中市-榆次區,DILA,master,,
4576,PL000000004648,,鳴謙站,37.7497,112.7127,中國-山西省-晉中市-榆次區,DILA,master,,
4577,PL000000004649,,源渦鎮,37.6978,112.792,中國-山西省-晉中市-榆次區,DILA,master,,
4578,PL000000004650,,中都,37.6909,112.8293,中國-山西省-晉中市-榆次區,DILA,master,,
4579,PL000000004651,,榆次,37.6779,112.7542,中國-山西省-晉中市-榆次區,DILA,master,,
4580,PL000000004652,,榆次,37.6779,112.7542,中國-山西省-晉中市-榆次區,DILA,master,,
4581,PL000000004653,,榆次,37.6779,112.7542,中國-山西省-晉中市-榆次區,DILA,master,,
4582,PL000000004654,,榆次,37.6779,112.7542,中國-山西省-晉中市-榆次區,DILA,master,,
4583,PL000000004655,,榆次,37.6779,112.7542,中國-山西省-晉中市-榆次區,DILA,master,,
4584,PL000000004656,,榆次,37.6779,112.7542,中國-山西省-晉中市-榆次區,DILA,master,,
4585,PL000000004657,,榆次城,37.6779,112.7542,中國-山西省-晉中市-榆次區,DILA,master,,
4586,PL000000004658,,榆次,37.6779,112.7542,中國-山西省-晉中市-榆次區,DILA,master,,
4587,PL000000004659,,榆次,37.6779,112.7542,中國-山西省-晉中市-榆次區,DILA,master,,
4588,PL000000004660,,榆次,37.6779,112.7542,中國-山西省-晉中市-榆次區,DILA,master,,
4589,PL000000004661,,榆次,37.6779,112.7542,中國-山西省-晉中市-榆次區,DILA,master,,
4590,PL000000004662,,榆次,37.6779,112.7542,中國-山西省-晉中市-榆次區,DILA,master,,
4591,PL000000004663,,鑿臺,37.6676,112.7405,中國-山西省-晉中市-榆次區,DILA,master,,
4592,PL000000004664,,塗水鄉,37.6451,112.6646,中國-山西省-晉中市-榆次區,DILA,master,,
4593,PL000000004665,,永康鎮,37.6273,112.6306,中國-山西省-晉中市-榆次區,DILA,master,,
4594,PL000000004666,,東陽鎮,37.5507,112.679,中國-山西省-晉中市-榆次區,DILA,master,,
4595,PL000000004667,,官寨,37.388,113.052,中國-山西省-晉中市-榆社縣,DILA,master,,
4596,PL000000004668,,橫嶺鎮,37.306,113.1342,中國-山西省-晉中市-榆社縣,DILA,master,,
4597,PL000000004669,,武鄉,37.2103,112.953,中國-山西省-晉中市-榆社縣,DILA,master,,
4598,PL000000004670,,榆社城,37.2,112.94,中國-山西省-晉中市-榆社縣,DILA,master,,
4599,PL000000004671,,武鄉郡,37.1777,112.9709,中國-山西省-晉中市-榆社縣,DILA,master,,
4600,PL000000004672,,榆社,37.0703,112.9731,中國-山西省-晉中市-榆社縣,DILA,master,,
4601,PL000000004673,,榆社,37.0703,112.9731,中國-山西省-晉中市-榆社縣,DILA,master,,
4602,PL000000004674,,榆社,37.0703,112.9731,中國-山西省-晉中市-榆社縣,DILA,master,,
4603,PL000000004675,,榆社,37.0703,112.9731,中國-山西省-晉中市-榆社縣,DILA,master,,
4604,PL000000004676,,榆社,37.0703,112.9731,中國-山西省-晉中市-榆社縣,DILA,master,,
4605,PL000000004677,,榆社縣,37.0703,112.9731,中國-山西省-晉中市-榆社縣,DILA,master,,
4606,PL000000004678,,武鄉城,37.0703,112.9731,中國-山西省-晉中市-榆社縣,DILA,master,,
4607,PL000000004679,,雲簇鎮,37.0612,112.8089,中國-山西省-晉中市-榆社縣,DILA,master,,
4608,PL000000004680,,魏城,36.924,112.9394,中國-山西省-晉中市-榆社縣,DILA,master,,
4609,PL000000004681,,芒車關,36.8821,112.8996,中國-山西省-晉中市-榆社縣,DILA,master,,
4610,PL000000004682,,箕山,37.082117,113.373896,中國-山西省-晉中市-左權縣,DILA,master,,
4611,PL000000004683,,護明寺,37.082117,113.373896,中國-山西省-晉中市-左權縣,DILA,master,,
4612,PL000000004684,,遼山,37.1087,113.387,中國-山西省-晉中市-左權縣,DILA,master,,
4613,PL000000004685,,拐兒鎮,37.0845,113.624,中國-山西省-晉中市-左權縣,DILA,master,,
4614,PL000000004686,,遼州,37.0736,113.3775,中國-山西省-晉中市-左權縣,DILA,master,,
4615,PL000000004687,,遼州,37.0736,113.3775,中國-山西省-晉中市-左權縣,DILA,master,,
4616,PL000000004688,,遼山,37.0736,113.3775,中國-山西省-晉中市-左權縣,DILA,master,,
4617,PL000000004689,,遼山,37.0736,113.3775,中國-山西省-晉中市-左權縣,DILA,master,,
4618,PL000000004690,,遼州,37.0736,113.3775,中國-山西省-晉中市-左權縣,DILA,master,,
4619,PL000000004691,,遼州,37.0736,113.3775,中國-山西省-晉中市-左權縣,DILA,master,,
4620,PL000000004692,,樂平郡,37.0736,113.3775,中國-山西省-晉中市-左權縣,DILA,master,,
4621,PL000000004693,,遼山,37.0736,113.3775,中國-山西省-晉中市-左權縣,DILA,master,,
4622,PL000000004694,,遼陽城,37.0736,113.3775,中國-山西省-晉中市-左權縣,DILA,master,,
4623,PL000000004695,,鄡陽,37.0736,113.3775,中國-山西省-晉中市-左權縣,DILA,master,,
4624,PL000000004696,,轑阿,37.0736,113.3775,中國-山西省-晉中市-左權縣,DILA,master,,
4625,PL000000004697,,芹泉鎮,36.9772,113.619,中國-山西省-晉中市-左權縣,DILA,master,,
4626,PL000000004698,,文漳村,36.9424,113.5695,中國-山西省-晉中市-左權縣,DILA,master,,
4627,PL000000004699,,交漳村,36.942,113.5793,中國-山西省-晉中市-左權縣,DILA,master,,
4628,PL000000004700,,黃澤,36.9171,113.7734,中國-山西省-晉中市-左權縣,DILA,master,,
4629,PL000000004701,,黃澤寨,36.9117,113.7706,中國-山西省-晉中市-左權縣,DILA,master,,
4630,PL000000004702,,麻田鎮,36.7779,113.5266,中國-山西省-晉中市-左權縣,DILA,master,,
4631,PL000000004703,,遼州,37.0736,113.3775,中國-山西省-晉中市-左權縣,DILA,master,,
4632,PL000000004704,,馬防鎮,37.5468,113.2006,中國-山西省-晉中市-和順縣,DILA,master,,
4633,PL000000004705,,平城,37.3768,113.1218,中國-山西省-晉中市-和順縣,DILA,master,,
4634,PL000000004706,,平城,37.3721,113.1066,中國-山西省-晉中市-和順縣,DILA,master,,
4635,PL000000004707,,平城,37.3602,113.1064,中國-山西省-晉中市-和順縣,DILA,master,,
4636,PL000000004708,,和順,37.3308,113.5764,中國-山西省-晉中市-和順縣,DILA,master,,
4637,PL000000004709,,和順,37.3308,113.5764,中國-山西省-晉中市-和順縣,DILA,master,,
4638,PL000000004710,,和順,37.3308,113.5764,中國-山西省-晉中市-和順縣,DILA,master,,
4639,PL000000004711,,和順,37.3308,113.5764,中國-山西省-晉中市-和順縣,DILA,master,,
4640,PL000000004712,,和順,37.3308,113.5764,中國-山西省-晉中市-和順縣,DILA,master,,
4641,PL000000004713,,和順,37.3308,113.5764,中國-山西省-晉中市-和順縣,DILA,master,,
4642,PL000000004714,,閼與聚,37.3308,113.5764,中國-山西省-晉中市-和順縣,DILA,master,,
4643,PL000000004715,,閼與,37.3308,113.5764,中國-山西省-晉中市-和順縣,DILA,master,,
4644,PL000000004716,,寒湖鎮,37.2753,113.3039,中國-山西省-晉中市-和順縣,DILA,master,,
4645,PL000000004717,,窯堤村,37.2661,113.4392,中國-山西省-晉中市-和順縣,DILA,master,,
4646,PL000000004718,,松煙鎮,37.2114,113.7062,中國-山西省-晉中市-和順縣,DILA,master,,
4647,PL000000004719,,長城鎮,37.1984,113.1934,中國-山西省-晉中市-和順縣,DILA,master,,
4648,PL000000004720,,靜陽鎮,37.6363,113.9667,中國-山西省-晉中市-昔陽縣,DILA,master,,
4649,PL000000004721,,靜陽鎮,37.6363,113.9624,中國-山西省-晉中市-昔陽縣,DILA,master,,
4650,PL000000004722,,昔陽城,37.6305,113.932,中國-山西省-晉中市-昔陽縣,DILA,master,,
4651,PL000000004723,,靜陽寨,37.626,113.9651,中國-山西省-晉中市-昔陽縣,DILA,master,,
4652,PL000000004724,,樂平,37.6256,113.7032,中國-山西省-晉中市-昔陽縣,DILA,master,,
4653,PL000000004725,,樂平關,37.6077,113.7063,中國-山西省-晉中市-昔陽縣,DILA,master,,
4654,PL000000004726,,樂平,37.6077,113.7063,中國-山西省-晉中市-昔陽縣,DILA,master,,
4655,PL000000004727,,樂平,37.6077,113.7063,中國-山西省-晉中市-昔陽縣,DILA,master,,
4656,PL000000004728,,樂平,37.6077,113.7063,中國-山西省-晉中市-昔陽縣,DILA,master,,
4657,PL000000004729,,樂平,37.6077,113.7063,中國-山西省-晉中市-昔陽縣,DILA,master,,
4658,PL000000004730,,樂平,37.6077,113.7063,中國-山西省-晉中市-昔陽縣,DILA,master,,
4659,PL000000004731,,樂平郡,37.5075,113.4831,中國-山西省-晉中市-昔陽縣,DILA,master,,
4660,PL000000004732,,沾縣,37.5035,113.4776,中國-山西省-晉中市-昔陽縣,DILA,master,,
4661,PL000000004733,,沾縣,37.5035,113.4776,中國-山西省-晉中市-昔陽縣,DILA,master,,
4662,PL000000004734,,樂平,37.5029,113.4865,中國-山西省-晉中市-昔陽縣,DILA,master,,
4663,PL000000004735,,沾縣,37.4942,113.4902,中國-山西省-晉中市-昔陽縣,DILA,master,,
4664,PL000000004736,,樂平國,37.4942,113.4902,中國-山西省-晉中市-昔陽縣,DILA,master,,
4665,PL000000004737,,沾縣,37.4942,113.4902,中國-山西省-晉中市-昔陽縣,DILA,master,,
4666,PL000000004738,,樂平郡,37.4942,113.4902,中國-山西省-晉中市-昔陽縣,DILA,master,,
4667,PL000000004739,,李賓山,38.018981,113.259382,中國-山西省-晉中市-壽陽縣,DILA,master,,
4668,PL000000004741,,楞伽寺,37.88329,113.170202,中國-山西省-晉中市-壽陽縣,DILA,master,,
4669,PL000000004742,,方山寺,38.014951,113.259984,中國-山西省-晉中市-壽陽縣,DILA,master,,
4670,PL000000004743,,解愁鎮,38.0196,113.169,中國-山西省-晉中市-壽陽縣,DILA,master,,
4671,PL000000004744,,廣牧,37.9849,113.0713,中國-山西省-晉中市-壽陽縣,DILA,master,,
4672,PL000000004745,,廣牧,37.9849,113.0713,中國-山西省-晉中市-壽陽縣,DILA,master,,
4673,PL000000004746,,宗艾鎮,37.9764,113.1011,中國-山西省-晉中市-壽陽縣,DILA,master,,
4674,PL000000004747,,太安驛,37.8992,112.9349,中國-山西省-晉中市-壽陽縣,DILA,master,,
4675,PL000000004748,,太安站,37.889,112.9401,中國-山西省-晉中市-壽陽縣,DILA,master,,
4676,PL000000004749,,壽陽,37.8862,113.1782,中國-山西省-晉中市-壽陽縣,DILA,master,,
4677,PL000000004750,,壽陽,37.8862,113.1782,中國-山西省-晉中市-壽陽縣,DILA,master,,
4678,PL000000004751,,壽陽,37.8862,113.1782,中國-山西省-晉中市-壽陽縣,DILA,master,,
4679,PL000000004752,,壽陽,37.8862,113.1782,中國-山西省-晉中市-壽陽縣,DILA,master,,
4680,PL000000004753,,受州,37.8862,113.1782,中國-山西省-晉中市-壽陽縣,DILA,master,,
4681,PL000000004754,,壽陽,37.8862,113.1782,中國-山西省-晉中市-壽陽縣,DILA,master,,
4682,PL000000004755,,壽陽城,37.8862,113.1782,中國-山西省-晉中市-壽陽縣,DILA,master,,
4683,PL000000004756,,壽陽,37.8762,113.149,中國-山西省-晉中市-壽陽縣,DILA,master,,
4684,PL000000004757,,芹泉驛,37.8747,113.2692,中國-山西省-晉中市-壽陽縣,DILA,master,,
4685,PL000000004758,,張淨鎮,37.8741,113.3443,中國-山西省-晉中市-壽陽縣,DILA,master,,
4686,PL000000004759,,芹泉站,37.8662,113.2674,中國-山西省-晉中市-壽陽縣,DILA,master,,
4687,PL000000004760,,鴉鳴谷,37.761,113.252,中國-山西省-晉中市-壽陽縣,DILA,master,,
4688,PL000000004761,,鵶鳴谷,37.7669,113.2604,中國-山西省-晉中市-壽陽縣,DILA,master,,
4689,PL000000004762,,陽邑,37.4976,112.7749,中國-山西省-晉中市-太谷縣,DILA,master,,
4690,PL000000004763,,陽邑,37.4976,112.7749,中國-山西省-晉中市-太谷縣,DILA,master,,
4691,PL000000004764,,范村,37.493,112.7937,中國-山西省-晉中市-太谷縣,DILA,master,,
4692,PL000000004765,,范村,37.4861,112.7947,中國-山西省-晉中市-太谷縣,DILA,master,,
4693,PL000000004766,,陽邑,37.4849,112.7767,中國-山西省-晉中市-太谷縣,DILA,master,,
4694,PL000000004767,,陽邑,37.4849,112.7767,中國-山西省-晉中市-太谷縣,DILA,master,,
4695,PL000000004768,,箕城,37.4574,112.7495,中國-山西省-晉中市-太谷縣,DILA,master,,
4696,PL000000004769,,太谷,37.425,112.5622,中國-山西省-晉中市-太谷縣,DILA,master,,
4697,PL000000004770,,太谷,37.425,112.5622,中國-山西省-晉中市-太谷縣,DILA,master,,
4698,PL000000004771,,太谷,37.425,112.5622,中國-山西省-晉中市-太谷縣,DILA,master,,
4699,PL000000004772,,太谷,37.425,112.5622,中國-山西省-晉中市-太谷縣,DILA,master,,
4700,PL000000004773,,太谷,37.425,112.5622,中國-山西省-晉中市-太谷縣,DILA,master,,
4701,PL000000004774,,太谷,37.425,112.5622,中國-山西省-晉中市-太谷縣,DILA,master,,
4702,PL000000004775,,箕城,37.368,112.7645,中國-山西省-晉中市-太谷縣,DILA,master,,
4703,PL000000004776,,秦城,37.3616,112.5158,中國-山西省-晉中市-太谷縣,DILA,master,,
4704,PL000000004777,,馬嶺關,37.3112,112.7483,中國-山西省-晉中市-太谷縣,DILA,master,,
4705,PL000000004778,,馬嶺關,37.3052,112.7451,中國-山西省-晉中市-太谷縣,DILA,master,,
4706,PL000000004779,,賈令鎮,37.425,112.3669,中國-山西省-晉中市-祁縣,DILA,master,,
4707,PL000000004780,,賈令站,37.4185,112.3784,中國-山西省-晉中市-祁縣,DILA,master,,
4708,PL000000004781,,團柏鎮,37.3621,112.4669,中國-山西省-晉中市-祁縣,DILA,master,,
4709,PL000000004782,,團柏鎮,37.3583,112.4724,中國-山西省-晉中市-祁縣,DILA,master,,
4710,PL000000004783,,祁縣,37.3533,112.3247,中國-山西省-晉中市-祁縣,DILA,master,,
4711,PL000000004784,,祁縣,37.3533,112.3247,中國-山西省-晉中市-祁縣,DILA,master,,
4712,PL000000004785,,祁縣,37.3533,112.3247,中國-山西省-晉中市-祁縣,DILA,master,,
4713,PL000000004786,,祁縣,37.3533,112.3247,中國-山西省-晉中市-祁縣,DILA,master,,
4714,PL000000004787,,祁縣,37.3533,112.3247,中國-山西省-晉中市-祁縣,DILA,master,,
4715,PL000000004788,,祁縣,37.3533,112.3247,中國-山西省-晉中市-祁縣,DILA,master,,
4716,PL000000004789,,祁縣,37.3533,112.3247,中國-山西省-晉中市-祁縣,DILA,master,,
4717,PL000000004790,,團柏鎮,37.3498,112.4756,中國-山西省-晉中市-祁縣,DILA,master,,
4718,PL000000004791,,祁城,37.3444,112.3801,中國-山西省-晉中市-祁縣,DILA,master,,
4719,PL000000004792,,祁縣,37.3405,112.3732,中國-山西省-晉中市-祁縣,DILA,master,,
4720,PL000000004793,,祁縣,37.3405,112.3732,中國-山西省-晉中市-祁縣,DILA,master,,
4721,PL000000004794,,祁,37.3336,112.3584,中國-山西省-晉中市-祁縣,DILA,master,,
4722,PL000000004795,,祁縣,37.3335,112.3501,中國-山西省-晉中市-祁縣,DILA,master,,
4723,PL000000004796,,祁縣,37.3335,112.3501,中國-山西省-晉中市-祁縣,DILA,master,,
4724,PL000000004797,,子洪鎮,37.2927,112.4519,中國-山西省-晉中市-祁縣,DILA,master,,
4725,PL000000004798,,盤陀鎮,37.2382,112.4865,中國-山西省-晉中市-祁縣,DILA,master,,
4726,PL000000004799,,盤陀,37.2302,112.4894,中國-山西省-晉中市-祁縣,DILA,master,,
4727,PL000000004800,,龍舟峪關,37.1262,112.4938,中國-山西省-晉中市-祁縣,DILA,master,,
4728,PL000000004801,,匈奴右部,37.3405,112.3732,中國-山西省-晉中市-祁縣,DILA,master,,
4729,PL000000004802,,猪坑村,37.189674,112.169044,中國-山西省-晉中市-平遙縣,DILA,master,,
4730,PL000000004803,,寶昌寺,37.201715,112.183851,中國-山西省-晉中市-平遙縣,DILA,master,,
4731,PL000000004804,,洪善鎮,37.2904,112.2683,中國-山西省-晉中市-平遙縣,DILA,master,,
4732,PL000000004805,,洪善鎮,37.287,112.2614,中國-山西省-晉中市-平遙縣,DILA,master,,
4733,PL000000004806,,平遙,37.2067,112.187,中國-山西省-晉中市-平遙縣,DILA,master,,
4734,PL000000004807,,平遙,37.2067,112.187,中國-山西省-晉中市-平遙縣,DILA,master,,
4735,PL000000004808,,平遙,37.2067,112.187,中國-山西省-晉中市-平遙縣,DILA,master,,
4736,PL000000004809,,平遙,37.2067,112.187,中國-山西省-晉中市-平遙縣,DILA,master,,
4737,PL000000004810,,平遙,37.2067,112.187,中國-山西省-晉中市-平遙縣,DILA,master,,
4738,PL000000004811,,平遙,37.2067,112.187,中國-山西省-晉中市-平遙縣,DILA,master,,
4739,PL000000004812,,平遙,37.2067,112.187,中國-山西省-晉中市-平遙縣,DILA,master,,
4740,PL000000004813,,京陵,37.2065,112.2278,中國-山西省-晉中市-平遙縣,DILA,master,,
4741,PL000000004814,,京陵,37.2065,112.2278,中國-山西省-晉中市-平遙縣,DILA,master,,
4742,PL000000004815,,京陵,37.1962,112.2315,中國-山西省-晉中市-平遙縣,DILA,master,,
4743,PL000000004816,,京陵,37.1962,112.2315,中國-山西省-晉中市-平遙縣,DILA,master,,
4744,PL000000004817,,京陵城,37.1955,112.2277,中國-山西省-晉中市-平遙縣,DILA,master,,
4745,PL000000004818,,中都,37.1756,112.1415,中國-山西省-晉中市-平遙縣,DILA,master,,
4746,PL000000004819,,中都,37.1756,112.1415,中國-山西省-晉中市-平遙縣,DILA,master,,
4747,PL000000004820,,中都,37.1702,112.1248,中國-山西省-晉中市-平遙縣,DILA,master,,
4748,PL000000004821,,中都,37.1702,112.1248,中國-山西省-晉中市-平遙縣,DILA,master,,
4749,PL000000004822,,中都城,37.1678,112.121,中國-山西省-晉中市-平遙縣,DILA,master,,
4750,PL000000004823,,杜村堡,37.1664,112.1376,中國-山西省-晉中市-平遙縣,DILA,master,,
4751,PL000000004824,,普同關,37.0351,112.1685,中國-山西省-晉中市-平遙縣,DILA,master,,
4752,PL000000004825,,普同關,37.0307,112.1755,中國-山西省-晉中市-平遙縣,DILA,master,,
4753,PL000000004826,,西峪寨,36.9598,112.5356,中國-山西省-晉中市-平遙縣,DILA,master,,
4754,PL000000004827,,晉中市資壽寺,36.891106,111.829409,中國-山西省-晉中市-靈石縣,DILA,master,,
4755,PL000000004828,,靈石口,36.9686,111.8238,中國-山西省-晉中市-靈石縣,DILA,master,,
4756,PL000000004829,,義棠站,36.9686,111.8238,中國-山西省-晉中市-靈石縣,DILA,master,,
4757,PL000000004830,,冷泉關,36.9609,111.8315,中國-山西省-晉中市-靈石縣,DILA,master,,
4758,PL000000004831,,陽涼北關,36.9583,111.814,中國-山西省-晉中市-靈石縣,DILA,master,,
4759,PL000000004832,,兩渡,36.935,111.8128,中國-山西省-晉中市-靈石縣,DILA,master,,
4760,PL000000004833,,永安,36.8545,111.9505,中國-山西省-晉中市-靈石縣,DILA,master,,
4761,PL000000004834,,永安,36.8465,111.9639,中國-山西省-晉中市-靈石縣,DILA,master,,
4762,PL000000004835,,靈石,36.8416,111.7856,中國-山西省-晉中市-靈石縣,DILA,master,,
4763,PL000000004836,,靈石,36.8416,111.7856,中國-山西省-晉中市-靈石縣,DILA,master,,
4764,PL000000004837,,靈石,36.8416,111.7856,中國-山西省-晉中市-靈石縣,DILA,master,,
4765,PL000000004838,,靈石,36.8416,111.7856,中國-山西省-晉中市-靈石縣,DILA,master,,
4766,PL000000004839,,靈石,36.8416,111.7856,中國-山西省-晉中市-靈石縣,DILA,master,,
4767,PL000000004840,,靈石,36.8416,111.7856,中國-山西省-晉中市-靈石縣,DILA,master,,
4768,PL000000004841,,夏門鎮,36.8321,111.702,中國-山西省-晉中市-靈石縣,DILA,master,,
4769,PL000000004842,,韓信嶺,36.7858,111.7667,中國-山西省-晉中市-靈石縣,DILA,master,,
4770,PL000000004843,,賈胡堡,36.7689,111.6115,中國-山西省-晉中市-靈石縣,DILA,master,,
4771,PL000000004844,,賈胡堡,36.766,111.6121,中國-山西省-晉中市-靈石縣,DILA,master,,
4772,PL000000004845,,郭家溝,36.7493,111.763,中國-山西省-晉中市-靈石縣,DILA,master,,
4773,PL000000004846,,仁義站,36.7493,111.763,中國-山西省-晉中市-靈石縣,DILA,master,,
4774,PL000000004847,,仁義鎮,36.7482,111.7778,中國-山西省-晉中市-靈石縣,DILA,master,,
4775,PL000000004848,,南關,36.7014,111.6937,中國-山西省-晉中市-靈石縣,DILA,master,,
4776,PL000000004849,,陽地關,36.6979,111.6824,中國-山西省-晉中市-靈石縣,DILA,master,,
4777,PL000000004850,,沙要堡,36.6848,111.6357,中國-山西省-晉中市-靈石縣,DILA,master,,
4778,PL000000004851,,鸞公巖,37.024,111.912,中國-山西省-晉中市-介休市,DILA,master,,
4779,PL000000004852,,綿上,36.896791,111.99557,中國-山西省-晉中市-介休市,DILA,master,,
4780,PL000000004853,,抱腹山,36.871626,111.969066,中國-山西省-晉中市-介休市,DILA,master,,
4781,PL000000004855,,陷泉寺,37.027371,111.910405,中國-山西省-晉中市-介休市,DILA,master,,
4782,PL000000004856,,雲峰寺,36.87181,111.969085,中國-山西省-晉中市-介休市,DILA,master,,
4783,PL000000004857,,光岩寺,37.018329,111.917173,中國-山西省-晉中市-介休市,DILA,master,,
4784,PL000000004858,,興王寺,37.022829,111.915657,中國-山西省-晉中市-介休市,DILA,master,,
4785,PL000000004859,,迴鑾寺,36.89213,111.933431,中國-山西省-晉中市-介休市,DILA,master,,
4786,PL000000004860,,張蘭鎮,37.1296,112.0822,中國-山西省-晉中市-介休市,DILA,master,,
4787,PL000000004861,,永安,37.1217,111.9507,中國-山西省-晉中市-介休市,DILA,master,,
4788,PL000000004862,,張難堡,37.115,112.0861,中國-山西省-晉中市-介休市,DILA,master,,
4789,PL000000004863,,鄔縣,37.1014,112.0309,中國-山西省-晉中市-介休市,DILA,master,,
4790,PL000000004864,,鄔縣,37.1003,112.041,中國-山西省-晉中市-介休市,DILA,master,,
4791,PL000000004865,,鄔縣,37.1003,112.041,中國-山西省-晉中市-介休市,DILA,master,,
4792,PL000000004866,,鄔縣,37.088,112.0376,中國-山西省-晉中市-介休市,DILA,master,,
4793,PL000000004867,,鄔縣,37.0863,112.0413,中國-山西省-晉中市-介休市,DILA,master,,
4794,PL000000004868,,鄔縣,37.0863,112.0413,中國-山西省-晉中市-介休市,DILA,master,,
4795,PL000000004869,,介休,37.026,111.9215,中國-山西省-晉中市-介休市,DILA,master,,
4796,PL000000004870,,介休,37.026,111.9215,中國-山西省-晉中市-介休市,DILA,master,,
4797,PL000000004871,,介休,37.026,111.9215,中國-山西省-晉中市-介休市,DILA,master,,
4798,PL000000004872,,介休,37.026,111.9215,中國-山西省-晉中市-介休市,DILA,master,,
4799,PL000000004873,,介休,37.026,111.9215,中國-山西省-晉中市-介休市,DILA,master,,
4800,PL000000004874,,介休,37.026,111.9215,中國-山西省-晉中市-介休市,DILA,master,,
4801,PL000000004875,,介休,37.026,111.9215,中國-山西省-晉中市-介休市,DILA,master,,
4802,PL000000004876,,界休,36.9958,111.9826,中國-山西省-晉中市-介休市,DILA,master,,
4803,PL000000004877,,介休,36.9949,111.9864,中國-山西省-晉中市-介休市,DILA,master,,
4804,PL000000004878,,嶺子關,36.9939,112.1202,中國-山西省-晉中市-介休市,DILA,master,,
4805,PL000000004879,,義棠堡,36.9925,111.8558,中國-山西省-晉中市-介休市,DILA,master,,
4806,PL000000004880,,界休,36.9901,111.9868,中國-山西省-晉中市-介休市,DILA,master,,
4807,PL000000004881,,界休,36.9901,111.9868,中國-山西省-晉中市-介休市,DILA,master,,
4808,PL000000004882,,關子嶺鎮,36.9883,112.1046,中國-山西省-晉中市-介休市,DILA,master,,
4809,PL000000004883,,界休,36.9784,111.9816,中國-山西省-晉中市-介休市,DILA,master,,
4810,PL000000004884,,北虞,34.840022,111.208529,中國-山西省-運城市,DILA,master,,
4811,PL000000004886,,淨土寺,35.027362,111.001579,中國-山西省-運城市,DILA,master,,
4812,PL000000004887,,鳴條,35.015167,110.998271,中國-山西省-運城市-鹽湖區,DILA,master,,
4813,PL000000004888,,鹽湖,34.986893,111.00842,中國-山西省-運城市-鹽湖區,DILA,master,,
4814,PL000000004889,,竹林寺,34.917056,110.935403,中國-山西省-運城市-鹽湖區,DILA,master,,
4815,PL000000004890,,太平興國寺,35.064074,111.037095,中國-山西省-運城市-鹽湖區,DILA,master,,
4816,PL000000004891,,解州,34.9119,110.8474,中國-山西省-運城市-鹽湖區,DILA,master,,
4817,PL000000004892,,解縣,34.9119,110.8474,中國-山西省-運城市-鹽湖區,DILA,master,,
4818,PL000000004893,,解州,34.9119,110.8474,中國-山西省-運城市-鹽湖區,DILA,master,,
4819,PL000000004894,,解州,34.9144,110.8583,中國-山西省-運城市-鹽湖區,DILA,master,,
4820,PL000000004895,,解縣,34.9144,110.8583,中國-山西省-運城市-鹽湖區,DILA,master,,
4821,PL000000004896,,運城,35.0139,111.0026,中國-山西省-運城市-鹽湖區,DILA,master,,
4822,PL000000004897,,司鹽城,35.0139,111.0026,中國-山西省-運城市-鹽湖區,DILA,master,,
4823,PL000000004898,,安邑,35.0494,111.0491,中國-山西省-運城市-鹽湖區,DILA,master,,
4824,PL000000004899,,安邑,35.0494,111.0491,中國-山西省-運城市-鹽湖區,DILA,master,,
4825,PL000000004900,,長樂鎮,34.9659,110.8611,中國-山西省-運城市-鹽湖區,DILA,master,,
4826,PL000000004901,,長樂鎮,34.9722,110.8827,中國-山西省-運城市-鹽湖區,DILA,master,,
4827,PL000000004902,,西姚,34.9665,111.027,中國-山西省-運城市-鹽湖區,DILA,master,,
4828,PL000000004903,,陶村堡,35.1326,111.0716,中國-山西省-運城市-鹽湖區,DILA,master,,
4829,PL000000004904,,北相堡,35.1439,110.9426,中國-山西省-運城市-鹽湖區,DILA,master,,
4830,PL000000004905,,巠惠鎮,35.0345,111.0862,中國-山西省-運城市-鹽湖區,DILA,master,,
4831,PL000000004906,,聖惠鎮,35.041,111.0897,中國-山西省-運城市-鹽湖區,DILA,master,,
4832,PL000000004907,,虞州,35.0437,111.0616,中國-山西省-運城市-鹽湖區,DILA,master,,
4833,PL000000004908,,安邑,35.0525,111.057,中國-山西省-運城市-鹽湖區,DILA,master,,
4834,PL000000004909,,虞邑,35.0535,111.0537,中國-山西省-運城市-鹽湖區,DILA,master,,
4835,PL000000004910,,安邑,35.0543,111.0529,中國-山西省-運城市-鹽湖區,DILA,master,,
4836,PL000000004911,,張岳鎮,35.1822,110.8758,中國-山西省-運城市-鹽湖區,DILA,master,,
4837,PL000000004912,,霍趙堡,35.2303,111.0375,中國-山西省-運城市-鹽湖區,DILA,master,,
4838,PL000000004913,,解州,34.915,110.8471,中國-山西省-運城市-鹽湖區,DILA,master,,
4839,PL000000004914,,南安邑,35.0515,111.0538,中國-山西省-運城市-鹽湖區,DILA,master,,
4840,PL000000004915,,銀冶,34.9806,110.8855,中國-山西省-運城市-鹽湖區,DILA,master,,
4841,PL000000004916,,解縣,34.9185,110.8522,中國-山西省-運城市-鹽湖區,DILA,master,,
4842,PL000000004917,,泓芝站,35.1979,110.8897,中國-山西省-運城市-鹽湖區,DILA,master,,
4843,PL000000004918,,壽聖寺,35.15179,110.783629,中國-山西省-運城市-臨猗縣,DILA,master,,
4844,PL000000004919,,孫吉鎮,35.2525,110.5296,中國-山西省-運城市-臨猗縣,DILA,master,,
4845,PL000000004920,,角盃村,35.1497,110.4511,中國-山西省-運城市-臨猗縣,DILA,master,,
4846,PL000000004921,,猗氏,35.1474,110.7832,中國-山西省-運城市-臨猗縣,DILA,master,,
4847,PL000000004922,,猗氏,35.1474,110.7832,中國-山西省-運城市-臨猗縣,DILA,master,,
4848,PL000000004923,,猗氏,35.1474,110.7832,中國-山西省-運城市-臨猗縣,DILA,master,,
4849,PL000000004924,,猗氏,35.1474,110.7832,中國-山西省-運城市-臨猗縣,DILA,master,,
4850,PL000000004925,,猗氏,35.1474,110.7832,中國-山西省-運城市-臨猗縣,DILA,master,,
4851,PL000000004926,,猗氏,35.1474,110.7832,中國-山西省-運城市-臨猗縣,DILA,master,,
4852,PL000000004927,,北猗氏,35.1474,110.7832,中國-山西省-運城市-臨猗縣,DILA,master,,
4853,PL000000004928,,吳王寨,35.1353,110.4086,中國-山西省-運城市-臨猗縣,DILA,master,,
4854,PL000000004929,,吳王寨,35.1348,110.4034,中國-山西省-運城市-臨猗縣,DILA,master,,
4855,PL000000004930,,桑泉城,35.1281,110.5971,中國-山西省-運城市-臨猗縣,DILA,master,,
4856,PL000000004931,,桑泉城,35.1222,110.6198,中國-山西省-運城市-臨猗縣,DILA,master,,
4857,PL000000004932,,牛渡鎮,35.1056,110.8149,中國-山西省-運城市-臨猗縣,DILA,master,,
4858,PL000000004933,,桑泉,35.1049,110.559,中國-山西省-運城市-臨猗縣,DILA,master,,
4859,PL000000004934,,臨晉,35.1036,110.5509,中國-山西省-運城市-臨猗縣,DILA,master,,
4860,PL000000004935,,桑泉,35.1035,110.5511,中國-山西省-運城市-臨猗縣,DILA,master,,
4861,PL000000004936,,臨晉,35.1027,110.5643,中國-山西省-運城市-臨猗縣,DILA,master,,
4862,PL000000004937,,臨晉,35.1027,110.5643,中國-山西省-運城市-臨猗縣,DILA,master,,
4863,PL000000004938,,臨晉,35.1001,110.5589,中國-山西省-運城市-臨猗縣,DILA,master,,
4864,PL000000004939,,北解,35.0837,110.6334,中國-山西省-運城市-臨猗縣,DILA,master,,
4865,PL000000004940,,張楊城,35.0817,110.4287,中國-山西省-運城市-臨猗縣,DILA,master,,
4866,PL000000004941,,解,35.0787,110.6468,中國-山西省-運城市-臨猗縣,DILA,master,,
4867,PL000000004942,,猗氏,35.075,110.7788,中國-山西省-運城市-臨猗縣,DILA,master,,
4868,PL000000004943,,解縣,35.0746,110.6331,中國-山西省-運城市-臨猗縣,DILA,master,,
4869,PL000000004944,,解縣,35.0746,110.6331,中國-山西省-運城市-臨猗縣,DILA,master,,
4870,PL000000004945,,解縣,35.0644,110.6328,中國-山西省-運城市-臨猗縣,DILA,master,,
4871,PL000000004946,,解縣,35.0644,110.6328,中國-山西省-運城市-臨猗縣,DILA,master,,
4872,PL000000004947,,樊橋鎮,35.0604,110.606,中國-山西省-運城市-臨猗縣,DILA,master,,
4873,PL000000004948,,猗氏,35.0571,110.7654,中國-山西省-運城市-臨猗縣,DILA,master,,
4874,PL000000004949,,猗氏,35.0571,110.7654,中國-山西省-運城市-臨猗縣,DILA,master,,
4875,PL000000004950,,猗氏,35.0435,110.7678,中國-山西省-運城市-臨猗縣,DILA,master,,
4876,PL000000004951,,猗氏,35.0435,110.7678,中國-山西省-運城市-臨猗縣,DILA,master,,
4877,PL000000004952,,瑕城,35.0257,110.5779,中國-山西省-運城市-臨猗縣,DILA,master,,
4878,PL000000004953,,法藏寺,35.35693,110.818193,中國-山西省-運城市-萬榮縣,DILA,master,,
4879,PL000000004954,,正覺寺,35.305711,110.913571,中國-山西省-運城市-萬榮縣,DILA,master,,
4880,PL000000004955,,薛稽鎮,35.4451,110.6409,中國-山西省-運城市-萬榮縣,DILA,master,,
4881,PL000000004956,,解店鎮,35.4151,110.8408,中國-山西省-運城市-萬榮縣,DILA,master,,
4882,PL000000004957,,汾陰,35.4114,110.5828,中國-山西省-運城市-萬榮縣,DILA,master,,
4883,PL000000004958,,萬泉,35.3792,110.8028,中國-山西省-運城市-萬榮縣,DILA,master,,
4884,PL000000004959,,汾陰,35.3785,110.5293,中國-山西省-運城市-萬榮縣,DILA,master,,
4885,PL000000004960,,汾陰,35.3785,110.5293,中國-山西省-運城市-萬榮縣,DILA,master,,
4886,PL000000004961,,汾陰脽,35.3785,110.5293,中國-山西省-運城市-萬榮縣,DILA,master,,
4887,PL000000004962,,稜山亭,35.3784,110.9909,中國-山西省-運城市-萬榮縣,DILA,master,,
4888,PL000000004963,,汾陰,35.3766,110.7982,中國-山西省-運城市-萬榮縣,DILA,master,,
4889,PL000000004964,,汾陰,35.3716,110.5269,中國-山西省-運城市-萬榮縣,DILA,master,,
4890,PL000000004965,,汾陰,35.3716,110.5269,中國-山西省-運城市-萬榮縣,DILA,master,,
4891,PL000000004966,,萬泉,35.3711,110.798,中國-山西省-運城市-萬榮縣,DILA,master,,
4892,PL000000004967,,萬泉,35.3711,110.798,中國-山西省-運城市-萬榮縣,DILA,master,,
4893,PL000000004968,,萬泉,35.3692,110.8056,中國-山西省-運城市-萬榮縣,DILA,master,,
4894,PL000000004969,,萬泉,35.3635,110.804,中國-山西省-運城市-萬榮縣,DILA,master,,
4895,PL000000004970,,廟前鎮,35.3585,110.5338,中國-山西省-運城市-萬榮縣,DILA,master,,
4896,PL000000004971,,胡壁,35.3556,110.6266,中國-山西省-運城市-萬榮縣,DILA,master,,
4897,PL000000004972,,胡壁堡鎮,35.351,110.6355,中國-山西省-運城市-萬榮縣,DILA,master,,
4898,PL000000004973,,思野堡,35.3331,110.679,中國-山西省-運城市-萬榮縣,DILA,master,,
4899,PL000000004974,,董亭,35.3301,110.6214,中國-山西省-運城市-萬榮縣,DILA,master,,
4900,PL000000004975,,董亭,35.328,110.6309,中國-山西省-運城市-萬榮縣,DILA,master,,
4901,PL000000004976,,榮河,35.3243,110.4998,中國-山西省-運城市-萬榮縣,DILA,master,,
4902,PL000000004977,,榮河,35.3243,110.4998,中國-山西省-運城市-萬榮縣,DILA,master,,
4903,PL000000004978,,榮河,35.3233,110.5042,中國-山西省-運城市-萬榮縣,DILA,master,,
4904,PL000000004979,,汾陰,35.3229,110.4913,中國-山西省-運城市-萬榮縣,DILA,master,,
4905,PL000000004980,,北鄉郡,35.3203,110.5007,中國-山西省-運城市-萬榮縣,DILA,master,,
4906,PL000000004981,,榮河,35.319,110.4954,中國-山西省-運城市-萬榮縣,DILA,master,,
4907,PL000000004982,,汾陰,35.3153,110.4943,中國-山西省-運城市-萬榮縣,DILA,master,,
4908,PL000000004983,,橫水窟,35.356611,111.224727,中國-山西省-運城市-聞喜縣,DILA,master,,
4909,PL000000004984,,福田寺,35.433276,111.322451,中國-山西省-運城市-聞喜縣,DILA,master,,
4910,PL000000004985,,太子寺,35.352371,111.229902,中國-山西省-運城市-聞喜縣,DILA,master,,
4911,PL000000004986,,栗村鎮,35.4633,111.124,中國-山西省-運城市-聞喜縣,DILA,master,,
4912,PL000000004987,,聞喜,35.449,111.2979,中國-山西省-運城市-聞喜縣,DILA,master,,
4913,PL000000004988,,東鎮,35.4455,111.3083,中國-山西省-運城市-聞喜縣,DILA,master,,
4914,PL000000004989,,東鎮,35.4395,111.3042,中國-山西省-運城市-聞喜縣,DILA,master,,
4915,PL000000004990,,聞喜,35.437,111.3054,中國-山西省-運城市-聞喜縣,DILA,master,,
4916,PL000000004991,,聞喜,35.4056,111.3055,中國-山西省-運城市-聞喜縣,DILA,master,,
4917,PL000000004992,,聞喜,35.3572,111.2264,中國-山西省-運城市-聞喜縣,DILA,master,,
4918,PL000000004993,,聞喜,35.3572,111.2264,中國-山西省-運城市-聞喜縣,DILA,master,,
4919,PL000000004994,,聞喜,35.3572,111.2264,中國-山西省-運城市-聞喜縣,DILA,master,,
4920,PL000000004995,,聞喜,35.3572,111.2264,中國-山西省-運城市-聞喜縣,DILA,master,,
4921,PL000000004996,,聞喜,35.3572,111.2264,中國-山西省-運城市-聞喜縣,DILA,master,,
4922,PL000000004997,,聞喜,35.3572,111.2264,中國-山西省-運城市-聞喜縣,DILA,master,,
4923,PL000000004998,,聞喜,35.3572,111.2264,中國-山西省-運城市-聞喜縣,DILA,master,,
4924,PL000000004999,,聞喜,35.3572,111.2264,中國-山西省-運城市-聞喜縣,DILA,master,,
4925,PL000000005000,,左邑,35.3572,111.2264,中國-山西省-運城市-聞喜縣,DILA,master,,
4926,PL000000005001,,左邑,35.3572,111.2264,中國-山西省-運城市-聞喜縣,DILA,master,,
4927,PL000000005002,,裴社鎮,35.3012,111.3485,中國-山西省-運城市-聞喜縣,DILA,master,,
4928,PL000000005003,,農都尉,35.3572,111.2264,中國-山西省-運城市-聞喜縣,DILA,master,,
4929,PL000000005004,,辨知寺,35.593889,110.945029,中國-山西省-運城市-稷山縣,DILA,master,,
4930,PL000000005005,,興化寺,35.398415,111.020674,中國-山西省-運城市-稷山縣,DILA,master,,
4931,PL000000005006,,南董村,35.6607,111.0359,中國-山西省-運城市-稷山縣,DILA,master,,
4932,PL000000005007,,武平關,35.6242,111.0635,中國-山西省-運城市-稷山縣,DILA,master,,
4933,PL000000005008,,稷山,35.6017,110.988,中國-山西省-運城市-稷山縣,DILA,master,,
4934,PL000000005009,,稷山,35.6017,110.988,中國-山西省-運城市-稷山縣,DILA,master,,
4935,PL000000005010,,稷山,35.6017,110.988,中國-山西省-運城市-稷山縣,DILA,master,,
4936,PL000000005011,,稷山,35.6017,110.988,中國-山西省-運城市-稷山縣,DILA,master,,
4937,PL000000005012,,稷山,35.6017,110.988,中國-山西省-運城市-稷山縣,DILA,master,,
4938,PL000000005013,,稷山,35.6017,110.988,中國-山西省-運城市-稷山縣,DILA,master,,
4939,PL000000005014,,下迪鎮,35.5859,110.8821,中國-山西省-運城市-稷山縣,DILA,master,,
4940,PL000000005015,,高涼,35.5231,111.062,中國-山西省-運城市-稷山縣,DILA,master,,
4941,PL000000005016,,玉壁城,35.5231,111.062,中國-山西省-運城市-稷山縣,DILA,master,,
4942,PL000000005017,,翟店鎮,35.5044,110.9043,中國-山西省-運城市-稷山縣,DILA,master,,
4943,PL000000005018,,汾曲,35.61589,111.217816,中國-山西省-運城市-新絳縣,DILA,master,,
4944,PL000000005019,,覺成寺,35.584461,110.713927,中國-山西省-運城市-河津市,DILA,master,,
4945,PL000000005020,,龍興寺,35.738,111.717,中國-山西省-運城市-新絳縣,DILA,master,,
4946,PL000000005021,,木塔院,35.738,111.717,中國-山西省-運城市-新絳縣,DILA,master,,
4947,PL000000005022,,南柴堡,35.707,111.3055,中國-山西省-運城市-新絳縣,DILA,master,,
4948,PL000000005023,,臨汾,35.6973,111.3313,中國-山西省-運城市-新絳縣,DILA,master,,
4949,PL000000005024,,臨汾,35.6973,111.3313,中國-山西省-運城市-新絳縣,DILA,master,,
4950,PL000000005025,,臨汾,35.6892,111.3197,中國-山西省-運城市-新絳縣,DILA,master,,
4951,PL000000005026,,臨汾,35.6892,111.3197,中國-山西省-運城市-新絳縣,DILA,master,,
4952,PL000000005027,,臨汾,35.6852,111.3258,中國-山西省-運城市-新絳縣,DILA,master,,
4953,PL000000005028,,長脩,35.6656,111.0772,中國-山西省-運城市-新絳縣,DILA,master,,
4954,PL000000005029,,泉掌堡,35.6598,111.0876,中國-山西省-運城市-新絳縣,DILA,master,,
4955,PL000000005030,,絳州,35.6159,111.2253,中國-山西省-運城市-新絳縣,DILA,master,,
4956,PL000000005031,,絳州,35.6159,111.2253,中國-山西省-運城市-新絳縣,DILA,master,,
4957,PL000000005032,,正平,35.6159,111.2253,中國-山西省-運城市-新絳縣,DILA,master,,
4958,PL000000005033,,正平,35.6159,111.2253,中國-山西省-運城市-新絳縣,DILA,master,,
4959,PL000000005034,,絳州,35.6159,111.2253,中國-山西省-運城市-新絳縣,DILA,master,,
4960,PL000000005035,,絳州,35.6159,111.2253,中國-山西省-運城市-新絳縣,DILA,master,,
4961,PL000000005036,,正平,35.6159,111.2253,中國-山西省-運城市-新絳縣,DILA,master,,
4962,PL000000005037,,澮州,35.6159,111.2253,中國-山西省-運城市-新絳縣,DILA,master,,
4963,PL000000005038,,正平,35.6159,111.2253,中國-山西省-運城市-新絳縣,DILA,master,,
4964,PL000000005039,,絳州,35.6159,111.2253,中國-山西省-運城市-新絳縣,DILA,master,,
4965,PL000000005040,,絳州,35.6159,111.2253,中國-山西省-運城市-新絳縣,DILA,master,,
4966,PL000000005041,,樊村堡,35.5794,111.1381,中國-山西省-運城市-新絳縣,DILA,master,,
4967,PL000000005042,,柏壁,35.5378,111.1667,中國-山西省-運城市-新絳縣,DILA,master,,
4968,PL000000005043,,絳州,35.6159,111.2253,中國-山西省-運城市-新絳縣,DILA,master,,
4969,PL000000005044,,靈石寺,35.491893,111.562012,中國-山西省-運城市-絳縣,DILA,master,,
4970,PL000000005045,,南樊寨,35.6044,111.6098,中國-山西省-運城市-絳縣,DILA,master,,
4971,PL000000005046,,范村寨,35.5151,111.6595,中國-山西省-運城市-絳縣,DILA,master,,
4972,PL000000005047,,絳縣,35.4887,111.5705,中國-山西省-運城市-絳縣,DILA,master,,
4973,PL000000005048,,絳縣,35.4887,111.5705,中國-山西省-運城市-絳縣,DILA,master,,
4974,PL000000005049,,絳縣,35.4887,111.5705,中國-山西省-運城市-絳縣,DILA,master,,
4975,PL000000005050,,絳縣,35.4887,111.5705,中國-山西省-運城市-絳縣,DILA,master,,
4976,PL000000005051,,絳縣,35.4887,111.5705,中國-山西省-運城市-絳縣,DILA,master,,
4977,PL000000005052,,橫水鎮,35.4785,111.4598,中國-山西省-運城市-絳縣,DILA,master,,
4978,PL000000005053,,陳村峪,35.4693,111.6284,中國-山西省-運城市-絳縣,DILA,master,,
4979,PL000000005054,,周陽,35.4678,111.5277,中國-山西省-運城市-絳縣,DILA,master,,
4980,PL000000005055,,周陽邑,35.4602,111.5029,中國-山西省-運城市-絳縣,DILA,master,,
4981,PL000000005056,,周陽城,35.4592,111.5166,中國-山西省-運城市-絳縣,DILA,master,,
4982,PL000000005057,,南絳,35.449,111.576,中國-山西省-運城市-絳縣,DILA,master,,
4983,PL000000005058,,晉州,35.4483,111.6068,中國-山西省-運城市-絳縣,DILA,master,,
4984,PL000000005059,,含口,35.4357,111.5129,中國-山西省-運城市-絳縣,DILA,master,,
4985,PL000000005060,,橫嶺背,35.4011,111.6019,中國-山西省-運城市-絳縣,DILA,master,,
4986,PL000000005061,,橫嶺背,35.3955,111.5949,中國-山西省-運城市-絳縣,DILA,master,,
4987,PL000000005062,,清廉,35.2094,111.6973,中國-山西省-運城市-垣曲縣,DILA,master,,
4988,PL000000005063,,垣,35.1926,111.8218,中國-山西省-運城市-垣曲縣,DILA,master,,
4989,PL000000005064,,坦縣,35.1889,111.7973,中國-山西省-運城市-垣曲縣,DILA,master,,
4990,PL000000005065,,東垣,35.1827,111.7982,中國-山西省-運城市-垣曲縣,DILA,master,,
4991,PL000000005066,,東垣,35.1827,111.7982,中國-山西省-運城市-垣曲縣,DILA,master,,
4992,PL000000005067,,東垣,35.1815,111.7915,中國-山西省-運城市-垣曲縣,DILA,master,,
4993,PL000000005068,,垣曲,35.1127,111.8711,中國-山西省-運城市-垣曲縣,DILA,master,,
4994,PL000000005069,,垣曲,35.1127,111.8711,中國-山西省-運城市-垣曲縣,DILA,master,,
4995,PL000000005070,,垣縣,35.1122,111.8719,中國-山西省-運城市-垣曲縣,DILA,master,,
4996,PL000000005071,,垣曲,35.1119,111.8749,中國-山西省-運城市-垣曲縣,DILA,master,,
4997,PL000000005072,,壺丘亭,35.1041,111.8761,中國-山西省-運城市-垣曲縣,DILA,master,,
4998,PL000000005073,,垣曲,35.104,111.87,中國-山西省-運城市-垣曲縣,DILA,master,,
4999,PL000000005074,,銅錢監,35.104,111.87,中國-山西省-運城市-垣曲縣,DILA,master,,
5000,PL000000005075,,白水,35.1017,111.8871,中國-山西省-運城市-垣曲縣,DILA,master,,
5001,PL000000005076,,垣縣,35.1006,111.8741,中國-山西省-運城市-垣曲縣,DILA,master,,
5002,PL000000005077,,陽胡城,35.0963,111.8268,中國-山西省-運城市-垣曲縣,DILA,master,,
5003,PL000000005078,,禹王城,35.190298,111.180457,中國-山西省-運城市-夏縣,DILA,master,,
5004,PL000000005079,,延年陵,35.190298,111.180457,中國-山西省-運城市-夏縣,DILA,master,,
5005,PL000000005081,,景福寺,35.210997,111.11418,中國-山西省-運城市-夏縣,DILA,master,,
5006,PL000000005082,,胡張鎮,35.2573,111.2432,中國-山西省-運城市-夏縣,DILA,master,,
5007,PL000000005083,,曹張鎮,35.2558,111.1015,中國-山西省-運城市-夏縣,DILA,master,,
5008,PL000000005084,,曹張鎮,35.2558,111.1007,中國-山西省-運城市-夏縣,DILA,master,,
5009,PL000000005085,,美良川,35.2257,111.2199,中國-山西省-運城市-夏縣,DILA,master,,
5010,PL000000005086,,水頭鎮,35.2236,111.1259,中國-山西省-運城市-夏縣,DILA,master,,
5011,PL000000005087,,夏縣,35.1848,111.146,中國-山西省-運城市-夏縣,DILA,master,,
5012,PL000000005088,,安邑,35.18,111.1641,中國-山西省-運城市-夏縣,DILA,master,,
5013,PL000000005089,,河東郡,35.18,111.1641,中國-山西省-運城市-夏縣,DILA,master,,
5014,PL000000005090,,安邑,35.18,111.1641,中國-山西省-運城市-夏縣,DILA,master,,
5015,PL000000005091,,河東郡,35.18,111.1641,中國-山西省-運城市-夏縣,DILA,master,,
5016,PL000000005092,,安邑,35.1652,111.1668,中國-山西省-運城市-夏縣,DILA,master,,
5017,PL000000005093,,河東郡,35.1652,111.1668,中國-山西省-運城市-夏縣,DILA,master,,
5018,PL000000005094,,安邑,35.1649,111.1644,中國-山西省-運城市-夏縣,DILA,master,,
5019,PL000000005095,,河東郡,35.1649,111.1644,中國-山西省-運城市-夏縣,DILA,master,,
5020,PL000000005096,,安邑,35.1649,111.1644,中國-山西省-運城市-夏縣,DILA,master,,
5021,PL000000005097,,河東郡,35.1649,111.1644,中國-山西省-運城市-夏縣,DILA,master,,
5022,PL000000005098,,河東郡,35.1434,111.111,中國-山西省-運城市-夏縣,DILA,master,,
5023,PL000000005099,,夏縣,35.1369,111.2292,中國-山西省-運城市-夏縣,DILA,master,,
5024,PL000000005100,,夏縣,35.1369,111.2292,中國-山西省-運城市-夏縣,DILA,master,,
5025,PL000000005101,,夏縣,35.1369,111.2292,中國-山西省-運城市-夏縣,DILA,master,,
5026,PL000000005102,,夏縣,35.1369,111.2292,中國-山西省-運城市-夏縣,DILA,master,,
5027,PL000000005103,,夏縣,35.1369,111.2292,中國-山西省-運城市-夏縣,DILA,master,,
5028,PL000000005104,,夏縣,35.1369,111.2292,中國-山西省-運城市-夏縣,DILA,master,,
5029,PL000000005105,,柳谷,35.0965,111.2633,中國-山西省-運城市-夏縣,DILA,master,,
5030,PL000000005106,,典農中郎將,35.1649,111.1644,中國-山西省-運城市-夏縣,DILA,master,,
5031,PL000000005107,,吳,34.9918,111.2601,中國-山西省-運城市-平陸縣,DILA,master,,
5032,PL000000005108,,張店鎮,34.9882,111.2062,中國-山西省-運城市-平陸縣,DILA,master,,
5033,PL000000005109,,張店鎮,34.9862,111.2002,中國-山西省-運城市-平陸縣,DILA,master,,
5034,PL000000005110,,虞城,34.9678,111.2262,中國-山西省-運城市-平陸縣,DILA,master,,
5035,PL000000005111,,吳城,34.9678,111.2262,中國-山西省-運城市-平陸縣,DILA,master,,
5036,PL000000005112,,軨橋,34.9331,111.186,中國-山西省-運城市-平陸縣,DILA,master,,
5037,PL000000005113,,白浪渡,34.9104,111.587,中國-山西省-運城市-平陸縣,DILA,master,,
5038,PL000000005114,,八政堡,34.8796,111.2515,中國-山西省-運城市-平陸縣,DILA,master,,
5039,PL000000005115,,夏陽城,34.8788,111.1936,中國-山西省-運城市-平陸縣,DILA,master,,
5040,PL000000005116,,集津鎮,34.8548,111.4528,中國-山西省-運城市-平陸縣,DILA,master,,
5041,PL000000005117,,下陽城,34.8323,111.1728,中國-山西省-運城市-平陸縣,DILA,master,,
5042,PL000000005118,,大陽,34.8323,111.1728,中國-山西省-運城市-平陸縣,DILA,master,,
5043,PL000000005119,,大陽,34.8323,111.1728,中國-山西省-運城市-平陸縣,DILA,master,,
5044,PL000000005120,,大陽,34.8302,111.1664,中國-山西省-運城市-平陸縣,DILA,master,,
5045,PL000000005121,,河北郡,34.8302,111.1664,中國-山西省-運城市-平陸縣,DILA,master,,
5046,PL000000005122,,大陽,34.8246,111.1732,中國-山西省-運城市-平陸縣,DILA,master,,
5047,PL000000005123,,沙澗,34.8183,111.2356,中國-山西省-運城市-平陸縣,DILA,master,,
5048,PL000000005124,,河北,34.817,111.111,中國-山西省-運城市-平陸縣,DILA,master,,
5049,PL000000005125,,茅津渡,34.8162,111.2064,中國-山西省-運城市-平陸縣,DILA,master,,
5050,PL000000005126,,平陸,34.815,111.1094,中國-山西省-運城市-平陸縣,DILA,master,,
5051,PL000000005127,,平陸,34.815,111.1094,中國-山西省-運城市-平陸縣,DILA,master,,
5052,PL000000005128,,下陽津,34.815,111.1094,中國-山西省-運城市-平陸縣,DILA,master,,
5053,PL000000005129,,茅津渡,34.814,111.2023,中國-山西省-運城市-平陸縣,DILA,master,,
5054,PL000000005130,,平陸,34.8131,111.1161,中國-山西省-運城市-平陸縣,DILA,master,,
5055,PL000000005131,,河北,34.81,111.1191,中國-山西省-運城市-平陸縣,DILA,master,,
5056,PL000000005132,,平陸,34.8094,111.1121,中國-山西省-運城市-平陸縣,DILA,master,,
5057,PL000000005133,,常樂鎮,34.7874,111.0282,中國-山西省-運城市-平陸縣,DILA,master,,
5058,PL000000005134,,茅津,34.7975,111.0547,中國-山西省-運城市-平陸縣,DILA,master,,
5059,PL000000005135,,太陽,34.8246,111.1732,中國-山西省-運城市-平陸縣,DILA,master,,
5060,PL000000005136,,顛軨坂,34.8585,111.2053,中國-山西省-運城市-平陸縣,DILA,master,,
5061,PL000000005137,,芮國,34.698036,110.690991,中國-山西省-運城市-芮城縣,DILA,master,,
