place_name_raw,mentioned_in_monk,source_monk_uri,frequency
giới đàn,Tâm Nhất Mật Thể,ex:monk/tam_nhat_mat_the,98
giới đàn,Tâm Như Mật Nguyện,ex:monk/tam_nhu_mat_nguyen,98
giới đàn,Trừng Diên Diệu Huệ,ex:monk/trung_dien_dieu_hue,98
giới đàn,Thanh Chân Viên Giác,ex:monk/thanh_chan_vien_giac,98
giới đàn,Thanh Tú Huệ Pháp,ex:monk/thanh_tu_hue_phap,98
giới đàn,Thanh Thái Huệ Minh,ex:monk/thanh_thai_hue_minh,98
giới đàn,Thanh Quý Chơn Thiệt,ex:monk/thanh_quy_chon_thiet,98
giới đàn,Đồng Thiện Thiện Ân,ex:monk/dd_dong_thien_thien_an,98
giới đàn,ĐĐ Đồng Thiện Thiện Ân,ex:monk/dd_dong_thien_thien_an,98
giới đàn,Thị Năng Trí Hữu,ex:monk/thi_nang_tri_huu,98
giới đàn,Chơn Ngọc Long Trí,ex:monk/chon_ngoc_long_tri,98
giới đàn,Chơn Chứng Thiện Quả,ex:monk/chon_chung_thien_qua,98
giới đàn,Như Quý Viên Thiện,ex:monk/nhu_quy_vien_thien,98
giới đàn,Như Quang Trí Minh,ex:monk/nhu_quang_tri_minh,98
giới đàn,Như Nhàn Trí Giác,ex:monk/nhu_nhan_tri_giac,98
giới đàn,Ấn Bính Phổ Bảo,ex:monk/an_binh_pho_bao,98
giới đàn,Ấn Bổn Vĩnh Gia,ex:monk/an_bon_vinh_gia,98
giới đàn,Ấn Kim Hoằng Tịnh,ex:monk/an_kim_hoang_tinh,98
giới đàn,Ấn Lãnh Hoằng Thạc,ex:monk/an_lanh_hoang_thac,98
giới đàn,Chơn Sử Khánh Tín,ex:monk/chon_su_khanh_tin,98
giới đàn,Chơn Trung Minh Ðức,ex:monk/chon_trung_minh_uc,98
giới đàn,Chơn Miên Trí Hưng,ex:monk/chon_mien_tri_hung,98
giới đàn,Chơn Tá Tôn Bảo,ex:monk/chon_ta_ton_bao,98
giới đàn,Chơn Cảnh Huệ Duyệt,ex:monk/chon_canh_hue_duyet,98
giới đàn,Chơn Phát Long Tôn,ex:monk/chon_phat_long_ton,98
giới đàn,Chơn Giác Long Hải,ex:monk/chon_giac_long_hai,98
giới đàn,Chơn Thành Khánh Ngọc,ex:monk/chon_thanh_khanh_ngoc,98
giới đàn,Chơn Pháp Phước Trí,ex:monk/chon_phap_phuoc_tri,98
giới đàn,Ấn Thiên Huệ Nhãn,ex:monk/an_thien_hue_nhan,98
giới đàn,Không Tâm Trí Quảng,ex:monk/khong_tam_tri_quang,98
giới đàn,Như Hương Huyền Tâm,ex:monk/nhu_huong_huyen_tam,98
giới đàn,Chơn Luận Phước Huệ,ex:monk/chon_luan_phuoc_hue,98
giới đàn,Như Vạn Trí Phước,ex:monk/nhu_van_tri_phuoc,98
giới đàn,Như Truyện Trí Nhãn,ex:monk/nhu_truyen_tri_nhan,98
giới đàn,Chơn Trừng Đạo Thanh,ex:monk/chon_trung_dao_thanh,98
giới đàn,Như Ðiền Huệ Chấn,ex:monk/nhu_dien_hue_chan,98
giới đàn,Như Ái Hoằng Thâm,ex:monk/nhu_ai_hoang_tham,98
giới đàn,Như Thừa Hoằng Nguyện,ex:monk/nhu_thua_hoang_nguyen,98
giới đàn,Như Quang Hoằng Phúc,ex:monk/nhu_quang_hoang_phuc,98
giới đàn,Không Tín Kế Châu,ex:monk/khong_tin_ke_chau,98
giới đàn,Như Tiến Quảng Hưng,ex:monk/nhu_tien_quang_hung,98
giới đàn,Như Niệm Bảo Toàn,ex:monk/nhu_niem_bao_toan,98
giới đàn,Tâm Thanh Chơn Nghiêm,ex:monk/tam_thanh_chon_nghiem,98
giới đàn,Chơn Phước Huệ Pháp,ex:monk/chon_phuoc_hue_phap,98
giới đàn,Chơn Quý Khánh Anh,ex:monk/chon_quy_khanh_anh,98
giới đàn,Như Quả Hoàn Tuyên,ex:monk/nhu_qua_hoan_tuyen,98
giới đàn,Như Bình Huyền Tịnh,ex:monk/nhu_binh_huyen_tinh,98
giới đàn,Như Hường Thọ Minh,ex:monk/nhu_huong_tho_minh,98
giới đàn,Trí Thuyên,ex:monk/tri_thuyen,98
giới đàn,Thị Bình Diệu Khai,ex:monk/thi_binh_dieu_khai,98
giới đàn,Ðồng Chơn Thông Niệm,ex:monk/ong_chon_thong_niem,98
giới đàn,Ðồng Kỉnh Tín Quả,ex:monk/ong_kinh_tin_qua,98
giới đàn,Như Đồng Đắc Quang,ex:monk/nhu_dong_dac_quang,98
giới đàn,Thanh Đức Tâm Khoan,ex:monk/thanh_duc_tam_khoan,98
giới đàn,Trừng Diên Hưng Phước,ex:monk/trung_dien_hung_phuoc,98
giới đàn,Nguyên Định Đức Trì,ex:monk/nguyen_dinh_duc_tri,98
giới đàn,Tâm Như Trí Thủ,ex:monk/tam_nhu_tri_thu,98
giới đàn,Nguyên Tánh Đức Tâm,ex:monk/nguyen_tanh_duc_tam,98
giới đàn,Nguyên Thuận Đức Tánh,ex:monk/nguyen_thuan_duc_tanh,98
giới đàn,TT Nguyên Minh Minh Đức,ex:monk/tt_nguyen_minh_minh_duc,98
giới đàn,Nguyên Ý Phước Châu,ex:monk/nguyen_y_phuoc_chau,98
giới đàn,Tâm Ấn Viên Quang,ex:monk/tam_an_vien_quang,98
giới đàn,Thiên Ân,ex:monk/thien_an,98
giới đàn,Tâm Thọ Thiện Hỷ,ex:monk/tam_tho_thien_hy,98
giới đàn,TT Nguyên Hồng Từ Phong,ex:monk/tt_nguyen_hong_tu_phong,98
giới đàn,Tâm Tuệ Thanh Trí,ex:monk/tam_tue_thanh_tri,98
giới đàn,Tâm Cảnh Giác Hạnh,ex:monk/tam_canh_giac_hanh,98
giới đàn,Nguyên Phước Quang Thể,ex:monk/nguyen_phuoc_quang_the,98
giới đàn,Tâm Phật Thiện Siêu,ex:monk/tam_phat_thien_sieu,98
giới đàn,Trừng Ninh Diệu Hương,ex:monk/trung_ninh_dieu_huong,98
giới đàn,Tâm Niệm Từ Ý,ex:monk/tam_niem_tu_y,98
giới đàn,Tâm Hồng Từ Hương,ex:monk/tam_hong_tu_huong,98
giới đàn,Thị Khai Ðỗng Minh,ex:monk/thi_khai_ong_minh,98
giới đàn,Thiệt Diệu Liễu Quán,ex:monk/thiet_dieu_lieu_quan,98
giới đàn,Trừng Văn Giác Nguyên,ex:monk/trung_van_giac_nguyen,98
giới đàn,Trừng Thủy Giác Nhiên,ex:monk/trung_thuy_giac_nhien,98
giới đàn,Trừng Huệ Giác Viên,ex:monk/trung_hue_giac_vien,98
giới đàn,Đạo Minh Phổ Tịnh,ex:monk/dao_minh_pho_tinh,98
giới đàn,Hải Toàn Linh Cơ,ex:monk/hai_toan_linh_co,98
giới đàn,Hải Bình Khiết Bạch,ex:monk/hai_binh_khiet_bach,98
giới đàn,Tâm Thị Thiện Minh,ex:monk/tam_thi_thien_minh,98
giới đàn,Tâm Tuệ Thiện Giải,ex:monk/tam_tue_thien_giai,98
giới đàn,TT Tâm Ý Trường Định,ex:monk/tt_tam_y_truong_dinh,98
giới đàn,Hải Thuận Lương Duyên,ex:monk/hai_thuan_luong_duyen,98
giới đàn,Tâm Trung Chánh Trực,ex:monk/tam_trung_chanh_truc,98
giới đàn,Trừng Nguyên Chơn Như,ex:monk/trung_nguyen_chon_nhu,98
giới đàn,Trừng Trì Chí Niệm,ex:monk/trung_tri_chi_niem,98
giới đàn,Trừng Tuệ Chí Mậu,ex:monk/trung_tue_chi_mau,98
giới đàn,Tâm Phổ Thiện Lộc,ex:monk/tam_pho_thien_loc,98
giới đàn,Toàn Ðịnh Bảo Tạng,ex:monk/toan_dinh_bao_tang,98
giới đàn,TT Nguyên Cát Thiện Tường,ex:monk/tt_nguyen_cat_thien_tuong,98
giới đàn,Thị Chí Phước Hộ,ex:monk/thi_chi_phuoc_ho,98
giới đàn,Thị Niệm Phước Ninh,ex:monk/thi_niem_phuoc_ninh,98
giới đàn,Thị Tín Phước Trí,ex:monk/thi_tin_phuoc_tri,98
giới đàn,Tâm Thông Quảng Huệ,ex:monk/tam_thong_quang_hue,98
giới đàn,Tâm Lương Diệu Hoằng,ex:monk/tam_luong_dieu_hoang,98
giới đàn,Minh Hoàng Tử Dung,ex:monk/minh_hoang_tu_dung,98
giới đàn,Như Ðiền Huệ Chấn,ex:monk/nhu_ien_hue_chan,98
Báo Quốc,Tâm Địa Mật Khế,ex:monk/tam_dia_mat_khe,77
Báo Quốc,Tâm Hương Mật Hiển,ex:monk/tam_huong_mat_hien,77
Báo Quốc,Hải Thiệu Cương Kỷ,ex:monk/hai_thieu_cuong_ky,77
Báo Quốc,Thị Năng Trí Hữu,ex:monk/thi_nang_tri_huu,77
Báo Quốc,Chơn Chứng Thiện Quả,ex:monk/chon_chung_thien_qua,77
Báo Quốc,Như Quý Viên Thiện,ex:monk/nhu_quy_vien_thien,77
Báo Quốc,Tâm Quang Chánh Pháp,ex:monk/tam_quang_chanh_phap,77
Báo Quốc,Như Nhàn Trí Giác,ex:monk/nhu_nhan_tri_giac,77
Báo Quốc,Ấn Bổn Vĩnh Gia,ex:monk/an_bon_vinh_gia,77
Báo Quốc,Chơn Kim Pháp Lâm,ex:monk/chon_kim_phap_lam,77
Báo Quốc,Chân Đạo Bích Phong,ex:monk/chan_dao_bich_phong,77
Báo Quốc,Ngộ Tánh Phước Huệ,ex:monk/ngo_tanh_phuoc_hue,77
Báo Quốc,Trừng Dàn Bích Không,ex:monk/trung_dan_bich_khong,77
Báo Quốc,Chơn An Chánh Liêm,ex:monk/chon_an_chanh_liem,77
Báo Quốc,Chơn Luận Phước Huệ,ex:monk/chon_luan_phuoc_hue,77
Báo Quốc,Như An Huyền Quang,ex:monk/nhu_an_huyen_quang,77
Báo Quốc,Như Ðăng Trí Ðộ,ex:monk/nhu_ang_tri_o,77
Báo Quốc,Như Bình Huyền Tịnh,ex:monk/nhu_binh_huyen_tinh,77
Báo Quốc,Như Hường Thọ Minh,ex:monk/nhu_huong_tho_minh,77
Báo Quốc,Ðồng Chơn Thông Niệm,ex:monk/ong_chon_thong_niem,77
Báo Quốc,Đồng An Diệu Trí,ex:monk/dong_an_dieu_tri,77
Báo Quốc,Thanh Đức Tâm Khoan,ex:monk/thanh_duc_tam_khoan,77
Báo Quốc,Trừng Diên Hưng Phước,ex:monk/trung_dien_hung_phuoc,77
Báo Quốc,Trừng Khiết Hưng Nghĩa,ex:monk/trung_khiet_hung_nghia,77
Báo Quốc,Trừng Gia Hưng Mãn,ex:monk/trung_gia_hung_man,77
Báo Quốc,Trừng Hóa Hưng Dụng,ex:monk/trung_hoa_hung_dung,77
Báo Quốc,Trừng Chiếu Từ Mãn,ex:monk/trung_chieu_tu_man,77
Báo Quốc,Nguyên Định Đức Trì,ex:monk/nguyen_dinh_duc_tri,77
Báo Quốc,Tâm Như Trí Thủ,ex:monk/tam_nhu_tri_thu,77
Báo Quốc,Nguyên Tánh Đức Tâm,ex:monk/nguyen_tanh_duc_tam,77
Báo Quốc,Nguyên Thuận Đức Tánh,ex:monk/nguyen_thuan_duc_tanh,77
Báo Quốc,TT Nguyên Minh Minh Đức,ex:monk/tt_nguyen_minh_minh_duc,77
Báo Quốc,Nguyên Ý Phước Châu,ex:monk/nguyen_y_phuoc_chau,77
Báo Quốc,Thiên Ân,ex:monk/thien_an,77
Báo Quốc,Tâm Thọ Thiện Hỷ,ex:monk/tam_tho_thien_hy,77
Báo Quốc,TT Nguyên Hồng Từ Phong,ex:monk/tt_nguyen_hong_tu_phong,77
Báo Quốc,Nguyên Minh Huyền Giác,ex:monk/nguyen_minh_huyen_giac,77
Báo Quốc,Tâm Tuệ Thanh Trí,ex:monk/tam_tue_thanh_tri,77
Báo Quốc,Nguyên Phước Quang Thể,ex:monk/nguyen_phuoc_quang_the,77
Báo Quốc,Tâm Thái Thiện Trí,ex:monk/tam_thai_thien_tri,77
Báo Quốc,Tâm Phật Thiện Siêu,ex:monk/tam_phat_thien_sieu,77
Báo Quốc,Nguyên Trí Châu Toàn,ex:monk/nguyen_tri_chau_toan,77
Báo Quốc,Thanh Thái Phước Chỉ,ex:monk/thanh_thai_phuoc_chi,77
Báo Quốc,Tâm Đạo Thanh Quang,ex:monk/tam_dao_thanh_quang,77
Báo Quốc,Tâm Lượng Từ Mẫn,ex:monk/tam_luong_tu_man,77
Báo Quốc,Trừng Kệ Tôn Thắng,ex:monk/trung_ke_ton_thang,77
Báo Quốc,Thanh Ninh Tâm Truyền,ex:monk/thanh_ninh_tam_truyen,77
Báo Quốc,Trừng Khiết Như Như,ex:monk/trung_khiet_nhu_nhu,77
Báo Quốc,Như Trung Phước Hậu,ex:monk/nhu_trung_phuoc_hau,77
Báo Quốc,Tế Ân Lưu Quang,ex:monk/te_an_luu_quang,77
Báo Quốc,Tế Nhơn Hữu Bùi,ex:monk/te_nhon_huu_bui,77
Báo Quốc,Trừng Nguyên Đôn Hậu,ex:monk/trung_nguyen_don_hau,77
Báo Quốc,Thanh Ninh Tâm Tịnh,ex:monk/thanh_ninh_tam_tinh,77
Báo Quốc,Trừng Huệ Giác Viên,ex:monk/trung_hue_giac_vien,77
Báo Quốc,Đại Bửu Kim Cang,ex:monk/dai_buu_kim_cang,77
Báo Quốc,Tánh Thông Nhất Trí,ex:monk/tanh_thong_nhat_tri,77
Báo Quốc,Đạo Minh Phổ Tịnh,ex:monk/dao_minh_pho_tinh,77
Báo Quốc,Tánh Thiên Nhất Định,ex:monk/tanh_thien_nhat_dinh,77
Báo Quốc,Tánh Huệ Nhất Chơn,ex:monk/tanh_hue_nhat_chon,77
Báo Quốc,Tánh Chiếu Nhất Niệm,ex:monk/tanh_chieu_nhat_niem,77
Báo Quốc,Tánh Hoạt Huệ Cảnh,ex:monk/tanh_hoat_hue_canh,77
Báo Quốc,Hải Toàn Linh Cơ,ex:monk/hai_toan_linh_co,77
Báo Quốc,Tâm Thị Thiện Minh,ex:monk/tam_thi_thien_minh,77
Báo Quốc,Như Thuật Tâm Minh,ex:monk/nhu_thuat_tam_minh,77
Báo Quốc,Hải Thuận Lương Duyên,ex:monk/hai_thuan_luong_duyen,77
Báo Quốc,Thanh Liêm Tâm Thiền,ex:monk/thanh_liem_tam_thien,77
Báo Quốc,Thanh Vân Tâm Thành,ex:monk/thanh_van_tam_thanh,77
Báo Quốc,Tâm Trung Chánh Trực,ex:monk/tam_trung_chanh_truc,77
Báo Quốc,Trừng Nguyên Chơn Như,ex:monk/trung_nguyen_chon_nhu,77
Báo Quốc,Thị Chí Phước Hộ,ex:monk/thi_chi_phuoc_ho,77
Báo Quốc,Tâm Thông Quảng Huệ,ex:monk/tam_thong_quang_hue,77
Báo Quốc,Tâm Giải Tương Ưng,ex:monk/tam_giai_tuong_ung,77
Báo Quốc,Tâm Lương Diệu Hoằng,ex:monk/tam_luong_dieu_hoang,77
Báo Quốc,Tâm Trí Viên Giác,ex:monk/tam_tri_vien_giac,77
Báo Quốc,Tánh Thông Giác Ngộ,ex:monk/tanh_thong_giac_ngo,77
Báo Quốc,Minh Hoàng Tử Dung,ex:monk/minh_hoang_tu_dung,77
Báo Quốc,Thiệt Vinh Bửu Hạnh,ex:monk/thiet_vinh_buu_hanh,77
Tổ đình,Tâm Như Mật Nguyện,ex:monk/tam_nhu_mat_nguyen,77
Tổ đình,Trừng Diên Diệu Huệ,ex:monk/trung_dien_dieu_hue,77
Tổ đình,Tâm Hương Mật Hiển,ex:monk/tam_huong_mat_hien,77
Tổ đình,Trừng Thông Tịnh Khiết,ex:monk/trung_thong_tinh_khiet,77
Tổ đình,Như Quý Viên Thiện,ex:monk/nhu_quy_vien_thien,77
Tổ đình,Tâm Quang Chánh Pháp,ex:monk/tam_quang_chanh_phap,77
Tổ đình,Như Huệ Trí Thông,ex:monk/nhu_hue_tri_thong,77
Tổ đình,Chương Tư Huệ Quang,ex:monk/chuong_tu_hue_quang,77
Tổ đình,Chơn Chánh Pháp Tạng,ex:monk/chon_chanh_phap_tang,77
Tổ đình,Ấn Tham Hoằng Phúc,ex:monk/an_tham_hoang_phuc,77
Tổ đình,Ấn Kim Hoằng Tịnh,ex:monk/an_kim_hoang_tinh,77
Tổ đình,Ấn Lãnh Hoằng Thạc,ex:monk/an_lanh_hoang_thac,77
Tổ đình,Ấn Hướng Pháp Nhãn,ex:monk/an_huong_phap_nhan,77
Tổ đình,Chương Nhẫn Từ Nhân,ex:monk/chuong_nhan_tu_nhan,77
Tổ đình,Chơn Sử Khánh Tín,ex:monk/chon_su_khanh_tin,77
Tổ đình,Chơn Trung Minh Ðức,ex:monk/chon_trung_minh_uc,77
Tổ đình,Chơn Trung Diệu Quang,ex:monk/chon_trung_dieu_quang,77
Tổ đình,Chơn Thanh Bích Nguyên,ex:monk/chon_thanh_bich_nguyen,77
Tổ đình,Chơn An Chánh Liêm,ex:monk/chon_an_chanh_liem,77
Tổ đình,Như Thọ Huyền Tân,ex:monk/nhu_tho_huyen_tan,77
Tổ đình,Như Hương Huyền Tâm,ex:monk/nhu_huong_huyen_tam,77
Tổ đình,Chơn Luận Phước Huệ,ex:monk/chon_luan_phuoc_hue,77
Tổ đình,Như Hòa Tâm Ấn,ex:monk/nhu_hoa_tam_an,77
Tổ đình,Như Đạt Hoằng Thâm,ex:monk/nhu_dat_hoang_tham,77
Tổ đình,Như Quang Hoằng Phúc,ex:monk/nhu_quang_hoang_phuc,77
Tổ đình,Không Tín Kế Châu,ex:monk/khong_tin_ke_chau,77
Tổ đình,Không Hoa Huệ Chiếu,ex:monk/khong_hoa_hue_chieu,77
Tổ đình,Chơn Phước Huệ Pháp,ex:monk/chon_phuoc_hue_phap,77
Tổ đình,Ðồng Kỉnh Tín Quả,ex:monk/ong_kinh_tin_qua,77
Tổ đình,Ðồng Phước Thông Bửu,ex:monk/ong_phuoc_thong_buu,77
Tổ đình,Thanh Tràng Như Tịnh,ex:monk/thanh_trang_nhu_tinh,77
Tổ đình,Hồng Tuyên Từ Thông,ex:monk/hong_tuyen_tu_thong,77
Tổ đình,Hồng Nam Huyền Không,ex:monk/hong_nam_huyen_khong,77
Tổ đình,Hồng Tòng Phổ Quảng,ex:monk/hong_tong_pho_quang,77
Tổ đình,Trừng Hóa Hưng Dụng,ex:monk/trung_hoa_hung_dung,77
Tổ đình,Như Phụng Thiện Trì,ex:monk/nhu_phung_thien_tri,77
Tổ đình,Nguyên Định Đức Trì,ex:monk/nguyen_dinh_duc_tri,77
Tổ đình,Tâm Như Trí Thủ,ex:monk/tam_nhu_tri_thu,77
Tổ đình,Nguyên Minh Đức Thiệu,ex:monk/nguyen_minh_duc_thieu,77
Tổ đình,Nguyên Thuận Đức Tánh,ex:monk/nguyen_thuan_duc_tanh,77
Tổ đình,TT Nguyên Minh Minh Đức,ex:monk/tt_nguyen_minh_minh_duc,77
Tổ đình,Thiên Ân,ex:monk/thien_an,77
Tổ đình,Nguyên Minh Phước Thành,ex:monk/nguyen_minh_phuoc_thanh,77
Tổ đình,Nguyên Không Từ Phương,ex:monk/nguyen_khong_tu_phuong,77
Tổ đình,TT Nguyên Hồng Từ Phong,ex:monk/tt_nguyen_hong_tu_phong,77
Tổ đình,Tâm Tuệ Thanh Trí,ex:monk/tam_tue_thanh_tri,77
Tổ đình,Nguyên Phước Quang Thể,ex:monk/nguyen_phuoc_quang_the,77
Tổ đình,Tâm Thái Thiện Trí,ex:monk/tam_thai_thien_tri,77
Tổ đình,Tâm Đạo Thanh Quang,ex:monk/tam_dao_thanh_quang,77
Tổ đình,Toàn Chiếu Bảo Ấn,ex:monk/toan_chieu_bao_an,77
Tổ đình,Minh Hải Pháp Bảo,ex:monk/minh_hai_phap_bao,77
Tổ đình,Thiệt Diệu Liễu Quán,ex:monk/thiet_dieu_lieu_quan,77
Tổ đình,Tế Hiệp Hải Điện,ex:monk/te_hiep_hai_dien,77
Tổ đình,Trừng Nguyên Đôn Hậu,ex:monk/trung_nguyen_don_hau,77
Tổ đình,Tâm Trực Giới Hương,ex:monk/tam_truc_gioi_huong,77
Tổ đình,Trừng Thủy Giác Nhiên,ex:monk/trung_thuy_giac_nhien,77
Tổ đình,Thiệt Úy Khánh Vân,ex:monk/thiet_uy_khanh_van,77
Tổ đình,Hải Đăng,ex:monk/hai_dang,77
Tổ đình,Tâm Thị Thiện Minh,ex:monk/tam_thi_thien_minh,77
Tổ đình,Tế Bổn Viên Thường,ex:monk/te_bon_vien_thuong,77
Tổ đình,Trừng Liên Quang Diệp,ex:monk/trung_lien_quang_diep,77
Tổ đình,Tâm Lễ Chánh Kiến,ex:monk/tam_le_chanh_kien,77
Tổ đình,Trừng Trì Chí Niệm,ex:monk/trung_tri_chi_niem,77
Tổ đình,Trừng Tuệ Chí Mậu,ex:monk/trung_tue_chi_mau,77
Tổ đình,Tâm Phổ Thiện Lộc,ex:monk/tam_pho_thien_loc,77
Tổ đình,Minh Vi Mật Hạnh,ex:monk/minh_vi_mat_hanh,77
Tổ đình,Ðồng Chánh Tịnh Như,ex:monk/ong_chanh_tinh_nhu,77
Tổ đình,Thị Niệm Phước Ninh,ex:monk/thi_niem_phuoc_ninh,77
Tổ đình,Thị Tín Phước Trí,ex:monk/thi_tin_phuoc_tri,77
Tổ đình,Thị Huệ Bảo An,ex:monk/thi_hue_bao_an,77
Tổ đình,Đạo Tâm Trung Hậu,ex:monk/dao_tam_trung_hau,77
Tổ đình,Tâm Hòa Thiên Thái,ex:monk/tam_hoa_thien_thai,77
Tổ đình,Tâm Giải Tương Ưng,ex:monk/tam_giai_tuong_ung,77
Tổ đình,Tâm Trí Viên Giác,ex:monk/tam_tri_vien_giac,77
Tổ đình,Hải Nhu Tín Nhậm,ex:monk/hai_nhu_tin_nham,77
Tổ đình,Hải Điện Mật Đa,ex:monk/hai_dien_mat_da,77
Tổ đình,Thiệt Vinh Bửu Hạnh,ex:monk/thiet_vinh_buu_hanh,77
Phật học,Tâm Địa Mật Khế,ex:monk/tam_dia_mat_khe,59
Phật học,Tâm Nhất Mật Thể,ex:monk/tam_nhat_mat_the,59
Phật học,Tâm Như Mật Nguyện,ex:monk/tam_nhu_mat_nguyen,59
Phật học,Tâm Hương Mật Hiển,ex:monk/tam_huong_mat_hien,59
Phật học,Tâm Thanh Tịch Tràng,ex:monk/tam_thanh_tich_trang,59
Phật học,Đồng Thiện Thiện Ân,ex:monk/dd_dong_thien_thien_an,59
Phật học,ĐĐ Đồng Thiện Thiện Ân,ex:monk/dd_dong_thien_thien_an,59
Phật học,Thị Năng Trí Hữu,ex:monk/thi_nang_tri_huu,59
Phật học,Như Nhàn Trí Giác,ex:monk/nhu_nhan_tri_giac,59
Phật học,Chơn Giám Trí Hải,ex:monk/chon_giam_tri_hai,59
Phật học,Chơn Bích Trí Huy,ex:monk/chon_bich_tri_huy,59
Phật học,Chơn Phát Long Tôn,ex:monk/chon_phat_long_ton,59
Phật học,Chơn Ðiền Ðạo Phước,ex:monk/chon_dien_dao_phuoc,59
Phật học,Chân Đạo Bích Phong,ex:monk/chan_dao_bich_phong,59
Phật học,Không Tâm Trí Quảng,ex:monk/khong_tam_tri_quang,59
Phật học,Trừng Dàn Bích Không,ex:monk/trung_dan_bich_khong,59
Phật học,Chơn An Chánh Liêm,ex:monk/chon_an_chanh_liem,59
Phật học,Như Thọ Huyền Tân,ex:monk/nhu_tho_huyen_tan,59
Phật học,Như Hương Huyền Tâm,ex:monk/nhu_huong_huyen_tam,59
Phật học,Như Kế Huyền Vi,ex:monk/nhu_ke_huyen_vi,59
Phật học,Chơn Luận Phước Huệ,ex:monk/chon_luan_phuoc_hue,59
Phật học,Như An Huyền Quang,ex:monk/nhu_an_huyen_quang,59
Phật học,Chơn Ðiền Ðạo Phước,ex:monk/chon_ien_ao_phuoc,59
Phật học,Tâm Thanh Chơn Nghiêm,ex:monk/tam_thanh_chon_nghiem,59
Phật học,Chơn Quý Khánh Anh,ex:monk/chon_quy_khanh_anh,59
Phật học,Như Quả Hoàn Tuyên,ex:monk/nhu_qua_hoan_tuyen,59
Phật học,Hồng Tuyên Từ Thông,ex:monk/hong_tuyen_tu_thong,59
Phật học,Nhựt Bình Trí Tịnh,ex:monk/nhut_binh_tri_tinh,59
Phật học,Như Phụng Thiện Trì,ex:monk/nhu_phung_thien_tri,59
Phật học,Tâm Như Trí Thủ,ex:monk/tam_nhu_tri_thu,59
Phật học,Nguyên Minh Đức Thiệu,ex:monk/nguyen_minh_duc_thieu,59
Phật học,Nguyên Tánh Đức Tâm,ex:monk/nguyen_tanh_duc_tam,59
Phật học,Nguyên Ý Phước Châu,ex:monk/nguyen_y_phuoc_chau,59
Phật học,Nguyên Giác Quang Phú,ex:monk/nguyen_giac_quang_phu,59
Phật học,Tâm Cảnh Giác Hạnh,ex:monk/tam_canh_giac_hanh,59
Phật học,Nguyên Phước Quang Thể,ex:monk/nguyen_phuoc_quang_the,59
Phật học,Tâm Phật Thiện Siêu,ex:monk/tam_phat_thien_sieu,59
Phật học,Nguyên Tuyết Như Ý,ex:monk/nguyen_tuyet_nhu_y,59
Phật học,TT Tâm Chí Tịnh Hạnh,ex:monk/tt_tam_chi_tinh_hanh,59
Phật học,Tổ Đạt Trí Tâm,ex:monk/to_dat_tri_tam,59
Phật học,Tâm Lượng Từ Mẫn,ex:monk/tam_luong_tu_man,59
Phật học,Trừng Kệ Tôn Thắng,ex:monk/trung_ke_ton_thang,59
Phật học,Tâm Hồng Từ Hương,ex:monk/tam_hong_tu_huong,59
Phật học,Trừng Thủy Giác Nhiên,ex:monk/trung_thuy_giac_nhien,59
Phật học,Tâm Trung Chánh Trực,ex:monk/tam_trung_chanh_truc,59
Phật học,Trừng Tuệ Chí Mậu,ex:monk/trung_tue_chi_mau,59
Phật học,Tâm Khai Nhật Liên,ex:monk/tam_khai_nhat_lien,59
Phật học,Tâm Phổ Thiện Lộc,ex:monk/tam_pho_thien_loc,59
Phật học,Toàn Ðịnh Bảo Tạng,ex:monk/toan_dinh_bao_tang,59
Phật học,Tâm Ưng Đảnh Lễ,ex:monk/tam_ung_danh_le,59
Phật học,Thị An Phước Bình,ex:monk/thi_an_phuoc_binh,59
Phật học,Thị Chí Phước Hộ,ex:monk/thi_chi_phuoc_ho,59
Phật học,Thị Niệm Phước Ninh,ex:monk/thi_niem_phuoc_ninh,59
Phật học,Thị Tín Phước Trí,ex:monk/thi_tin_phuoc_tri,59
Phật học,Thị Huệ Bảo An,ex:monk/thi_hue_bao_an,59
Phật học,Tâm Giải Tương Ưng,ex:monk/tam_giai_tuong_ung,59
Phật học,Tâm Trí Viên Giác,ex:monk/tam_tri_vien_giac,59
Phật học,Thị Lạc Hưng Từ,ex:monk/thi_lac_hung_tu,59
Phật học,TT Ðồng Viên Viên Ðức,ex:monk/tt_ong_vien_vien_uc,59
chùa Từ,Cư Sĩ Tâm Hòa Trương Xướng,ex:monk/cu_si_tam_hoa_truong_xuong,53
chùa Từ,Trừng Thành Giác Tiên,ex:monk/trung_thanh_giac_tien,53
chùa Từ,Tâm Địa Mật Khế,ex:monk/tam_dia_mat_khe,53
chùa Từ,Tâm Nhất Mật Thể,ex:monk/tam_nhat_mat_the,53
chùa Từ,Tâm Như Mật Nguyện,ex:monk/tam_nhu_mat_nguyen,53
chùa Từ,Hải Thiệu Cương Kỷ,ex:monk/hai_thieu_cuong_ky,53
chùa Từ,Thanh Tú Huệ Pháp,ex:monk/thanh_tu_hue_phap,53
chùa Từ,Thanh Thái Huệ Minh,ex:monk/thanh_thai_hue_minh,53
chùa Từ,Như Hán Nguyên Cát,ex:monk/nhu_han_nguyen_cat,53
chùa Từ,Thanh Quý Chơn Thiệt,ex:monk/thanh_quy_chon_thiet,53
chùa Từ,Thanh Linh Diên Trường,ex:monk/thanh_linh_dien_truong,53
chùa Từ,Chơn Chứng Thiện Quả,ex:monk/chon_chung_thien_qua,53
chùa Từ,Tâm Quang Đàm Minh,ex:monk/tam_quang_dam_minh,53
chùa Từ,Như Nhàn Trí Giác,ex:monk/nhu_nhan_tri_giac,53
chùa Từ,Ấn Bính Phổ Bảo,ex:monk/an_binh_pho_bao,53
chùa Từ,Chơn Chánh Pháp Tạng,ex:monk/chon_chanh_phap_tang,53
chùa Từ,Chân Đạo Bích Phong,ex:monk/chan_dao_bich_phong,53
chùa Từ,Như Tiến Quảng Hưng,ex:monk/nhu_tien_quang_hung,53
chùa Từ,Như Niệm Bảo Toàn,ex:monk/nhu_niem_bao_toan,53
chùa Từ,Như Bình Huyền Tịnh,ex:monk/nhu_binh_huyen_tinh,53
chùa Từ,Hoàng Lầu Diệu Tấn,ex:monk/hoang_lau_dieu_tan,53
chùa Từ,Hưng Thạnh,ex:monk/hung_thanh,53
chùa Từ,Nguyên Tánh Đức Tâm,ex:monk/nguyen_tanh_duc_tam,53
chùa Từ,Tâm Cảnh Giác Hạnh,ex:monk/tam_canh_giac_hanh,53
chùa Từ,Nguyên Thiện Đạo Dung,ex:monk/nguyen_thien_dao_dung,53
chùa Từ,Tâm Phật Thiện Siêu,ex:monk/tam_phat_thien_sieu,53
chùa Từ,TT Nguyên Chi Hạnh Minh,ex:monk/tt_nguyen_chi_hanh_minh,53
chùa Từ,Nguyên Trí Châu Toàn,ex:monk/nguyen_tri_chau_toan,53
chùa Từ,Nguyên Tuyết Như Ý,ex:monk/nguyen_tuyet_nhu_y,53
chùa Từ,Tế Nhơn Hữu Bùi,ex:monk/te_nhon_huu_bui,53
chùa Từ,Thanh Ninh Tâm Tịnh,ex:monk/thanh_ninh_tam_tinh,53
chùa Từ,Trừng Văn Giác Nguyên,ex:monk/trung_van_giac_nguyen,53
chùa Từ,Trừng Thủy Giác Nhiên,ex:monk/trung_thuy_giac_nhien,53
chùa Từ,Tâm Tuệ Thiện Giải,ex:monk/tam_tue_thien_giai,53
chùa Từ,Hải Thuận Lương Duyên,ex:monk/hai_thuan_luong_duyen,53
chùa Từ,Thanh Vân Tâm Thành,ex:monk/thanh_van_tam_thanh,53
chùa Từ,Thiệt Thành Liễu Đạt,ex:monk/thiet_thanh_lieu_dat,53
chùa Từ,Toàn Nhật Quang Đài,ex:monk/toan_nhat_quang_dai,53
chùa Từ,Toàn Thể Linh Nguyên,ex:monk/toan_the_linh_nguyen,53
chùa Từ,Tâm Lễ Chánh Kiến,ex:monk/tam_le_chanh_kien,53
chùa Từ,Trừng Thành Hướng Đạo,ex:monk/trung_thanh_huong_dao,53
chùa Từ,Trừng Trì Chí Niệm,ex:monk/trung_tri_chi_niem,53
chùa Từ,Nguyên Chánh Minh Bổn,ex:monk/nguyen_chanh_minh_bon,53
chùa Từ,Tâm Phổ Thiện Lộc,ex:monk/tam_pho_thien_loc,53
chùa Từ,Tâm Thật Thiện Châu,ex:monk/tam_that_thien_chau,53
chùa Từ,Minh Phương Chơn Hương,ex:monk/minh_phuong_chon_huong,53
chùa Từ,Tiên Giác Hải Tịnh,ex:monk/tien_giac_hai_tinh,53
chùa Từ,TT Nguyên Cát Thiện Tường,ex:monk/tt_nguyen_cat_thien_tuong,53
chùa Từ,Tâm Ưng Đảnh Lễ,ex:monk/tam_ung_danh_le,53
chùa Từ,Tâm Thông Quảng Huệ,ex:monk/tam_thong_quang_hue,53
chùa Từ,Hải Trân Thụy Uyển,ex:monk/hai_tran_thuy_uyen,53
chùa Từ,Hạnh Đạo Chủng Hoa,ex:monk/hanh_dao_chung_hoa,53
chùa Từ,TT Ðồng Viên Viên Ðức,ex:monk/tt_ong_vien_vien_uc,53
Từ Hiếu,Trừng Thành Giác Tiên,ex:monk/trung_thanh_giac_tien,52
Từ Hiếu,Tâm Địa Mật Khế,ex:monk/tam_dia_mat_khe,52
Từ Hiếu,Tâm Như Mật Nguyện,ex:monk/tam_nhu_mat_nguyen,52
Từ Hiếu,Tâm Hương Mật Hiển,ex:monk/tam_huong_mat_hien,52
Từ Hiếu,Cư Sĩ Thanh Phước Điềm Tịnh,ex:monk/cu_si_thanh_phuoc_diem_tinh,52
Từ Hiếu,Hải Thiệu Cương Kỷ,ex:monk/hai_thieu_cuong_ky,52
Từ Hiếu,Thanh Tú Huệ Pháp,ex:monk/thanh_tu_hue_phap,52
Từ Hiếu,Thanh Trí Hải Luận,ex:monk/thanh_tri_hai_luan,52
Từ Hiếu,Thanh Thái Huệ Minh,ex:monk/thanh_thai_hue_minh,52
Từ Hiếu,Như Hán Nguyên Cát,ex:monk/nhu_han_nguyen_cat,52
Từ Hiếu,Thanh Quý Chơn Thiệt,ex:monk/thanh_quy_chon_thiet,52
Từ Hiếu,Thanh Linh Diên Trường,ex:monk/thanh_linh_dien_truong,52
Từ Hiếu,Chơn Ngọc Long Trí,ex:monk/chon_ngoc_long_tri,52
Từ Hiếu,Chơn Chứng Thiện Quả,ex:monk/chon_chung_thien_qua,52
Từ Hiếu,Tâm Minh Chơn Thiệt,ex:monk/tam_minh_chon_thiet,52
Từ Hiếu,Ấn Lãnh Hoằng Thạc,ex:monk/an_lanh_hoang_thac,52
Từ Hiếu,Như Truyện Trí Nhãn,ex:monk/nhu_truyen_tri_nhan,52
Từ Hiếu,Chơn Trừng Đạo Thanh,ex:monk/chon_trung_dao_thanh,52
Từ Hiếu,Như Thừa Hoằng Nguyện,ex:monk/nhu_thua_hoang_nguyen,52
Từ Hiếu,Thị Bình Diệu Khai,ex:monk/thi_binh_dieu_khai,52
Từ Hiếu,Hưng Thạnh,ex:monk/hung_thanh,52
Từ Hiếu,Trừng Hóa Hưng Dụng,ex:monk/trung_hoa_hung_dung,52
Từ Hiếu,Tâm Như Trí Thủ,ex:monk/tam_nhu_tri_thu,52
Từ Hiếu,Nguyên Tánh Đức Tâm,ex:monk/nguyen_tanh_duc_tam,52
Từ Hiếu,Tâm Ấn Viên Quang,ex:monk/tam_an_vien_quang,52
Từ Hiếu,Nguyên Không Từ Phương,ex:monk/nguyen_khong_tu_phuong,52
Từ Hiếu,Tâm Tuệ Thanh Trí,ex:monk/tam_tue_thanh_tri,52
Từ Hiếu,Tâm Cảnh Giác Hạnh,ex:monk/tam_canh_giac_hanh,52
Từ Hiếu,TT Nguyên Chi Hạnh Minh,ex:monk/tt_nguyen_chi_hanh_minh,52
Từ Hiếu,Thanh Thái Phước Chỉ,ex:monk/thanh_thai_phuoc_chi,52
Từ Hiếu,Viên Thành Trừng Thông,ex:monk/vien_thanh_trung_thong,52
Từ Hiếu,Trừng Nguyên Đôn Hậu,ex:monk/trung_nguyen_don_hau,52
Từ Hiếu,Thanh Ninh Tâm Tịnh,ex:monk/thanh_ninh_tam_tinh,52
Từ Hiếu,Tâm Trực Giới Hương,ex:monk/tam_truc_gioi_huong,52
Từ Hiếu,Trừng Văn Giác Nguyên,ex:monk/trung_van_giac_nguyen,52
Từ Hiếu,Trừng Thủy Giác Nhiên,ex:monk/trung_thuy_giac_nhien,52
Từ Hiếu,Trừng Huệ Giác Viên,ex:monk/trung_hue_giac_vien,52
Từ Hiếu,Thanh Y Giác Huệ,ex:monk/thanh_y_giac_hue,52
Từ Hiếu,Đạo Minh Phổ Tịnh,ex:monk/dao_minh_pho_tinh,52
Từ Hiếu,Tánh Thiên Nhất Định,ex:monk/tanh_thien_nhat_dinh,52
Từ Hiếu,Hải Thuận Lương Duyên,ex:monk/hai_thuan_luong_duyen,52
Từ Hiếu,Trừng Nguyên Chơn Như,ex:monk/trung_nguyen_chon_nhu,52
Từ Hiếu,Trừng Liên Quang Diệp,ex:monk/trung_lien_quang_diep,52
Từ Hiếu,Tâm Lễ Chánh Kiến,ex:monk/tam_le_chanh_kien,52
Từ Hiếu,Trừng Thành Hướng Đạo,ex:monk/trung_thanh_huong_dao,52
Từ Hiếu,Trừng Trì Chí Niệm,ex:monk/trung_tri_chi_niem,52
Từ Hiếu,Trừng Tuệ Chí Mậu,ex:monk/trung_tue_chi_mau,52
Từ Hiếu,Nguyên Chánh Minh Bổn,ex:monk/nguyen_chanh_minh_bon,52
Từ Hiếu,Tâm Ưng Đảnh Lễ,ex:monk/tam_ung_danh_le,52
Từ Hiếu,Như Tuyết Lưu Đức,ex:monk/nhu_tuyet_luu_duc,52
Từ Hiếu,Tâm Thông Quảng Huệ,ex:monk/tam_thong_quang_hue,52
Từ Hiếu,Hải Trân Thụy Uyển,ex:monk/hai_tran_thuy_uyen,52
tổ đình,Như Hữu Viên Thuận,ex:monk/nhu_huu_vien_thuan,47
tổ đình,Ấn Chánh Tổ Nghị,ex:monk/an_chanh_to_nghi,47
tổ đình,Ấn Ngữ Quảng Lợi,ex:monk/an_ngu_quang_loi,47
tổ đình,Chương Lý Trí Quang,ex:monk/chuong_ly_tri_quang,47
tổ đình,Chương Lý Trí Quang,ex:monk/chuong_ly_tri_quang,47
tổ đình,Chơn Nhẫn Phước Điền,ex:monk/chon_nhan_phuoc_dien,47
tổ đình,Chơn Nhẫn Phước Điền,ex:monk/chon_nhan_phuoc_dien,47
tổ đình,Chơn Quý Phước Long,ex:monk/chon_quy_phuoc_long,47
tổ đình,Chơn Quý Phước Long,ex:monk/chon_quy_phuoc_long,47
tổ đình,Chơn Bổn Phước Khánh,ex:monk/chon_bon_phuoc_khanh,47
tổ đình,Chơn Bổn  Phước Khánh,ex:monk/chon_bon_phuoc_khanh,47
tổ đình,Chơn Cang Phước Truyền,ex:monk/chon_cang_phuoc_truyen,47
tổ đình,Chơn Diễn Phước Hậu,ex:monk/chon_dien_phuoc_hau,47
tổ đình,Như Điển Trí Tâm,ex:monk/nhu_dien_tri_tam,47
tổ đình,Như Thông Tôn Nguyên,ex:monk/nhu_thong_ton_nguyen,47
tổ đình,Như Phẩm Chủng Quang,ex:monk/nhu_pham_chung_quang,47
tổ đình,Như Luận Trí Thức,ex:monk/nhu_luan_tri_thuc,47
tổ đình,Như Khoa Thiện Chánh,ex:monk/nhu_khoa_thien_chanh,47
tổ đình,Thích Như Hiền,ex:monk/thich_nhu_hien,47
tổ đình,Như Nhiệm Giải Tánh,ex:monk/nhu_nhiem_giai_tanh,47
tổ đình,Chơn Quán Bảo Hưng,ex:monk/chon_quan_bao_hung,47
tổ đình,Chơn Tánh Phước Hòa,ex:monk/chon_tanh_phuoc_hoa,47
tổ đình,Chơn Tánh Phước Lợi,ex:monk/chon_tanh_phuoc_loi,47
tổ đình,Chơn Tập Phước Hải,ex:monk/chon_tap_phuoc_hai,47
tổ đình,Đồng An Bảo Lạc,ex:monk/dong_an_bao_lac,47
tổ đình,Đồng Chơn Long Hưng,ex:monk/dong_chon_long_hung,47
tổ đình,Đồng Đạt Thanh An,ex:monk/dong_dat_thanh_an,47
tổ đình,Đồng Giác Giác Minh,ex:monk/dong_giac_giac_minh,47
tổ đình,Đồng Mẫn Huệ Tánh,ex:monk/dong_man_hue_tanh,47
tổ đình,Thị Ngộ Mỹ Quang,ex:monk/thi_ngo_my_quang,47
tổ đình,Đồng Nguyện Bảo Tịnh,ex:monk/dong_nguyen_bao_tinh,47
tổ đình,Đồng Thanh Vị Thủy,ex:monk/dong_thanh_vi_thuy,47
tổ đình,Chương Truyền Pháp Hóa,ex:monk/chuong_truyen_phap_hoa,47
tổ đình,Như Khương Thanh Quang,ex:monk/nhu_khuong_thanh_quang,47
tổ đình,Như Thọ Bửu Lâm,ex:monk/nhu_tho_buu_lam,47
tổ đình,Như Đàm Huệ Luận,ex:monk/nhu_dam_hue_luan,47
tổ đình,Như Đường Huệ Quý,ex:monk/nhu_duong_hue_quy,47
tổ đình,Như Giác Tôn Hội,ex:monk/nhu_giac_ton_hoi,47
tổ đình,Như Hoàn Huệ Tràng,ex:monk/nhu_hoan_hue_trang,47
tổ đình,Như Khanh Huệ Tiên,ex:monk/nhu_khanh_hue_tien,47
tổ đình,Như Mậu Huệ Phương,ex:monk/nhu_mau_hue_phuong,47
tổ đình,Như Nghi Giác Tường,ex:monk/nhu_nghi_giac_tuong,47
tổ đình,Như Thạnh  Huệ Châu,ex:monk/nhu_thanh_hue_chau,47
tổ đình,Như Trạch Bảo Đảnh,ex:monk/nhu_trach_bao_danh,47
tổ đình,Như Trí Bảo Trung,ex:monk/nhu_tri_bao_trung,47
tổ đình,Tâm Đương Nhất Tâm,ex:monk/tam_duong_nhat_tam,47
tổ đình,Thị Hải Chánh Niệm,ex:monk/thi_hai_chanh_niem,47
chùa Linh,Tâm Như Mật Nguyện,ex:monk/tam_nhu_mat_nguyen,40
chùa Linh,Tâm Hương Mật Hiển,ex:monk/tam_huong_mat_hien,40
chùa Linh,Thị Năng Trí Hữu,ex:monk/thi_nang_tri_huu,40
chùa Linh,Đồng Nguyện Thiện Nguyện,ex:monk/dong_nguyen_thien_nguyen,40
chùa Linh,Đồng Trí Bảo Huệ,ex:monk/dong_tri_bao_hue,40
chùa Linh,Tâm Thành Chơn Thức,ex:monk/tam_thanh_chon_thuc,40
chùa Linh,Tâm Thanh Chơn Hiền,ex:monk/tam_thanh_chon_hien,40
chùa Linh,Như Nhàn Trí Giác,ex:monk/nhu_nhan_tri_giac,40
chùa Linh,Ấn Lan Từ Trí,ex:monk/an_lan_tu_tri,40
chùa Linh,Chơn Hương Thiên Quang,ex:monk/chon_huong_thien_quang,40
chùa Linh,Chơn Tá Tôn Bảo,ex:monk/chon_ta_ton_bao,40
chùa Linh,Không Tâm Trí Quảng,ex:monk/khong_tam_tri_quang,40
chùa Linh,Trừng Dàn Bích Không,ex:monk/trung_dan_bich_khong,40
chùa Linh,Như Kế Huyền Vi,ex:monk/nhu_ke_huyen_vi,40
chùa Linh,Như Tiến Quảng Hưng,ex:monk/nhu_tien_quang_hung,40
chùa Linh,Như Thông Tôn Nguyên,ex:monk/nhu_thong_ton_nguyen,40
chùa Linh,Tâm Thanh Chơn Nghiêm,ex:monk/tam_thanh_chon_nghiem,40
chùa Linh,Như Đồng Đắc Quang,ex:monk/nhu_dong_dac_quang,40
chùa Linh,Như Hiền Chí Thiền,ex:monk/nhu_hien_chi_thien,40
chùa Linh,Nhựt Bình Trí Tịnh,ex:monk/nhut_binh_tri_tinh,40
chùa Linh,Trừng Chiếu Từ Mãn,ex:monk/trung_chieu_tu_man,40
chùa Linh,Nguyên Minh Đức Thiệu,ex:monk/nguyen_minh_duc_thieu,40
chùa Linh,Nguyên Giác Quang Phú,ex:monk/nguyen_giac_quang_phu,40
chùa Linh,Tâm Tuệ Thanh Trí,ex:monk/tam_tue_thanh_tri,40
chùa Linh,Nguyên Phước Quang Thể,ex:monk/nguyen_phuoc_quang_the,40
chùa Linh,Tâm Phật Thiện Siêu,ex:monk/tam_phat_thien_sieu,40
chùa Linh,Thành Đẳng Minh Lượng,ex:monk/thanh_dang_minh_luong,40
chùa Linh,Minh Hải Pháp Bảo,ex:monk/minh_hai_phap_bao,40
chùa Linh,Như Trung Phước Hậu,ex:monk/nhu_trung_phuoc_hau,40
chùa Linh,Tâm Trực Giới Hương,ex:monk/tam_truc_gioi_huong,40
chùa Linh,Tâm Ðăng Chơn Như,ex:monk/tam_ang_chon_nhu,40
chùa Linh,Tỳ Ni Đa Lưu Chi,ex:monk/ty_ni_da_luu_chi,40
chùa Linh,Nguyên Chánh Minh Bổn,ex:monk/nguyen_chanh_minh_bon,40
chùa Linh,Như Trực Vĩnh Châu,ex:monk/nhu_truc_vinh_chau,40
chùa Linh,TT Nguyên Cát Thiện Tường,ex:monk/tt_nguyen_cat_thien_tuong,40
chùa Linh,Tâm Ưng Đảnh Lễ,ex:monk/tam_ung_danh_le,40
chùa Linh,Tâm Thông Quảng Huệ,ex:monk/tam_thong_quang_hue,40
chùa Linh,Tâm Giải Tương Ưng,ex:monk/tam_giai_tuong_ung,40
chùa Linh,Tâm Lương Diệu Hoằng,ex:monk/tam_luong_dieu_hoang,40
chùa Linh,Đại Thông Chánh Niệm,ex:monk/dai_thong_chanh_niem,40
thành một,Tâm Như Mật Nguyện,ex:monk/tam_nhu_mat_nguyen,39
thành một,Thanh Tú Huệ Pháp,ex:monk/thanh_tu_hue_phap,39
thành một,Trừng Thông Tịnh Khiết,ex:monk/trung_thong_tinh_khiet,39
thành một,Ấn Bổn Vĩnh Gia,ex:monk/an_bon_vinh_gia,39
thành một,Chơn Giám Trí Hải,ex:monk/chon_giam_tri_hai,39
thành một,Chơn Phát Long Tôn,ex:monk/chon_phat_long_ton,39
thành một,Chơn Đỉnh Phước Thông,ex:monk/chon_dinh_phuoc_thong,39
thành một,Ngộ Tánh Phước Huệ,ex:monk/ngo_tanh_phuoc_hue,39
thành một,Như Ðiền Huệ Chấn,ex:monk/nhu_dien_hue_chan,39
thành một,Như Phước Huyền Ý,ex:monk/nhu_phuoc_huyen_y,39
thành một,Như Ðăng Trí Ðộ,ex:monk/nhu_ang_tri_o,39
thành một,Chơn Giá Phước Lộc,ex:monk/chon_gia_phuoc_loc,39
thành một,Không Tín Kế Châu,ex:monk/khong_tin_ke_chau,39
thành một,Tâm Thanh Chơn Nghiêm,ex:monk/tam_thanh_chon_nghiem,39
thành một,Chơn Quý Khánh Anh,ex:monk/chon_quy_khanh_anh,39
thành một,Ðồng Chơn Thông Niệm,ex:monk/ong_chon_thong_niem,39
thành một,Hồng Tuyên Từ Thông,ex:monk/hong_tuyen_tu_thong,39
thành một,Hồng Tòng Phổ Quảng,ex:monk/hong_tong_pho_quang,39
thành một,Như Hiền Chí Thiền,ex:monk/nhu_hien_chi_thien,39
thành một,Nguyên Tánh Đức Tâm,ex:monk/nguyen_tanh_duc_tam,39
thành một,Nguyên Thuận Đức Tánh,ex:monk/nguyen_thuan_duc_tanh,39
thành một,Nguyên Tuyết Như Ý,ex:monk/nguyen_tuyet_nhu_y,39
thành một,Tâm Đạo Thanh Quang,ex:monk/tam_dao_thanh_quang,39
thành một,Pháp Kiêm Minh Giác,ex:monk/phap_kiem_minh_giac,39
thành một,Chương Thiện Hoằng Ðạo,ex:monk/chuong_thien_hoang_ao,39
thành một,Tổ Đạt Trí Tâm,ex:monk/to_dat_tri_tam,39
thành một,Tâm Lượng Từ Mẫn,ex:monk/tam_luong_tu_man,39
thành một,Quang Lư Như Như,ex:monk/quang_lu_nhu_nhu,39
thành một,Thiệt Diệu Liễu Quán,ex:monk/thiet_dieu_lieu_quan,39
thành một,Trừng Nguyên Đôn Hậu,ex:monk/trung_nguyen_don_hau,39
thành một,Thiệt Dinh Ân Triêm,ex:monk/thiet_dinh_an_triem,39
thành một,Toàn Ðịnh Bảo Tạng,ex:monk/toan_dinh_bao_tang,39
thành một,Tôn Giả Ca Na Đề Bà,ex:monk/ca_na_de_ba,39
thành một,Tôn Giả Ca Na Đề Bà,ex:monk/ca_na_de_ba,39
thành một,Tiên Giác Hải Tịnh,ex:monk/tien_giac_hai_tinh,39
thành một,Tâm Thông Quảng Huệ,ex:monk/tam_thong_quang_hue,39
thành một,Tâm Trí Viên Giác,ex:monk/tam_tri_vien_giac,39
thành một,Thạch Liêm Đại Sán,ex:monk/thach_liem_dai_san,39
thành một,Như Ðiền Huệ Chấn,ex:monk/nhu_ien_hue_chan,39
Từ Quang,Cư Sĩ Tâm Hòa Trương Xướng,ex:monk/cu_si_tam_hoa_truong_xuong,37
Từ Quang,Tâm Địa Mật Khế,ex:monk/tam_dia_mat_khe,37
Từ Quang,Tâm Nhất Mật Thể,ex:monk/tam_nhat_mat_the,37
Từ Quang,Thị Năng Trí Hữu,ex:monk/thi_nang_tri_huu,37
Từ Quang,Chơn Chứng Thiện Quả,ex:monk/chon_chung_thien_qua,37
Từ Quang,Tâm Quang Chánh Pháp,ex:monk/tam_quang_chanh_phap,37
Từ Quang,Chơn Cảnh Trí Thắng,ex:monk/chon_canh_tri_thang,37
Từ Quang,Ấn Bính Phổ Bảo,ex:monk/an_binh_pho_bao,37
Từ Quang,Chương Tư Huệ Quang,ex:monk/chuong_tu_hue_quang,37
Từ Quang,Chơn Tâm Pháp Thân,ex:monk/chon_tam_phap_than,37
Từ Quang,Chơn Chánh Pháp Tạng,ex:monk/chon_chanh_phap_tang,37
Từ Quang,Chơn Sử Khánh Tín,ex:monk/chon_su_khanh_tin,37
Từ Quang,Ấn Thiên Huệ Nhãn,ex:monk/an_thien_hue_nhan,37
Từ Quang,Chân Đạo Bích Phong,ex:monk/chan_dao_bich_phong,37
Từ Quang,Như Ðắc Thiền Phương,ex:monk/nhu_ac_thien_phuong,37
Từ Quang,Như Tiến Quảng Hưng,ex:monk/nhu_tien_quang_hung,37
Từ Quang,Như Bình Huyền Tịnh,ex:monk/nhu_binh_huyen_tinh,37
Từ Quang,Thanh Thái Phước Chỉ,ex:monk/thanh_thai_phuoc_chi,37
Từ Quang,Tâm Niệm Từ Ý,ex:monk/tam_niem_tu_y,37
Từ Quang,Thanh Ninh Tâm Tịnh,ex:monk/thanh_ninh_tam_tinh,37
Từ Quang,Trừng Thanh Giác Bổn,ex:monk/trung_thanh_giac_bon,37
Từ Quang,Thiệt Dinh Ân Triêm,ex:monk/thiet_dinh_an_triem,37
Từ Quang,Đạo Minh Phổ Tịnh,ex:monk/dao_minh_pho_tinh,37
Từ Quang,Tánh Huệ Nhất Chơn,ex:monk/tanh_hue_nhat_chon,37
Từ Quang,Hải Toàn Linh Cơ,ex:monk/hai_toan_linh_co,37
Từ Quang,Thanh Vân Tâm Thành,ex:monk/thanh_van_tam_thanh,37
Từ Quang,Pháp Chuyên Diệu Nghiêm,ex:monk/phap_chuyen_dieu_nghiem,37
Từ Quang,Toàn Nhật Quang Đài,ex:monk/toan_nhat_quang_dai,37
Từ Quang,Toàn Thể Linh Nguyên,ex:monk/toan_the_linh_nguyen,37
Từ Quang,TT Nguyên Cát Thiện Tường,ex:monk/tt_nguyen_cat_thien_tuong,37
Từ Quang,Thị Chí Phước Hộ,ex:monk/thi_chi_phuoc_ho,37
Từ Quang,Thị Tín Phước Trí,ex:monk/thi_tin_phuoc_tri,37
Từ Quang,Tâm Hòa Thiên Thái,ex:monk/tam_hoa_thien_thai,37
Từ Quang,Tâm Thông Quảng Huệ,ex:monk/tam_thong_quang_hue,37
Từ Quang,Tâm Giải Tương Ưng,ex:monk/tam_giai_tuong_ung,37
Từ Quang,Tâm Lương Diệu Hoằng,ex:monk/tam_luong_dieu_hoang,37
Từ Quang,TT Ðồng Viên Viên Ðức,ex:monk/tt_ong_vien_vien_uc,37
Huế,Cư Sĩ Tâm Hòa Trương Xướng,ex:monk/cu_si_tam_hoa_truong_xuong,35
Huế,Trừng Thành Giác Tiên,ex:monk/trung_thanh_giac_tien,35
Huế,Tâm Như Mật Nguyện,ex:monk/tam_nhu_mat_nguyen,35
Huế,Trừng Hảo Diệu Không,ex:monk/trung_hao_dieu_khong,35
Huế,Tâm Thành Chơn Thức,ex:monk/tam_thanh_chon_thuc,35
Huế,Ấn Bổn Vĩnh Gia,ex:monk/an_bon_vinh_gia,35
Huế,Trừng Dàn Bích Không,ex:monk/trung_dan_bich_khong,35
Huế,Chơn Luận Phước Huệ,ex:monk/chon_luan_phuoc_hue,35
Huế,Như Tiến Quảng Hưng,ex:monk/nhu_tien_quang_hung,35
Huế,Tâm Như Trí Thủ,ex:monk/tam_nhu_tri_thu,35
Huế,Nguyên Tánh Đức Tâm,ex:monk/nguyen_tanh_duc_tam,35
Huế,Nguyên Giác Quang Phú,ex:monk/nguyen_giac_quang_phu,35
Huế,TT Nguyên Hồng Từ Phong,ex:monk/tt_nguyen_hong_tu_phong,35
Huế,Nguyên Nguyện Tâm Hướng,ex:monk/nguyen_nguyen_tam_huong,35
Huế,Nguyên Thiện Đạo Dung,ex:monk/nguyen_thien_dao_dung,35
Huế,Tâm Phật Thiện Siêu,ex:monk/tam_phat_thien_sieu,35
Huế,TT Nguyên Chi Hạnh Minh,ex:monk/tt_nguyen_chi_hanh_minh,35
Huế,Nguyên Trí Châu Toàn,ex:monk/nguyen_tri_chau_toan,35
Huế,Thanh Thái Phước Chỉ,ex:monk/thanh_thai_phuoc_chi,35
Huế,Tâm Đạo Thanh Quang,ex:monk/tam_dao_thanh_quang,35
Huế,Tâm Nguyệt Thể Yến,ex:monk/tam_nguyet_the_yen,35
Huế,Nguyên Thiều Thọ Tông,ex:monk/nguyen_thieu_tho_tong,35
Huế,Phật Ý Linh Nhạc,ex:monk/phat_y_linh_nhac,35
Huế,Tâm Hồng Từ Hương,ex:monk/tam_hong_tu_huong,35
Huế,Tâm Phổ Trí Uyên,ex:monk/tam_pho_tri_uyen,35
Huế,Tế Hiển Bửu Dương,ex:monk/te_hien_buu_duong,35
Huế,Tế Chánh Bổn Giác,ex:monk/te_chanh_bon_giac,35
Huế,Trừng Thủy Giác Nhiên,ex:monk/trung_thuy_giac_nhien,35
Huế,Tâm Thị Thiện Minh,ex:monk/tam_thi_thien_minh,35
Huế,Nguyên Tuệ Diệu Định,ex:monk/nguyen_tue_dieu_dinh,35
Huế,Trừng Trì Chí Niệm,ex:monk/trung_tri_chi_niem,35
Huế,Trừng Tuệ Chí Mậu,ex:monk/trung_tue_chi_mau,35
Huế,Tâm Khai Nhật Liên,ex:monk/tam_khai_nhat_lien,35
Huế,Tâm Thật Thiện Châu,ex:monk/tam_that_thien_chau,35
Huế,Tiên Thường Viên Trừng,ex:monk/tien_thuong_vien_trung,35
Phước Lâm,Trừng Thành Giác Tiên,ex:monk/trung_thanh_giac_tien,35
Phước Lâm,Thanh Tú Huệ Pháp,ex:monk/thanh_tu_hue_phap,35
Phước Lâm,Thanh Quý Chơn Thiệt,ex:monk/thanh_quy_chon_thiet,35
Phước Lâm,Đồng Trí Bảo Huệ,ex:monk/dong_tri_bao_hue,35
Phước Lâm,Chơn Ngọc Long Trí,ex:monk/chon_ngoc_long_tri,35
Phước Lâm,Chơn Chứng Thiện Quả,ex:monk/chon_chung_thien_qua,35
Phước Lâm,Chương Quảng Mật Hạnh,ex:monk/chuong_quang_mat_hanh,35
Phước Lâm,Ấn Lan Từ Trí,ex:monk/an_lan_tu_tri,35
Phước Lâm,Ấn Bổn Vĩnh Gia,ex:monk/an_bon_vinh_gia,35
Phước Lâm,Chương Tư Huệ Quang,ex:monk/chuong_tu_hue_quang,35
Phước Lâm,Chơn Chi Bảo Thọ,ex:monk/chon_chi_bao_tho,35
Phước Lâm,Thích Phổ Diệu,ex:monk/thich_pho_dieu,35
Phước Lâm,Chơn Pháp Phước Trí,ex:monk/chon_phap_phuoc_tri,35
Phước Lâm,Như Tiến Quảng Hưng,ex:monk/nhu_tien_quang_hung,35
Phước Lâm,Thanh Thái Phước Chỉ,ex:monk/thanh_thai_phuoc_chi,35
Phước Lâm,Trừng Hương Tịnh Hạnh,ex:monk/trung_huong_tinh_hanh,35
Phước Lâm,Toàn Ý Phổ Huệ,ex:monk/toan_y_pho_hue,35
Phước Lâm,Pháp Kiêm Minh Giác,ex:monk/phap_kiem_minh_giac,35
Phước Lâm,Toàn Nhâm Quán Thông,ex:monk/toan_nham_quan_thong,35
Phước Lâm,Toàn Chiếu Bảo Ấn,ex:monk/toan_chieu_bao_an,35
Phước Lâm,Toàn Đức Hoằng Tông,ex:monk/toan_duc_hoang_tong,35
Phước Lâm,Minh Hải Pháp Bảo,ex:monk/minh_hai_phap_bao,35
Phước Lâm,Trừng Kệ Tôn Thắng,ex:monk/trung_ke_ton_thang,35
Phước Lâm,Trừng Thủy Giác Nhiên,ex:monk/trung_thuy_giac_nhien,35
Phước Lâm,Trừng Huệ Giác Viên,ex:monk/trung_hue_giac_vien,35
Phước Lâm,Thiệt Dinh Ân Triêm,ex:monk/thiet_dinh_an_triem,35
Phước Lâm,Thiệt Uyên Chí Bảo,ex:monk/thiet_luong,35
Phước Lâm,Thiệt Lương,ex:monk/thiet_luong,35
Phước Lâm,Phật Tuyết Tường Quang,ex:monk/phat_tuyet_tuong_quang,35
Phước Lâm,Pháp Chuyên Diệu Nghiêm,ex:monk/phap_chuyen_dieu_nghiem,35
Phước Lâm,Trừng Nguyên Chơn Như,ex:monk/trung_nguyen_chon_nhu,35
Phước Lâm,Toàn Võ Viên Quang,ex:monk/toan_vo_vien_quang,35
Phước Lâm,Toàn Ðịnh Bảo Tạng,ex:monk/toan_dinh_bao_tang,35
Phước Lâm,Ðồng Chánh Tịnh Giác,ex:monk/ong_chanh_tinh_giac,35
Phước Lâm,Tiên Thường Viên Trừng,ex:monk/tien_thuong_vien_trung,35
Đại giới,Tâm Địa Mật Khế,ex:monk/tam_dia_mat_khe,35
Đại giới,Hải Thiệu Cương Kỷ,ex:monk/hai_thieu_cuong_ky,35
Đại giới,Thanh Chân Viên Giác,ex:monk/thanh_chan_vien_giac,35
Đại giới,Thanh Tú Huệ Pháp,ex:monk/thanh_tu_hue_phap,35
Đại giới,Thanh Thái Huệ Minh,ex:monk/thanh_thai_hue_minh,35
Đại giới,Thanh Linh Diên Trường,ex:monk/thanh_linh_dien_truong,35
Đại giới,Thị Năng Trí Hữu,ex:monk/thi_nang_tri_huu,35
Đại giới,Trừng Thông Tịnh Khiết,ex:monk/trung_thong_tinh_khiet,35
Đại giới,Tâm Thanh Chơn Hiền,ex:monk/tam_thanh_chon_hien,35
Đại giới,Tâm Quang Đàm Minh,ex:monk/tam_quang_dam_minh,35
Đại giới,Chơn Tá Tôn Bảo,ex:monk/chon_ta_ton_bao,35
Đại giới,Ấn Nghiêm Phổ Thoại,ex:monk/an_nghiem_pho_thoai,35
Đại giới,Ngộ Tánh Phước Huệ,ex:monk/ngo_tanh_phuoc_hue,35
Đại giới,Chơn Phú Bích Lâm,ex:monk/chon_phu_bich_lam,35
Đại giới,Nhựt Bình Trí Tịnh,ex:monk/nhut_binh_tri_tinh,35
Đại giới,Nguyên Minh Phước Thành,ex:monk/nguyen_minh_phuoc_thanh,35
Đại giới,Nguyên Không Từ Phương,ex:monk/nguyen_khong_tu_phuong,35
Đại giới,Tâm Tuệ Thanh Trí,ex:monk/tam_tue_thanh_tri,35
Đại giới,Nguyên Nguyện Tâm Hướng,ex:monk/nguyen_nguyen_tam_huong,35
Đại giới,Tâm Cảnh Giác Hạnh,ex:monk/tam_canh_giac_hanh,35
Đại giới,Nguyên Phước Quang Thể,ex:monk/nguyen_phuoc_quang_the,35
Đại giới,Thanh Thái Phước Chỉ,ex:monk/thanh_thai_phuoc_chi,35
Đại giới,Trừng Hương Tịnh Hạnh,ex:monk/trung_huong_tinh_hanh,35
Đại giới,Trừng San Hải Tuệ,ex:monk/trung_san_hai_tue,35
Đại giới,TT Tâm Chí Tịnh Hạnh,ex:monk/tt_tam_chi_tinh_hanh,35
Đại giới,Tâm Lượng Từ Mẫn,ex:monk/tam_luong_tu_man,35
Đại giới,Trừng Kệ Tôn Thắng,ex:monk/trung_ke_ton_thang,35
Đại giới,Trừng Khiết Như Như,ex:monk/trung_khiet_nhu_nhu,35
Đại giới,Như Trung Phước Hậu,ex:monk/nhu_trung_phuoc_hau,35
Đại giới,Tế Phổ Viên Trì,ex:monk/te_pho_vien_tri,35
Đại giới,Trừng Nguyên Đôn Hậu,ex:monk/trung_nguyen_don_hau,35
Đại giới,Tâm Trực Giới Hương,ex:monk/tam_truc_gioi_huong,35
Đại giới,Trừng Huệ Giác Viên,ex:monk/trung_hue_giac_vien,35
Đại giới,Nguyên Chánh Minh Bổn,ex:monk/nguyen_chanh_minh_bon,35
Đại giới,Tâm Hòa Thiên Thái,ex:monk/tam_hoa_thien_thai,35
Thập Tháp,Tâm Địa Mật Khế,ex:monk/tam_dia_mat_khe,35
Thập Tháp,Tâm Nhất Mật Thể,ex:monk/tam_nhat_mat_the,35
Thập Tháp,Tâm Như Mật Nguyện,ex:monk/tam_nhu_mat_nguyen,35
Thập Tháp,Tâm Hương Mật Hiển,ex:monk/tam_huong_mat_hien,35
Thập Tháp,Trừng Thông Tịnh Khiết,ex:monk/trung_thong_tinh_khiet,35
Thập Tháp,Ấn Bổn Vĩnh Gia,ex:monk/an_bon_vinh_gia,35
Thập Tháp,Ấn Lãnh Hoằng Thạc,ex:monk/an_lanh_hoang_thac,35
Thập Tháp,Chơn Hương Chí Bảo,ex:monk/chon_huong_chi_bao,35
Thập Tháp,Chân Đạo Bích Phong,ex:monk/chan_dao_bich_phong,35
Thập Tháp,Trừng Dàn Bích Không,ex:monk/trung_dan_bich_khong,35
Thập Tháp,Như Thọ Huyền Tân,ex:monk/nhu_tho_huyen_tan,35
Thập Tháp,Chơn Luận Phước Huệ,ex:monk/chon_luan_phuoc_hue,35
Thập Tháp,Như Ðăng Trí Ðộ,ex:monk/nhu_ang_tri_o,35
Thập Tháp,Như Ái Hoằng Thâm,ex:monk/nhu_ai_hoang_tham,35
Thập Tháp,Không Tín Kế Châu,ex:monk/khong_tin_ke_chau,35
Thập Tháp,Không Hoa Huệ Chiếu,ex:monk/khong_hoa_hue_chieu,35
Thập Tháp,Thị Bình Diệu Khai,ex:monk/thi_binh_dieu_khai,35
Thập Tháp,Hoàng Lầu Diệu Tấn,ex:monk/hoang_lau_dieu_tan,35
Thập Tháp,Như Phụng Thiện Trì,ex:monk/nhu_phung_thien_tri,35
Thập Tháp,Tâm Như Trí Thủ,ex:monk/tam_nhu_tri_thu,35
Thập Tháp,Tâm Ấn Viên Quang,ex:monk/tam_an_vien_quang,35
Thập Tháp,Tâm Thái Thiện Trí,ex:monk/tam_thai_thien_tri,35
Thập Tháp,Trừng Hương Tịnh Hạnh,ex:monk/trung_huong_tinh_hanh,35
Thập Tháp,Nguyên Thiều Thọ Tông,ex:monk/nguyen_thieu_tho_tong,35
Thập Tháp,Thành Đẳng Minh Lượng,ex:monk/thanh_dang_minh_luong,35
Thập Tháp,Minh Giác Kỳ Phương,ex:monk/minh_giac_ky_phuong,35
Thập Tháp,Minh Hải Pháp Bảo,ex:monk/minh_hai_phap_bao,35
Thập Tháp,Tổ Ấn Mật Hoằng,ex:monk/to_an_mat_hoang,35
Thập Tháp,Trừng Văn Giác Nguyên,ex:monk/trung_van_giac_nguyen,35
Thập Tháp,Trừng Thủy Giác Nhiên,ex:monk/trung_thuy_giac_nhien,35
Thập Tháp,Phật Tỉnh Từ Nghiêm,ex:monk/phat_tinh_tu_nghiem,35
Thập Tháp,Pháp Chuyên Diệu Nghiêm,ex:monk/phap_chuyen_dieu_nghiem,35
Thập Tháp,Trừng Nguyên Chơn Như,ex:monk/trung_nguyen_chon_nhu,35
Thập Tháp,Toàn Ðịnh Bảo Tạng,ex:monk/toan_dinh_bao_tang,35
Thập Tháp,Thị Chí Phước Hộ,ex:monk/thi_chi_phuoc_ho,35
Linh Sơn,Thích Chơn Nguyên,ex:monk/thich_chon_nguyen,35
Linh Sơn,Chơn Kim Pháp Lâm,ex:monk/chon_kim_phap_lam,35
Linh Sơn,Chơn Hương Thiên Quang,ex:monk/chon_huong_thien_quang,35
Linh Sơn,Chơn Thanh Bích Nguyên,ex:monk/chon_thanh_bich_nguyen,35
Linh Sơn,Như Kế Huyền Vi,ex:monk/nhu_ke_huyen_vi,35
Linh Sơn,Như Ðiền Huệ Chấn,ex:monk/nhu_dien_hue_chan,35
Linh Sơn,Như Đạt Hoằng Thâm,ex:monk/nhu_dat_hoang_tham,35
Linh Sơn,Như Quang Hoằng Phúc,ex:monk/nhu_quang_hoang_phuc,35
Linh Sơn,Như Tiến Quảng Hưng,ex:monk/nhu_tien_quang_hung,35
Linh Sơn,Như Bình Huyền Tịnh,ex:monk/nhu_binh_huyen_tinh,35
Linh Sơn,Ðồng Kỉnh Tín Quả,ex:monk/ong_kinh_tin_qua,35
Linh Sơn,Như Hiền Chí Thiền,ex:monk/nhu_hien_chi_thien,35
Linh Sơn,Nhựt Bình Trí Tịnh,ex:monk/nhut_binh_tri_tinh,35
Linh Sơn,Trừng Chiếu Từ Mãn,ex:monk/trung_chieu_tu_man,35
Linh Sơn,Nguyên Giác Quang Phú,ex:monk/nguyen_giac_quang_phu,35
Linh Sơn,Triều Châu Đại Điên,ex:monk/trieu_chau_dai_dien,35
Linh Sơn,Thành Đẳng Minh Lượng,ex:monk/thanh_dang_minh_luong,35
Linh Sơn,Minh Hải Pháp Bảo,ex:monk/minh_hai_phap_bao,35
Linh Sơn,Tâm Hồng Từ Hương,ex:monk/tam_hong_tu_huong,35
Linh Sơn,Tâm Ðăng Chơn Như,ex:monk/tam_ang_chon_nhu,35
Linh Sơn,Thiệt Thuận Huệ Trương,ex:monk/thiet_thuan_hue_truong,35
Linh Sơn,Thiệt Thuận Huệ Trương,ex:monk/thiet_thuan_hue_truong,35
Linh Sơn,Đại Bửu Kim Cang,ex:monk/dai_buu_kim_cang,35
Linh Sơn,TT Thích Viên Tịnh,ex:monk/tt_thich_vien_tinh,35
Linh Sơn,Thị Chí Phước Hộ,ex:monk/thi_chi_phuoc_ho,35
Linh Sơn,Thị Niệm Phước Ninh,ex:monk/thi_niem_phuoc_ninh,35
Linh Sơn,Tâm Giải Tương Ưng,ex:monk/tam_giai_tuong_ung,35
Linh Sơn,Tâm Lương Diệu Hoằng,ex:monk/tam_luong_dieu_hoang,35
Linh Sơn,Đại Thông Chánh Niệm,ex:monk/dai_thong_chanh_niem,35
Linh Sơn,Tâm Trí Viên Giác,ex:monk/tam_tri_vien_giac,35
Linh Sơn,Tánh Thông Giác Ngộ,ex:monk/tanh_thong_giac_ngo,35
Linh Sơn,Thị Lạc Hưng Từ,ex:monk/thi_lac_hung_tu,35
Linh Sơn,Thạch Liêm Đại Sán,ex:monk/thach_liem_dai_san,35
Linh Sơn,Như Ðiền Huệ Chấn,ex:monk/nhu_ien_hue_chan,35
Linh Sơn,Tiên Đề Chơn Phẩm,ex:monk/tien_de_chon_pham,35
Tây Thiên,Trừng Thành Giác Tiên,ex:monk/trung_thanh_giac_tien,33
Tây Thiên,Tâm Chơn Mật Tín,ex:monk/tam_chon_mat_tin,33
Tây Thiên,Thanh Linh Diên Trường,ex:monk/thanh_linh_dien_truong,33
Tây Thiên,Chơn Cảnh Trí Thắng,ex:monk/chon_canh_tri_thang,33
Tây Thiên,Chương Nhẫn Từ Nhân,ex:monk/chuong_nhan_tu_nhan,33
Tây Thiên,Chơn Cảnh Huệ Duyệt,ex:monk/chon_canh_hue_duyet,33
Tây Thiên,Chân Đạo Bích Phong,ex:monk/chan_dao_bich_phong,33
Tây Thiên,Như Kế Huyền Vi,ex:monk/nhu_ke_huyen_vi,33
Tây Thiên,Hoàng Cảnh Viên Dung,ex:monk/hoang_canh_vien_dung,33
Tây Thiên,Hồng Nam Huyền Không,ex:monk/hong_nam_huyen_khong,33
Tây Thiên,Trừng Chiếu Từ Mãn,ex:monk/trung_chieu_tu_man,33
Tây Thiên,Tâm Như Trí Thủ,ex:monk/tam_nhu_tri_thu,33
Tây Thiên,Nguyên Minh Phước Thành,ex:monk/nguyen_minh_phuoc_thanh,33
Tây Thiên,Nguyên Không Từ Phương,ex:monk/nguyen_khong_tu_phuong,33
Tây Thiên,Tâm Thọ Thiện Hỷ,ex:monk/tam_tho_thien_hy,33
Tây Thiên,TT Nguyên Hồng Từ Phong,ex:monk/tt_nguyen_hong_tu_phong,33
Tây Thiên,Tâm Cảnh Giác Hạnh,ex:monk/tam_canh_giac_hanh,33
Tây Thiên,Tâm Đạo Thanh Quang,ex:monk/tam_dao_thanh_quang,33
Tây Thiên,Trừng Hương Tịnh Hạnh,ex:monk/trung_huong_tinh_hanh,33
Tây Thiên,Toàn Chiếu Bảo Ấn,ex:monk/toan_chieu_bao_an,33
Tây Thiên,Huyền Sa Sư Bị,ex:monk/huyen_sa_su_bi,33
Tây Thiên,Viên Thành Trừng Thông,ex:monk/vien_thanh_trung_thong,33
Tây Thiên,Đức Sơn Tuyên Giám,ex:monk/duc_son_tuyen_giam,33
Tây Thiên,Trừng Nguyên Đôn Hậu,ex:monk/trung_nguyen_don_hau,33
Tây Thiên,Thanh Ninh Tâm Tịnh,ex:monk/thanh_ninh_tam_tinh,33
Tây Thiên,Trừng Văn Giác Nguyên,ex:monk/trung_van_giac_nguyen,33
Tây Thiên,Trừng Thủy Giác Nhiên,ex:monk/trung_thuy_giac_nhien,33
Tây Thiên,Thanh Y Giác Huệ,ex:monk/thanh_y_giac_hue,33
Tây Thiên,Động Sơn Lương Giới,ex:monk/dong_son_luong_gioi,33
Tây Thiên,Tâm Khai Nhật Liên,ex:monk/tam_khai_nhat_lien,33
Tây Thiên,Tâm Phổ Thiện Lộc,ex:monk/tam_pho_thien_loc,33
Tây Thiên,Tâm Thật Thiện Châu,ex:monk/tam_that_thien_chau,33
Tây Thiên,Thị Chí Phước Hộ,ex:monk/thi_chi_phuoc_ho,33
chùa Phước,Trừng Thành Giác Tiên,ex:monk/trung_thanh_giac_tien,32
chùa Phước,Thanh Quý Chơn Thiệt,ex:monk/thanh_quy_chon_thiet,32
chùa Phước,Chơn Ngọc Long Trí,ex:monk/chon_ngoc_long_tri,32
chùa Phước,Chương Quảng Mật Hạnh,ex:monk/chuong_quang_mat_hanh,32
chùa Phước,Ấn Bổn Vĩnh Gia,ex:monk/an_bon_vinh_gia,32
chùa Phước,Chương Tư Huệ Quang,ex:monk/chuong_tu_hue_quang,32
chùa Phước,Chơn Chánh Pháp Tạng,ex:monk/chon_chanh_phap_tang,32
chùa Phước,Ấn Kim Hoằng Tịnh,ex:monk/an_kim_hoang_tinh,32
chùa Phước,Chơn Sử Khánh Tín,ex:monk/chon_su_khanh_tin,32
chùa Phước,Chơn Thành Khánh Ngọc,ex:monk/chon_thanh_khanh_ngoc,32
chùa Phước,Chơn Pháp Phước Trí,ex:monk/chon_phap_phuoc_tri,32
chùa Phước,Ấn Thiên Huệ Nhãn,ex:monk/an_thien_hue_nhan,32
chùa Phước,Chương Từ Quảng Thiện,ex:monk/chuong_tu_quang_thien,32
chùa Phước,Chơn Hương Chí Bảo,ex:monk/chon_huong_chi_bao,32
chùa Phước,Như Ðắc Thiền Phương,ex:monk/nhu_ac_thien_phuong,32
chùa Phước,Chơn Luận Phước Huệ,ex:monk/chon_luan_phuoc_hue,32
chùa Phước,Không Tín Kế Châu,ex:monk/khong_tin_ke_chau,32
chùa Phước,Như Tiến Quảng Hưng,ex:monk/nhu_tien_quang_hung,32
chùa Phước,Chơn Quý Khánh Anh,ex:monk/chon_quy_khanh_anh,32
chùa Phước,Hồng Tòng Phổ Quảng,ex:monk/hong_tong_pho_quang,32
chùa Phước,Trừng Hương Tịnh Hạnh,ex:monk/trung_huong_tinh_hanh,32
chùa Phước,Toàn Ý Phổ Huệ,ex:monk/toan_y_pho_hue,32
chùa Phước,Pháp Kiêm Minh Giác,ex:monk/phap_kiem_minh_giac,32
chùa Phước,Toàn Nhâm Quán Thông,ex:monk/toan_nham_quan_thong,32
chùa Phước,Toàn Chiếu Bảo Ấn,ex:monk/toan_chieu_bao_an,32
chùa Phước,Thanh Từ,ex:monk/thanh_tu,32
chùa Phước,Phật Tuyết Tường Quang,ex:monk/phat_tuyet_tuong_quang,32
chùa Phước,Pháp Chuyên Diệu Nghiêm,ex:monk/phap_chuyen_dieu_nghiem,32
chùa Phước,Trừng Nguyên Chơn Như,ex:monk/trung_nguyen_chon_nhu,32
chùa Phước,Toàn Ðịnh Bảo Tạng,ex:monk/toan_dinh_bao_tang,32
chùa Phước,Thị Tín Phước Trí,ex:monk/thi_tin_phuoc_tri,32
chùa Phước,TT Ðồng Viên Viên Ðức,ex:monk/tt_ong_vien_vien_uc,32
chùa Thiên,Trừng Thành Giác Tiên,ex:monk/trung_thanh_giac_tien,31
chùa Thiên,Thanh Chân Viên Giác,ex:monk/thanh_chan_vien_giac,31
chùa Thiên,Thanh Tú Huệ Pháp,ex:monk/thanh_tu_hue_phap,31
chùa Thiên,Chơn Cảnh Trí Thắng,ex:monk/chon_canh_tri_thang,31
chùa Thiên,Chương Khước Giác Tánh,ex:monk/chuong_khuoc_giac_tanh,31
chùa Thiên,Ấn Tham Hoằng Phúc,ex:monk/an_tham_hoang_phuc,31
chùa Thiên,Chơn Miên Trí Hưng,ex:monk/chon_mien_tri_hung,31
chùa Thiên,Chơn Trung Diệu Quang,ex:monk/chon_trung_dieu_quang,31
chùa Thiên,Như Thọ Huyền Tân,ex:monk/nhu_tho_huyen_tan,31
chùa Thiên,Như Kế Huyền Vi,ex:monk/nhu_ke_huyen_vi,31
chùa Thiên,Chơn Quý Khánh Anh,ex:monk/chon_quy_khanh_anh,31
chùa Thiên,Trí Thuyên,ex:monk/tri_thuyen,31
chùa Thiên,Ðồng Kỉnh Tín Quả,ex:monk/ong_kinh_tin_qua,31
chùa Thiên,Pháp Kiêm Minh Giác,ex:monk/phap_kiem_minh_giac,31
chùa Thiên,Toàn Chiếu Bảo Ấn,ex:monk/toan_chieu_bao_an,31
chùa Thiên,Nguyên Thiều Thọ Tông,ex:monk/nguyen_thieu_tho_tong,31
chùa Thiên,Viên Thành Trừng Thông,ex:monk/vien_thanh_trung_thong,31
chùa Thiên,Tế Hiển Bửu Dương,ex:monk/te_hien_buu_duong,31
chùa Thiên,Liễu Đạo Chí Tân,ex:monk/lieu_dao_chi_tan,31
chùa Thiên,Tâm Trực Giới Hương,ex:monk/tam_truc_gioi_huong,31
chùa Thiên,Tánh Thiên Nhất Định,ex:monk/tanh_thien_nhat_dinh,31
chùa Thiên,Phật Tuyết Tường Quang,ex:monk/phat_tuyet_tuong_quang,31
chùa Thiên,Thiệt Thành Liễu Đạt,ex:monk/thiet_thanh_lieu_dat,31
chùa Thiên,Pháp Chuyên Diệu Nghiêm,ex:monk/phap_chuyen_dieu_nghiem,31
chùa Thiên,Trừng Nguyên Chơn Như,ex:monk/trung_nguyen_chon_nhu,31
chùa Thiên,Tiên Giác Hải Tịnh,ex:monk/tien_giac_hai_tinh,31
chùa Thiên,Thị Chí Phước Hộ,ex:monk/thi_chi_phuoc_ho,31
chùa Thiên,Bảo Chân,ex:monk/bao_chan,31
chùa Thiên,Thạch Liêm Đại Sán,ex:monk/thach_liem_dai_san,31
chùa Thiên,Minh Hoàng Tử Dung,ex:monk/minh_hoang_tu_dung,31
chùa Thiên,Tiên Thường Viên Trừng,ex:monk/tien_thuong_vien_trung,31
chùa Long,Thị Năng Trí Hữu,ex:monk/thi_nang_tri_huu,31
chùa Long,Đồng Trí Bảo Huệ,ex:monk/dong_tri_bao_hue,31
chùa Long,Chơn Ngọc Long Trí,ex:monk/chon_ngoc_long_tri,31
chùa Long,Như Nhàn Trí Giác,ex:monk/nhu_nhan_tri_giac,31
chùa Long,Ấn Lan Từ Trí,ex:monk/an_lan_tu_tri,31
chùa Long,Chơn Trung Minh Ðức,ex:monk/chon_trung_minh_uc,31
chùa Long,Chơn Tá Tôn Bảo,ex:monk/chon_ta_ton_bao,31
chùa Long,Chơn Phát Long Tôn,ex:monk/chon_phat_long_ton,31
chùa Long,Chơn Giác Long Hải,ex:monk/chon_giac_long_hai,31
chùa Long,Chơn Luận Phước Huệ,ex:monk/chon_luan_phuoc_hue,31
chùa Long,Như Vạn Trí Phước,ex:monk/nhu_van_tri_phuoc,31
chùa Long,Như Truyện Trí Nhãn,ex:monk/nhu_truyen_tri_nhan,31
chùa Long,Như Đạt Hoằng Thâm,ex:monk/nhu_dat_hoang_tham,31
chùa Long,Không Tín Kế Châu,ex:monk/khong_tin_ke_chau,31
chùa Long,Chơn Quý Khánh Anh,ex:monk/chon_quy_khanh_anh,31
chùa Long,Trí Thuyên,ex:monk/tri_thuyen,31
chùa Long,Thị Thuỷ Quảng Đức,ex:monk/thi_thuy_quang_duc,31
chùa Long,Hồng Tòng Phổ Quảng,ex:monk/hong_tong_pho_quang,31
chùa Long,Nhựt Bình Trí Tịnh,ex:monk/nhut_binh_tri_tinh,31
chùa Long,Thành Đẳng Minh Lượng,ex:monk/thanh_dang_minh_luong,31
chùa Long,Trừng San Hải Tuệ,ex:monk/trung_san_hai_tue,31
chùa Long,Tâm Niệm Từ Ý,ex:monk/tam_niem_tu_y,31
chùa Long,Thị Khai Ðỗng Minh,ex:monk/thi_khai_ong_minh,31
chùa Long,An Quốc Hoằng Thao,ex:monk/an_quoc_hoang_thao,31
chùa Long,Tâm Ðăng Chơn Như,ex:monk/tam_ang_chon_nhu,31
chùa Long,Hải Toàn Linh Cơ,ex:monk/hai_toan_linh_co,31
chùa Long,Thị An Phước Bình,ex:monk/thi_an_phuoc_binh,31
chùa Long,Thị Chí Phước Hộ,ex:monk/thi_chi_phuoc_ho,31
chùa Long,Thị Huệ Bảo An,ex:monk/thi_hue_bao_an,31
chùa Long,Bảo Chân,ex:monk/bao_chan,31
chùa Long,Tiên Đề Chơn Phẩm,ex:monk/tien_de_chon_pham,31
Tường Vân,Đại Huệ Tông Cảo,ex:monk/dai_hue_tong_cao,30
Tường Vân,ĐĐ Tâm Kiên Chơn Thể,ex:monk/dd_tam_kien_chon_the,30
Tường Vân,Trừng Thông Tịnh Khiết,ex:monk/trung_thong_tinh_khiet,30
Tường Vân,Tâm Minh Chơn Thiệt,ex:monk/tam_minh_chon_thiet,30
Tường Vân,Tâm Nguyện Tiêu Diêu,ex:monk/tam_nguyen_tieu_dieu,30
Tường Vân,Như Quý Viên Thiện,ex:monk/nhu_quy_vien_thien,30
Tường Vân,Tâm Thành Chơn Thức,ex:monk/tam_thanh_chon_thuc,30
Tường Vân,Tâm Quang Chánh Pháp,ex:monk/tam_quang_chanh_phap,30
Tường Vân,Tâm Thanh Chơn Hiền,ex:monk/tam_thanh_chon_hien,30
Tường Vân,Tâm Quang Đàm Minh,ex:monk/tam_quang_dam_minh,30
Tường Vân,Chơn Luận Phước Huệ,ex:monk/chon_luan_phuoc_hue,30
Tường Vân,Nhựt Bình Trí Tịnh,ex:monk/nhut_binh_tri_tinh,30
Tường Vân,Tâm Ấn Viên Quang,ex:monk/tam_an_vien_quang,30
Tường Vân,Tâm Phật Thiện Siêu,ex:monk/tam_phat_thien_sieu,30
Tường Vân,Trừng Ninh Diệu Hương,ex:monk/trung_ninh_dieu_huong,30
Tường Vân,Thanh Thái Phước Chỉ,ex:monk/thanh_thai_phuoc_chi,30
Tường Vân,Tâm Nguyệt Thể Yến,ex:monk/tam_nguyet_the_yen,30
Tường Vân,Trừng Hương Tịnh Hạnh,ex:monk/trung_huong_tinh_hanh,30
Tường Vân,Trừng Không Tịnh Phổ,ex:monk/trung_khong_tinh_pho,30
Tường Vân,Liễu Kiến Từ Hòa,ex:monk/lieu_kien_tu_hoa,30
Tường Vân,Trừng Thanh Giác Bổn,ex:monk/trung_thanh_giac_bon,30
Tường Vân,Đạo Minh Phổ Tịnh,ex:monk/dao_minh_pho_tinh,30
Tường Vân,Tánh Hoạt Huệ Cảnh,ex:monk/tanh_hoat_hue_canh,30
Tường Vân,Hải Đăng,ex:monk/hai_dang,30
Tường Vân,Hải Toàn Linh Cơ,ex:monk/hai_toan_linh_co,30
Tường Vân,Hải Bình Khiết Bạch,ex:monk/hai_binh_khiet_bach,30
Tường Vân,Viên Thông,ex:monk/vien_thong,30
Tường Vân,Thanh Vân Tâm Thành,ex:monk/thanh_van_tam_thanh,30
Tường Vân,Thị An Phước Bình,ex:monk/thi_an_phuoc_binh,30
Tường Vân,Hải Trân Thụy Uyển,ex:monk/hai_tran_thuy_uyen,30
chùa Báo,Chơn Chứng Thiện Quả,ex:monk/chon_chung_thien_qua,30
chùa Báo,Như Nhàn Trí Giác,ex:monk/nhu_nhan_tri_giac,30
chùa Báo,Chơn Kim Pháp Lâm,ex:monk/chon_kim_phap_lam,30
chùa Báo,Chơn Luận Phước Huệ,ex:monk/chon_luan_phuoc_hue,30
chùa Báo,Như Ðăng Trí Ðộ,ex:monk/nhu_ang_tri_o,30
chùa Báo,Như Bình Huyền Tịnh,ex:monk/nhu_binh_huyen_tinh,30
chùa Báo,Trừng Chiếu Từ Mãn,ex:monk/trung_chieu_tu_man,30
chùa Báo,Tâm Như Trí Thủ,ex:monk/tam_nhu_tri_thu,30
chùa Báo,Thiên Ân,ex:monk/thien_an,30
chùa Báo,Nguyên Phước Quang Thể,ex:monk/nguyen_phuoc_quang_the,30
chùa Báo,Nguyên Trí Châu Toàn,ex:monk/nguyen_tri_chau_toan,30
chùa Báo,Nguyên Thiều Thọ Tông,ex:monk/nguyen_thieu_tho_tong,30
chùa Báo,Minh Hải Pháp Bảo,ex:monk/minh_hai_phap_bao,30
chùa Báo,Trừng Khiết Như Như,ex:monk/trung_khiet_nhu_nhu,30
chùa Báo,Như Trung Phước Hậu,ex:monk/nhu_trung_phuoc_hau,30
chùa Báo,Trừng Nguyên Đôn Hậu,ex:monk/trung_nguyen_don_hau,30
chùa Báo,Thanh Ninh Tâm Tịnh,ex:monk/thanh_ninh_tam_tinh,30
chùa Báo,Tỳ Ni Đa Lưu Chi,ex:monk/ty_ni_da_luu_chi,30
chùa Báo,Đạo Minh Phổ Tịnh,ex:monk/dao_minh_pho_tinh,30
chùa Báo,Tánh Huệ Nhất Chơn,ex:monk/tanh_hue_nhat_chon,30
chùa Báo,Tánh Hoạt Huệ Cảnh,ex:monk/tanh_hoat_hue_canh,30
chùa Báo,Tâm Thị Thiện Minh,ex:monk/tam_thi_thien_minh,30
chùa Báo,Hải Thuận Lương Duyên,ex:monk/hai_thuan_luong_duyen,30
chùa Báo,Thanh Vân Tâm Thành,ex:monk/thanh_van_tam_thanh,30
chùa Báo,Trừng Nguyên Chơn Như,ex:monk/trung_nguyen_chon_nhu,30
chùa Báo,Tông Diễn Chân Dung,ex:monk/tong_dien_chan_dung,30
chùa Báo,Tâm Thông Quảng Huệ,ex:monk/tam_thong_quang_hue,30
chùa Báo,Tâm Lương Diệu Hoằng,ex:monk/tam_luong_dieu_hoang,30
chùa Báo,Tâm Trí Viên Giác,ex:monk/tam_tri_vien_giac,30
chùa Báo,Tánh Thông Giác Ngộ,ex:monk/tanh_thong_giac_ngo,30
Giới đàn,Tâm Hương Mật Hiển,ex:monk/tam_huong_mat_hien,29
Giới đàn,Tâm Thanh Tịch Tràng,ex:monk/tam_thanh_tich_trang,29
Giới đàn,Đồng Nguyện Thiện Nguyện,ex:monk/dong_nguyen_thien_nguyen,29
Giới đàn,Tâm Quang Chánh Pháp,ex:monk/tam_quang_chanh_phap,29
Giới đàn,Tâm Quang Đàm Minh,ex:monk/tam_quang_dam_minh,29
Giới đàn,Không Tâm Trí Quảng,ex:monk/khong_tam_tri_quang,29
Giới đàn,Trừng Dàn Bích Không,ex:monk/trung_dan_bich_khong,29
Giới đàn,Không Hoa Huệ Chiếu,ex:monk/khong_hoa_hue_chieu,29
Giới đàn,Chơn Phước Huệ Pháp,ex:monk/chon_phuoc_hue_phap,29
Giới đàn,Nguyên Phước Thiên Hỷ,ex:monk/nguyen_phuoc_thien_hy,29
Giới đàn,Nguyên Không Từ Phương,ex:monk/nguyen_khong_tu_phuong,29
Giới đàn,Nguyên Minh Huyền Giác,ex:monk/nguyen_minh_huyen_giac,29
Giới đàn,Nguyên Phước Quang Thể,ex:monk/nguyen_phuoc_quang_the,29
Giới đàn,Tâm Thái Thiện Trí,ex:monk/tam_thai_thien_tri,29
Giới đàn,Tâm Phật Thiện Siêu,ex:monk/tam_phat_thien_sieu,29
Giới đàn,TT Nguyên Chi Hạnh Minh,ex:monk/tt_nguyen_chi_hanh_minh,29
Giới đàn,Nguyên Trí Châu Toàn,ex:monk/nguyen_tri_chau_toan,29
Giới đàn,Tâm Đạo Thanh Quang,ex:monk/tam_dao_thanh_quang,29
Giới đàn,Viên Thành Trừng Thông,ex:monk/vien_thanh_trung_thong,29
Giới đàn,Trừng Nguyên Đôn Hậu,ex:monk/trung_nguyen_don_hau,29
Giới đàn,Thanh Ninh Tâm Tịnh,ex:monk/thanh_ninh_tam_tinh,29
Giới đàn,TT Thích Viên Tịnh,ex:monk/tt_thich_vien_tinh,29
Giới đàn,Trừng Liên Quang Diệp,ex:monk/trung_lien_quang_diep,29
Giới đàn,Tâm Khai Nhật Liên,ex:monk/tam_khai_nhat_lien,29
Giới đàn,Toàn Ðịnh Bảo Tạng,ex:monk/toan_dinh_bao_tang,29
Giới đàn,Ðồng Chánh Tịnh Như,ex:monk/ong_chanh_tinh_nhu,29
Giới đàn,Thị Huệ Bảo An,ex:monk/thi_hue_bao_an,29
Giới đàn,Tâm Giải Tương Ưng,ex:monk/tam_giai_tuong_ung,29
Giới đàn,Thạch Liêm Đại Sán,ex:monk/thach_liem_dai_san,29
Sắc tứ,Ấn Tham Hoằng Phúc,ex:monk/an_tham_hoang_phuc,29
Sắc tứ,Ấn Kim Hoằng Tịnh,ex:monk/an_kim_hoang_tinh,29
Sắc tứ,Ấn Lãnh Hoằng Thạc,ex:monk/an_lanh_hoang_thac,29
Sắc tứ,Chương Nhẫn Từ Nhân,ex:monk/chuong_nhan_tu_nhan,29
Sắc tứ,Chơn Trung Minh Ðức,ex:monk/chon_trung_minh_uc,29
Sắc tứ,Chơn Miên Trí Hưng,ex:monk/chon_mien_tri_hung,29
Sắc tứ,Chơn Bích Trí Huy,ex:monk/chon_bich_tri_huy,29
Sắc tứ,Chơn Trung Diệu Quang,ex:monk/chon_trung_dieu_quang,29
Sắc tứ,Chơn Pháp Phước Trí,ex:monk/chon_phap_phuoc_tri,29
Sắc tứ,Chơn Đỉnh Phước Thông,ex:monk/chon_dinh_phuoc_thong,29
Sắc tứ,Ngộ Tánh Phước Huệ,ex:monk/ngo_tanh_phuoc_hue,29
Sắc tứ,Trừng Dàn Bích Không,ex:monk/trung_dan_bich_khong,29
Sắc tứ,Như Ðiền Huệ Chấn,ex:monk/nhu_dien_hue_chan,29
Sắc tứ,Như Quang Hoằng Phúc,ex:monk/nhu_quang_hoang_phuc,29
Sắc tứ,Như Tiến Quảng Hưng,ex:monk/nhu_tien_quang_hung,29
Sắc tứ,Chơn Quý Khánh Anh,ex:monk/chon_quy_khanh_anh,29
Sắc tứ,Nguyên Ý Phước Châu,ex:monk/nguyen_y_phuoc_chau,29
Sắc tứ,Thành Đẳng Minh Lượng,ex:monk/thanh_dang_minh_luong,29
Sắc tứ,Trừng Nguyên Đôn Hậu,ex:monk/trung_nguyen_don_hau,29
Sắc tứ,Thiệt Úy Khánh Vân,ex:monk/thiet_uy_khanh_van,29
Sắc tứ,Thiệt Uyên Chí Bảo,ex:monk/thiet_uyen_chi_bao,29
Sắc tứ,Phật Tuyết Tường Quang,ex:monk/phat_tuyet_tuong_quang,29
Sắc tứ,Phật Tỉnh Từ Nghiêm,ex:monk/phat_tinh_tu_nghiem,29
Sắc tứ,Ðồng Chánh Tịnh Như,ex:monk/ong_chanh_tinh_nhu,29
Sắc tứ,Thị Chí Phước Hộ,ex:monk/thi_chi_phuoc_ho,29
Sắc tứ,Tâm Lương Diệu Hoằng,ex:monk/tam_luong_dieu_hoang,29
Sắc tứ,Hải Nhu Tín Nhậm,ex:monk/hai_nhu_tin_nham,29
Sắc tứ,Thiệt Vinh Bửu Hạnh,ex:monk/thiet_vinh_buu_hanh,29
Sắc tứ,Như Ðiền Huệ Chấn,ex:monk/nhu_ien_hue_chan,29
Linh Quang,Tâm Như Mật Nguyện,ex:monk/tam_nhu_mat_nguyen,28
Linh Quang,Trừng Diên Diệu Huệ,ex:monk/trung_dien_dieu_hue,28
Linh Quang,Tâm Hương Mật Hiển,ex:monk/tam_huong_mat_hien,28
Linh Quang,Như Hán Nguyên Cát,ex:monk/nhu_han_nguyen_cat,28
Linh Quang,Tâm Thành Chơn Thức,ex:monk/tam_thanh_chon_thuc,28
Linh Quang,Tâm Thanh Chơn Hiền,ex:monk/tam_thanh_chon_hien,28
Linh Quang,Không Tâm Trí Quảng,ex:monk/khong_tam_tri_quang,28
Linh Quang,Chơn Thanh Bích Nguyên,ex:monk/chon_thanh_bich_nguyen,28
Linh Quang,Hồng Tuyên Từ Thông,ex:monk/hong_tuyen_tu_thong,28
Linh Quang,Trừng Hóa Hưng Dụng,ex:monk/trung_hoa_hung_dung,28
Linh Quang,Như Phụng Thiện Trì,ex:monk/nhu_phung_thien_tri,28
Linh Quang,Nguyên Minh Đức Thiệu,ex:monk/nguyen_minh_duc_thieu,28
Linh Quang,Tâm Tuệ Thanh Trí,ex:monk/tam_tue_thanh_tri,28
Linh Quang,Nguyên Phước Quang Thể,ex:monk/nguyen_phuoc_quang_the,28
Linh Quang,Tâm Thái Thiện Trí,ex:monk/tam_thai_thien_tri,28
Linh Quang,Tâm Phật Thiện Siêu,ex:monk/tam_phat_thien_sieu,28
Linh Quang,Như Trung Phước Hậu,ex:monk/nhu_trung_phuoc_hau,28
Linh Quang,Quang Lư Như Như,ex:monk/quang_lu_nhu_nhu,28
Linh Quang,Liễu Triệt Từ Minh,ex:monk/lieu_triet_tu_minh,28
Linh Quang,Tâm Trực Giới Hương,ex:monk/tam_truc_gioi_huong,28
Linh Quang,Tỳ Ni Đa Lưu Chi,ex:monk/ty_ni_da_luu_chi,28
Linh Quang,Nguyên Chánh Minh Bổn,ex:monk/nguyen_chanh_minh_bon,28
Linh Quang,Như Trực Vĩnh Châu,ex:monk/nhu_truc_vinh_chau,28
Linh Quang,TT Nguyên Cát Thiện Tường,ex:monk/tt_nguyen_cat_thien_tuong,28
Linh Quang,Tâm Ưng Đảnh Lễ,ex:monk/tam_ung_danh_le,28
Linh Quang,Tâm Thông Quảng Huệ,ex:monk/tam_thong_quang_hue,28
Linh Quang,Tâm Lương Diệu Hoằng,ex:monk/tam_luong_dieu_hoang,28
Linh Quang,Từ Sơn Hành Nhất,ex:monk/tu_son_hanh_nhat,28
Diệu Đế,Trừng Thành Giác Tiên,ex:monk/trung_thanh_giac_tien,27
Diệu Đế,Tâm Địa Mật Khế,ex:monk/tam_dia_mat_khe,27
Diệu Đế,Tâm Nhất Mật Thể,ex:monk/tam_nhat_mat_the,27
Diệu Đế,Cư Sĩ Thanh Phước Điềm Tịnh,ex:monk/cu_si_thanh_phuoc_diem_tinh,27
Diệu Đế,Thanh Tú Huệ Pháp,ex:monk/thanh_tu_hue_phap,27
Diệu Đế,Thanh Thái Huệ Minh,ex:monk/thanh_thai_hue_minh,27
Diệu Đế,ĐĐ Tâm Kiên Chơn Thể,ex:monk/dd_tam_kien_chon_the,27
Diệu Đế,Ngộ Tánh Phước Huệ,ex:monk/ngo_tanh_phuoc_hue,27
Diệu Đế,Nguyên Tánh Đức Tâm,ex:monk/nguyen_tanh_duc_tam,27
Diệu Đế,Tâm Ấn Viên Quang,ex:monk/tam_an_vien_quang,27
Diệu Đế,Thanh Thái Phước Chỉ,ex:monk/thanh_thai_phuoc_chi,27
Diệu Đế,Tâm Đạo Thanh Quang,ex:monk/tam_dao_thanh_quang,27
Diệu Đế,Trừng Kệ Tôn Thắng,ex:monk/trung_ke_ton_thang,27
Diệu Đế,Tâm Thọ Trí Giải,ex:monk/tam_tho_tri_giai,27
Diệu Đế,Thanh Ninh Tâm Truyền,ex:monk/thanh_ninh_tam_truyen,27
Diệu Đế,Như Trung Phước Hậu,ex:monk/nhu_trung_phuoc_hau,27
Diệu Đế,Trừng Nguyên Đôn Hậu,ex:monk/trung_nguyen_don_hau,27
Diệu Đế,Thanh Ninh Tâm Tịnh,ex:monk/thanh_ninh_tam_tinh,27
Diệu Đế,Trừng Huệ Giác Viên,ex:monk/trung_hue_giac_vien,27
Diệu Đế,Trừng Thanh Giác Bổn,ex:monk/trung_thanh_giac_bon,27
Diệu Đế,Tánh Huệ Nhất Chơn,ex:monk/tanh_hue_nhat_chon,27
Diệu Đế,Tánh Chiếu Nhất Niệm,ex:monk/tanh_chieu_nhat_niem,27
Diệu Đế,Hải Toàn Linh Cơ,ex:monk/hai_toan_linh_co,27
Diệu Đế,Thanh Liêm Tâm Thiền,ex:monk/thanh_liem_tam_thien,27
Diệu Đế,Thanh Vân Tâm Thành,ex:monk/thanh_van_tam_thanh,27
Diệu Đế,Tiên Giác Hải Tịnh,ex:monk/tien_giac_hai_tinh,27
Diệu Đế,Tâm Lương Diệu Hoằng,ex:monk/tam_luong_dieu_hoang,27
quê nhà,Như Hữu Viên Thuận,ex:monk/nhu_huu_vien_thuan,27
quê nhà,Ấn Bính Phổ Bảo,ex:monk/an_binh_pho_bao,27
quê nhà,Ấn Chánh Tổ Nghị,ex:monk/an_chanh_to_nghi,27
quê nhà,Ấn Kim Hoằng Tịnh,ex:monk/an_kim_hoang_tinh,27
quê nhà,Ấn Hướng Pháp Nhãn,ex:monk/an_huong_phap_nhan,27
quê nhà,Chơn Trung Minh Ðức,ex:monk/chon_trung_minh_uc,27
quê nhà,Chơn Pháp Phước Trí,ex:monk/chon_phap_phuoc_tri,27
quê nhà,Ấn Trí Minh Giác,ex:monk/an_tri_minh_giac,27
quê nhà,Như Ðiền Huệ Chấn,ex:monk/nhu_dien_hue_chan,27
quê nhà,Như Ái Hoằng Thâm,ex:monk/nhu_ai_hoang_tham,27
quê nhà,Chơn Quán Bảo Hưng,ex:monk/chon_quan_bao_hung,27
quê nhà,Chơn Tánh Phước Lợi,ex:monk/chon_tanh_phuoc_loi,27
quê nhà,Chơn Tư Phước Dư,ex:monk/chon_tu_phuoc_du,27
quê nhà,Tâm Thái Thiện Trí,ex:monk/tam_thai_thien_tri,27
quê nhà,Minh Hải Pháp Bảo,ex:monk/minh_hai_phap_bao,27
quê nhà,Thiệt Úy Khánh Vân,ex:monk/thiet_uy_khanh_van,27
quê nhà,Tâm Phổ Thiện Lộc,ex:monk/tam_pho_thien_loc,27
quê nhà,Toàn Ðịnh Bảo Tạng,ex:monk/toan_dinh_bao_tang,27
quê nhà,TT Nguyên Cát Thiện Tường,ex:monk/tt_nguyen_cat_thien_tuong,27
quê nhà,Như Ðiền Huệ Chấn,ex:monk/nhu_ien_hue_chan,27
quê nhà,Như Đàm Huệ Luận,ex:monk/nhu_dam_hue_luan,27
quê nhà,Như Hải Huệ Đức,ex:monk/nhu_hai_hue_duc,27
quê nhà,Như Hải Huệ Đức,ex:monk/nhu_hai_hue_duc,27
quê nhà,Như Hiến Huệ Hựu,ex:monk/nhu_hien_hue_huu,27
quê nhà,Như Mậu Huệ Phương,ex:monk/nhu_mau_hue_phuong,27
quê nhà,Như Nghi Giác Tường,ex:monk/nhu_nghi_giac_tuong,27
quê nhà,Như Trạch Huệ Lâm,ex:monk/nhu_trach_hue_lam,27
Tam Thai,Như Nhàn Trí Giác,ex:monk/nhu_nhan_tri_giac,27
Tam Thai,Ấn Bính Phổ Bảo,ex:monk/an_binh_pho_bao,27
Tam Thai,Chương Quảng Mật Hạnh,ex:monk/chuong_quang_mat_hanh,27
Tam Thai,Ấn Lan Từ Trí,ex:monk/an_lan_tu_tri,27
Tam Thai,Ấn Diệu Từ Nhẫn,ex:monk/an_dieu_tu_nhan,27
Tam Thai,Ấn Thanh Chí Thành,ex:monk/an_thanh_chi_thanh,27
Tam Thai,Chơn Chính Thiện Quả,ex:monk/chon_chinh_thien_qua,27
Tam Thai,Chơn Tá Tôn Bảo,ex:monk/chon_ta_ton_bao,27
Tam Thai,Chơn Cảnh Huệ Duyệt,ex:monk/chon_canh_hue_duyet,27
Tam Thai,Chơn Quyên Hưng Long,ex:monk/chon_quyen_hung_long,27
Tam Thai,Chơn Giác Long Hải,ex:monk/chon_giac_long_hai,27
Tam Thai,Chơn Pháp Phước Trí,ex:monk/chon_phap_phuoc_tri,27
Tam Thai,Chơn Đỉnh Phước Thông,ex:monk/chon_dinh_phuoc_thong,27
Tam Thai,Chơn Luận Phước Huệ,ex:monk/chon_luan_phuoc_hue,27
Tam Thai,Như Ðiền Huệ Chấn,ex:monk/nhu_dien_hue_chan,27
Tam Thai,Như Tiến Quảng Hưng,ex:monk/nhu_tien_quang_hung,27
Tam Thai,Như Niệm Bảo Toàn,ex:monk/nhu_niem_bao_toan,27
Tam Thai,Tâm Thái Thiện Trí,ex:monk/tam_thai_thien_tri,27
Tam Thai,Thanh Thái Phước Chỉ,ex:monk/thanh_thai_phuoc_chi,27
Tam Thai,Toàn Nhâm Quán Thông,ex:monk/toan_nham_quan_thong,27
Tam Thai,Trừng Kệ Tôn Thắng,ex:monk/trung_ke_ton_thang,27
Tam Thai,Toàn Nhật Quang Đài,ex:monk/toan_nhat_quang_dai,27
Tam Thai,TT Nguyên Cát Thiện Tường,ex:monk/tt_nguyen_cat_thien_tuong,27
Tam Thai,Thạch Liêm Đại Sán,ex:monk/thach_liem_dai_san,27
Tam Thai,Quả Hoằng Hưng Liên,ex:monk/qua_hoang_hung_lien,27
Tam Thai,Như Ðiền Huệ Chấn,ex:monk/nhu_ien_hue_chan,27
Tam Thai,Tiên Thường Viên Trừng,ex:monk/tien_thuong_vien_trung,27
Trúc Lâm,Cư Sĩ Tâm Hòa Trương Xướng,ex:monk/cu_si_tam_hoa_truong_xuong,26
Trúc Lâm,Trừng Thành Giác Tiên,ex:monk/trung_thanh_giac_tien,26
Trúc Lâm,Tâm Địa Mật Khế,ex:monk/tam_dia_mat_khe,26
Trúc Lâm,Tâm Chơn Mật Tín,ex:monk/tam_chon_mat_tin,26
Trúc Lâm,Tâm Nhất Mật Thể,ex:monk/tam_nhat_mat_the,26
Trúc Lâm,Tâm Như Mật Nguyện,ex:monk/tam_nhu_mat_nguyen,26
Trúc Lâm,Trừng Diên Diệu Huệ,ex:monk/trung_dien_dieu_hue,26
Trúc Lâm,Tâm Hương Mật Hiển,ex:monk/tam_huong_mat_hien,26
Trúc Lâm,Trừng Hảo Diệu Không,ex:monk/trung_hao_dieu_khong,26
Trúc Lâm,Tâm Thanh Tịch Tràng,ex:monk/tam_thanh_tich_trang,26
Trúc Lâm,Thanh Linh Diên Trường,ex:monk/thanh_linh_dien_truong,26
Trúc Lâm,Chơn Luận Phước Huệ,ex:monk/chon_luan_phuoc_hue,26
Trúc Lâm,Trí Thuyên,ex:monk/tri_thuyen,26
Trúc Lâm,Nguyên Không Từ Phương,ex:monk/nguyen_khong_tu_phuong,26
Trúc Lâm,Tâm Phật Thiện Siêu,ex:monk/tam_phat_thien_sieu,26
Trúc Lâm,Nguyên Trí Châu Toàn,ex:monk/nguyen_tri_chau_toan,26
Trúc Lâm,Trừng Ninh Diệu Hương,ex:monk/trung_ninh_dieu_huong,26
Trúc Lâm,Thiên Hoàng Đạo Ngộ,ex:monk/thien_hoang_dao_ngo,26
Trúc Lâm,Viên Thành Trừng Thông,ex:monk/vien_thanh_trung_thong,26
Trúc Lâm,Thanh Ninh Tâm Tịnh,ex:monk/thanh_ninh_tam_tinh,26
Trúc Lâm,TT Thích Viên Tịnh,ex:monk/tt_thich_vien_tinh,26
Trúc Lâm,Tâm Thật Thiện Châu,ex:monk/tam_that_thien_chau,26
Trúc Lâm,Thị Huệ Bảo An,ex:monk/thi_hue_bao_an,26
Trúc Lâm,Như Tuyết Lưu Đức,ex:monk/nhu_tuyet_luu_duc,26
Trúc Lâm,Tâm Giải Tương Ưng,ex:monk/tam_giai_tuong_ung,26
Trúc Lâm,Thạch Liêm Đại Sán,ex:monk/thach_liem_dai_san,26
Thuyền Tôn,Tâm Chơn Mật Tín,ex:monk/tam_chon_mat_tin,26
Thuyền Tôn,Thanh Chân Viên Giác,ex:monk/thanh_chan_vien_giac,26
Thuyền Tôn,Trừng Thông Tịnh Khiết,ex:monk/trung_thong_tinh_khiet,26
Thuyền Tôn,Tâm Quang Chánh Pháp,ex:monk/tam_quang_chanh_phap,26
Thuyền Tôn,Ngộ Tánh Phước Huệ,ex:monk/ngo_tanh_phuoc_hue,26
Thuyền Tôn,Thanh Đức Tâm Khoan,ex:monk/thanh_duc_tam_khoan,26
Thuyền Tôn,Trừng Chiếu Từ Mãn,ex:monk/trung_chieu_tu_man,26
Thuyền Tôn,Tâm Như Trí Thủ,ex:monk/tam_nhu_tri_thu,26
Thuyền Tôn,Đạo Nhẫn Tịch Lạc,ex:monk/dao_nhan_tich_lac,26
Thuyền Tôn,Tâm Lượng Từ Mẫn,ex:monk/tam_luong_tu_man,26
Thuyền Tôn,Tế Ân Lưu Quang,ex:monk/te_an_luu_quang,26
Thuyền Tôn,Thiệt Diệu Liễu Quán,ex:monk/thiet_dieu_lieu_quan,26
Thuyền Tôn,Đại Huệ Chiếu Nhiên,ex:monk/dai_hue_chieu_nhien,26
Thuyền Tôn,Tế Nhơn Hữu Bùi,ex:monk/te_nhon_huu_bui,26
Thuyền Tôn,Tế Hiệp Hải Điện,ex:monk/te_hiep_hai_dien,26
Thuyền Tôn,Tế Mẫn Tổ Huấn,ex:monk/te_man_to_huan,26
Thuyền Tôn,Trừng Thủy Giác Nhiên,ex:monk/trung_thuy_giac_nhien,26
Thuyền Tôn,Tâm Thị Thiện Minh,ex:monk/tam_thi_thien_minh,26
Thuyền Tôn,Tâm Tuệ Thiện Giải,ex:monk/tam_tue_thien_giai,26
Thuyền Tôn,TT Tâm Ý Trường Định,ex:monk/tt_tam_y_truong_dinh,26
Thuyền Tôn,Thanh Liêm Tâm Thiền,ex:monk/thanh_liem_tam_thien,26
Thuyền Tôn,Trừng Trì Chí Niệm,ex:monk/trung_tri_chi_niem,26
Thuyền Tôn,Tâm Phổ Thiện Lộc,ex:monk/tam_pho_thien_loc,26
Thuyền Tôn,Tánh Thiện An Cư,ex:monk/tanh_thien_an_cu,26
Thuyền Tôn,Đạo Tâm Trung Hậu,ex:monk/dao_tam_trung_hau,26
Thuyền Tôn,Tâm Hòa Thiên Thái,ex:monk/tam_hoa_thien_thai,26
Ấn Quang,Tâm Như Mật Nguyện,ex:monk/tam_nhu_mat_nguyen,26
Ấn Quang,Đồng Thiện Thiện Ân,ex:monk/dd_dong_thien_thien_an,26
Ấn Quang,ĐĐ Đồng Thiện Thiện Ân,ex:monk/dd_dong_thien_thien_an,26
Ấn Quang,Thị Năng Trí Hữu,ex:monk/thi_nang_tri_huu,26
Ấn Quang,Chơn Ngọc Long Trí,ex:monk/chon_ngoc_long_tri,26
Ấn Quang,Trừng Thông Tịnh Khiết,ex:monk/trung_thong_tinh_khiet,26
Ấn Quang,Chơn Phát Long Tôn,ex:monk/chon_phat_long_ton,26
Ấn Quang,Chơn Ðiền Ðạo Phước,ex:monk/chon_dien_dao_phuoc,26
Ấn Quang,Như Hương Huyền Tâm,ex:monk/nhu_huong_huyen_tam,26
Ấn Quang,Như Kế Huyền Vi,ex:monk/nhu_ke_huyen_vi,26
Ấn Quang,Như Vạn Trí Phước,ex:monk/nhu_van_tri_phuoc,26
Ấn Quang,Chơn Ðiền Ðạo Phước,ex:monk/chon_ien_ao_phuoc,26
Ấn Quang,Tâm Thanh Chơn Nghiêm,ex:monk/tam_thanh_chon_nghiem,26
Ấn Quang,Chơn Quý Khánh Anh,ex:monk/chon_quy_khanh_anh,26
Ấn Quang,Như Quả Hoàn Tuyên,ex:monk/nhu_qua_hoan_tuyen,26
Ấn Quang,Nhựt Bình Trí Tịnh,ex:monk/nhut_binh_tri_tinh,26
Ấn Quang,Tâm Như Trí Thủ,ex:monk/tam_nhu_tri_thu,26
Ấn Quang,Tâm Tuệ Thanh Trí,ex:monk/tam_tue_thanh_tri,26
Ấn Quang,Nguyên Nguyện Tâm Hướng,ex:monk/nguyen_nguyen_tam_huong,26
Ấn Quang,Nguyên Phước Quang Thể,ex:monk/nguyen_phuoc_quang_the,26
Ấn Quang,Tâm Phật Thiện Siêu,ex:monk/tam_phat_thien_sieu,26
Ấn Quang,Tâm Niệm Từ Ý,ex:monk/tam_niem_tu_y,26
Ấn Quang,Thanh Từ,ex:monk/thanh_tu,26
Ấn Quang,Trừng Nguyên Đôn Hậu,ex:monk/trung_nguyen_don_hau,26
Ấn Quang,Phật Tỉnh Từ Nghiêm,ex:monk/phat_tinh_tu_nghiem,26
Ấn Quang,Thị An Phước Bình,ex:monk/thi_an_phuoc_binh,26
Từ Đàm,Tâm Như Mật Nguyện,ex:monk/tam_nhu_mat_nguyen,26
Từ Đàm,ĐĐ Tâm Kiên Chơn Thể,ex:monk/dd_tam_kien_chon_the,26
Từ Đàm,Tâm Nguyện Tiêu Diêu,ex:monk/tam_nguyen_tieu_dieu,26
Từ Đàm,Tâm Quang Đàm Minh,ex:monk/tam_quang_dam_minh,26
Từ Đàm,Như Nhàn Trí Giác,ex:monk/nhu_nhan_tri_giac,26
Từ Đàm,Ngộ Tánh Phước Huệ,ex:monk/ngo_tanh_phuoc_hue,26
Từ Đàm,Chơn An Chánh Liêm,ex:monk/chon_an_chanh_liem,26
Từ Đàm,Hoàng Lầu Diệu Tấn,ex:monk/hoang_lau_dieu_tan,26
Từ Đàm,Nguyên Tánh Đức Tâm,ex:monk/nguyen_tanh_duc_tam,26
Từ Đàm,Tâm Ấn Viên Quang,ex:monk/tam_an_vien_quang,26
Từ Đàm,Nguyên Không Từ Phương,ex:monk/nguyen_khong_tu_phuong,26
Từ Đàm,Nguyên Thiện Đạo Dung,ex:monk/nguyen_thien_dao_dung,26
Từ Đàm,Tâm Phật Thiện Siêu,ex:monk/tam_phat_thien_sieu,26
Từ Đàm,TT Nguyên Chi Hạnh Minh,ex:monk/tt_nguyen_chi_hanh_minh,26
Từ Đàm,Trừng Ninh Diệu Hương,ex:monk/trung_ninh_dieu_huong,26
Từ Đàm,Tâm Nguyệt Thể Yến,ex:monk/tam_nguyet_the_yen,26
Từ Đàm,Trừng Khiết Như Như,ex:monk/trung_khiet_nhu_nhu,26
Từ Đàm,Tâm Tuệ Thiện Giải,ex:monk/tam_tue_thien_giai,26
Từ Đàm,Tâm Lễ Chánh Kiến,ex:monk/tam_le_chanh_kien,26
Từ Đàm,Trừng Trì Chí Niệm,ex:monk/trung_tri_chi_niem,26
Từ Đàm,Nguyên Chánh Minh Bổn,ex:monk/nguyen_chanh_minh_bon,26
Từ Đàm,Tâm Phổ Thiện Lộc,ex:monk/tam_pho_thien_loc,26
Từ Đàm,Tâm Thật Thiện Châu,ex:monk/tam_that_thien_chau,26
Từ Đàm,Tâm Thông Quảng Huệ,ex:monk/tam_thong_quang_hue,26
Từ Đàm,Minh Hoàng Tử Dung,ex:monk/minh_hoang_tu_dung,26
Từ Đàm,Thiệt Vinh Bửu Hạnh,ex:monk/thiet_vinh_buu_hanh,26
Quốc Ân,Như Hán Nguyên Cát,ex:monk/nhu_han_nguyen_cat,25
Quốc Ân,Như Ðăng Trí Ðộ,ex:monk/nhu_ang_tri_o,25
Quốc Ân,Hoàng Cảnh Viên Dung,ex:monk/hoang_canh_vien_dung,25
Quốc Ân,Như Đồng Đắc Quang,ex:monk/nhu_dong_dac_quang,25
Quốc Ân,Hồng Tuyên Từ Thông,ex:monk/hong_tuyen_tu_thong,25
Quốc Ân,Hồng Nam Huyền Không,ex:monk/hong_nam_huyen_khong,25
Quốc Ân,Nhựt Bình Trí Tịnh,ex:monk/nhut_binh_tri_tinh,25
Quốc Ân,Thiên Ân,ex:monk/thien_an,25
Quốc Ân,Nguyên Thiều Thọ Tông,ex:monk/nguyen_thieu_tho_tong,25
Quốc Ân,Thành Đẳng Minh Lượng,ex:monk/thanh_dang_minh_luong,25
Quốc Ân,Minh Vật Nhứt Tri,ex:monk/minh_vat_nhut_tri,25
Quốc Ân,Minh Giác Kỳ Phương,ex:monk/minh_giac_ky_phuong,25
Quốc Ân,Minh Hằng Định Nhiên,ex:monk/minh_hang_dinh_nhien,25
Quốc Ân,Minh Hải Pháp Bảo,ex:monk/minh_hai_phap_bao,25
Quốc Ân,Tổ Đạt Trí Tâm,ex:monk/to_dat_tri_tam,25
Quốc Ân,Tổ Ấn Mật Hoằng,ex:monk/to_an_mat_hoang,25
Quốc Ân,Liễu Thông Huệ Giám,ex:monk/lieu_thong_hue_giam,25
Quốc Ân,Liễu Triệt Từ Minh,ex:monk/lieu_triet_tu_minh,25
Quốc Ân,Tế Chánh Bổn Giác,ex:monk/te_chanh_bon_giac,25
Quốc Ân,Liễu Kiến Từ Hòa,ex:monk/lieu_kien_tu_hoa,25
Quốc Ân,Trừng Huệ Giác Viên,ex:monk/trung_hue_giac_vien,25
Quốc Ân,Phật Tỉnh Từ Nghiêm,ex:monk/phat_tinh_tu_nghiem,25
Quốc Ân,Thiệt Thành Liễu Đạt,ex:monk/thiet_thanh_lieu_dat,25
Quốc Ân,Trừng Tuệ Chí Mậu,ex:monk/trung_tue_chi_mau,25
Quốc Ân,Thiệt Tánh Trí Hải,ex:monk/thiet_tanh_tri_hai,25
Pháp Bảo,Đồng Điểm Minh Thành,ex:monk/dong_diem_minh_thanh,25
Pháp Bảo,Thị Châu Minh Nghĩa,ex:monk/thi_chau_minh_nghia,25
Pháp Bảo,Thị Khoa Hạnh Lễ,ex:monk/thi_khoa_hanh_le,25
Pháp Bảo,Thích Đương Dung,ex:monk/chon_bang_hue_lien,25
Pháp Bảo,Chơn Bàng Huệ Liên,ex:monk/chon_bang_hue_lien,25
Pháp Bảo,Chơn Kim Bửu Liên,ex:monk/chon_kim_buu_lien,25
Pháp Bảo,Như Tâm Phước Như,ex:monk/nhu_tam_phuoc_nhu,25
Pháp Bảo,Thị Hữu Giác Quang,ex:monk/thi_huu_giac_quang,25
Pháp Bảo,Thị Uẩn Thuần Phong,ex:monk/thi_uan_thuan_phong,25
Pháp Bảo,Thị Trực Bửu Nghĩa,ex:monk/thi_truc_buu_nghia,25
Pháp Bảo,Thị Lợi Hạnh Lộc,ex:monk/thi_loi_hanh_loc,25
Pháp Bảo,Thị Sa Phước Huệ,ex:monk/thi_sa_phuoc_hue,25
Pháp Bảo,Thị Quang Đạt Ngộ,ex:monk/thi_quang_dat_ngo,25
Pháp Bảo,Thị Trung Hạnh Trực,ex:monk/thi_trung_hanh_truc,25
Pháp Bảo,Thị Châu  Quang Thanh,ex:monk/thi_chau_quang_thanh,25
Pháp Bảo,Thị Châu Quang Thanh,ex:monk/thi_chau_quang_thanh,25
Pháp Bảo,Thị Tư Hạnh Phước,ex:monk/thi_tu_hanh_phuoc,25
Pháp Bảo,Thị Mẫn Quang Phúc,ex:monk/thi_man_quang_phuc,25
Pháp Bảo,Thị Tiết Hạnh Phong,ex:monk/thi_tiet_hanh_phong,25
Pháp Bảo,Thị Nguyên Phước Huệ,ex:monk/thi_nguyen_phuoc_hue,25
Pháp Bảo,Thị Nguyện Thanh Quang,ex:monk/thi_nguyen_thanh_quang,25
Pháp Bảo,Thị Nhật Hạnh Đạt,ex:monk/thi_nhat_hanh_dat,25
Pháp Bảo,Thị Tân  Huệ Từ,ex:monk/thi_tan_hue_tu,25
Pháp Bảo,Thị Thiện Đoan Nghiêm,ex:monk/thi_thien_doan_nghiem,25
Pháp Bảo,Thị Xuất Giác Huệ,ex:monk/thi_xuat_giac_hue,25
tổ đình,Như Nhàn Trí Giác,ex:monk/nhu_nhan_tri_giac,25
tổ đình,Ấn Bổn Vĩnh Gia,ex:monk/an_bon_vinh_gia,25
tổ đình,Chơn Thọ Hoằng Niệm,ex:monk/chon_tho_hoang_niem,25
tổ đình,Ấn Thanh Chí Thành,ex:monk/an_thanh_chi_thanh,25
tổ đình,Ấn Nghiêm Phổ Thoại,ex:monk/an_nghiem_pho_thoai,25
tổ đình,Chơn Giác Long Hải,ex:monk/chon_giac_long_hai,25
tổ đình,Như Truyện Trí Nhãn,ex:monk/nhu_truyen_tri_nhan,25
tổ đình,Chơn Trừng Đạo Thanh,ex:monk/chon_trung_dao_thanh,25
tổ đình,Như Bút Tánh Châu,ex:monk/nhu_but_tanh_chau,25
tổ đình,Như Thông Huyền Ấn,ex:monk/nhu_thong_huyen_an,25
tổ đình,Hồng Xứng Thiện Quang,ex:monk/hong_xung_thien_quang,25
tổ đình,Tâm Như Trí Thủ,ex:monk/tam_nhu_tri_thu,25
tổ đình,Nguyên Minh Đức Thiệu,ex:monk/nguyen_minh_duc_thieu,25
tổ đình,Tâm Phật Thiện Siêu,ex:monk/tam_phat_thien_sieu,25
tổ đình,Toàn Đức Hoằng Tông,ex:monk/toan_duc_hoang_tong,25
tổ đình,Thành Đẳng Minh Lượng,ex:monk/thanh_dang_minh_luong,25
tổ đình,Tâm Lượng Từ Mẫn,ex:monk/tam_luong_tu_man,25
tổ đình,Tế Hiển Bửu Dương,ex:monk/te_hien_buu_duong,25
tổ đình,Pháp Thân Đạo Minh,ex:monk/phap_than_dao_minh,25
tổ đình,Đại Bửu Kim Cang,ex:monk/dai_buu_kim_cang,25
tổ đình,Nguyên Tuệ Diệu Định,ex:monk/nguyen_tue_dieu_dinh,25
tổ đình,Phật Tỉnh Từ Nghiêm,ex:monk/phat_tinh_tu_nghiem,25
tổ đình,Toàn Ðịnh Bảo Tạng,ex:monk/toan_dinh_bao_tang,25
tổ đình,Minh Phương Chơn Hương,ex:monk/minh_phuong_chon_huong,25
tổ đình,Thị Huệ Bảo An,ex:monk/thi_hue_bao_an,25
giới đàn,Chơn Nhẫn Phước Điền,ex:monk/chon_nhan_phuoc_dien,25
giới đàn,Chơn Nhẫn Phước Điền,ex:monk/chon_nhan_phuoc_dien,25
giới đàn,Chơn Bổn Phước Khánh,ex:monk/chon_bon_phuoc_khanh,25
giới đàn,Chơn Bổn  Phước Khánh,ex:monk/chon_bon_phuoc_khanh,25
giới đàn,Như Thanh Phước Lộc,ex:monk/nhu_thanh_phuoc_loc,25
giới đàn,Như Thiện Phước Đạt,ex:monk/nhu_thien_phuoc_dat,25
giới đàn,Như Diệu Viên Như,ex:monk/nhu_dieu_vien_nhu,25
giới đàn,Như Thông Tôn Nguyên,ex:monk/nhu_thong_ton_nguyen,25
giới đàn,Như Phẩm Chủng Quang,ex:monk/nhu_pham_chung_quang,25
giới đàn,Như Nhiệm Giải Tánh,ex:monk/nhu_nhiem_giai_tanh,25
giới đàn,Chơn Tập Phước Hải,ex:monk/chon_tap_phuoc_hai,25
giới đàn,Đồng An Bảo Lạc,ex:monk/dong_an_bao_lac,25
giới đàn,Đồng Chơn Long Hưng,ex:monk/dong_chon_long_hung,25
giới đàn,Đồng Đạt Thanh An,ex:monk/dong_dat_thanh_an,25
giới đàn,Đồng Giác Giác Minh,ex:monk/dong_giac_giac_minh,25
giới đàn,Đồng Giác Tịnh Giác,ex:monk/dong_giac_tinh_giac,25
giới đàn,Đồng Mẫn Huệ Tánh,ex:monk/dong_man_hue_tanh,25
giới đàn,Đồng Nguyện Bảo Tịnh,ex:monk/dong_nguyen_bao_tinh,25
giới đàn,Như Thọ Bửu Lâm,ex:monk/nhu_tho_buu_lam,25
giới đàn,Như Hiến Huệ Hựu,ex:monk/nhu_hien_hue_huu,25
giới đàn,Như Khanh Huệ Tiên,ex:monk/nhu_khanh_hue_tien,25
giới đàn,Như Lâm Minh Trí,ex:monk/nhu_lam_minh_tri,25
giới đàn,Như Thạnh  Huệ Châu,ex:monk/nhu_thanh_hue_chau,25
giới đàn,Như Thị Huệ Oai,ex:monk/nhu_thi_hue_oai,25
giới đàn,Thị Hải Chánh Niệm,ex:monk/thi_hai_chanh_niem,25
các chùa,Cư Sĩ Tâm Hòa Trương Xướng,ex:monk/cu_si_tam_hoa_truong_xuong,24
các chùa,Trừng Dàn Bích Không,ex:monk/trung_dan_bich_khong,24
các chùa,Như Quả Hoàn Tuyên,ex:monk/nhu_qua_hoan_tuyen,24
các chùa,Ðồng Kỉnh Tín Quả,ex:monk/ong_kinh_tin_qua,24
các chùa,Pháp Kiêm Minh Giác,ex:monk/phap_kiem_minh_giac,24
các chùa,Nguyên Thiều Thọ Tông,ex:monk/nguyen_thieu_tho_tong,24
các chùa,Thành Đẳng Minh Lượng,ex:monk/thanh_dang_minh_luong,24
các chùa,Trừng Khiết Như Như,ex:monk/trung_khiet_nhu_nhu,24
các chùa,Trừng Nguyên Đôn Hậu,ex:monk/trung_nguyen_don_hau,24
các chùa,Tâm Ðăng Chơn Như,ex:monk/tam_ang_chon_nhu,24
các chùa,Tỳ Ni Đa Lưu Chi,ex:monk/ty_ni_da_luu_chi,24
các chùa,Thiệt Uyên Chí Bảo,ex:monk/thiet_luong,24
các chùa,Thiệt Lương,ex:monk/thiet_luong,24
các chùa,Phật Tuyết Tường Quang,ex:monk/phat_tuyet_tuong_quang,24
các chùa,Phật Tỉnh Từ Nghiêm,ex:monk/phat_tinh_tu_nghiem,24
các chùa,Tông Diễn Chân Dung,ex:monk/tong_dien_chan_dung,24
các chùa,Tiên Giác Hải Tịnh,ex:monk/tien_giac_hai_tinh,24
các chùa,Tâm Hòa Thiên Thái,ex:monk/tam_hoa_thien_thai,24
các chùa,Hải Chánh Bảo Thanh,ex:monk/hai_chanh_bao_thanh,24
các chùa,Tánh Thông Giác Ngộ,ex:monk/tanh_thong_giac_ngo,24
các chùa,Thị Lạc Hưng Từ,ex:monk/thi_lac_hung_tu,24
các chùa,Thạch Liêm Đại Sán,ex:monk/thach_liem_dai_san,24
các chùa,Tiên Đề Chơn Phẩm,ex:monk/tien_de_chon_pham,24
các chùa,Tiên Thường Viên Trừng,ex:monk/tien_thuong_vien_trung,24
Chúc Thánh,Chơn Chứng Thiện Quả,ex:monk/chon_chung_thien_qua,23
Chúc Thánh,Như Huệ Trí Thông,ex:monk/nhu_hue_tri_thong,23
Chúc Thánh,Như Quang Trí Minh,ex:monk/nhu_quang_tri_minh,23
Chúc Thánh,Như Nhàn Trí Giác,ex:monk/nhu_nhan_tri_giac,23
Chúc Thánh,Ấn Bính Phổ Bảo,ex:monk/an_binh_pho_bao,23
Chúc Thánh,Ấn Thanh Chí Thành,ex:monk/an_thanh_chi_thanh,23
Chúc Thánh,Chơn Chánh Pháp Tạng,ex:monk/chon_chanh_phap_tang,23
Chúc Thánh,Ấn Lãnh Hoằng Thạc,ex:monk/an_lanh_hoang_thac,23
Chúc Thánh,Ấn Nghiêm Phổ Thoại,ex:monk/an_nghiem_pho_thoai,23
Chúc Thánh,Như Vạn Trí Phước,ex:monk/nhu_van_tri_phuoc,23
Chúc Thánh,Như Truyện Trí Nhãn,ex:monk/nhu_truyen_tri_nhan,23
Chúc Thánh,Toàn Nhâm Quán Thông,ex:monk/toan_nham_quan_thong,23
Chúc Thánh,Nguyên Thiều Thọ Tông,ex:monk/nguyen_thieu_tho_tong,23
Chúc Thánh,Minh Hải Pháp Bảo,ex:monk/minh_hai_phap_bao,23
Chúc Thánh,Tâm Hồng Từ Hương,ex:monk/tam_hong_tu_huong,23
Chúc Thánh,Thiệt Dinh Ân Triêm,ex:monk/thiet_dinh_an_triem,23
Chúc Thánh,Thiệt Úy Khánh Vân,ex:monk/thiet_uy_khanh_van,23
Chúc Thánh,Thiệt Uyên Chí Bảo,ex:monk/thiet_uyen_chi_bao,23
Chúc Thánh,Thiệt Uyên Chí Bảo,ex:monk/thiet_luong,23
Chúc Thánh,Thiệt Lương,ex:monk/thiet_luong,23
Chúc Thánh,Thị Huệ Bảo An,ex:monk/thi_hue_bao_an,23
Chúc Thánh,Minh Hoàng Tử Dung,ex:monk/minh_hoang_tu_dung,23
Chúc Thánh,Tiên Thường Viên Trừng,ex:monk/tien_thuong_vien_trung,23
các tỉnh,Tâm Như Mật Nguyện,ex:monk/tam_nhu_mat_nguyen,22
các tỉnh,Tâm Thanh Tịch Tràng,ex:monk/tam_thanh_tich_trang,22
các tỉnh,Thị Năng Trí Hữu,ex:monk/thi_nang_tri_huu,22
các tỉnh,Chơn Chứng Thiện Quả,ex:monk/chon_chung_thien_qua,22
các tỉnh,Chơn Giác Long Hải,ex:monk/chon_giac_long_hai,22
các tỉnh,Như Ðiền Huệ Chấn,ex:monk/nhu_dien_hue_chan,22
các tỉnh,Như Tiến Quảng Hưng,ex:monk/nhu_tien_quang_hung,22
các tỉnh,Ðồng Kỉnh Tín Quả,ex:monk/ong_kinh_tin_qua,22
các tỉnh,Như Hiền Chí Thiền,ex:monk/nhu_hien_chi_thien,22
các tỉnh,Như Phụng Thiện Trì,ex:monk/nhu_phung_thien_tri,22
các tỉnh,Nguyên Minh Đức Thiệu,ex:monk/nguyen_minh_duc_thieu,22
các tỉnh,TT Nguyên Hồng Từ Phong,ex:monk/tt_nguyen_hong_tu_phong,22
các tỉnh,Nguyên Tuyết Như Ý,ex:monk/nguyen_tuyet_nhu_y,22
các tỉnh,Minh Hải Pháp Bảo,ex:monk/minh_hai_phap_bao,22
các tỉnh,Tâm Hồng Từ Hương,ex:monk/tam_hong_tu_huong,22
các tỉnh,Tế Nhơn Hữu Bùi,ex:monk/te_nhon_huu_bui,22
các tỉnh,Tâm Thị Thiện Minh,ex:monk/tam_thi_thien_minh,22
các tỉnh,Trừng Liên Quang Diệp,ex:monk/trung_lien_quang_diep,22
các tỉnh,Tiên Giác Hải Tịnh,ex:monk/tien_giac_hai_tinh,22
các tỉnh,Thị Lạc Hưng Từ,ex:monk/thi_lac_hung_tu,22
các tỉnh,Hạnh Đạo Chủng Hoa,ex:monk/hanh_dao_chung_hoa,22
các tỉnh,Như Ðiền Huệ Chấn,ex:monk/nhu_ien_hue_chan,22
về chùa,Tâm Hương Mật Hiển,ex:monk/tam_huong_mat_hien,22
về chùa,Thanh Tú Huệ Pháp,ex:monk/thanh_tu_hue_phap,22
về chùa,Thanh Trí Hải Luận,ex:monk/thanh_tri_hai_luan,22
về chùa,Đồng Trí Bảo Huệ,ex:monk/dong_tri_bao_hue,22
về chùa,Trừng Thông Tịnh Khiết,ex:monk/trung_thong_tinh_khiet,22
về chùa,Tâm Quang Chánh Pháp,ex:monk/tam_quang_chanh_phap,22
về chùa,Chơn Giám Trí Hải,ex:monk/chon_giam_tri_hai,22
về chùa,Chân Đạo Bích Phong,ex:monk/chan_dao_bich_phong,22
về chùa,Trừng Gia Hưng Mãn,ex:monk/trung_gia_hung_man,22
về chùa,Tâm Ấn Viên Quang,ex:monk/tam_an_vien_quang,22
về chùa,Tâm Hồng Từ Hương,ex:monk/tam_hong_tu_huong,22
về chùa,Trừng Nguyên Đôn Hậu,ex:monk/trung_nguyen_don_hau,22
về chùa,Tỳ Ni Đa Lưu Chi,ex:monk/ty_ni_da_luu_chi,22
về chùa,Đại Bửu Kim Cang,ex:monk/dai_buu_kim_cang,22
về chùa,TT Thích Viên Tịnh,ex:monk/tt_thich_vien_tinh,22
về chùa,Trừng Nguyên Chơn Như,ex:monk/trung_nguyen_chon_nhu,22
về chùa,Toàn Ðịnh Bảo Tạng,ex:monk/toan_dinh_bao_tang,22
về chùa,Tông Diễn Chân Dung,ex:monk/tong_dien_chan_dung,22
về chùa,Tâm Thông Quảng Huệ,ex:monk/tam_thong_quang_hue,22
về chùa,Đại Thông Chánh Niệm,ex:monk/dai_thong_chanh_niem,22
về chùa,Bảo Chân,ex:monk/bao_chan,22
về chùa,Thạch Liêm Đại Sán,ex:monk/thach_liem_dai_san,22
Thiên Hưng,Trừng Thành Giác Tiên,ex:monk/trung_thanh_giac_tien,21
Thiên Hưng,Thanh Tú Huệ Pháp,ex:monk/thanh_tu_hue_phap,21
Thiên Hưng,Thanh Linh Diên Trường,ex:monk/thanh_linh_dien_truong,21
Thiên Hưng,Thanh Lương Hồng Tịnh,ex:monk/thanh_luong_hong_tinh,21
Thiên Hưng,Trừng Thông Tịnh Khiết,ex:monk/trung_thong_tinh_khiet,21
Thiên Hưng,Chơn Cảnh Trí Thắng,ex:monk/chon_canh_tri_thang,21
Thiên Hưng,Ấn Bổn Vĩnh Gia,ex:monk/an_bon_vinh_gia,21
Thiên Hưng,Như Thọ Huyền Tân,ex:monk/nhu_tho_huyen_tan,21
Thiên Hưng,Như Hương Huyền Tâm,ex:monk/nhu_huong_huyen_tam,21
Thiên Hưng,Như Hạnh Huyền Thâm,ex:monk/nhu_hanh_huyen_tham,21
Thiên Hưng,Như Kế Huyền Vi,ex:monk/nhu_ke_huyen_vi,21
Thiên Hưng,Tâm Ấn Viên Quang,ex:monk/tam_an_vien_quang,21
Thiên Hưng,Trừng Hương Tịnh Hạnh,ex:monk/trung_huong_tinh_hanh,21
Thiên Hưng,Thị Khai Ðỗng Minh,ex:monk/thi_khai_ong_minh,21
Thiên Hưng,Viên Thành Trừng Thông,ex:monk/vien_thanh_trung_thong,21
Thiên Hưng,Liễu Đạo Chí Tân,ex:monk/lieu_dao_chi_tan,21
Thiên Hưng,Trừng Thủy Giác Nhiên,ex:monk/trung_thuy_giac_nhien,21
Thiên Hưng,Đạo Minh Phổ Tịnh,ex:monk/dao_minh_pho_tinh,21
Thiên Hưng,Trừng Nguyên Chơn Như,ex:monk/trung_nguyen_chon_nhu,21
Thiên Hưng,Trừng Thành Hướng Đạo,ex:monk/trung_thanh_huong_dao,21
Thiên Hưng,Khoan Dực Thanh Lãng,ex:monk/khoan_duc_thanh_lang,21
Sài Gòn,Tâm Như Mật Nguyện,ex:monk/tam_nhu_mat_nguyen,21
Sài Gòn,Trừng Diên Diệu Huệ,ex:monk/trung_dien_dieu_hue,21
Sài Gòn,Chơn Ngọc Long Trí,ex:monk/chon_ngoc_long_tri,21
Sài Gòn,Tâm Thành Chơn Thức,ex:monk/tam_thanh_chon_thuc,21
Sài Gòn,Tâm Thanh Chơn Hiền,ex:monk/tam_thanh_chon_hien,21
Sài Gòn,Như Quang Trí Minh,ex:monk/nhu_quang_tri_minh,21
Sài Gòn,Tâm Thanh Chơn Nghiêm,ex:monk/tam_thanh_chon_nghiem,21
Sài Gòn,Như Thông Huyền Ngộ,ex:monk/nhu_thong_huyen_ngo,21
Sài Gòn,Như Hường Thọ Minh,ex:monk/nhu_huong_tho_minh,21
Sài Gòn,Như Hiền Chí Thiền,ex:monk/nhu_hien_chi_thien,21
Sài Gòn,Hoàng Lầu Diệu Tấn,ex:monk/hoang_lau_dieu_tan,21
Sài Gòn,Nguyên Giác Quang Phú,ex:monk/nguyen_giac_quang_phu,21
Sài Gòn,Tâm Cảnh Giác Hạnh,ex:monk/tam_canh_giac_hanh,21
Sài Gòn,Tâm Thái Thiện Trí,ex:monk/tam_thai_thien_tri,21
Sài Gòn,Nguyên Trí Châu Toàn,ex:monk/nguyen_tri_chau_toan,21
Sài Gòn,Tâm Đạo Thanh Quang,ex:monk/tam_dao_thanh_quang,21
Sài Gòn,Tâm Hồng Từ Hương,ex:monk/tam_hong_tu_huong,21
Sài Gòn,TT Tâm Ý Trường Định,ex:monk/tt_tam_y_truong_dinh,21
Sài Gòn,Toàn Ðịnh Bảo Tạng,ex:monk/toan_dinh_bao_tang,21
Sài Gòn,Tâm Hòa Thiên Thái,ex:monk/tam_hoa_thien_thai,21
Sài Gòn,Bảo Chân,ex:monk/bao_chan,21
này,Tâm Thanh Tịch Tràng,ex:monk/tam_thanh_tich_trang,21
này,Hải Thiệu Cương Kỷ,ex:monk/hai_thieu_cuong_ky,21
này,Thanh Tú Huệ Pháp,ex:monk/thanh_tu_hue_phap,21
này,Như Nhàn Trí Giác,ex:monk/nhu_nhan_tri_giac,21
này,Hồng Tòng Phổ Quảng,ex:monk/hong_tong_pho_quang,21
này,Nguyên Tánh Đức Tâm,ex:monk/nguyen_tanh_duc_tam,21
này,Tâm Cảnh Giác Hạnh,ex:monk/tam_canh_giac_hanh,21
này,Thành Đẳng Minh Lượng,ex:monk/thanh_dang_minh_luong,21
này,Tổ Ấn Mật Hoằng,ex:monk/to_an_mat_hoang,21
này,Quang Lư Như Như,ex:monk/quang_lu_nhu_nhu,21
này,Thiệt Diệu Liễu Quán,ex:monk/thiet_dieu_lieu_quan,21
này,Thanh Ninh Tâm Tịnh,ex:monk/thanh_ninh_tam_tinh,21
này,Trừng Thủy Giác Nhiên,ex:monk/trung_thuy_giac_nhien,21
này,Tỳ Ni Đa Lưu Chi,ex:monk/ty_ni_da_luu_chi,21
này,Thiệt Thành Liễu Đạt,ex:monk/thiet_thanh_lieu_dat,21
này,Tâm Lễ Chánh Kiến,ex:monk/tam_le_chanh_kien,21
này,Tiên Giác Hải Tịnh,ex:monk/tien_giac_hai_tinh,21
này,Tánh Thông Giác Ngộ,ex:monk/tanh_thong_giac_ngo,21
này,Từ Sơn Hành Nhất,ex:monk/tu_son_hanh_nhat,21
này,Thạch Liêm Đại Sán,ex:monk/thach_liem_dai_san,21
này,Tiên Thường Viên Trừng,ex:monk/tien_thuong_vien_trung,21
Thiên Ấn,Thanh Chân Viên Giác,ex:monk/thanh_chan_vien_giac,20
Thiên Ấn,Thanh Trí Hải Luận,ex:monk/thanh_tri_hai_luan,20
Thiên Ấn,Chương Khước Giác Tánh,ex:monk/chuong_khuoc_giac_tanh,20
Thiên Ấn,Ấn Tham Hoằng Phúc,ex:monk/an_tham_hoang_phuc,20
Thiên Ấn,Ấn Kim Hoằng Tịnh,ex:monk/an_kim_hoang_tinh,20
Thiên Ấn,Ấn Lãnh Hoằng Thạc,ex:monk/an_lanh_hoang_thac,20
Thiên Ấn,Chương Nhẫn Từ Nhân,ex:monk/chuong_nhan_tu_nhan,20
Thiên Ấn,Chơn Sử Khánh Tín,ex:monk/chon_su_khanh_tin,20
Thiên Ấn,Chơn Miên Trí Hưng,ex:monk/chon_mien_tri_hung,20
Thiên Ấn,Chơn Trung Diệu Quang,ex:monk/chon_trung_dieu_quang,20
Thiên Ấn,Chơn Phước Huệ Pháp,ex:monk/chon_phuoc_hue_phap,20
Thiên Ấn,Như Chánh Huyền Tấn,ex:monk/nhu_chanh_huyen_tan,20
Thiên Ấn,Trí Thuyên,ex:monk/tri_thuyen,20
Thiên Ấn,Thanh Thái Phước Chỉ,ex:monk/thanh_thai_phuoc_chi,20
Thiên Ấn,Toàn Chiếu Bảo Ấn,ex:monk/toan_chieu_bao_an,20
Thiên Ấn,Minh Hải Pháp Bảo,ex:monk/minh_hai_phap_bao,20
Thiên Ấn,Thiệt Úy Khánh Vân,ex:monk/thiet_uy_khanh_van,20
Thiên Ấn,Phật Tuyết Tường Quang,ex:monk/phat_tuyet_tuong_quang,20
Thiên Ấn,Pháp Chuyên Diệu Nghiêm,ex:monk/phap_chuyen_dieu_nghiem,20
Thiên Ấn,Toàn Ðịnh Bảo Tạng,ex:monk/toan_dinh_bao_tang,20
Thiên Mụ,Thanh Trí Hải Luận,ex:monk/thanh_tri_hai_luan,20
Thiên Mụ,Pháp Kiêm Minh Giác,ex:monk/phap_kiem_minh_giac,20
Thiên Mụ,Minh Hải Pháp Bảo,ex:monk/minh_hai_phap_bao,20
Thiên Mụ,Phật Ý Linh Nhạc,ex:monk/phat_y_linh_nhac,20
Thiên Mụ,Tổ Ấn Mật Hoằng,ex:monk/to_an_mat_hoang,20
Thiên Mụ,Tế Chánh Bổn Giác,ex:monk/te_chanh_bon_giac,20
Thiên Mụ,Tâm Trực Giới Hương,ex:monk/tam_truc_gioi_huong,20
Thiên Mụ,Tánh Thông Nhất Trí,ex:monk/tanh_thong_nhat_tri,20
Thiên Mụ,Tánh Thiên Nhất Định,ex:monk/tanh_thien_nhat_dinh,20
Thiên Mụ,Tánh Hoạt Huệ Cảnh,ex:monk/tanh_hoat_hue_canh,20
Thiên Mụ,Như Thuật Tâm Minh,ex:monk/nhu_thuat_tam_minh,20
Thiên Mụ,Thiệt Thành Liễu Đạt,ex:monk/thiet_thanh_lieu_dat,20
Thiên Mụ,Tế Bổn Viên Thường,ex:monk/te_bon_vien_thuong,20
Thiên Mụ,Pháp Chuyên Diệu Nghiêm,ex:monk/phap_chuyen_dieu_nghiem,20
Thiên Mụ,Tiên Giác Hải Tịnh,ex:monk/tien_giac_hai_tinh,20
Thiên Mụ,Hải Nhu Tín Nhậm,ex:monk/hai_nhu_tin_nham,20
Thiên Mụ,Thạch Liêm Đại Sán,ex:monk/thach_liem_dai_san,20
Thiên Mụ,Minh Hoàng Tử Dung,ex:monk/minh_hoang_tu_dung,20
Thiên Mụ,Tiên Đề Chơn Phẩm,ex:monk/tien_de_chon_pham,20
Thiên Mụ,Tiên Thường Viên Trừng,ex:monk/tien_thuong_vien_trung,20
Viên Thông,Như Quang Trí Minh,ex:monk/nhu_quang_tri_minh,20
Viên Thông,Chơn Kim Pháp Lâm,ex:monk/chon_kim_phap_lam,20
Viên Thông,Như Thừa Hoằng Nguyện,ex:monk/nhu_thua_hoang_nguyen,20
Viên Thông,Không Hoa Huệ Chiếu,ex:monk/khong_hoa_hue_chieu,20
Viên Thông,Thị Bình Diệu Khai,ex:monk/thi_binh_dieu_khai,20
Viên Thông,Ðồng Chơn Thông Niệm,ex:monk/ong_chon_thong_niem,20
Viên Thông,Đồng An Diệu Trí,ex:monk/dong_an_dieu_tri,20
Viên Thông,Tâm Đạo Thanh Quang,ex:monk/tam_dao_thanh_quang,20
Viên Thông,Nguyên Thiều Thọ Tông,ex:monk/nguyen_thieu_tho_tong,20
Viên Thông,Đầu Tử Nghĩa Thanh,ex:monk/dau_tu_nghia_thanh,20
Viên Thông,Hoằng Trí Chánh Giác,ex:monk/hoang_tri_chanh_giac,20
Viên Thông,Thanh Ninh Tâm Truyền,ex:monk/thanh_ninh_tam_truyen,20
Viên Thông,Trừng Khiết Như Như,ex:monk/trung_khiet_nhu_nhu,20
Viên Thông,Tuyết Đậu Ðại Chứng,ex:monk/tuyet_dau_ai_chung,20
Viên Thông,Thiệt Diệu Liễu Quán,ex:monk/thiet_dieu_lieu_quan,20
Viên Thông,Tế Phổ Viên Trì,ex:monk/te_pho_vien_tri,20
Viên Thông,Đạo Thiện Quang Tuấn,ex:monk/dao_thien_quang_tuan,20
Viên Thông,Viên Thông Ðức Chỉ,ex:monk/vien_thong_uc_chi,20
Viên Thông,Minh Hoàng Tử Dung,ex:monk/minh_hoang_tu_dung,20
Viên Thông,Thị Nguyên Phước Huệ,ex:monk/thi_nguyen_phuoc_hue,20
Quảng Nam,Thanh Linh Diên Trường,ex:monk/thanh_linh_dien_truong,19
Quảng Nam,Thị Năng Trí Hữu,ex:monk/thi_nang_tri_huu,19
Quảng Nam,Chơn Chứng Thiện Quả,ex:monk/chon_chung_thien_qua,19
Quảng Nam,Như Quang Trí Minh,ex:monk/nhu_quang_tri_minh,19
Quảng Nam,Ấn Lan Từ Trí,ex:monk/an_lan_tu_tri,19
Quảng Nam,Chơn Tá Tôn Bảo,ex:monk/chon_ta_ton_bao,19
Quảng Nam,Chơn Cảnh Huệ Duyệt,ex:monk/chon_canh_hue_duyet,19
Quảng Nam,Tâm Thanh Chơn Nghiêm,ex:monk/tam_thanh_chon_nghiem,19
Quảng Nam,Như Hường Thọ Minh,ex:monk/nhu_huong_tho_minh,19
Quảng Nam,Ðồng Chơn Thông Niệm,ex:monk/ong_chon_thong_niem,19
Quảng Nam,Nguyên Phước Quang Thể,ex:monk/nguyen_phuoc_quang_the,19
Quảng Nam,Toàn Nhâm Quán Thông,ex:monk/toan_nham_quan_thong,19
Quảng Nam,Toàn Đức Hoằng Tông,ex:monk/toan_duc_hoang_tong,19
Quảng Nam,Nguyên Thiều Thọ Tông,ex:monk/nguyen_thieu_tho_tong,19
Quảng Nam,Thành Đẳng Minh Lượng,ex:monk/thanh_dang_minh_luong,19
Quảng Nam,Minh Hải Pháp Bảo,ex:monk/minh_hai_phap_bao,19
Quảng Nam,Trừng Kệ Tôn Thắng,ex:monk/trung_ke_ton_thang,19
Quảng Nam,Như Hải Huệ Đức,ex:monk/nhu_hai_hue_duc,19
Quảng Nam,Như Hải Huệ Đức,ex:monk/nhu_hai_hue_duc,19
chùa,Chơn Ngọc Long Trí,ex:monk/chon_ngoc_long_tri,19
chùa,Tâm Quang Chánh Pháp,ex:monk/tam_quang_chanh_phap,19
chùa,Ấn Lan Từ Trí,ex:monk/an_lan_tu_tri,19
chùa,Chơn Tá Tôn Bảo,ex:monk/chon_ta_ton_bao,19
chùa,Chơn Cảnh Huệ Duyệt,ex:monk/chon_canh_hue_duyet,19
chùa,Như Tiến Quảng Hưng,ex:monk/nhu_tien_quang_hung,19
chùa,TT Nguyên Minh Minh Đức,ex:monk/tt_nguyen_minh_minh_duc,19
chùa,Nguyên Minh Phước Thành,ex:monk/nguyen_minh_phuoc_thanh,19
chùa,Phật Ý Linh Nhạc,ex:monk/phat_y_linh_nhac,19
chùa,Tâm Hồng Từ Hương,ex:monk/tam_hong_tu_huong,19
chùa,Phật Tuyết Tường Quang,ex:monk/phat_tuyet_tuong_quang,19
chùa,Trừng Tuệ Chí Mậu,ex:monk/trung_tue_chi_mau,19
chùa,Toàn Ðịnh Bảo Tạng,ex:monk/toan_dinh_bao_tang,19
chùa,Minh Phương Chơn Hương,ex:monk/minh_phuong_chon_huong,19
chùa,TT Nguyên Cát Thiện Tường,ex:monk/tt_nguyen_cat_thien_tuong,19
chùa,Đạo Tâm Trung Hậu,ex:monk/dao_tam_trung_hau,19
chùa,Từ Sơn Hành Nhất,ex:monk/tu_son_hanh_nhat,19
chùa,Thạch Liêm Đại Sán,ex:monk/thach_liem_dai_san,19
chùa,Tiên Thường Viên Trừng,ex:monk/tien_thuong_vien_trung,19
Phước Sơn,Ấn Thanh Chí Thành,ex:monk/an_thanh_chi_thanh,19
Phước Sơn,Chơn Chánh Pháp Tạng,ex:monk/chon_chanh_phap_tang,19
Phước Sơn,Ấn Hướng Pháp Nhãn,ex:monk/an_huong_phap_nhan,19
Phước Sơn,Chơn Miên Trí Hưng,ex:monk/chon_mien_tri_hung,19
Phước Sơn,Ấn Thiên Huệ Nhãn,ex:monk/an_thien_hue_nhan,19
Phước Sơn,Chương Từ Quảng Thiện,ex:monk/chuong_tu_quang_thien,19
Phước Sơn,Chơn Hương Chí Bảo,ex:monk/chon_huong_chi_bao,19
Phước Sơn,Như Ðắc Thiền Phương,ex:monk/nhu_ac_thien_phuong,19
Phước Sơn,Như Huệ Thiền Tâm,ex:monk/nhu_hue_thien_tam,19
Phước Sơn,Không Hoa Huệ Chiếu,ex:monk/khong_hoa_hue_chieu,19
Phước Sơn,Như Bình Huyền Tịnh,ex:monk/nhu_binh_huyen_tinh,19
Phước Sơn,Hồng Tòng Phổ Quảng,ex:monk/hong_tong_pho_quang,19
Phước Sơn,Pháp Chuyên Diệu Nghiêm,ex:monk/phap_chuyen_dieu_nghiem,19
Phước Sơn,Thị An Phước Bình,ex:monk/thi_an_phuoc_binh,19
Phước Sơn,Thị Niệm Phước Ninh,ex:monk/thi_niem_phuoc_ninh,19
Phước Sơn,Thị Tín Phước Trí,ex:monk/thi_tin_phuoc_tri,19
Phước Sơn,Tánh Thông Giác Ngộ,ex:monk/tanh_thong_giac_ngo,19
Phước Sơn,TT Ðồng Viên Viên Ðức,ex:monk/tt_ong_vien_vien_uc,19
Phước Sơn,Tiên Thường Viên Trừng,ex:monk/tien_thuong_vien_trung,19
chùa Ấn,Tâm Như Mật Nguyện,ex:monk/tam_nhu_mat_nguyen,18
chùa Ấn,Đồng Thiện Thiện Ân,ex:monk/dd_dong_thien_thien_an,18
chùa Ấn,ĐĐ Đồng Thiện Thiện Ân,ex:monk/dd_dong_thien_thien_an,18
chùa Ấn,Thị Năng Trí Hữu,ex:monk/thi_nang_tri_huu,18
chùa Ấn,Trừng Thông Tịnh Khiết,ex:monk/trung_thong_tinh_khiet,18
chùa Ấn,Chơn Phát Long Tôn,ex:monk/chon_phat_long_ton,18
chùa Ấn,Chơn Ðiền Ðạo Phước,ex:monk/chon_dien_dao_phuoc,18
chùa Ấn,Như Kế Huyền Vi,ex:monk/nhu_ke_huyen_vi,18
chùa Ấn,Chơn Ðiền Ðạo Phước,ex:monk/chon_ien_ao_phuoc,18
chùa Ấn,Chơn Quý Khánh Anh,ex:monk/chon_quy_khanh_anh,18
chùa Ấn,Nhựt Bình Trí Tịnh,ex:monk/nhut_binh_tri_tinh,18
chùa Ấn,Tâm Như Trí Thủ,ex:monk/tam_nhu_tri_thu,18
chùa Ấn,Nguyên Nguyện Tâm Hướng,ex:monk/nguyen_nguyen_tam_huong,18
chùa Ấn,Nguyên Phước Quang Thể,ex:monk/nguyen_phuoc_quang_the,18
chùa Ấn,Tâm Phật Thiện Siêu,ex:monk/tam_phat_thien_sieu,18
chùa Ấn,Thanh Từ,ex:monk/thanh_tu,18
chùa Ấn,Trừng Nguyên Đôn Hậu,ex:monk/trung_nguyen_don_hau,18
chùa Ấn,Thị An Phước Bình,ex:monk/thi_an_phuoc_binh,18
Quảng Ngãi,Trừng Hảo Diệu Không,ex:monk/trung_hao_dieu_khong,18
Quảng Ngãi,Thanh Chân Viên Giác,ex:monk/thanh_chan_vien_giac,18
Quảng Ngãi,Tâm Quang Chánh Pháp,ex:monk/tam_quang_chanh_phap,18
Quảng Ngãi,Chơn Tâm Pháp Thân,ex:monk/chon_tam_phap_than,18
Quảng Ngãi,Ấn Kim Hoằng Tịnh,ex:monk/an_kim_hoang_tinh,18
Quảng Ngãi,Ấn Lãnh Hoằng Thạc,ex:monk/an_lanh_hoang_thac,18
Quảng Ngãi,Sa Di Ni Ấn Thận Tổ Niệm,ex:monk/sa_di_ni_an_than_to_niem,18
Quảng Ngãi,Chơn Trung Minh Ðức,ex:monk/chon_trung_minh_uc,18
Quảng Ngãi,Chơn Giám Trí Hải,ex:monk/chon_giam_tri_hai,18
Quảng Ngãi,Như An Huyền Quang,ex:monk/nhu_an_huyen_quang,18
Quảng Ngãi,Thích Như Hiền,ex:monk/thich_nhu_hien,18
Quảng Ngãi,Như Hường Thọ Minh,ex:monk/nhu_huong_tho_minh,18
Quảng Ngãi,Trừng Diên Hưng Phước,ex:monk/trung_dien_hung_phuoc,18
Quảng Ngãi,TT Nguyên Minh Minh Đức,ex:monk/tt_nguyen_minh_minh_duc,18
Quảng Ngãi,Toàn Chiếu Bảo Ấn,ex:monk/toan_chieu_bao_an,18
Quảng Ngãi,Minh Hải Pháp Bảo,ex:monk/minh_hai_phap_bao,18
Quảng Ngãi,Nguyên Tuệ Diệu Định,ex:monk/nguyen_tue_dieu_dinh,18
Quảng Ngãi,Phật Tuyết Tường Quang,ex:monk/phat_tuyet_tuong_quang,18
chùa Phổ,Trừng Hảo Diệu Không,ex:monk/trung_hao_dieu_khong,18
chùa Phổ,Thị Năng Trí Hữu,ex:monk/thi_nang_tri_huu,18
chùa Phổ,Đồng Nguyện Thiện Nguyện,ex:monk/dong_nguyen_thien_nguyen,18
chùa Phổ,Đồng Trí Bảo Huệ,ex:monk/dong_tri_bao_hue,18
chùa Phổ,Như Quý Viên Thiện,ex:monk/nhu_quy_vien_thien,18
chùa Phổ,Ấn Lãnh Hoằng Thạc,ex:monk/an_lanh_hoang_thac,18
chùa Phổ,Chơn Bích Trí Huy,ex:monk/chon_bich_tri_huy,18
chùa Phổ,Trừng Dàn Bích Không,ex:monk/trung_dan_bich_khong,18
chùa Phổ,Chơn Luận Phước Huệ,ex:monk/chon_luan_phuoc_hue,18
chùa Phổ,Hồng Tuyên Từ Thông,ex:monk/hong_tuyen_tu_thong,18
chùa Phổ,Nguyên Phước Quang Thể,ex:monk/nguyen_phuoc_quang_the,18
chùa Phổ,Chương Thiện Hoằng Ðạo,ex:monk/chuong_thien_hoang_ao,18
chùa Phổ,Thành Đẳng Minh Lượng,ex:monk/thanh_dang_minh_luong,18
chùa Phổ,Trừng Kệ Tôn Thắng,ex:monk/trung_ke_ton_thang,18
chùa Phổ,Tâm Niệm Từ Ý,ex:monk/tam_niem_tu_y,18
chùa Phổ,Tâm Hồng Từ Hương,ex:monk/tam_hong_tu_huong,18
chùa Phổ,Tâm Ðăng Chơn Như,ex:monk/tam_ang_chon_nhu,18
chùa Phổ,Toàn Nhật Quang Đài,ex:monk/toan_nhat_quang_dai,18
chùa Bảo,Tâm Quang Chánh Pháp,ex:monk/tam_quang_chanh_phap,18
chùa Bảo,Chơn Kim Pháp Lâm,ex:monk/chon_kim_phap_lam,18
chùa Bảo,Chơn Hương Thiên Quang,ex:monk/chon_huong_thien_quang,18
chùa Bảo,Chơn Chánh Pháp Tạng,ex:monk/chon_chanh_phap_tang,18
chùa Bảo,Như Huệ Thiền Tâm,ex:monk/nhu_hue_thien_tam,18
chùa Bảo,Như Hường Thọ Minh,ex:monk/nhu_huong_tho_minh,18
chùa Bảo,Thành Đẳng Minh Lượng,ex:monk/thanh_dang_minh_luong,18
chùa Bảo,Thủy Long Đạo Phổ,ex:monk/thuy_long_dao_pho,18
chùa Bảo,Như Trung Phước Hậu,ex:monk/nhu_trung_phuoc_hau,18
chùa Bảo,Nguyên Tuệ Diệu Định,ex:monk/nguyen_tue_dieu_dinh,18
chùa Bảo,Thiệt Địa Pháp Ấn,ex:monk/thiet_dia_phap_an,18
chùa Bảo,Pháp Chuyên Diệu Nghiêm,ex:monk/phap_chuyen_dieu_nghiem,18
chùa Bảo,Thị Chí Phước Hộ,ex:monk/thi_chi_phuoc_ho,18
chùa Bảo,Thị Niệm Phước Ninh,ex:monk/thi_niem_phuoc_ninh,18
chùa Bảo,Thị Tín Phước Trí,ex:monk/thi_tin_phuoc_tri,18
chùa Bảo,Hải Chánh Bảo Thanh,ex:monk/hai_chanh_bao_thanh,18
chùa Bảo,Hạnh Đạo Chủng Hoa,ex:monk/hanh_dao_chung_hoa,18
chùa Bảo,TT Ðồng Viên Viên Ðức,ex:monk/tt_ong_vien_vien_uc,18
Thiền Lâm,Chơn Cảnh Trí Thắng,ex:monk/chon_canh_tri_thang,18
Thiền Lâm,Ấn Lãnh Hoằng Thạc,ex:monk/an_lanh_hoang_thac,18
Thiền Lâm,Chơn Miên Trí Hưng,ex:monk/chon_mien_tri_hung,18
Thiền Lâm,Chơn Bích Trí Huy,ex:monk/chon_bich_tri_huy,18
Thiền Lâm,Như Thọ Huyền Tân,ex:monk/nhu_tho_huyen_tan,18
Thiền Lâm,Như Hương Huyền Tâm,ex:monk/nhu_huong_huyen_tam,18
Thiền Lâm,Như Quang Hoằng Phúc,ex:monk/nhu_quang_hoang_phuc,18
Thiền Lâm,Như Tiến Quảng Hưng,ex:monk/nhu_tien_quang_hung,18
Thiền Lâm,Ðồng Kỉnh Tín Quả,ex:monk/ong_kinh_tin_qua,18
Thiền Lâm,Thành Đẳng Minh Lượng,ex:monk/thanh_dang_minh_luong,18
Thiền Lâm,Minh Hải Pháp Bảo,ex:monk/minh_hai_phap_bao,18
Thiền Lâm,Thị Khai Ðỗng Minh,ex:monk/thi_khai_ong_minh,18
Thiền Lâm,Thiệt Diệu Liễu Quán,ex:monk/thiet_dieu_lieu_quan,18
Thiền Lâm,Phật Tỉnh Từ Nghiêm,ex:monk/phat_tinh_tu_nghiem,18
Thiền Lâm,Thạch Liêm Đại Sán,ex:monk/thach_liem_dai_san,18
Thiền Lâm,Quả Hoằng Hưng Liên,ex:monk/qua_hoang_hung_lien,18
Thiền Lâm,Cs Thiều Dương Hầu,ex:monk/cs_thieu_duong_hau,18
Thiền Lâm,Minh Hoàng Tử Dung,ex:monk/minh_hoang_tu_dung,18
khuôn viên,Tâm Chơn Mật Tín,ex:monk/tam_chon_mat_tin,17
khuôn viên,Trừng Thông Tịnh Khiết,ex:monk/trung_thong_tinh_khiet,17
khuôn viên,Tâm Minh Chơn Thiệt,ex:monk/tam_minh_chon_thiet,17
khuôn viên,Chơn Tá Tôn Bảo,ex:monk/chon_ta_ton_bao,17
khuôn viên,Hồng Tuyên Từ Thông,ex:monk/hong_tuyen_tu_thong,17
khuôn viên,Như Hiền Chí Thiền,ex:monk/nhu_hien_chi_thien,17
khuôn viên,Tâm Tuệ Thanh Trí,ex:monk/tam_tue_thanh_tri,17
khuôn viên,Tâm Đạo Thanh Quang,ex:monk/tam_dao_thanh_quang,17
khuôn viên,Toàn Nhâm Quán Thông,ex:monk/toan_nham_quan_thong,17
khuôn viên,Phật Ý Linh Nhạc,ex:monk/phat_y_linh_nhac,17
khuôn viên,Tâm Phổ Trí Uyên,ex:monk/tam_pho_tri_uyen,17
khuôn viên,Trừng Thủy Giác Nhiên,ex:monk/trung_thuy_giac_nhien,17
khuôn viên,Thanh Y Giác Huệ,ex:monk/thanh_y_giac_hue,17
khuôn viên,Tâm Phổ Thiện Lộc,ex:monk/tam_pho_thien_loc,17
khuôn viên,Thanh Đàm Minh Chánh,ex:monk/thanh_dam_minh_chanh,17
khuôn viên,Khoan Dực Thanh Lãng,ex:monk/khoan_duc_thanh_lang,17
khuôn viên,Tâm Ưng Đảnh Lễ,ex:monk/tam_ung_danh_le,17
Linh Ứng,Đồng Thiện Thiện Ân,ex:monk/dd_dong_thien_thien_an,17
Linh Ứng,ĐĐ Đồng Thiện Thiện Ân,ex:monk/dd_dong_thien_thien_an,17
Linh Ứng,Thị Năng Trí Hữu,ex:monk/thi_nang_tri_huu,17
Linh Ứng,Đồng Nguyện Thiện Nguyện,ex:monk/dong_nguyen_thien_nguyen,17
Linh Ứng,Đồng Trí Bảo Huệ,ex:monk/dong_tri_bao_hue,17
Linh Ứng,Như Nhàn Trí Giác,ex:monk/nhu_nhan_tri_giac,17
Linh Ứng,Chương Quảng Mật Hạnh,ex:monk/chuong_quang_mat_hanh,17
Linh Ứng,Ấn Lan Từ Trí,ex:monk/an_lan_tu_tri,17
Linh Ứng,Ấn Diệu Từ Nhẫn,ex:monk/an_dieu_tu_nhan,17
Linh Ứng,Chương Tư Huệ Quang,ex:monk/chuong_tu_hue_quang,17
Linh Ứng,Ấn Thanh Chí Thành,ex:monk/an_thanh_chi_thanh,17
Linh Ứng,Chơn Tá Tôn Bảo,ex:monk/chon_ta_ton_bao,17
Linh Ứng,Chơn Lăng Đương Khánh,ex:monk/chon_lang_duong_khanh,17
Linh Ứng,Chơn Pháp Phước Trí,ex:monk/chon_phap_phuoc_tri,17
Linh Ứng,Như Thông Tôn Nguyên,ex:monk/nhu_thong_ton_nguyen,17
Linh Ứng,Nguyên Phước Quang Thể,ex:monk/nguyen_phuoc_quang_the,17
Linh Ứng,Tiên Thường Viên Trừng,ex:monk/tien_thuong_vien_trung,17
về,Đại Huệ Tông Cảo,ex:monk/dai_hue_tong_cao,16
về,Trừng Thông Tịnh Khiết,ex:monk/trung_thong_tinh_khiet,16
về,Tâm Quang Chánh Pháp,ex:monk/tam_quang_chanh_phap,16
về,Tâm Quang Đàm Minh,ex:monk/tam_quang_dam_minh,16
về,Chơn An Chánh Liêm,ex:monk/chon_an_chanh_liem,16
về,Vân Cư Đạo Ưng,ex:monk/van_cu_dao_ung,16
về,Trừng San Hải Tuệ,ex:monk/trung_san_hai_tue,16
về,Chân Yết Thanh Liễu,ex:monk/chan_yet_thanh_lieu,16
về,Tuyết Phong Nghĩa Tồn,ex:monk/tuyet_phong_nghia_ton,16
về,Trường Sanh Hạo Nhiên,ex:monk/truong_sanh_hao_nhien,16
về,Thủy Nguyệt Thông Giác,ex:monk/thuy_nguyet_thong_giac,16
về,Tâm Thật Thiện Châu,ex:monk/tam_that_thien_chau,16
về,Tông Diễn Chân Dung,ex:monk/tong_dien_chan_dung,16
về,Tịnh Độ Duy Chính,ex:monk/tinh_do_duy_chinh,16
về,Thạch Liêm Đại Sán,ex:monk/thach_liem_dai_san,16
về,Tiên Thường Viên Trừng,ex:monk/tien_thuong_vien_trung,16
Long Tuyền,Thị Năng Trí Hữu,ex:monk/thi_nang_tri_huu,16
Long Tuyền,Chơn Ngọc Long Trí,ex:monk/chon_ngoc_long_tri,16
Long Tuyền,Chơn Chứng Thiện Quả,ex:monk/chon_chung_thien_qua,16
Long Tuyền,Như Quang Trí Minh,ex:monk/nhu_quang_tri_minh,16
Long Tuyền,Như Nhàn Trí Giác,ex:monk/nhu_nhan_tri_giac,16
Long Tuyền,Ấn Bổn Vĩnh Gia,ex:monk/an_bon_vinh_gia,16
Long Tuyền,Chơn Tá Tôn Bảo,ex:monk/chon_ta_ton_bao,16
Long Tuyền,Ấn Nghiêm Phổ Thoại,ex:monk/an_nghiem_pho_thoai,16
Long Tuyền,Chơn Phát Long Tôn,ex:monk/chon_phat_long_ton,16
Long Tuyền,Chơn Ðiền Ðạo Phước,ex:monk/chon_dien_dao_phuoc,16
Long Tuyền,Chơn Giác Long Hải,ex:monk/chon_giac_long_hai,16
Long Tuyền,Như Vạn Trí Phước,ex:monk/nhu_van_tri_phuoc,16
Long Tuyền,Như Truyện Trí Nhãn,ex:monk/nhu_truyen_tri_nhan,16
Long Tuyền,Chơn Ðiền Ðạo Phước,ex:monk/chon_ien_ao_phuoc,16
Long Tuyền,Ðồng Chơn Thông Niệm,ex:monk/ong_chon_thong_niem,16
Long Tuyền,Tâm Niệm Từ Ý,ex:monk/tam_niem_tu_y,16
chùa Viên,Chơn Ngọc Long Trí,ex:monk/chon_ngoc_long_tri,16
chùa Viên,Ấn Lan Từ Trí,ex:monk/an_lan_tu_tri,16
chùa Viên,Chơn Kim Pháp Lâm,ex:monk/chon_kim_phap_lam,16
chùa Viên,Chương Nhẫn Từ Nhân,ex:monk/chuong_nhan_tu_nhan,16
chùa Viên,Chơn Trung Diệu Quang,ex:monk/chon_trung_dieu_quang,16
chùa Viên,Chơn Pháp Phước Trí,ex:monk/chon_phap_phuoc_tri,16
chùa Viên,Chơn Thanh Bích Nguyên,ex:monk/chon_thanh_bich_nguyen,16
chùa Viên,Như Thừa Hoằng Nguyện,ex:monk/nhu_thua_hoang_nguyen,16
chùa Viên,Trí Thuyên,ex:monk/tri_thuyen,16
chùa Viên,Thị Bình Diệu Khai,ex:monk/thi_binh_dieu_khai,16
chùa Viên,Nguyên Thiều Thọ Tông,ex:monk/nguyen_thieu_tho_tong,16
chùa Viên,Thành Đẳng Minh Lượng,ex:monk/thanh_dang_minh_luong,16
chùa Viên,Trừng Khiết Như Như,ex:monk/trung_khiet_nhu_nhu,16
chùa Viên,Thiệt Diệu Liễu Quán,ex:monk/thiet_dieu_lieu_quan,16
chùa Viên,Tế Phổ Viên Trì,ex:monk/te_pho_vien_tri,16
chùa Viên,Toàn Nhật Quang Đài,ex:monk/toan_nhat_quang_dai,16
Châu Lâm,ĐĐ Tâm Kiên Chơn Thể,ex:monk/dd_tam_kien_chon_the,16
Châu Lâm,Tâm Nguyện Tiêu Diêu,ex:monk/tam_nguyen_tieu_dieu,16
Châu Lâm,Tâm Quang Chánh Pháp,ex:monk/tam_quang_chanh_phap,16
Châu Lâm,Chơn Kim Pháp Lâm,ex:monk/chon_kim_phap_lam,16
Châu Lâm,Như Thừa Hoằng Nguyện,ex:monk/nhu_thua_hoang_nguyen,16
Châu Lâm,Như Quang Hoằng Phúc,ex:monk/nhu_quang_hoang_phuc,16
Châu Lâm,Trừng Hóa Hưng Dụng,ex:monk/trung_hoa_hung_dung,16
Châu Lâm,Nguyên Tánh Đức Tâm,ex:monk/nguyen_tanh_duc_tam,16
Châu Lâm,Nguyên Giác Quang Phú,ex:monk/nguyen_giac_quang_phu,16
Châu Lâm,Tâm Ấn Viên Quang,ex:monk/tam_an_vien_quang,16
Châu Lâm,Nguyên Phước Thiên Hỷ,ex:monk/nguyen_phuoc_thien_hy,16
Châu Lâm,Nguyên Minh Phước Thành,ex:monk/nguyen_minh_phuoc_thanh,16
Châu Lâm,Tâm Thái Thiện Trí,ex:monk/tam_thai_thien_tri,16
Châu Lâm,Trừng Huệ Giác Viên,ex:monk/trung_hue_giac_vien,16
Châu Lâm,Pháp Chuyên Diệu Nghiêm,ex:monk/phap_chuyen_dieu_nghiem,16
Châu Lâm,Trừng Trì Chí Niệm,ex:monk/trung_tri_chi_niem,16
miền Trung,Trừng Thành Giác Tiên,ex:monk/trung_thanh_giac_tien,15
miền Trung,Tâm Như Mật Nguyện,ex:monk/tam_nhu_mat_nguyen,15
miền Trung,Trừng Hảo Diệu Không,ex:monk/trung_hao_dieu_khong,15
miền Trung,Tâm Thanh Tịch Tràng,ex:monk/tam_thanh_tich_trang,15
miền Trung,Trừng Dàn Bích Không,ex:monk/trung_dan_bich_khong,15
miền Trung,Chơn Luận Phước Huệ,ex:monk/chon_luan_phuoc_hue,15
miền Trung,Thị Thuỷ Quảng Đức,ex:monk/thi_thuy_quang_duc,15
miền Trung,Hồng Tuyên Từ Thông,ex:monk/hong_tuyen_tu_thong,15
miền Trung,Thành Đẳng Minh Lượng,ex:monk/thanh_dang_minh_luong,15
miền Trung,Tỳ Ni Đa Lưu Chi,ex:monk/ty_ni_da_luu_chi,15
miền Trung,Tâm Khai Nhật Liên,ex:monk/tam_khai_nhat_lien,15
miền Trung,Toàn Ðịnh Bảo Tạng,ex:monk/toan_dinh_bao_tang,15
miền Trung,Thị Huệ Bảo An,ex:monk/thi_hue_bao_an,15
miền Trung,Bảo Chân,ex:monk/bao_chan,15
miền Trung,Toàn Tánh Chánh Ðắc,ex:monk/toan_tanh_chanh_ac,15
tại chùa,Trừng Thành Giác Tiên,ex:monk/trung_thanh_giac_tien,15
tại chùa,Thị Năng Trí Hữu,ex:monk/thi_nang_tri_huu,15
tại chùa,Chơn Chứng Thiện Quả,ex:monk/chon_chung_thien_qua,15
tại chùa,Ấn Hướng Pháp Nhãn,ex:monk/an_huong_phap_nhan,15
tại chùa,Chơn Tá Tôn Bảo,ex:monk/chon_ta_ton_bao,15
tại chùa,Chơn Giác Long Hải,ex:monk/chon_giac_long_hai,15
tại chùa,Chơn Luận Phước Huệ,ex:monk/chon_luan_phuoc_hue,15
tại chùa,Chơn Quý Khánh Anh,ex:monk/chon_quy_khanh_anh,15
tại chùa,Hồng Tòng Phổ Quảng,ex:monk/hong_tong_pho_quang,15
tại chùa,Tâm Như Trí Thủ,ex:monk/tam_nhu_tri_thu,15
tại chùa,Trừng Ninh Diệu Hương,ex:monk/trung_ninh_dieu_huong,15
tại chùa,Trừng San Hải Tuệ,ex:monk/trung_san_hai_tue,15
tại chùa,Tâm Thật Thiện Châu,ex:monk/tam_that_thien_chau,15
tại chùa,TT Nguyên Cát Thiện Tường,ex:monk/tt_nguyen_cat_thien_tuong,15
tại chùa,Minh Hoàng Tử Dung,ex:monk/minh_hoang_tu_dung,15
chùa Thiền,Chơn Miên Trí Hưng,ex:monk/chon_mien_tri_hung,15
chùa Thiền,Như Thọ Huyền Tân,ex:monk/nhu_tho_huyen_tan,15
chùa Thiền,Như Hương Huyền Tâm,ex:monk/nhu_huong_huyen_tam,15
chùa Thiền,Như Quang Hoằng Phúc,ex:monk/nhu_quang_hoang_phuc,15
chùa Thiền,Như Tiến Quảng Hưng,ex:monk/nhu_tien_quang_hung,15
chùa Thiền,Thành Đẳng Minh Lượng,ex:monk/thanh_dang_minh_luong,15
chùa Thiền,Minh Hải Pháp Bảo,ex:monk/minh_hai_phap_bao,15
chùa Thiền,Đạo Thiện Quang Tuấn,ex:monk/dao_thien_quang_tuan,15
chùa Thiền,Đạo Minh Phổ Tịnh,ex:monk/dao_minh_pho_tinh,15
chùa Thiền,Phật Tỉnh Từ Nghiêm,ex:monk/phat_tinh_tu_nghiem,15
chùa Thiền,Thị Tín Phước Trí,ex:monk/thi_tin_phuoc_tri,15
chùa Thiền,Thạch Liêm Đại Sán,ex:monk/thach_liem_dai_san,15
chùa Thiền,Quả Hoằng Hưng Liên,ex:monk/qua_hoang_hung_lien,15
chùa Thiền,Cs Thiều Dương Hầu,ex:monk/cs_thieu_duong_hau,15
chùa Thiền,Minh Hoàng Tử Dung,ex:monk/minh_hoang_tu_dung,15
nhỏ,Chơn Giác Long Hải,ex:monk/chon_giac_long_hai,15
nhỏ,Chơn Thanh Bích Nguyên,ex:monk/chon_thanh_bich_nguyen,15
nhỏ,Như Truyện Trí Nhãn,ex:monk/nhu_truyen_tri_nhan,15
nhỏ,Chơn Trừng Đạo Thanh,ex:monk/chon_trung_dao_thanh,15
nhỏ,Nguyên Ý Phước Châu,ex:monk/nguyen_y_phuoc_chau,15
nhỏ,Thiên Ân,ex:monk/thien_an,15
nhỏ,Tổ Tông Viên Quang,ex:monk/to_tong_vien_quang,15
nhỏ,Tuyết Đậu Tự Tông,ex:monk/tuyet_dau_tu_tong,15
nhỏ,Huệ Huy Tự Đắc,ex:monk/hue_huy_tu_dac,15
nhỏ,Long Thọ Thiệu Khanh,ex:monk/long_tho_thieu_khanh,15
nhỏ,Báo Ân Hoài Nhạc,ex:monk/bao_an_hoai_nhac,15
nhỏ,Thiệt Uyên Chí Bảo,ex:monk/thiet_luong,15
nhỏ,Thiệt Lương,ex:monk/thiet_luong,15
nhỏ,TT Thích Viên Tịnh,ex:monk/tt_thich_vien_tinh,15
nhỏ,Như Trực Vĩnh Châu,ex:monk/nhu_truc_vinh_chau,15
chùa Thập,Tâm Địa Mật Khế,ex:monk/tam_dia_mat_khe,14
chùa Thập,Tâm Nhất Mật Thể,ex:monk/tam_nhat_mat_the,14
chùa Thập,Tâm Như Mật Nguyện,ex:monk/tam_nhu_mat_nguyen,14
chùa Thập,Tâm Hương Mật Hiển,ex:monk/tam_huong_mat_hien,14
chùa Thập,Chân Đạo Bích Phong,ex:monk/chan_dao_bich_phong,14
chùa Thập,Chơn Luận Phước Huệ,ex:monk/chon_luan_phuoc_hue,14
chùa Thập,Thị Bình Diệu Khai,ex:monk/thi_binh_dieu_khai,14
chùa Thập,Trừng Hương Tịnh Hạnh,ex:monk/trung_huong_tinh_hanh,14
chùa Thập,Thành Đẳng Minh Lượng,ex:monk/thanh_dang_minh_luong,14
chùa Thập,Trừng Văn Giác Nguyên,ex:monk/trung_van_giac_nguyen,14
chùa Thập,Phật Tỉnh Từ Nghiêm,ex:monk/phat_tinh_tu_nghiem,14
chùa Thập,Pháp Chuyên Diệu Nghiêm,ex:monk/phap_chuyen_dieu_nghiem,14
chùa Thập,Toàn Ðịnh Bảo Tạng,ex:monk/toan_dinh_bao_tang,14
chùa Thập,Thị Chí Phước Hộ,ex:monk/thi_chi_phuoc_ho,14
Đà Nẵng,Tâm Như Mật Nguyện,ex:monk/tam_nhu_mat_nguyen,14
Đà Nẵng,Trừng Hảo Diệu Không,ex:monk/trung_hao_dieu_khong,14
Đà Nẵng,Đồng Nguyện Thiện Nguyện,ex:monk/dong_nguyen_thien_nguyen,14
Đà Nẵng,Chơn Ngọc Long Trí,ex:monk/chon_ngoc_long_tri,14
Đà Nẵng,Trừng Dàn Bích Không,ex:monk/trung_dan_bich_khong,14
Đà Nẵng,Như Niệm Bảo Toàn,ex:monk/nhu_niem_bao_toan,14
Đà Nẵng,Tâm Như Trí Thủ,ex:monk/tam_nhu_tri_thu,14
Đà Nẵng,Nguyên Không Từ Phương,ex:monk/nguyen_khong_tu_phuong,14
Đà Nẵng,Tâm Thái Thiện Trí,ex:monk/tam_thai_thien_tri,14
Đà Nẵng,Tâm Đạo Thanh Quang,ex:monk/tam_dao_thanh_quang,14
Đà Nẵng,Tâm Hồng Từ Hương,ex:monk/tam_hong_tu_huong,14
Đà Nẵng,Trừng Nguyên Đôn Hậu,ex:monk/trung_nguyen_don_hau,14
Đà Nẵng,Trừng Thủy Giác Nhiên,ex:monk/trung_thuy_giac_nhien,14
Đà Nẵng,Tiên Thường Viên Trừng,ex:monk/tien_thuong_vien_trung,14
thành phố,Đồng Nguyện Thiện Nguyện,ex:monk/dong_nguyen_thien_nguyen,14
thành phố,Chơn Hương Thiên Quang,ex:monk/chon_huong_thien_quang,14
thành phố,Trừng Dàn Bích Không,ex:monk/trung_dan_bich_khong,14
thành phố,Chơn Thanh Bích Nguyên,ex:monk/chon_thanh_bich_nguyen,14
thành phố,Như Ái Hoằng Thâm,ex:monk/nhu_ai_hoang_tham,14
thành phố,Chơn Thanh Từ Văn,ex:monk/chon_thanh_tu_van,14
thành phố,Ðồng Chơn Thông Niệm,ex:monk/ong_chon_thong_niem,14
thành phố,Thiên Ân,ex:monk/thien_an,14
thành phố,Nguyên Minh Phước Thành,ex:monk/nguyen_minh_phuoc_thanh,14
thành phố,Tâm Lượng Từ Mẫn,ex:monk/tam_luong_tu_man,14
thành phố,Thanh Từ,ex:monk/thanh_tu,14
thành phố,TT Nguyên Cát Thiện Tường,ex:monk/tt_nguyen_cat_thien_tuong,14
thành phố,Thạch Liêm Đại Sán,ex:monk/thach_liem_dai_san,14
thành phố,TT Ðồng Viên Viên Ðức,ex:monk/tt_ong_vien_vien_uc,14
chùa Pháp,Chơn Ngọc Long Trí,ex:monk/chon_ngoc_long_tri,14
chùa Pháp,Tâm Minh Chơn Thiệt,ex:monk/tam_minh_chon_thiet,14
chùa Pháp,Như Nhàn Trí Giác,ex:monk/nhu_nhan_tri_giac,14
chùa Pháp,Chơn Bích Trí Huy,ex:monk/chon_bich_tri_huy,14
chùa Pháp,Như Truyện Trí Nhãn,ex:monk/nhu_truyen_tri_nhan,14
chùa Pháp,Như Tiến Quảng Hưng,ex:monk/nhu_tien_quang_hung,14
chùa Pháp,Như Niệm Bảo Toàn,ex:monk/nhu_niem_bao_toan,14
chùa Pháp,Như Quả Hoàn Tuyên,ex:monk/nhu_qua_hoan_tuyen,14
chùa Pháp,Nhựt Bình Trí Tịnh,ex:monk/nhut_binh_tri_tinh,14
chùa Pháp,Tâm Như Trí Thủ,ex:monk/tam_nhu_tri_thu,14
chùa Pháp,Nguyên Tánh Đức Tâm,ex:monk/nguyen_tanh_duc_tam,14
chùa Pháp,Thiên Ân,ex:monk/thien_an,14
chùa Pháp,Tâm Lượng Từ Mẫn,ex:monk/tam_luong_tu_man,14
chùa Pháp,Tỳ Ni Đa Lưu Chi,ex:monk/ty_ni_da_luu_chi,14
Viên Giác,Chơn Ngọc Long Trí,ex:monk/chon_ngoc_long_tri,14
Viên Giác,Ấn Lan Từ Trí,ex:monk/an_lan_tu_tri,14
Viên Giác,Chơn Trung Diệu Quang,ex:monk/chon_trung_dieu_quang,14
Viên Giác,Chơn Pháp Phước Trí,ex:monk/chon_phap_phuoc_tri,14
Viên Giác,Chơn Thanh Bích Nguyên,ex:monk/chon_thanh_bich_nguyen,14
Viên Giác,Tâm Thanh Chơn Nghiêm,ex:monk/tam_thanh_chon_nghiem,14
Viên Giác,Trí Thuyên,ex:monk/tri_thuyen,14
Viên Giác,Nguyên Minh Đức Thiệu,ex:monk/nguyen_minh_duc_thieu,14
Viên Giác,Đạo Nhẫn Tịch Lạc,ex:monk/dao_nhan_tich_lac,14
Viên Giác,Thành Đẳng Minh Lượng,ex:monk/thanh_dang_minh_luong,14
Viên Giác,Thanh Ninh Tâm Truyền,ex:monk/thanh_ninh_tam_truyen,14
Viên Giác,Thiệt Diệu Liễu Quán,ex:monk/thiet_dieu_lieu_quan,14
Viên Giác,Thị An Phước Bình,ex:monk/thi_an_phuoc_binh,14
Viên Giác,Hạnh Đạo Chủng Hoa,ex:monk/hanh_dao_chung_hoa,14
chùa Kim,Như Nhàn Trí Giác,ex:monk/nhu_nhan_tri_giac,14
chùa Kim,Chơn Thọ Hoằng Niệm,ex:monk/chon_tho_hoang_niem,14
chùa Kim,Chơn Chánh Pháp Tạng,ex:monk/chon_chanh_phap_tang,14
chùa Kim,Chương An Quảng Khánh,ex:monk/chuong_an_quang_khanh,14
chùa Kim,Chân Đạo Bích Phong,ex:monk/chan_dao_bich_phong,14
chùa Kim,Như Hường Thọ Minh,ex:monk/nhu_huong_tho_minh,14
chùa Kim,Trừng Chiếu Từ Mãn,ex:monk/trung_chieu_tu_man,14
chùa Kim,Như Phụng Thiện Trì,ex:monk/nhu_phung_thien_tri,14
chùa Kim,Nguyên Thiều Thọ Tông,ex:monk/nguyen_thieu_tho_tong,14
chùa Kim,Minh Vật Nhứt Tri,ex:monk/minh_vat_nhut_tri,14
chùa Kim,Thiệt Địa Pháp Ấn,ex:monk/thiet_dia_phap_an,14
chùa Kim,Thiệt Thành Liễu Đạt,ex:monk/thiet_thanh_lieu_dat,14
chùa Kim,Toàn Ðịnh Bảo Tạng,ex:monk/toan_dinh_bao_tang,14
chùa Kim,Ðồng Ðộ Tịnh Khiết,ex:monk/ong_o_tinh_khiet,14
chỗ nào,Lâm Tế Nghĩa Huyền,ex:monk/lam_te_nghia_huyen,14
chỗ nào,Bồ Đề Quang Dụng,ex:monk/lam_te_nghia_huyen,14
chỗ nào,Phần Châu Thạch Lâu,ex:monk/phan_chau_thach_lau,14
chỗ nào,Đầu Tử Đại Đồng,ex:monk/dau_tu_dai_dong,14
chỗ nào,Đầu Tử Đại Đồng,ex:monk/dau_tu_dai_dong,14
chỗ nào,Thiều Sơn Hoàn Phổ,ex:monk/thieu_son_hoan_pho,14
chỗ nào,Tuyết Phong Nghĩa Tồn,ex:monk/tuyet_phong_nghia_ton,14
chỗ nào,Bảo Phước Tùng Triển,ex:monk/bao_phuoc_tung_trien,14
chỗ nào,Nham Đầu Toàn Khoát,ex:monk/nham_dau_toan_khoat,14
chỗ nào,Động Sơn Lương Giới,ex:monk/dong_son_luong_gioi,14
chỗ nào,Ích Châu Bắc Viện Thông,ex:monk/ich_chau_bac_vien_thong,14
chỗ nào,Long Nha Cư Độn,ex:monk/long_nha_cu_don,14
chỗ nào,Thanh Đàm Minh Chánh,ex:monk/thanh_dam_minh_chanh,14
chỗ nào,Thanh Nguyên Minh Nam,ex:monk/thanh_nguyen_minh_nam,14
chùa Vạn,Trừng Thành Giác Tiên,ex:monk/trung_thanh_giac_tien,13
chùa Vạn,Tâm Địa Mật Khế,ex:monk/tam_dia_mat_khe,13
chùa Vạn,Đồng Thiện Thiện Ân,ex:monk/dd_dong_thien_thien_an,13
chùa Vạn,ĐĐ Đồng Thiện Thiện Ân,ex:monk/dd_dong_thien_thien_an,13
chùa Vạn,Nhựt Bình Trí Tịnh,ex:monk/nhut_binh_tri_tinh,13
chùa Vạn,Nguyên Nguyện Tâm Hướng,ex:monk/nguyen_nguyen_tam_huong,13
chùa Vạn,Tâm Cảnh Giác Hạnh,ex:monk/tam_canh_giac_hanh,13
chùa Vạn,Toàn Đức Hoằng Tông,ex:monk/toan_duc_hoang_tong,13
chùa Vạn,Thành Đẳng Minh Lượng,ex:monk/thanh_dang_minh_luong,13
chùa Vạn,Phật Tuyết Tường Quang,ex:monk/phat_tuyet_tuong_quang,13
chùa Vạn,Từ Sơn Hành Nhất,ex:monk/tu_son_hanh_nhat,13
chùa Vạn,Thiệt Vinh Bửu Hạnh,ex:monk/thiet_vinh_buu_hanh,13
chùa Vạn,Tế Cảm Linh Phù,ex:monk/te_cam_linh_phu,13
chùa Trúc,Trừng Thành Giác Tiên,ex:monk/trung_thanh_giac_tien,13
chùa Trúc,Tâm Địa Mật Khế,ex:monk/tam_dia_mat_khe,13
chùa Trúc,Tâm Nhất Mật Thể,ex:monk/tam_nhat_mat_the,13
chùa Trúc,Tâm Như Mật Nguyện,ex:monk/tam_nhu_mat_nguyen,13
chùa Trúc,Thanh Linh Diên Trường,ex:monk/thanh_linh_dien_truong,13
chùa Trúc,Chơn Luận Phước Huệ,ex:monk/chon_luan_phuoc_hue,13
chùa Trúc,Trí Thuyên,ex:monk/tri_thuyen,13
chùa Trúc,Tâm Phật Thiện Siêu,ex:monk/tam_phat_thien_sieu,13
chùa Trúc,Trừng Ninh Diệu Hương,ex:monk/trung_ninh_dieu_huong,13
chùa Trúc,Thiên Hoàng Đạo Ngộ,ex:monk/thien_hoang_dao_ngo,13
chùa Trúc,Viên Thành Trừng Thông,ex:monk/vien_thanh_trung_thong,13
chùa Trúc,Tâm Thật Thiện Châu,ex:monk/tam_that_thien_chau,13
chùa Trúc,Thị Huệ Bảo An,ex:monk/thi_hue_bao_an,13
gia,Trừng Diên Diệu Huệ,ex:monk/trung_dien_dieu_hue,13
gia,Tâm Thanh Tịch Tràng,ex:monk/tam_thanh_tich_trang,13
gia,Đồng An Diệu Trí,ex:monk/dong_an_dieu_tri,13
gia,Ðồng Phước Thông Bửu,ex:monk/ong_phuoc_thong_buu,13
gia,Như Đồng Đắc Quang,ex:monk/nhu_dong_dac_quang,13
gia,Trừng Chiếu Từ Mãn,ex:monk/trung_chieu_tu_man,13
gia,Tâm Phật Thiện Siêu,ex:monk/tam_phat_thien_sieu,13
gia,Lâm Tế Nghĩa Huyền,ex:monk/lam_te_nghia_huyen,13
gia,Bồ Đề Quang Dụng,ex:monk/lam_te_nghia_huyen,13
gia,Thiệt Diệu Liễu Quán,ex:monk/thiet_dieu_lieu_quan,13
gia,Thanh Ninh Tâm Tịnh,ex:monk/thanh_ninh_tam_tinh,13
gia,Chiêu Hiền Hội Thông,ex:monk/chieu_hien_hoi_thong,13
gia,Chiều Hiền Hội Thông,ex:monk/chieu_hien_hoi_thong,13
thiếu thời,Trừng Hảo Diệu Không,ex:monk/trung_hao_dieu_khong,13
thiếu thời,Phù Dung Đạo Giai,ex:monk/phu_dung_dao_giai,13
thiếu thời,Đại Trí Tề Liên,ex:monk/dai_tri_te_lien,13
thiếu thời,Đồng Trí Bảo Huệ,ex:monk/dong_tri_bao_hue,13
thiếu thời,Như Quý Viên Thiện,ex:monk/nhu_quy_vien_thien,13
thiếu thời,Ấn Bổn Vĩnh Gia,ex:monk/an_bon_vinh_gia,13
thiếu thời,Ấn Thanh Chí Thành,ex:monk/an_thanh_chi_thanh,13
thiếu thời,Chơn Tá Tôn Bảo,ex:monk/chon_ta_ton_bao,13
thiếu thời,Chơn Cảnh Huệ Duyệt,ex:monk/chon_canh_hue_duyet,13
thiếu thời,Chơn Pháp Phước Trí,ex:monk/chon_phap_phuoc_tri,13
thiếu thời,Chơn Đỉnh Phước Thông,ex:monk/chon_dinh_phuoc_thong,13
thiếu thời,Trừng Dàn Bích Không,ex:monk/trung_dan_bich_khong,13
thiếu thời,Minh Hải Pháp Bảo,ex:monk/minh_hai_phap_bao,13
Hưng Long,Thị Năng Trí Hữu,ex:monk/thi_nang_tri_huu,13
Hưng Long,Chơn Chứng Thiện Quả,ex:monk/chon_chung_thien_qua,13
Hưng Long,Chơn Trừng Đương Nhật,ex:monk/chon_trung_duong_nhat,13
Hưng Long,Chơn Kim Bửu Liên,ex:monk/chon_kim_buu_lien,13
Hưng Long,Chơn Đỉnh Phước Thông,ex:monk/chon_dinh_phuoc_thong,13
Hưng Long,Như Ðiền Huệ Chấn,ex:monk/nhu_dien_hue_chan,13
Hưng Long,Như Vinh Pháp Ý,ex:monk/nhu_vinh_phap_y,13
Hưng Long,Hồng Tòng Phổ Quảng,ex:monk/hong_tong_pho_quang,13
Hưng Long,Minh Hải Pháp Bảo,ex:monk/minh_hai_phap_bao,13
Hưng Long,Thị Uẩn Thuần Phong,ex:monk/thi_uan_thuan_phong,13
Hưng Long,Phật Tỉnh Từ Nghiêm,ex:monk/phat_tinh_tu_nghiem,13
Hưng Long,Như Ðiền Huệ Chấn,ex:monk/nhu_ien_hue_chan,13
Hưng Long,Thị Nhật Hạnh Đạt,ex:monk/thi_nhat_hanh_dat,13
Hội Phước,Chơn Chứng Thiện Quả,ex:monk/chon_chung_thien_qua,13
Hội Phước,Chơn Hương Thiên Quang,ex:monk/chon_huong_thien_quang,13
Hội Phước,Chơn Trung Diệu Quang,ex:monk/chon_trung_dieu_quang,13
Hội Phước,Như Huệ Thiền Tâm,ex:monk/nhu_hue_thien_tam,13
Hội Phước,Như Thông Huyền Ấn,ex:monk/nhu_thong_huyen_an,13
Hội Phước,Ðồng Kỉnh Tín Quả,ex:monk/ong_kinh_tin_qua,13
Hội Phước,Thị Thọ Nhơn Hiền,ex:monk/thi_tho_nhon_hien,13
Hội Phước,Thị Thuỷ Quảng Đức,ex:monk/thi_thuy_quang_duc,13
Hội Phước,Hồng Tòng Phổ Quảng,ex:monk/hong_tong_pho_quang,13
Hội Phước,Đại Bửu Kim Cang,ex:monk/dai_buu_kim_cang,13
Hội Phước,Như Trực Vĩnh Châu,ex:monk/nhu_truc_vinh_chau,13
Hội Phước,Thị An Phước Bình,ex:monk/thi_an_phuoc_binh,13
Hội Phước,Đại Thông Chánh Niệm,ex:monk/dai_thong_chanh_niem,13
miền Nam,ĐĐ Tâm Kiên Chơn Thể,ex:monk/dd_tam_kien_chon_the,13
miền Nam,Như Quang Trí Minh,ex:monk/nhu_quang_tri_minh,13
miền Nam,Đồng An Bảo Lạc,ex:monk/dong_an_bao_lac,13
miền Nam,Đồng An Diệu Trí,ex:monk/dong_an_dieu_tri,13
miền Nam,Hoàng Lầu Diệu Tấn,ex:monk/hoang_lau_dieu_tan,13
miền Nam,Tâm Như Trí Thủ,ex:monk/tam_nhu_tri_thu,13
miền Nam,Tổ Đạt Trí Tâm,ex:monk/to_dat_tri_tam,13
miền Nam,Viên Thành Trừng Thông,ex:monk/vien_thanh_trung_thong,13
miền Nam,Tế Nhơn Hữu Bùi,ex:monk/te_nhon_huu_bui,13
miền Nam,Tỳ Ni Đa Lưu Chi,ex:monk/ty_ni_da_luu_chi,13
miền Nam,Tâm Khai Nhật Liên,ex:monk/tam_khai_nhat_lien,13
miền Nam,Minh Vi Mật Hạnh,ex:monk/minh_vi_mat_hanh,13
miền Nam,Toàn Tánh Chánh Ðắc,ex:monk/toan_tanh_chanh_ac,13
Kim Quang,Như Nhàn Trí Giác,ex:monk/nhu_nhan_tri_giac,13
Kim Quang,Thích Đạo Chương,ex:monk/thich_dao_chuong,13
Kim Quang,Chơn Chánh Pháp Tạng,ex:monk/chon_chanh_phap_tang,13
Kim Quang,Chương An Quảng Khánh,ex:monk/chuong_an_quang_khanh,13
Kim Quang,Chân Đạo Bích Phong,ex:monk/chan_dao_bich_phong,13
Kim Quang,Ngộ Tánh Phước Huệ,ex:monk/ngo_tanh_phuoc_hue,13
Kim Quang,Không Hoa Huệ Chiếu,ex:monk/khong_hoa_hue_chieu,13
Kim Quang,Trừng Khiết Hưng Nghĩa,ex:monk/trung_khiet_hung_nghia,13
Kim Quang,Như Phụng Thiện Trì,ex:monk/nhu_phung_thien_tri,13
Kim Quang,Trừng Huệ Giác Viên,ex:monk/trung_hue_giac_vien,13
Kim Quang,Toàn Ðịnh Bảo Tạng,ex:monk/toan_dinh_bao_tang,13
Kim Quang,Tâm Lương Diệu Hoằng,ex:monk/tam_luong_dieu_hoang,13
Kim Quang,Thị Trạm Hải Như,ex:monk/thi_tram_hai_nhu,13
chùa Tây,Chơn Cảnh Trí Thắng,ex:monk/chon_canh_tri_thang,13
chùa Tây,Chân Đạo Bích Phong,ex:monk/chan_dao_bich_phong,13
chùa Tây,Như Kế Huyền Vi,ex:monk/nhu_ke_huyen_vi,13
chùa Tây,Trừng Chiếu Từ Mãn,ex:monk/trung_chieu_tu_man,13
chùa Tây,Tâm Như Trí Thủ,ex:monk/tam_nhu_tri_thu,13
chùa Tây,Nguyên Không Từ Phương,ex:monk/nguyen_khong_tu_phuong,13
chùa Tây,Tâm Thọ Thiện Hỷ,ex:monk/tam_tho_thien_hy,13
chùa Tây,Tâm Cảnh Giác Hạnh,ex:monk/tam_canh_giac_hanh,13
chùa Tây,Toàn Chiếu Bảo Ấn,ex:monk/toan_chieu_bao_an,13
chùa Tây,Viên Thành Trừng Thông,ex:monk/vien_thanh_trung_thong,13
chùa Tây,Thanh Ninh Tâm Tịnh,ex:monk/thanh_ninh_tam_tinh,13
chùa Tây,Trừng Thủy Giác Nhiên,ex:monk/trung_thuy_giac_nhien,13
chùa Tây,Tiên Giác Hải Tịnh,ex:monk/tien_giac_hai_tinh,13
Ðại giới,Chơn Cảnh Trí Thắng,ex:monk/chon_canh_tri_thang,13
Ðại giới,Chơn Sử Khánh Tín,ex:monk/chon_su_khanh_tin,13
Ðại giới,Như Thọ Huyền Tân,ex:monk/nhu_tho_huyen_tan,13
Ðại giới,Như Ðiền Huệ Chấn,ex:monk/nhu_dien_hue_chan,13
Ðại giới,Chơn Phước Huệ Pháp,ex:monk/chon_phuoc_hue_phap,13
Ðại giới,Như Bình Huyền Tịnh,ex:monk/nhu_binh_huyen_tinh,13
Ðại giới,Như Chánh Huyền Tấn,ex:monk/nhu_chanh_huyen_tan,13
Ðại giới,Thị Khai Ðỗng Minh,ex:monk/thi_khai_ong_minh,13
Ðại giới,Tâm Ðăng Chơn Như,ex:monk/tam_ang_chon_nhu,13
Ðại giới,Thị An Phước Bình,ex:monk/thi_an_phuoc_binh,13
Ðại giới,Thị Chí Phước Hộ,ex:monk/thi_chi_phuoc_ho,13
Ðại giới,Thị Lạc Hưng Từ,ex:monk/thi_lac_hung_tu,13
Ðại giới,Như Ðiền Huệ Chấn,ex:monk/nhu_ien_hue_chan,13
Trung Quốc,Ấn Bổn Vĩnh Gia,ex:monk/an_bon_vinh_gia,13
Trung Quốc,Lâm Tế Nghĩa Huyền,ex:monk/lam_te_nghia_huyen,13
Trung Quốc,Bồ Đề Quang Dụng,ex:monk/lam_te_nghia_huyen,13
Trung Quốc,Quang Lư Như Như,ex:monk/quang_lu_nhu_nhu,13
Trung Quốc,Tỳ Ni Đa Lưu Chi,ex:monk/ty_ni_da_luu_chi,13
Trung Quốc,Thủy Nguyệt Thông Giác,ex:monk/thuy_nguyet_thong_giac,13
Trung Quốc,Tông Diễn Chân Dung,ex:monk/tong_dien_chan_dung,13
Trung Quốc,Tôn Giả Ca Na Đề Bà,ex:monk/ca_na_de_ba,13
Trung Quốc,Tôn Giả Ca Na Đề Bà,ex:monk/ca_na_de_ba,13
Trung Quốc,Khoan Dực Thanh Lãng,ex:monk/khoan_duc_thanh_lang,13
Trung Quốc,Thạch Liêm Đại Sán,ex:monk/thach_liem_dai_san,13
Trung Quốc,Minh Hoàng Tử Dung,ex:monk/minh_hoang_tu_dung,13
Trung Quốc,Tiên Thường Viên Trừng,ex:monk/tien_thuong_vien_trung,13
Linh Phong,Chơn Thanh Bích Nguyên,ex:monk/chon_thanh_bich_nguyen,13
Linh Phong,Tâm Thanh Chơn Nghiêm,ex:monk/tam_thanh_chon_nghiem,13
Linh Phong,Chơn Phước Huệ Pháp,ex:monk/chon_phuoc_hue_phap,13
Linh Phong,Chơn Quý Khánh Anh,ex:monk/chon_quy_khanh_anh,13
Linh Phong,Trừng Chiếu Từ Mãn,ex:monk/trung_chieu_tu_man,13
Linh Phong,Thành Đẳng Minh Lượng,ex:monk/thanh_dang_minh_luong,13
Linh Phong,Trừng San Hải Tuệ,ex:monk/trung_san_hai_tue,13
Linh Phong,Trừng Kệ Tôn Thắng,ex:monk/trung_ke_ton_thang,13
Linh Phong,Tâm Hồng Từ Hương,ex:monk/tam_hong_tu_huong,13
Linh Phong,Tâm Ðăng Chơn Như,ex:monk/tam_ang_chon_nhu,13
Linh Phong,Đại Bửu Kim Cang,ex:monk/dai_buu_kim_cang,13
Linh Phong,Toàn Ðịnh Bảo Tạng,ex:monk/toan_dinh_bao_tang,13
Linh Phong,Tâm Giải Tương Ưng,ex:monk/tam_giai_tuong_ung,13
Sắc Tứ,Chơn An Chánh Liêm,ex:monk/chon_an_chanh_liem,13
Sắc Tứ,Chơn Phú Bích Lâm,ex:monk/chon_phu_bich_lam,13
Sắc Tứ,Hồng Tuyên Từ Thông,ex:monk/hong_tuyen_tu_thong,13
Sắc Tứ,Hồng Tòng Phổ Quảng,ex:monk/hong_tong_pho_quang,13
Sắc Tứ,Nguyên Ý Phước Châu,ex:monk/nguyen_y_phuoc_chau,13
Sắc Tứ,Tổ Đạt Trí Tâm,ex:monk/to_dat_tri_tam,13
Sắc Tứ,Tế Pháp Chí Khả,ex:monk/te_phap_chi_kha,13
Sắc Tứ,Pháp Thân Đạo Minh,ex:monk/phap_than_dao_minh,13
Sắc Tứ,Thiệt Địa Pháp Ấn,ex:monk/thiet_dia_phap_an,13
Sắc Tứ,Phật Tuyết Tường Quang,ex:monk/phat_tuyet_tuong_quang,13
Sắc Tứ,Thiệt Thành Liễu Đạt,ex:monk/thiet_thanh_lieu_dat,13
Sắc Tứ,Minh Phương Chơn Hương,ex:monk/minh_phuong_chon_huong,13
Sắc Tứ,Tâm Lương Diệu Hoằng,ex:monk/tam_luong_dieu_hoang,13
địa phương,Như Ái Hoằng Thâm,ex:monk/nhu_ai_hoang_tham,13
địa phương,Hồng Tuyên Từ Thông,ex:monk/hong_tuyen_tu_thong,13
địa phương,Nhựt Bình Trí Tịnh,ex:monk/nhut_binh_tri_tinh,13
địa phương,Nguyên Không Từ Phương,ex:monk/nguyen_khong_tu_phuong,13
địa phương,Nguyên Phước Quang Thể,ex:monk/nguyen_phuoc_quang_the,13
địa phương,Tâm Nguyệt Thể Yến,ex:monk/tam_nguyet_the_yen,13
địa phương,Tỳ Ni Đa Lưu Chi,ex:monk/ty_ni_da_luu_chi,13
địa phương,Tào Sơn Bổn Tịch,ex:monk/tao_son_bon_tich,13
địa phương,TT Tâm Ý Trường Định,ex:monk/tt_tam_y_truong_dinh,13
địa phương,Thiệt Địa Pháp Ấn,ex:monk/thiet_dia_phap_an,13
địa phương,Trừng Liên Quang Diệp,ex:monk/trung_lien_quang_diep,13
địa phương,Toàn Ðịnh Bảo Tạng,ex:monk/toan_dinh_bao_tang,13
địa phương,Tánh Thông Giác Ngộ,ex:monk/tanh_thong_giac_ngo,13
chùa Đại,Không Hoa Huệ Chiếu,ex:monk/khong_hoa_hue_chieu,13
chùa Đại,Hoàng Cảnh Viên Dung,ex:monk/hoang_canh_vien_dung,13
chùa Đại,Hồng Nam Huyền Không,ex:monk/hong_nam_huyen_khong,13
chùa Đại,Nguyên Minh Đức Thiệu,ex:monk/nguyen_minh_duc_thieu,13
chùa Đại,Nguyên Giác Quang Phú,ex:monk/nguyen_giac_quang_phu,13
chùa Đại,Nguyên Thiều Thọ Tông,ex:monk/nguyen_thieu_tho_tong,13
chùa Đại,Thành Đẳng Minh Lượng,ex:monk/thanh_dang_minh_luong,13
chùa Đại,Phật Ý Linh Nhạc,ex:monk/phat_y_linh_nhac,13
chùa Đại,Tổ Ấn Mật Hoằng,ex:monk/to_an_mat_hoang,13
chùa Đại,Bảo Phước Tùng Triển,ex:monk/bao_phuoc_tung_trien,13
chùa Đại,Tâm Lễ Chánh Kiến,ex:monk/tam_le_chanh_kien,13
chùa Đại,Tâm Ưng Đảnh Lễ,ex:monk/tam_ung_danh_le,13
chùa Đại,Bảo Chân,ex:monk/bao_chan,13
Giác Hoàng,Không Hoa Huệ Chiếu,ex:monk/khong_hoa_hue_chieu,13
Giác Hoàng,Nguyên Giác Quang Phú,ex:monk/nguyen_giac_quang_phu,13
Giác Hoàng,Liễu Triệt Từ Minh,ex:monk/lieu_triet_tu_minh,13
Giác Hoàng,Đạo Minh Phổ Tịnh,ex:monk/dao_minh_pho_tinh,13
Giác Hoàng,Tánh Thiên Nhất Định,ex:monk/tanh_thien_nhat_dinh,13
Giác Hoàng,Hải Toàn Linh Cơ,ex:monk/hai_toan_linh_co,13
Giác Hoàng,Thiệt Thành Liễu Đạt,ex:monk/thiet_thanh_lieu_dat,13
Giác Hoàng,Như Trực Vĩnh Châu,ex:monk/nhu_truc_vinh_chau,13
Giác Hoàng,Tiên Giác Hải Tịnh,ex:monk/tien_giac_hai_tinh,13
Giác Hoàng,Tánh Thông Giác Ngộ,ex:monk/tanh_thong_giac_ngo,13
Giác Hoàng,Hải Nhu Tín Nhậm,ex:monk/hai_nhu_tin_nham,13
Giác Hoàng,Hải Trân Thụy Uyển,ex:monk/hai_tran_thuy_uyen,13
Giác Hoàng,Thạch Liêm Đại Sán,ex:monk/thach_liem_dai_san,13
Ấn Quang,Như Mậu Trường Xuân,ex:monk/nhu_mau_truong_xuan,13
Ấn Quang,Như Tín Giác Chánh,ex:monk/nhu_cam_giac_chon,13
Ấn Quang,Như Cẩm Giác Chơn,ex:monk/nhu_cam_giac_chon,13
Ấn Quang,Thị Hải Hạnh Sơn,ex:monk/thi_hai_hanh_son,13
Ấn Quang,Thị Hải Hành Sơn,ex:monk/thi_hai_hanh_son,13
Ấn Quang,Đồng Hóa Giác Định,ex:monk/dong_hoa_giac_dinh,13
Ấn Quang,Thị Trực Bửu Nghĩa,ex:monk/thi_truc_buu_nghia,13
Ấn Quang,Thị Thỉnh Bảo Quang,ex:monk/thi_thinh_bao_quang,13
Ấn Quang,Thị Trạm Hải Như,ex:monk/thi_tram_hai_nhu,13
Ấn Quang,Thị Quang Đạt Ngộ,ex:monk/thi_quang_dat_ngo,13
Ấn Quang,Thị Nhật Hạnh Đạt,ex:monk/thi_nhat_hanh_dat,13
Ấn Quang,Thị Vinh Huệ Liên,ex:monk/thi_vinh_hue_lien,13
Ấn Quang,Thị Xuất Giác Huệ,ex:monk/thi_xuat_giac_hue,13
nơi nào,Đại Huệ Tông Cảo,ex:monk/dai_hue_tong_cao,12
nơi nào,Thiều Châu Hy Bô,ex:monk/thieu_chau_hy_bo,12
nơi nào,Lâm Tế Nghĩa Huyền,ex:monk/lam_te_nghia_huyen,12
nơi nào,Bồ Đề Quang Dụng,ex:monk/lam_te_nghia_huyen,12
nơi nào,Vân Cư Đạo Ưng,ex:monk/van_cu_dao_ung,12
nơi nào,Bạch Mã Quy Hỷ,ex:monk/bach_ma_quy_hy,12
nơi nào,Đầu Tử Đại Đồng,ex:monk/dau_tu_dai_dong,12
nơi nào,Đầu Tử Đại Đồng,ex:monk/dau_tu_dai_dong,12
nơi nào,Thiều Sơn Hoàn Phổ,ex:monk/thieu_son_hoan_pho,12
nơi nào,Huyền Sa Sư Bị,ex:monk/huyen_sa_su_bi,12
nơi nào,Hóa Độ Sư Úc,ex:monk/hoa_do_su_uc,12
nơi nào,Hòa Sơn Vô Ân,ex:monk/hoa_son_vo_an,12
Hải Đức,Tâm Thanh Tịch Tràng,ex:monk/tam_thanh_tich_trang,12
Hải Đức,Ngộ Tánh Phước Huệ,ex:monk/ngo_tanh_phuoc_hue,12
Hải Đức,Trừng Dàn Bích Không,ex:monk/trung_dan_bich_khong,12
Hải Đức,Chơn Thanh Bích Nguyên,ex:monk/chon_thanh_bich_nguyen,12
Hải Đức,Chơn An Chánh Liêm,ex:monk/chon_an_chanh_liem,12
Hải Đức,Tâm Như Trí Thủ,ex:monk/tam_nhu_tri_thu,12
Hải Đức,Tâm Phật Thiện Siêu,ex:monk/tam_phat_thien_sieu,12
Hải Đức,Trừng San Hải Tuệ,ex:monk/trung_san_hai_tue,12
Hải Đức,TT Tâm Chí Tịnh Hạnh,ex:monk/tt_tam_chi_tinh_hanh,12
Hải Đức,Trừng Thủy Giác Nhiên,ex:monk/trung_thuy_giac_nhien,12
Hải Đức,Tâm Giải Tương Ưng,ex:monk/tam_giai_tuong_ung,12
Hải Đức,Tâm Trí Viên Giác,ex:monk/tam_tri_vien_giac,12
Tra Am,Thanh Chân Viên Giác,ex:monk/thanh_chan_vien_giac,12
Tra Am,Thị Bình Diệu Khai,ex:monk/thi_binh_dieu_khai,12
Tra Am,Nguyên Định Đức Trì,ex:monk/nguyen_dinh_duc_tri,12
Tra Am,Tâm Như Trí Thủ,ex:monk/tam_nhu_tri_thu,12
Tra Am,Nguyên Tánh Đức Tâm,ex:monk/nguyen_tanh_duc_tam,12
Tra Am,TT Nguyên Minh Minh Đức,ex:monk/tt_nguyen_minh_minh_duc,12
Tra Am,Tâm Thái Thiện Trí,ex:monk/tam_thai_thien_tri,12
Tra Am,Nguyên Tuyết Như Ý,ex:monk/nguyen_tuyet_nhu_y,12
Tra Am,Tâm Đăng Trí Hiển,ex:monk/tam_dang_tri_hien,12
Tra Am,Tâm Phổ Trí Uyên,ex:monk/tam_pho_tri_uyen,12
Tra Am,Viên Thành Trừng Thông,ex:monk/vien_thanh_trung_thong,12
Tra Am,Tâm Thọ Trí Giải,ex:monk/tam_tho_tri_giai,12
Việt Nam,Đồng Nguyện Thiện Nguyện,ex:monk/dong_nguyen_thien_nguyen,12
Việt Nam,Chơn Bích Trí Huy,ex:monk/chon_bich_tri_huy,12
Việt Nam,Như Luận Trí Thức,ex:monk/nhu_luan_tri_thuc,12
Việt Nam,Nhựt Bình Trí Tịnh,ex:monk/nhut_binh_tri_tinh,12
Việt Nam,Nguyên Minh Phước Thành,ex:monk/nguyen_minh_phuoc_thanh,12
Việt Nam,Tổ Tông Viên Quang,ex:monk/to_tong_vien_quang,12
Việt Nam,Tế Mẫn Tổ Huấn,ex:monk/te_man_to_huan,12
Việt Nam,Tâm Thật Thiện Châu,ex:monk/tam_that_thien_chau,12
Việt Nam,Thanh Đàm Minh Chánh,ex:monk/thanh_dam_minh_chanh,12
Việt Nam,Khoan Dực Thanh Lãng,ex:monk/khoan_duc_thanh_lang,12
Việt Nam,Minh Liễu Lục Hòa,ex:monk/minh_lieu_luc_hoa,12
Việt Nam,Hải Điện Mật Đa,ex:monk/hai_dien_mat_da,12
Phổ Đà,Đồng Nguyện Thiện Nguyện,ex:monk/dong_nguyen_thien_nguyen,12
Phổ Đà,Đồng Trí Bảo Huệ,ex:monk/dong_tri_bao_hue,12
Phổ Đà,Như Nhàn Trí Giác,ex:monk/nhu_nhan_tri_giac,12
Phổ Đà,Chơn Pháp Phước Trí,ex:monk/chon_phap_phuoc_tri,12
Phổ Đà,Trừng Dàn Bích Không,ex:monk/trung_dan_bich_khong,12
Phổ Đà,Tâm Thanh Chơn Nghiêm,ex:monk/tam_thanh_chon_nghiem,12
Phổ Đà,Nguyên Phước Quang Thể,ex:monk/nguyen_phuoc_quang_the,12
Phổ Đà,Tâm Lượng Từ Mẫn,ex:monk/tam_luong_tu_man,12
Phổ Đà,Trừng Kệ Tôn Thắng,ex:monk/trung_ke_ton_thang,12
Phổ Đà,Tâm Niệm Từ Ý,ex:monk/tam_niem_tu_y,12
Phổ Đà,Tâm Hồng Từ Hương,ex:monk/tam_hong_tu_huong,12
Phổ Đà,TT Nguyên Cát Thiện Tường,ex:monk/tt_nguyen_cat_thien_tuong,12
đại giới,Chơn Chứng Thiện Quả,ex:monk/chon_chung_thien_qua,12
đại giới,Ấn Thanh Chí Thành,ex:monk/an_thanh_chi_thanh,12
đại giới,Tâm Thanh Chơn Nghiêm,ex:monk/tam_thanh_chon_nghiem,12
đại giới,Đồng An Diệu Trí,ex:monk/dong_an_dieu_tri,12
đại giới,Trừng Diên Hưng Phước,ex:monk/trung_dien_hung_phuoc,12
đại giới,Nguyên Phước Quang Thể,ex:monk/nguyen_phuoc_quang_the,12
đại giới,Tâm Lượng Từ Mẫn,ex:monk/tam_luong_tu_man,12
đại giới,Tâm Hồng Từ Hương,ex:monk/tam_hong_tu_huong,12
đại giới,Hải Toàn Linh Cơ,ex:monk/hai_toan_linh_co,12
đại giới,Hải Thuận Lương Duyên,ex:monk/hai_thuan_luong_duyen,12
đại giới,Hạnh Đạo Chủng Hoa,ex:monk/hanh_dao_chung_hoa,12
đại giới,Tiên Thường Viên Trừng,ex:monk/tien_thuong_vien_trung,12
Linh Mụ,Tâm Quang Chánh Pháp,ex:monk/tam_quang_chanh_phap,12
Linh Mụ,Tâm Quang Đàm Minh,ex:monk/tam_quang_dam_minh,12
Linh Mụ,Chân Đạo Bích Phong,ex:monk/chan_dao_bich_phong,12
Linh Mụ,Hoàng Cảnh Viên Dung,ex:monk/hoang_canh_vien_dung,12
Linh Mụ,Như Đồng Đắc Quang,ex:monk/nhu_dong_dac_quang,12
Linh Mụ,Hồng Nam Huyền Không,ex:monk/hong_nam_huyen_khong,12
Linh Mụ,Minh Hải Pháp Bảo,ex:monk/minh_hai_phap_bao,12
Linh Mụ,Phật Ý Linh Nhạc,ex:monk/phat_y_linh_nhac,12
Linh Mụ,Liễu Thông Huệ Giám,ex:monk/lieu_thong_hue_giam,12
Linh Mụ,Trừng Nguyên Đôn Hậu,ex:monk/trung_nguyen_don_hau,12
Linh Mụ,Thanh Ninh Tâm Tịnh,ex:monk/thanh_ninh_tam_tinh,12
Linh Mụ,Tánh Huệ Nhất Chơn,ex:monk/tanh_hue_nhat_chon,12
Bảo Sơn,Chơn Kim Pháp Lâm,ex:monk/chon_kim_phap_lam,12
Bảo Sơn,Chơn Hương Thiên Quang,ex:monk/chon_huong_thien_quang,12
Bảo Sơn,Chơn Tâm Pháp Thân,ex:monk/chon_tam_phap_than,12
Bảo Sơn,Chơn Chánh Pháp Tạng,ex:monk/chon_chanh_phap_tang,12
Bảo Sơn,Như Huệ Thiền Tâm,ex:monk/nhu_hue_thien_tam,12
Bảo Sơn,Không Tín Kế Châu,ex:monk/khong_tin_ke_chau,12
Bảo Sơn,Thành Đẳng Minh Lượng,ex:monk/thanh_dang_minh_luong,12
Bảo Sơn,Pháp Chuyên Diệu Nghiêm,ex:monk/phap_chuyen_dieu_nghiem,12
Bảo Sơn,Thị Niệm Phước Ninh,ex:monk/thi_niem_phuoc_ninh,12
Bảo Sơn,Thị Tín Phước Trí,ex:monk/thi_tin_phuoc_tri,12
Bảo Sơn,Tâm Hòa Thiên Thái,ex:monk/tam_hoa_thien_thai,12
Bảo Sơn,TT Ðồng Viên Viên Ðức,ex:monk/tt_ong_vien_vien_uc,12
tỉnh nhà,Chơn Giám Trí Hải,ex:monk/chon_giam_tri_hai,12
tỉnh nhà,Chơn Giác Long Hải,ex:monk/chon_giac_long_hai,12
tỉnh nhà,Chơn Pháp Phước Trí,ex:monk/chon_phap_phuoc_tri,12
tỉnh nhà,Như Ðăng Trí Ðộ,ex:monk/nhu_ang_tri_o,12
tỉnh nhà,Nhựt Bình Trí Tịnh,ex:monk/nhut_binh_tri_tinh,12
tỉnh nhà,Trừng Hóa Hưng Dụng,ex:monk/trung_hoa_hung_dung,12
tỉnh nhà,Tâm Tuệ Thanh Trí,ex:monk/tam_tue_thanh_tri,12
tỉnh nhà,Tâm Hồng Từ Hương,ex:monk/tam_hong_tu_huong,12
tỉnh nhà,Nguyên Tuệ Diệu Định,ex:monk/nguyen_tue_dieu_dinh,12
tỉnh nhà,Thị Niệm Phước Ninh,ex:monk/thi_niem_phuoc_ninh,12
tỉnh nhà,Thị Huệ Bảo An,ex:monk/thi_hue_bao_an,12
tỉnh nhà,Tâm Lương Diệu Hoằng,ex:monk/tam_luong_dieu_hoang,12
Giác Lâm,Chơn Thanh Từ Văn,ex:monk/chon_thanh_tu_van,12
Giác Lâm,Hồng Tòng Phổ Quảng,ex:monk/hong_tong_pho_quang,12
Giác Lâm,Tâm Như Trí Thủ,ex:monk/tam_nhu_tri_thu,12
Giác Lâm,Nguyên Thiều Thọ Tông,ex:monk/nguyen_thieu_tho_tong,12
Giác Lâm,Thành Đẳng Minh Lượng,ex:monk/thanh_dang_minh_luong,12
Giác Lâm,Tổ Đạt Trí Tâm,ex:monk/to_dat_tri_tam,12
Giác Lâm,Phật Ý Linh Nhạc,ex:monk/phat_y_linh_nhac,12
Giác Lâm,Tổ Tông Viên Quang,ex:monk/to_tong_vien_quang,12
Giác Lâm,Thanh Ninh Tâm Tịnh,ex:monk/thanh_ninh_tam_tinh,12
Giác Lâm,Thiệt Thành Liễu Đạt,ex:monk/thiet_thanh_lieu_dat,12
Giác Lâm,Tiên Giác Hải Tịnh,ex:monk/tien_giac_hai_tinh,12
Giác Lâm,Minh Vi Mật Hạnh,ex:monk/minh_vi_mat_hanh,12
chùa Hội,Chơn Thanh Từ Văn,ex:monk/chon_thanh_tu_van,12
chùa Hội,Như Thông Huyền Ấn,ex:monk/nhu_thong_huyen_an,12
chùa Hội,Ðồng Kỉnh Tín Quả,ex:monk/ong_kinh_tin_qua,12
chùa Hội,Thị Thọ Nhơn Hiền,ex:monk/thi_tho_nhon_hien,12
chùa Hội,Thị Thuỷ Quảng Đức,ex:monk/thi_thuy_quang_duc,12
chùa Hội,Hồng Tòng Phổ Quảng,ex:monk/hong_tong_pho_quang,12
chùa Hội,Trừng Kệ Tôn Thắng,ex:monk/trung_ke_ton_thang,12
chùa Hội,Tâm Ðăng Chơn Như,ex:monk/tam_ang_chon_nhu,12
chùa Hội,Tâm Trung Chánh Trực,ex:monk/tam_trung_chanh_truc,12
chùa Hội,Phật Tỉnh Từ Nghiêm,ex:monk/phat_tinh_tu_nghiem,12
chùa Hội,Như Trực Vĩnh Châu,ex:monk/nhu_truc_vinh_chau,12
chùa Hội,Thị An Phước Bình,ex:monk/thi_an_phuoc_binh,12
lại,Đại Huệ Tông Cảo,ex:monk/dai_hue_tong_cao,11
lại,Hồng Xứng Thiện Quang,ex:monk/hong_xung_thien_quang,11
lại,Tâm Như Trí Thủ,ex:monk/tam_nhu_tri_thu,11
lại,Đạo Thiện Quang Tuấn,ex:monk/dao_thien_quang_tuan,11
lại,Tế Chánh Bổn Giác,ex:monk/te_chanh_bon_giac,11
lại,Trừng Thủy Giác Nhiên,ex:monk/trung_thuy_giac_nhien,11
lại,Động Sơn Lương Giới,ex:monk/dong_son_luong_gioi,11
lại,Tánh Thiên Nhất Định,ex:monk/tanh_thien_nhat_dinh,11
lại,Tâm Thật Thiện Châu,ex:monk/tam_that_thien_chau,11
lại,Toàn Ðịnh Bảo Tạng,ex:monk/toan_dinh_bao_tang,11
lại,Thạch Liêm Đại Sán,ex:monk/thach_liem_dai_san,11
Phổ Quang,Tâm Nhất Mật Thể,ex:monk/tam_nhat_mat_the,11
Phổ Quang,Trừng Hảo Diệu Không,ex:monk/trung_hao_dieu_khong,11
Phổ Quang,Thanh Linh Diên Trường,ex:monk/thanh_linh_dien_truong,11
Phổ Quang,Tâm Quang Chánh Pháp,ex:monk/tam_quang_chanh_phap,11
Phổ Quang,Ấn Bính Phổ Bảo,ex:monk/an_binh_pho_bao,11
Phổ Quang,Ấn Lãnh Hoằng Thạc,ex:monk/an_lanh_hoang_thac,11
Phổ Quang,Chơn Bích Trí Huy,ex:monk/chon_bich_tri_huy,11
Phổ Quang,Chơn Luận Phước Huệ,ex:monk/chon_luan_phuoc_hue,11
Phổ Quang,Chương Thiện Hoằng Ðạo,ex:monk/chuong_thien_hoang_ao,11
Phổ Quang,Toàn Nhật Quang Đài,ex:monk/toan_nhat_quang_dai,11
Phổ Quang,Tâm Thông Quảng Huệ,ex:monk/tam_thong_quang_hue,11
về quê,Đại Trí Tề Liên,ex:monk/dai_tri_te_lien,11
về quê,Hồng Tuyên Từ Thông,ex:monk/hong_tuyen_tu_thong,11
về quê,Như Hiền Chí Thiền,ex:monk/nhu_hien_chi_thien,11
về quê,Trừng Hóa Hưng Dụng,ex:monk/trung_hoa_hung_dung,11
về quê,Nguyên Ý Phước Châu,ex:monk/nguyen_y_phuoc_chau,11
về quê,Tâm Cảnh Giác Hạnh,ex:monk/tam_canh_giac_hanh,11
về quê,Tâm Thái Thiện Trí,ex:monk/tam_thai_thien_tri,11
về quê,Huệ Huy Tự Đắc,ex:monk/hue_huy_tu_dac,11
về quê,Thiệt Diệu Liễu Quán,ex:monk/thiet_dieu_lieu_quan,11
về quê,Bảo Chân,ex:monk/bao_chan,11
về quê,Như Lâm Minh Trí,ex:monk/nhu_lam_minh_tri,11
về Huế,Thanh Chân Viên Giác,ex:monk/thanh_chan_vien_giac,11
về Huế,Trừng Thông Tịnh Khiết,ex:monk/trung_thong_tinh_khiet,11
về Huế,Chân Đạo Bích Phong,ex:monk/chan_dao_bich_phong,11
về Huế,Trừng Dàn Bích Không,ex:monk/trung_dan_bich_khong,11
về Huế,Nguyên Không Từ Phương,ex:monk/nguyen_khong_tu_phuong,11
về Huế,Thanh Thái Phước Chỉ,ex:monk/thanh_thai_phuoc_chi,11
về Huế,Tâm Nguyệt Thể Yến,ex:monk/tam_nguyet_the_yen,11
về Huế,Trừng Kệ Tôn Thắng,ex:monk/trung_ke_ton_thang,11
về Huế,Nguyên Chánh Minh Bổn,ex:monk/nguyen_chanh_minh_bon,11
về Huế,Tâm Giải Tương Ưng,ex:monk/tam_giai_tuong_ung,11
về Huế,Tâm Lương Diệu Hoằng,ex:monk/tam_luong_dieu_hoang,11
Pháp Hoa,Chơn Chứng Thiện Quả,ex:monk/chon_chung_thien_qua,11
Pháp Hoa,Như Huệ Trí Thông,ex:monk/nhu_hue_tri_thong,11
Pháp Hoa,Như Nhàn Trí Giác,ex:monk/nhu_nhan_tri_giac,11
Pháp Hoa,Ấn Bính Phổ Bảo,ex:monk/an_binh_pho_bao,11
Pháp Hoa,Ấn Lãnh Hoằng Thạc,ex:monk/an_lanh_hoang_thac,11
Pháp Hoa,Chơn Trung Minh Ðức,ex:monk/chon_trung_minh_uc,11
Pháp Hoa,Chơn Bích Trí Huy,ex:monk/chon_bich_tri_huy,11
Pháp Hoa,Chơn Trừng Đạo Thanh,ex:monk/chon_trung_dao_thanh,11
Pháp Hoa,Như Ðiền Huệ Chấn,ex:monk/nhu_dien_hue_chan,11
Pháp Hoa,Hạnh Đạo Chủng Hoa,ex:monk/hanh_dao_chung_hoa,11
Pháp Hoa,Như Ðiền Huệ Chấn,ex:monk/nhu_ien_hue_chan,11
Long Quang,Chơn Cảnh Trí Thắng,ex:monk/chon_canh_tri_thang,11
Long Quang,Ấn Lan Từ Trí,ex:monk/an_lan_tu_tri,11
Long Quang,Chơn Phước Phổ Đồng,ex:monk/chon_lich_hoang_tho,11
Long Quang,Chơn Lịch Hoằng Thọ,ex:monk/chon_lich_hoang_tho,11
Long Quang,Ðồng Kỉnh Tín Quả,ex:monk/ong_kinh_tin_qua,11
Long Quang,Nguyên Phước Thiên Hỷ,ex:monk/nguyen_phuoc_thien_hy,11
Long Quang,Hải Toàn Linh Cơ,ex:monk/hai_toan_linh_co,11
Long Quang,Thiệt Thành Liễu Đạt,ex:monk/thiet_thanh_lieu_dat,11
Long Quang,Tế Bổn Viên Thường,ex:monk/te_bon_vien_thuong,11
Long Quang,Như Trực Vĩnh Châu,ex:monk/nhu_truc_vinh_chau,11
Long Quang,Tiên Giác Hải Tịnh,ex:monk/tien_giac_hai_tinh,11
xã An,Ấn Bính Phổ Bảo,ex:monk/an_binh_pho_bao,11
xã An,Ấn Lan Từ Trí,ex:monk/an_lan_tu_tri,11
xã An,Ấn Bổn Vĩnh Gia,ex:monk/an_bon_vinh_gia,11
xã An,Chơn Bổn Phước Khánh,ex:monk/chon_bon_phuoc_khanh,11
xã An,Chơn Bổn  Phước Khánh,ex:monk/chon_bon_phuoc_khanh,11
xã An,Hồng Nam Huyền Không,ex:monk/hong_nam_huyen_khong,11
xã An,Như Trung Phước Hậu,ex:monk/nhu_trung_phuoc_hau,11
xã An,Thị Niệm Phước Ninh,ex:monk/thi_niem_phuoc_ninh,11
xã An,Như Thạnh  Huệ Châu,ex:monk/nhu_thanh_hue_chau,11
xã An,Như Trí Bảo Trung,ex:monk/nhu_tri_bao_trung,11
xã An,Tâm Đương Nhất Tâm,ex:monk/tam_duong_nhat_tam,11
Long Sơn,Chơn Lăng Đương Khánh,ex:monk/chon_lang_duong_khanh,11
Long Sơn,Chơn Trung Diệu Quang,ex:monk/chon_trung_dieu_quang,11
Long Sơn,Như Đạt Hoằng Thâm,ex:monk/nhu_dat_hoang_tham,11
Long Sơn,Trí Thuyên,ex:monk/tri_thuyen,11
Long Sơn,Ðồng Kỉnh Tín Quả,ex:monk/ong_kinh_tin_qua,11
Long Sơn,Thị Thuỷ Quảng Đức,ex:monk/thi_thuy_quang_duc,11
Long Sơn,Trừng San Hải Tuệ,ex:monk/trung_san_hai_tue,11
Long Sơn,Thị Khai Ðỗng Minh,ex:monk/thi_khai_ong_minh,11
Long Sơn,Tâm Ðăng Chơn Như,ex:monk/tam_ang_chon_nhu,11
Long Sơn,Phật Tỉnh Từ Nghiêm,ex:monk/phat_tinh_tu_nghiem,11
Long Sơn,Tánh Thông Giác Ngộ,ex:monk/tanh_thong_giac_ngo,11
làng Phú,Tâm Như Mật Nguyện,ex:monk/tam_nhu_mat_nguyen,10
làng Phú,Ấn Tham Hoằng Phúc,ex:monk/an_tham_hoang_phuc,10
làng Phú,Ấn Kim Hoằng Tịnh,ex:monk/an_kim_hoang_tinh,10
làng Phú,Chơn Luận Phước Huệ,ex:monk/chon_luan_phuoc_hue,10
làng Phú,Chơn Thanh Từ Văn,ex:monk/chon_thanh_tu_van,10
làng Phú,Đồng Huy Pháp Độ,ex:monk/dong_huy_phap_do,10
làng Phú,Phật Tuyết Tường Quang,ex:monk/phat_tuyet_tuong_quang,10
làng Phú,Chương Chí Thiên Phước,ex:monk/chuong_chi_thien_phuoc,10
làng Phú,Trừng Thành Hướng Đạo,ex:monk/trung_thanh_huong_dao,10
làng Phú,Hạnh Đạo Chủng Hoa,ex:monk/hanh_dao_chung_hoa,10
chùa Tịnh,Tâm Như Mật Nguyện,ex:monk/tam_nhu_mat_nguyen,10
chùa Tịnh,Tịnh Nhân Giác,ex:monk/tinh_nhan_giac,10
chùa Tịnh,Hương Sơn Pháp Thành,ex:monk/huong_son_phap_thanh,10
chùa Tịnh,Chơn Luận Phước Huệ,ex:monk/chon_luan_phuoc_hue,10
chùa Tịnh,Như Phước Huyền Ý,ex:monk/nhu_phuoc_huyen_y,10
chùa Tịnh,Tâm Nguyệt Thể Yến,ex:monk/tam_nguyet_the_yen,10
chùa Tịnh,Tâm Lượng Từ Mẫn,ex:monk/tam_luong_tu_man,10
chùa Tịnh,Trừng Kệ Tôn Thắng,ex:monk/trung_ke_ton_thang,10
chùa Tịnh,Tâm Niệm Từ Ý,ex:monk/tam_niem_tu_y,10
chùa Tịnh,Viên Thành Trừng Thông,ex:monk/vien_thanh_trung_thong,10
làng An,Thanh Linh Diên Trường,ex:monk/thanh_linh_dien_truong,10
làng An,Tâm Nguyện Tiêu Diêu,ex:monk/tam_nguyen_tieu_dieu,10
làng An,Tâm Quang Chánh Pháp,ex:monk/tam_quang_chanh_phap,10
làng An,Trừng Diên Hưng Phước,ex:monk/trung_dien_hung_phuoc,10
làng An,Thiên Ân,ex:monk/thien_an,10
làng An,Nguyên Phước Quang Thể,ex:monk/nguyen_phuoc_quang_the,10
làng An,Tế Chánh Bổn Giác,ex:monk/te_chanh_bon_giac,10
làng An,Như Khương Thanh Quang,ex:monk/nhu_khuong_thanh_quang,10
làng An,Tâm Thật Thiện Châu,ex:monk/tam_that_thien_chau,10
làng An,Như Thị Huệ Oai,ex:monk/nhu_thi_hue_oai,10
Pháp Bảo,Chơn Ngọc Long Trí,ex:monk/chon_ngoc_long_tri,10
Pháp Bảo,Chơn Chứng Thiện Quả,ex:monk/chon_chung_thien_qua,10
Pháp Bảo,Như Quang Trí Minh,ex:monk/nhu_quang_tri_minh,10
Pháp Bảo,Như Nhàn Trí Giác,ex:monk/nhu_nhan_tri_giac,10
Pháp Bảo,Như Truyện Trí Nhãn,ex:monk/nhu_truyen_tri_nhan,10
Pháp Bảo,Không Hoa Huệ Chiếu,ex:monk/khong_hoa_hue_chieu,10
Pháp Bảo,Như Tiến Quảng Hưng,ex:monk/nhu_tien_quang_hung,10
Pháp Bảo,Như Niệm Bảo Toàn,ex:monk/nhu_niem_bao_toan,10
Pháp Bảo,Tâm Thanh Chơn Nghiêm,ex:monk/tam_thanh_chon_nghiem,10
Pháp Bảo,Ðồng Chơn Thông Niệm,ex:monk/ong_chon_thong_niem,10
Phú Yên,Chơn Chứng Thiện Quả,ex:monk/chon_chung_thien_qua,10
Phú Yên,Chơn Cảnh Trí Thắng,ex:monk/chon_canh_tri_thang,10
Phú Yên,Chơn Kim Pháp Lâm,ex:monk/chon_kim_phap_lam,10
Phú Yên,Như Đạt Hoằng Thâm,ex:monk/nhu_dat_hoang_tham,10
Phú Yên,Trừng Huệ Giác Viên,ex:monk/trung_hue_giac_vien,10
Phú Yên,Pháp Chuyên Diệu Nghiêm,ex:monk/phap_chuyen_dieu_nghiem,10
Phú Yên,Toàn Thể Linh Nguyên,ex:monk/toan_the_linh_nguyen,10
Phú Yên,Toàn Ðịnh Bảo Tạng,ex:monk/toan_dinh_bao_tang,10
Phú Yên,Tánh Thông Giác Ngộ,ex:monk/tanh_thong_giac_ngo,10
Phú Yên,Thị Lạc Hưng Từ,ex:monk/thi_lac_hung_tu,10
chùa Tường,Trừng Thông Tịnh Khiết,ex:monk/trung_thong_tinh_khiet,10
chùa Tường,Tâm Quang Chánh Pháp,ex:monk/tam_quang_chanh_phap,10
chùa Tường,Chơn Luận Phước Huệ,ex:monk/chon_luan_phuoc_hue,10
chùa Tường,Tâm Ấn Viên Quang,ex:monk/tam_an_vien_quang,10
chùa Tường,Tâm Phật Thiện Siêu,ex:monk/tam_phat_thien_sieu,10
chùa Tường,Trừng Ninh Diệu Hương,ex:monk/trung_ninh_dieu_huong,10
chùa Tường,Tâm Nguyệt Thể Yến,ex:monk/tam_nguyet_the_yen,10
chùa Tường,Trừng Hương Tịnh Hạnh,ex:monk/trung_huong_tinh_hanh,10
chùa Tường,Hải Bình Khiết Bạch,ex:monk/hai_binh_khiet_bach,10
chùa Tường,Từ Sơn Hành Nhất,ex:monk/tu_son_hanh_nhat,10
Phước Quang,Chơn Cảnh Trí Thắng,ex:monk/chon_canh_tri_thang,10
Phước Quang,Ấn Tham Hoằng Phúc,ex:monk/an_tham_hoang_phuc,10
Phước Quang,Ấn Kim Hoằng Tịnh,ex:monk/an_kim_hoang_tinh,10
Phước Quang,Chơn Sử Khánh Tín,ex:monk/chon_su_khanh_tin,10
Phước Quang,Chơn Trung Diệu Quang,ex:monk/chon_trung_dieu_quang,10
Phước Quang,Chơn Thành Khánh Ngọc,ex:monk/chon_thanh_khanh_ngoc,10
Phước Quang,Ấn Thiên Huệ Nhãn,ex:monk/an_thien_hue_nhan,10
Phước Quang,Chơn Phước Huệ Pháp,ex:monk/chon_phuoc_hue_phap,10
Phước Quang,Trừng Kệ Tôn Thắng,ex:monk/trung_ke_ton_thang,10
Phước Quang,Tâm Niệm Từ Ý,ex:monk/tam_niem_tu_y,10
Thiên Bửu,Chơn Cảnh Trí Thắng,ex:monk/chon_canh_tri_thang,10
Thiên Bửu,Ngộ Tánh Phước Huệ,ex:monk/ngo_tanh_phuoc_hue,10
Thiên Bửu,Chơn Phú Bích Lâm,ex:monk/chon_phu_bich_lam,10
Thiên Bửu,Ðồng Kỉnh Tín Quả,ex:monk/ong_kinh_tin_qua,10
Thiên Bửu,Thị Thọ Nhơn Hiền,ex:monk/thi_tho_nhon_hien,10
Thiên Bửu,Ðồng Phước Thông Bửu,ex:monk/ong_phuoc_thong_buu,10
Thiên Bửu,Tế Hiển Bửu Dương,ex:monk/te_hien_buu_duong,10
Thiên Bửu,Đại Bửu Kim Cang,ex:monk/dai_buu_kim_cang,10
Thiên Bửu,Bảo Chân,ex:monk/bao_chan,10
Thiên Bửu,Tiên Đề Chơn Phẩm,ex:monk/tien_de_chon_pham,10
Bích Liên,Chơn Cảnh Trí Thắng,ex:monk/chon_canh_tri_thang,10
Bích Liên,Ấn Lãnh Hoằng Thạc,ex:monk/an_lanh_hoang_thac,10
Bích Liên,Chơn Giám Trí Hải,ex:monk/chon_giam_tri_hai,10
Bích Liên,Chơn Bích Trí Huy,ex:monk/chon_bich_tri_huy,10
Bích Liên,Chơn Luận Phước Huệ,ex:monk/chon_luan_phuoc_hue,10
Bích Liên,Như An Huyền Quang,ex:monk/nhu_an_huyen_quang,10
Bích Liên,Như Ðăng Trí Ðộ,ex:monk/nhu_ang_tri_o,10
Bích Liên,Như Ái Hoằng Thâm,ex:monk/nhu_ai_hoang_tham,10
Bích Liên,Như Lễ Huyền Dung,ex:monk/nhu_le_huyen_dung,10
Bích Liên,Như Bình Huyền Tịnh,ex:monk/nhu_binh_huyen_tinh,10
Bửu Đà,Chơn Nhật Quang Minh,ex:monk/chon_nhat_quang_minh,10
Bửu Đà,Chơn Thật Chí Bảo,ex:monk/chon_that_chi_bao,10
Bửu Đà,Như Xướng Giải Ân,ex:monk/nhu_xuong_giai_an,10
Bửu Đà,Như Từ Huệ Trí,ex:monk/nhu_tu_hue_tri,10
Bửu Đà,Như Quý Trí Nghiêm,ex:monk/nhu_quy_tri_nghiem,10
Bửu Đà,Như Tín Huệ Phát,ex:monk/nhu_tin_hue_phat,10
Bửu Đà,Như Nhã Giác Ý,ex:monk/nhu_nha_giac_y,10
Bửu Đà,Thị Nhật Hạnh Đạt,ex:monk/thi_nhat_hanh_dat,10
Bửu Đà,Thị Xuất Giác Huệ,ex:monk/thi_xuat_giac_hue,10
Bửu Đà,Thị Xuất  Huệ Quý,ex:monk/thi_xuat_hue_quy,10
chùa Sắc,Ấn Tham Hoằng Phúc,ex:monk/an_tham_hoang_phuc,10
chùa Sắc,Ấn Kim Hoằng Tịnh,ex:monk/an_kim_hoang_tinh,10
chùa Sắc,Ấn Lãnh Hoằng Thạc,ex:monk/an_lanh_hoang_thac,10
chùa Sắc,Chơn Trung Diệu Quang,ex:monk/chon_trung_dieu_quang,10
chùa Sắc,Chơn Đỉnh Phước Thông,ex:monk/chon_dinh_phuoc_thong,10
chùa Sắc,Trừng Dàn Bích Không,ex:monk/trung_dan_bich_khong,10
chùa Sắc,Chơn Phú Bích Lâm,ex:monk/chon_phu_bich_lam,10
chùa Sắc,Hồng Tòng Phổ Quảng,ex:monk/hong_tong_pho_quang,10
chùa Sắc,Ðồng Chánh Tịnh Như,ex:monk/ong_chanh_tinh_nhu,10
chùa Sắc,Thị Chí Phước Hộ,ex:monk/thi_chi_phuoc_ho,10
Kim Tiên,Không Tâm Trí Quảng,ex:monk/khong_tam_tri_quang,10
Kim Tiên,Như Truyện Trí Nhãn,ex:monk/nhu_truyen_tri_nhan,10
Kim Tiên,Thanh Đức Tâm Khoan,ex:monk/thanh_duc_tam_khoan,10
Kim Tiên,Trừng Gia Hưng Mãn,ex:monk/trung_gia_hung_man,10
Kim Tiên,Trừng Chiếu Từ Mãn,ex:monk/trung_chieu_tu_man,10
Kim Tiên,Tánh Thông Nhất Trí,ex:monk/tanh_thong_nhat_tri,10
Kim Tiên,Đạo Minh Phổ Tịnh,ex:monk/dao_minh_pho_tinh,10
Kim Tiên,Hải Thuận Lương Duyên,ex:monk/hai_thuan_luong_duyen,10
Kim Tiên,Tâm Trung Chánh Trực,ex:monk/tam_trung_chanh_truc,10
Kim Tiên,Toàn Ðịnh Bảo Tạng,ex:monk/toan_dinh_bao_tang,10
ĐÀM CHÂU,Chiều Đề Tuệ Lãng,ex:monk/chieu_de_tue_lang,10
ĐÀM CHÂU,Đàm Châu Đại Xuyên,ex:monk/dam_chau_dai_xuyen,10
ĐÀM CHÂU,Đàm Châu Hoa Lâm,ex:monk/dam_chau_hoa_lam,10
ĐÀM CHÂU,Đàm Châu Trung Vân Cái,ex:monk/dam_chau_trung_van_cai,10
ĐÀM CHÂU,Đàm Châu Trung Vân Cái,ex:monk/dam_chau_trung_van_cai,10
ĐÀM CHÂU,Đàm Châu Bảo Cái Ước,ex:monk/dam_chau_bao_cai_uoc,10
ĐÀM CHÂU,Đàm Châu Lộc Uyển Huy,ex:monk/dam_chau_loc_uyen_huy,10
ĐÀM CHÂU,Đàm Châu Phi Điền Phục,ex:monk/dam_chau_phi_dien_phuc,10
ĐÀM CHÂU,Vân Nham Đàm Thạnh,ex:monk/van_nham_dam_thanh,10
ĐÀM CHÂU,Thạch Thất Thiện Đạo,ex:monk/thach_that_thien_dao,10
về lại,Đại Huệ Tông Cảo,ex:monk/dai_hue_tong_cao,9
về lại,Như Nhàn Trí Giác,ex:monk/nhu_nhan_tri_giac,9
về lại,Chơn Hương Thiên Quang,ex:monk/chon_huong_thien_quang,9
về lại,Nguyên Định Đức Trì,ex:monk/nguyen_dinh_duc_tri,9
về lại,Hoằng Trí Chánh Giác,ex:monk/hoang_tri_chanh_giac,9
về lại,Thị Khai Ðỗng Minh,ex:monk/thi_khai_ong_minh,9
về lại,Tuyết Đậu Ðại Chứng,ex:monk/tuyet_dau_ai_chung,9
về lại,Trừng Tuệ Chí Mậu,ex:monk/trung_tue_chi_mau,9
về lại,Thị Niệm Phước Ninh,ex:monk/thi_niem_phuoc_ninh,9
Hà Nội,Cư Sĩ Tâm Hòa Trương Xướng,ex:monk/cu_si_tam_hoa_truong_xuong,9
Hà Nội,Không Hoa Huệ Chiếu,ex:monk/khong_hoa_hue_chieu,9
Hà Nội,Trừng Hóa Hưng Dụng,ex:monk/trung_hoa_hung_dung,9
Hà Nội,Trừng Chiếu Từ Mãn,ex:monk/trung_chieu_tu_man,9
Hà Nội,Nguyên Thuận Đức Tánh,ex:monk/nguyen_thuan_duc_tanh,9
Hà Nội,Nguyên Phước Quang Thể,ex:monk/nguyen_phuoc_quang_the,9
Hà Nội,Quang Lư Như Như,ex:monk/quang_lu_nhu_nhu,9
Hà Nội,Trừng Nguyên Đôn Hậu,ex:monk/trung_nguyen_don_hau,9
Hà Nội,Nguyên Chánh Minh Bổn,ex:monk/nguyen_chanh_minh_bon,9
Vạn Phước,Tâm Địa Mật Khế,ex:monk/tam_dia_mat_khe,9
Vạn Phước,Nhựt Bình Trí Tịnh,ex:monk/nhut_binh_tri_tinh,9
Vạn Phước,Nguyên Tánh Đức Tâm,ex:monk/nguyen_tanh_duc_tam,9
Vạn Phước,Nguyên Nguyện Tâm Hướng,ex:monk/nguyen_nguyen_tam_huong,9
Vạn Phước,Tâm Cảnh Giác Hạnh,ex:monk/tam_canh_giac_hanh,9
Vạn Phước,Thanh Ninh Tâm Truyền,ex:monk/thanh_ninh_tam_truyen,9
Vạn Phước,Thanh Ninh Tâm Tịnh,ex:monk/thanh_ninh_tam_tinh,9
Vạn Phước,Đạo Minh Phổ Tịnh,ex:monk/dao_minh_pho_tinh,9
Vạn Phước,Ðồng Chánh Tịnh Giác,ex:monk/ong_chanh_tinh_giac,9
về với,Tâm Như Mật Nguyện,ex:monk/tam_nhu_mat_nguyen,9
về với,Như Quang Trí Minh,ex:monk/nhu_quang_tri_minh,9
về với,Ấn Bổn Vĩnh Gia,ex:monk/an_bon_vinh_gia,9
về với,Như Hường Thọ Minh,ex:monk/nhu_huong_tho_minh,9
về với,Nguyên Minh Phước Thành,ex:monk/nguyen_minh_phuoc_thanh,9
về với,Tâm Đạo Thanh Quang,ex:monk/tam_dao_thanh_quang,9
về với,Đại Bửu Kim Cang,ex:monk/dai_buu_kim_cang,9
về với,Như Tuyết Lưu Đức,ex:monk/nhu_tuyet_luu_duc,9
về với,Thạch Liêm Đại Sán,ex:monk/thach_liem_dai_san,9
miền Bắc,Trừng Hảo Diệu Không,ex:monk/trung_hao_dieu_khong,9
miền Bắc,Ấn Hướng Pháp Nhãn,ex:monk/an_huong_phap_nhan,9
miền Bắc,Trừng Dàn Bích Không,ex:monk/trung_dan_bich_khong,9
miền Bắc,Chơn Luận Phước Huệ,ex:monk/chon_luan_phuoc_hue,9
miền Bắc,Như Ðăng Trí Ðộ,ex:monk/nhu_ang_tri_o,9
miền Bắc,Quang Lư Như Như,ex:monk/quang_lu_nhu_nhu,9
miền Bắc,Tỳ Ni Đa Lưu Chi,ex:monk/ty_ni_da_luu_chi,9
miền Bắc,Ðồng Ðộ Tịnh Khiết,ex:monk/ong_o_tinh_khiet,9
miền Bắc,Từ Sơn Hành Nhất,ex:monk/tu_son_hanh_nhat,9
Hội An,Trừng Hảo Diệu Không,ex:monk/trung_hao_dieu_khong,9
Hội An,Như Quang Trí Minh,ex:monk/nhu_quang_tri_minh,9
Hội An,Như Niệm Bảo Toàn,ex:monk/nhu_niem_bao_toan,9
Hội An,Thành Đẳng Minh Lượng,ex:monk/thanh_dang_minh_luong,9
Hội An,Thiệt Uyên Chí Bảo,ex:monk/thiet_luong,9
Hội An,Thiệt Lương,ex:monk/thiet_luong,9
Hội An,Phật Tuyết Tường Quang,ex:monk/phat_tuyet_tuong_quang,9
Hội An,Thạch Liêm Đại Sán,ex:monk/thach_liem_dai_san,9
Hội An,Quả Hoằng Hưng Liên,ex:monk/qua_hoang_hung_lien,9
Hoa Nghiêm,Phù Dung Đạo Giai,ex:monk/phu_dung_dao_giai,9
Hoa Nghiêm,Trừng Chiếu Từ Mãn,ex:monk/trung_chieu_tu_man,9
Hoa Nghiêm,Phước Nghiêm Thẩm Thừa,ex:monk/phuoc_nghiem_tham_thua,9
Hoa Nghiêm,Thanh Y Giác Huệ,ex:monk/thanh_y_giac_hue,9
Hoa Nghiêm,Tâm Ðăng Chơn Như,ex:monk/tam_ang_chon_nhu,9
Hoa Nghiêm,Kinh Triệu Hiện Tử,ex:monk/kinh_trieu_hien_tu,9
Hoa Nghiêm,Hoa Nghiêm Hưu Tĩnh,ex:monk/hoa_nghiem_huu_tinh,9
Hoa Nghiêm,Phật Tỉnh Từ Nghiêm,ex:monk/phat_tinh_tu_nghiem,9
Hoa Nghiêm,Hoa Nghiêm Huệ Lan,ex:monk/hoa_nghiem_hue_lan,9
Đại Bi,Thanh Thái Huệ Minh,ex:monk/thanh_thai_hue_minh,9
Đại Bi,Hoàng Cảnh Viên Dung,ex:monk/hoang_canh_vien_dung,9
Đại Bi,Hồng Nam Huyền Không,ex:monk/hong_nam_huyen_khong,9
Đại Bi,Nguyên Minh Đức Thiệu,ex:monk/nguyen_minh_duc_thieu,9
Đại Bi,Nguyên Giác Quang Phú,ex:monk/nguyen_giac_quang_phu,9
Đại Bi,Tâm Ấn Viên Quang,ex:monk/tam_an_vien_quang,9
Đại Bi,Tâm Tuệ Thanh Trí,ex:monk/tam_tue_thanh_tri,9
Đại Bi,Tâm Lễ Chánh Kiến,ex:monk/tam_le_chanh_kien,9
Đại Bi,Tâm Ưng Đảnh Lễ,ex:monk/tam_ung_danh_le,9
chùa Quốc,Như Hán Nguyên Cát,ex:monk/nhu_han_nguyen_cat,9
chùa Quốc,Nhựt Bình Trí Tịnh,ex:monk/nhut_binh_tri_tinh,9
chùa Quốc,Nguyên Thiều Thọ Tông,ex:monk/nguyen_thieu_tho_tong,9
chùa Quốc,Minh Vật Nhứt Tri,ex:monk/minh_vat_nhut_tri,9
chùa Quốc,Minh Giác Kỳ Phương,ex:monk/minh_giac_ky_phuong,9
chùa Quốc,Minh Hằng Định Nhiên,ex:monk/minh_hang_dinh_nhien,9
chùa Quốc,Minh Hải Pháp Bảo,ex:monk/minh_hai_phap_bao,9
chùa Quốc,Tổ Ấn Mật Hoằng,ex:monk/to_an_mat_hoang,9
chùa Quốc,Tế Chánh Bổn Giác,ex:monk/te_chanh_bon_giac,9
Phật Học,Thị Năng Trí Hữu,ex:monk/thi_nang_tri_huu,9
Phật Học,Đồng Nguyện Thiện Nguyện,ex:monk/dong_nguyen_thien_nguyen,9
Phật Học,Như Vạn Trí Phước,ex:monk/nhu_van_tri_phuoc,9
Phật Học,Tâm Thanh Chơn Nghiêm,ex:monk/tam_thanh_chon_nghiem,9
Phật Học,Trí Thuyên,ex:monk/tri_thuyen,9
Phật Học,Nguyên Nguyện Tâm Hướng,ex:monk/nguyen_nguyen_tam_huong,9
Phật Học,Trừng San Hải Tuệ,ex:monk/trung_san_hai_tue,9
Phật Học,Tâm Thị Thiện Minh,ex:monk/tam_thi_thien_minh,9
Phật Học,Tâm Thật Thiện Châu,ex:monk/tam_that_thien_chau,9
lễ Phật,Đồng Nguyện Thiện Nguyện,ex:monk/dong_nguyen_thien_nguyen,9
lễ Phật,Ấn Thiên Huệ Nhãn,ex:monk/an_thien_hue_nhan,9
lễ Phật,Chơn An Chánh Liêm,ex:monk/chon_an_chanh_liem,9
lễ Phật,Như Ðắc Thiền Phương,ex:monk/nhu_ac_thien_phuong,9
lễ Phật,Như Hường Thọ Minh,ex:monk/nhu_huong_tho_minh,9
lễ Phật,Tâm Như Trí Thủ,ex:monk/tam_nhu_tri_thu,9
lễ Phật,Nguyên Không Từ Phương,ex:monk/nguyen_khong_tu_phuong,9
lễ Phật,Tâm Hồng Từ Hương,ex:monk/tam_hong_tu_huong,9
lễ Phật,Nguyên Tuệ Diệu Định,ex:monk/nguyen_tue_dieu_dinh,9
Thạch Sơn,Chơn Chứng Thiện Quả,ex:monk/chon_chung_thien_qua,9
Thạch Sơn,Ấn Kim Hoằng Tịnh,ex:monk/an_kim_hoang_tinh,9
Thạch Sơn,Ấn Lãnh Hoằng Thạc,ex:monk/an_lanh_hoang_thac,9
Thạch Sơn,Chơn Sử Khánh Tín,ex:monk/chon_su_khanh_tin,9
Thạch Sơn,Chơn Trung Minh Ðức,ex:monk/chon_trung_minh_uc,9
Thạch Sơn,Chơn Giám Trí Hải,ex:monk/chon_giam_tri_hai,9
Thạch Sơn,Chơn Miên Trí Hưng,ex:monk/chon_mien_tri_hung,9
Thạch Sơn,Như Chánh Huyền Tấn,ex:monk/nhu_chanh_huyen_tan,9
Thạch Sơn,Tánh Thông Giác Ngộ,ex:monk/tanh_thong_giac_ngo,9
Phước Huệ,Trừng Thông Tịnh Khiết,ex:monk/trung_thong_tinh_khiet,9
Phước Huệ,Ấn Bổn Vĩnh Gia,ex:monk/an_bon_vinh_gia,9
Phước Huệ,Chơn Tâm Pháp Thân,ex:monk/chon_tam_phap_than,9
Phước Huệ,Ấn Thiên Huệ Nhãn,ex:monk/an_thien_hue_nhan,9
Phước Huệ,Chơn Phú Bích Lâm,ex:monk/chon_phu_bich_lam,9
Phước Huệ,Chơn Luận Phước Huệ,ex:monk/chon_luan_phuoc_hue,9
Phước Huệ,Ðồng Phước Thông Bửu,ex:monk/ong_phuoc_thong_buu,9
Phước Huệ,Tâm Phật Thiện Siêu,ex:monk/tam_phat_thien_sieu,9
Phước Huệ,Ðồng Chánh Tịnh Như,ex:monk/ong_chanh_tinh_nhu,9
Từ Vân,Chơn Thể Phổ Minh,ex:monk/chon_the_pho_minh,9
Từ Vân,Chơn Thể Phổ Minh,ex:monk/chon_the_pho_minh,9
Từ Vân,Chơn Huệ Phổ Trí,ex:monk/chon_hue_pho_tri,9
Từ Vân,Chơn Huệ Phổ Trí,ex:monk/chon_hue_pho_tri,9
Từ Vân,Chơn Đề Đương Chí,ex:monk/chon_de_duong_chi,9
Từ Vân,Chơn Lăng Đương Khánh,ex:monk/chon_lang_duong_khanh,9
Từ Vân,Chơn Quang Ngộ Đạt,ex:monk/chon_quang_ngo_dat,9
Từ Vân,Như Tín Giác Chánh,ex:monk/nhu_cam_giac_chon,9
Từ Vân,Như Cẩm Giác Chơn,ex:monk/nhu_cam_giac_chon,9
trường Hương,Ấn Kim Hoằng Tịnh,ex:monk/an_kim_hoang_tinh,9
trường Hương,Chơn Miên Trí Hưng,ex:monk/chon_mien_tri_hung,9
trường Hương,Như Thọ Huyền Tân,ex:monk/nhu_tho_huyen_tan,9
trường Hương,Như Ðiền Huệ Chấn,ex:monk/nhu_dien_hue_chan,9
trường Hương,Như Tiến Quảng Hưng,ex:monk/nhu_tien_quang_hung,9
trường Hương,Như Niệm Bảo Toàn,ex:monk/nhu_niem_bao_toan,9
trường Hương,Chơn Thanh Từ Văn,ex:monk/chon_thanh_tu_van,9
trường Hương,Hồng Tòng Phổ Quảng,ex:monk/hong_tong_pho_quang,9
trường Hương,Như Ðiền Huệ Chấn,ex:monk/nhu_ien_hue_chan,9
Long Khánh,Như Thọ Huyền Tân,ex:monk/nhu_tho_huyen_tan,9
Long Khánh,Chơn Luận Phước Huệ,ex:monk/chon_luan_phuoc_hue,9
Long Khánh,Không Tín Kế Châu,ex:monk/khong_tin_ke_chau,9
Long Khánh,Chơn Phước Huệ Pháp,ex:monk/chon_phuoc_hue_phap,9
Long Khánh,Như Quả Hoàn Tuyên,ex:monk/nhu_qua_hoan_tuyen,9
Long Khánh,Ðồng Kỉnh Tín Quả,ex:monk/ong_kinh_tin_qua,9
Long Khánh,Toàn Ðịnh Bảo Tạng,ex:monk/toan_dinh_bao_tang,9
Long Khánh,Thị Chí Phước Hộ,ex:monk/thi_chi_phuoc_ho,9
Long Khánh,Thị Huệ Bảo An,ex:monk/thi_hue_bao_an,9
Vạn Đức,Như Truyện Trí Nhãn,ex:monk/nhu_truyen_tri_nhan,9
Vạn Đức,Hồng Xứng Thiện Quang,ex:monk/hong_xung_thien_quang,9
Vạn Đức,Nhựt Bình Trí Tịnh,ex:monk/nhut_binh_tri_tinh,9
Vạn Đức,Nguyên Nguyện Tâm Hướng,ex:monk/nguyen_nguyen_tam_huong,9
Vạn Đức,Toàn Đức Hoằng Tông,ex:monk/toan_duc_hoang_tong,9
Vạn Đức,Thành Đẳng Minh Lượng,ex:monk/thanh_dang_minh_luong,9
Vạn Đức,Minh Hải Pháp Bảo,ex:monk/minh_hai_phap_bao,9
Vạn Đức,Phật Tuyết Tường Quang,ex:monk/phat_tuyet_tuong_quang,9
Vạn Đức,Từ Sơn Hành Nhất,ex:monk/tu_son_hanh_nhat,9
chùa Giác,Như Hiền Chí Thiền,ex:monk/nhu_hien_chi_thien,9
chùa Giác,Thành Đẳng Minh Lượng,ex:monk/thanh_dang_minh_luong,9
chùa Giác,Tổ Tông Viên Quang,ex:monk/to_tong_vien_quang,9
chùa Giác,Hải Toàn Linh Cơ,ex:monk/hai_toan_linh_co,9
chùa Giác,Nguyên Chánh Minh Bổn,ex:monk/nguyen_chanh_minh_bon,9
chùa Giác,Tiên Giác Hải Tịnh,ex:monk/tien_giac_hai_tinh,9
chùa Giác,Tâm Trí Viên Giác,ex:monk/tam_tri_vien_giac,9
chùa Giác,Tánh Thông Giác Ngộ,ex:monk/tanh_thong_giac_ngo,9
chùa Giác,Thạch Liêm Đại Sán,ex:monk/thach_liem_dai_san,9
thủ đô,Nhựt Bình Trí Tịnh,ex:monk/nhut_binh_tri_tinh,9
thủ đô,Nguyên Định Đức Trì,ex:monk/nguyen_dinh_duc_tri,9
thủ đô,Tâm Như Trí Thủ,ex:monk/tam_nhu_tri_thu,9
thủ đô,Nguyên Tánh Đức Tâm,ex:monk/nguyen_tanh_duc_tam,9
thủ đô,Nguyên Thuận Đức Tánh,ex:monk/nguyen_thuan_duc_tanh,9
thủ đô,TT Nguyên Hồng Từ Phong,ex:monk/tt_nguyen_hong_tu_phong,9
thủ đô,Tâm Tuệ Thanh Trí,ex:monk/tam_tue_thanh_tri,9
thủ đô,Quang Lư Như Như,ex:monk/quang_lu_nhu_nhu,9
thủ đô,Tâm Khai Nhật Liên,ex:monk/tam_khai_nhat_lien,9
Thuận Hóa,Nguyên Thiều Thọ Tông,ex:monk/nguyen_thieu_tho_tong,9
Thuận Hóa,Minh Hải Pháp Bảo,ex:monk/minh_hai_phap_bao,9
Thuận Hóa,Trừng Khiết Như Như,ex:monk/trung_khiet_nhu_nhu,9
Thuận Hóa,Thiệt Diệu Liễu Quán,ex:monk/thiet_dieu_lieu_quan,9
Thuận Hóa,Tế Hiệp Hải Điện,ex:monk/te_hiep_hai_dien,9
Thuận Hóa,Tế Chánh Bổn Giác,ex:monk/te_chanh_bon_giac,9
Thuận Hóa,Hải Toàn Linh Cơ,ex:monk/hai_toan_linh_co,9
Thuận Hóa,Thạch Liêm Đại Sán,ex:monk/thach_liem_dai_san,9
Thuận Hóa,Minh Hoàng Tử Dung,ex:monk/minh_hoang_tu_dung,9
Động Sơn,Đại Huệ Tông Cảo,ex:monk/dai_hue_tong_cao,8
Động Sơn,Phù Dung Đạo Giai,ex:monk/phu_dung_dao_giai,8
Động Sơn,Động Sơn Ðạo Vi,ex:monk/dong_son_ao_vi,8
Động Sơn,Động Sơn Vân,ex:monk/dong_son_van,8
Động Sơn,Động Sơn Lương Giới,ex:monk/dong_son_luong_gioi,8
Động Sơn,Bạch Thủy Bổn Nhân,ex:monk/bach_thuy_bon_nhan,8
Động Sơn,Động Sơn Kiền,ex:monk/dong_son_kien,8
Động Sơn,Động Sơn Hiểu Thông,ex:monk/dong_son_hieu_thong,8
lại đây,Đại Huệ Tông Cảo,ex:monk/dai_hue_tong_cao,8
lại đây,Phù Dung Đạo Giai,ex:monk/phu_dung_dao_giai,8
lại đây,Như Điển Trí Tâm,ex:monk/nhu_dien_tri_tam,8
lại đây,Lâm Tế Nghĩa Huyền,ex:monk/lam_te_nghia_huyen,8
lại đây,Bồ Đề Quang Dụng,ex:monk/lam_te_nghia_huyen,8
lại đây,Tỳ Ni Đa Lưu Chi,ex:monk/ty_ni_da_luu_chi,8
lại đây,Toàn Ðịnh Bảo Tạng,ex:monk/toan_dinh_bao_tang,8
lại đây,Thạch Liêm Đại Sán,ex:monk/thach_liem_dai_san,8
chùa Diệu,Tâm Địa Mật Khế,ex:monk/tam_dia_mat_khe,8
chùa Diệu,Tâm Đạo Thanh Quang,ex:monk/tam_dao_thanh_quang,8
chùa Diệu,Tâm Nguyệt Thể Yến,ex:monk/tam_nguyet_the_yen,8
chùa Diệu,Tâm Hồng Từ Hương,ex:monk/tam_hong_tu_huong,8
chùa Diệu,Thanh Ninh Tâm Truyền,ex:monk/thanh_ninh_tam_truyen,8
chùa Diệu,Trừng Nguyên Đôn Hậu,ex:monk/trung_nguyen_don_hau,8
chùa Diệu,Phật Tuyết Tường Quang,ex:monk/phat_tuyet_tuong_quang,8
chùa Diệu,Tiên Giác Hải Tịnh,ex:monk/tien_giac_hai_tinh,8
kinh đô,Tâm Địa Mật Khế,ex:monk/tam_dia_mat_khe,8
kinh đô,Trừng Hảo Diệu Không,ex:monk/trung_hao_dieu_khong,8
kinh đô,Chơn Luận Phước Huệ,ex:monk/chon_luan_phuoc_hue,8
kinh đô,Hồng Tuyên Từ Thông,ex:monk/hong_tuyen_tu_thong,8
kinh đô,Tỳ Ni Đa Lưu Chi,ex:monk/ty_ni_da_luu_chi,8
kinh đô,Đạo Minh Phổ Tịnh,ex:monk/dao_minh_pho_tinh,8
kinh đô,Thiệt Thành Liễu Đạt,ex:monk/thiet_thanh_lieu_dat,8
kinh đô,Tiên Giác Hải Tịnh,ex:monk/tien_giac_hai_tinh,8
chùa Hải,Tâm Thanh Tịch Tràng,ex:monk/tam_thanh_tich_trang,8
chùa Hải,Như Huệ Trí Thông,ex:monk/nhu_hue_tri_thong,8
chùa Hải,Như Thọ Huyền Tân,ex:monk/nhu_tho_huyen_tan,8
chùa Hải,Như Niệm Bảo Toàn,ex:monk/nhu_niem_bao_toan,8
chùa Hải,Tâm Như Trí Thủ,ex:monk/tam_nhu_tri_thu,8
chùa Hải,Tâm Phật Thiện Siêu,ex:monk/tam_phat_thien_sieu,8
chùa Hải,Trừng San Hải Tuệ,ex:monk/trung_san_hai_tue,8
chùa Hải,Tâm Ðăng Chơn Như,ex:monk/tam_ang_chon_nhu,8
nơi đây,Tâm Thanh Tịch Tràng,ex:monk/tam_thanh_tich_trang,8
nơi đây,Đồng Nguyện Thiện Nguyện,ex:monk/dong_nguyen_thien_nguyen,8
nơi đây,Ấn Hướng Pháp Nhãn,ex:monk/an_huong_phap_nhan,8
nơi đây,Tâm Tuệ Thanh Trí,ex:monk/tam_tue_thanh_tri,8
nơi đây,Tuyết Phong Nghĩa Tồn,ex:monk/tuyet_phong_nghia_ton,8
nơi đây,Đức Sơn Tuyên Giám,ex:monk/duc_son_tuyen_giam,8
nơi đây,Thiệt Úy Khánh Vân,ex:monk/thiet_uy_khanh_van,8
nơi đây,Tiên Thiên,ex:monk/tien_thien,8
Thiên Phước,Đồng Thiện Thiện Ân,ex:monk/dd_dong_thien_thien_an,8
Thiên Phước,ĐĐ Đồng Thiện Thiện Ân,ex:monk/dd_dong_thien_thien_an,8
Thiên Phước,Chơn Miên Trí Hưng,ex:monk/chon_mien_tri_hung,8
Thiên Phước,Chơn Quý Khánh Anh,ex:monk/chon_quy_khanh_anh,8
Thiên Phước,Ðồng Phước Thông Bửu,ex:monk/ong_phuoc_thong_buu,8
Thiên Phước,Thiệt Úy Khánh Vân,ex:monk/thiet_uy_khanh_van,8
Thiên Phước,Thị An Phước Bình,ex:monk/thi_an_phuoc_binh,8
Thiên Phước,Tiên Huệ Tịnh Nhãn,ex:monk/tien_hue_tinh_nhan,8
về Tổ,Đồng Nguyện Thiện Nguyện,ex:monk/dong_nguyen_thien_nguyen,8
về Tổ,Trừng Thông Tịnh Khiết,ex:monk/trung_thong_tinh_khiet,8
về Tổ,Tâm Hồng Từ Hương,ex:monk/tam_hong_tu_huong,8
về Tổ,Thiệt Diệu Liễu Quán,ex:monk/thiet_dieu_lieu_quan,8
về Tổ,Tâm Khai Nhật Liên,ex:monk/tam_khai_nhat_lien,8
về Tổ,Thị Huệ Bảo An,ex:monk/thi_hue_bao_an,8
về Tổ,Tâm Hòa Thiên Thái,ex:monk/tam_hoa_thien_thai,8
về Tổ,Tâm Giải Tương Ưng,ex:monk/tam_giai_tuong_ung,8
ấu thơ,Chơn Ngọc Long Trí,ex:monk/chon_ngoc_long_tri,8
ấu thơ,Tâm Quang Đàm Minh,ex:monk/tam_quang_dam_minh,8
ấu thơ,Chơn Hương Thiên Quang,ex:monk/chon_huong_thien_quang,8
ấu thơ,Chương Khước Giác Tánh,ex:monk/chuong_khuoc_giac_tanh,8
ấu thơ,Như Truyện Trí Nhãn,ex:monk/nhu_truyen_tri_nhan,8
ấu thơ,Thích Như Hiền,ex:monk/thich_nhu_hien,8
ấu thơ,TT Tâm Ý Trường Định,ex:monk/tt_tam_y_truong_dinh,8
ấu thơ,Tâm Phổ Thiện Lộc,ex:monk/tam_pho_thien_loc,8
Từ Vân,Chơn Chứng Thiện Quả,ex:monk/chon_chung_thien_qua,8
Từ Vân,Chơn Tá Tôn Bảo,ex:monk/chon_ta_ton_bao,8
Từ Vân,Ấn Nghiêm Phổ Thoại,ex:monk/an_nghiem_pho_thoai,8
Từ Vân,Như Tiến Quảng Hưng,ex:monk/nhu_tien_quang_hung,8
Từ Vân,Như Niệm Bảo Toàn,ex:monk/nhu_niem_bao_toan,8
Từ Vân,Tâm Như Trí Thủ,ex:monk/tam_nhu_tri_thu,8
Từ Vân,Nguyên Tuyết Như Ý,ex:monk/nguyen_tuyet_nhu_y,8
Từ Vân,Trừng Kệ Tôn Thắng,ex:monk/trung_ke_ton_thang,8
Gia Định,Chơn Chứng Thiện Quả,ex:monk/chon_chung_thien_qua,8
Gia Định,Nguyên Thiều Thọ Tông,ex:monk/nguyen_thieu_tho_tong,8
Gia Định,Tổ Đạt Trí Tâm,ex:monk/to_dat_tri_tam,8
Gia Định,Tổ Ấn Mật Hoằng,ex:monk/to_an_mat_hoang,8
Gia Định,Phật Tỉnh Từ Nghiêm,ex:monk/phat_tinh_tu_nghiem,8
Gia Định,Thiệt Thành Liễu Đạt,ex:monk/thiet_thanh_lieu_dat,8
Gia Định,Tiên Giác Hải Tịnh,ex:monk/tien_giac_hai_tinh,8
Gia Định,Minh Vi Mật Hạnh,ex:monk/minh_vi_mat_hanh,8
thành những,Trừng Thông Tịnh Khiết,ex:monk/trung_thong_tinh_khiet,8
thành những,Ấn Bổn Vĩnh Gia,ex:monk/an_bon_vinh_gia,8
thành những,Ngộ Tánh Phước Huệ,ex:monk/ngo_tanh_phuoc_hue,8
thành những,Chơn Luận Phước Huệ,ex:monk/chon_luan_phuoc_hue,8
thành những,Như Hường Thọ Minh,ex:monk/nhu_huong_tho_minh,8
thành những,Trừng Chiếu Từ Mãn,ex:monk/trung_chieu_tu_man,8
thành những,Thanh Ninh Tâm Tịnh,ex:monk/thanh_ninh_tam_tinh,8
thành những,Tâm Thông Quảng Huệ,ex:monk/tam_thong_quang_hue,8
bổn tự,Chương Quảng Mật Hạnh,ex:monk/chuong_quang_mat_hanh,8
bổn tự,Đồng Đạt Thanh An,ex:monk/dong_dat_thanh_an,8
bổn tự,Thanh Tràng Như Tịnh,ex:monk/thanh_trang_nhu_tinh,8
bổn tự,Minh Hải Pháp Bảo,ex:monk/minh_hai_phap_bao,8
bổn tự,Long Hoa Linh Chiếu,ex:monk/long_hoa_linh_chieu,8
bổn tự,Thiệt Uyên Chí Bảo,ex:monk/thiet_luong,8
bổn tự,Thiệt Lương,ex:monk/thiet_luong,8
bổn tự,Trừng Tuệ Chí Mậu,ex:monk/trung_tue_chi_mau,8
chùa Khánh,Chương Tư Huệ Quang,ex:monk/chuong_tu_hue_quang,8
chùa Khánh,Chơn Trung Diệu Quang,ex:monk/chon_trung_dieu_quang,8
chùa Khánh,Như Ðiền Huệ Chấn,ex:monk/nhu_dien_hue_chan,8
chùa Khánh,Trừng San Hải Tuệ,ex:monk/trung_san_hai_tue,8
chùa Khánh,Thị Khai Ðỗng Minh,ex:monk/thi_khai_ong_minh,8
chùa Khánh,Chương Chí Thiên Phước,ex:monk/chuong_chi_thien_phuoc,8
chùa Khánh,Thạch Liêm Đại Sán,ex:monk/thach_liem_dai_san,8
chùa Khánh,Như Ðiền Huệ Chấn,ex:monk/nhu_ien_hue_chan,8
huyện Tuy,Chơn Tâm Pháp Thân,ex:monk/chon_tam_phap_than,8
huyện Tuy,Như Hạnh Huyền Thâm,ex:monk/nhu_hanh_huyen_tham,8
huyện Tuy,Chơn Luận Phước Huệ,ex:monk/chon_luan_phuoc_hue,8
huyện Tuy,Như Ái Hoằng Thâm,ex:monk/nhu_ai_hoang_tham,8
huyện Tuy,Như Hòa Tâm Ấn,ex:monk/nhu_hoa_tam_an,8
huyện Tuy,Không Hoa Huệ Chiếu,ex:monk/khong_hoa_hue_chieu,8
huyện Tuy,Chương Thiện Hoằng Ðạo,ex:monk/chuong_thien_hoang_ao,8
huyện Tuy,Thành Đẳng Minh Lượng,ex:monk/thanh_dang_minh_luong,8
thôn Phú,Ấn Lãnh Hoằng Thạc,ex:monk/an_lanh_hoang_thac,8
thôn Phú,Thanh Tràng Như Tịnh,ex:monk/thanh_trang_nhu_tinh,8
thôn Phú,Trừng San Hải Tuệ,ex:monk/trung_san_hai_tue,8
thôn Phú,Thiệt Uyên Chí Bảo,ex:monk/thiet_uyen_chi_bao,8
thôn Phú,Phật Tuyết Tường Quang,ex:monk/phat_tuyet_tuong_quang,8
thôn Phú,Tông Diễn Chân Dung,ex:monk/tong_dien_chan_dung,8
thôn Phú,Đại Thông Chánh Niệm,ex:monk/dai_thong_chanh_niem,8
thôn Phú,Như Khanh Huệ Tiên,ex:monk/nhu_khanh_hue_tien,8
chùa Tam,Chơn Tá Tôn Bảo,ex:monk/chon_ta_ton_bao,8
chùa Tam,Chơn Cảnh Huệ Duyệt,ex:monk/chon_canh_hue_duyet,8
chùa Tam,Chơn Giác Long Hải,ex:monk/chon_giac_long_hai,8
chùa Tam,Chơn Đỉnh Phước Thông,ex:monk/chon_dinh_phuoc_thong,8
chùa Tam,Chơn Luận Phước Huệ,ex:monk/chon_luan_phuoc_hue,8
chùa Tam,Như Tiến Quảng Hưng,ex:monk/nhu_tien_quang_hung,8
chùa Tam,Toàn Nhâm Quán Thông,ex:monk/toan_nham_quan_thong,8
chùa Tam,Tiên Thường Viên Trừng,ex:monk/tien_thuong_vien_trung,8
phía Tây,Ấn Nghiêm Phổ Thoại,ex:monk/an_nghiem_pho_thoai,8
phía Tây,Chơn An Chánh Liêm,ex:monk/chon_an_chanh_liem,8
phía Tây,Như Thông Huyền Ấn,ex:monk/nhu_thong_huyen_an,8
phía Tây,Nguyên Thiều Thọ Tông,ex:monk/nguyen_thieu_tho_tong,8
phía Tây,Minh Hải Pháp Bảo,ex:monk/minh_hai_phap_bao,8
phía Tây,Chân Yết Thanh Liễu,ex:monk/chan_yet_thanh_lieu,8
phía Tây,Quang Lư Như Như,ex:monk/quang_lu_nhu_nhu,8
phía Tây,Thạch Liêm Đại Sán,ex:monk/thach_liem_dai_san,8
Phổ Bảo,Chơn Hương Chí Bảo,ex:monk/chon_huong_chi_bao,8
Phổ Bảo,Như Hòa Tâm Ấn,ex:monk/nhu_hoa_tam_an,8
Phổ Bảo,Toàn Ý Phổ Huệ,ex:monk/toan_y_pho_hue,8
Phổ Bảo,Chương Thiện Hoằng Ðạo,ex:monk/chuong_thien_hoang_ao,8
Phổ Bảo,Thành Đẳng Minh Lượng,ex:monk/thanh_dang_minh_luong,8
Phổ Bảo,Phật Tỉnh Từ Nghiêm,ex:monk/phat_tinh_tu_nghiem,8
Phổ Bảo,Pháp Chuyên Diệu Nghiêm,ex:monk/phap_chuyen_dieu_nghiem,8
Phổ Bảo,Thị Huệ Bảo An,ex:monk/thi_hue_bao_an,8
Từ Ân,Không Tâm Trí Quảng,ex:monk/khong_tam_tri_quang,8
Từ Ân,Phật Ý Linh Nhạc,ex:monk/phat_y_linh_nhac,8
Từ Ân,Tổ Tông Viên Quang,ex:monk/to_tong_vien_quang,8
Từ Ân,Tế Chánh Bổn Giác,ex:monk/te_chanh_bon_giac,8
Từ Ân,Thiệt Thành Liễu Đạt,ex:monk/thiet_thanh_lieu_dat,8
Từ Ân,Minh Phương Chơn Hương,ex:monk/minh_phuong_chon_huong,8
Từ Ân,Tiên Giác Hải Tịnh,ex:monk/tien_giac_hai_tinh,8
Từ Ân,Minh Vi Mật Hạnh,ex:monk/minh_vi_mat_hanh,8
Bình Định,Trừng Dàn Bích Không,ex:monk/trung_dan_bich_khong,8
Bình Định,Chơn Luận Phước Huệ,ex:monk/chon_luan_phuoc_hue,8
Bình Định,Nguyên Thiều Thọ Tông,ex:monk/nguyen_thieu_tho_tong,8
Bình Định,Thành Đẳng Minh Lượng,ex:monk/thanh_dang_minh_luong,8
Bình Định,Minh Giác Kỳ Phương,ex:monk/minh_giac_ky_phuong,8
Bình Định,Minh Hải Pháp Bảo,ex:monk/minh_hai_phap_bao,8
Bình Định,Phật Tỉnh Từ Nghiêm,ex:monk/phat_tinh_tu_nghiem,8
Bình Định,Tâm Thông Quảng Huệ,ex:monk/tam_thong_quang_hue,8
Bảo Lâm,Không Hoa Huệ Chiếu,ex:monk/khong_hoa_hue_chieu,8
Bảo Lâm,Nguyên Minh Huyền Giác,ex:monk/nguyen_minh_huyen_giac,8
Bảo Lâm,Minh Hải Pháp Bảo,ex:monk/minh_hai_phap_bao,8
Bảo Lâm,Thủy Long Đạo Phổ,ex:monk/thuy_long_dao_pho,8
Bảo Lâm,Đạo Minh Phổ Tịnh,ex:monk/dao_minh_pho_tinh,8
Bảo Lâm,Thanh Tịnh Tâm Thể,ex:monk/thanh_tinh_tam_the,8
Bảo Lâm,Pháp Chuyên Diệu Nghiêm,ex:monk/phap_chuyen_dieu_nghiem,8
Bảo Lâm,Thị Chí Phước Hộ,ex:monk/thi_chi_phuoc_ho,8
Đại Giác,Hồng Tòng Phổ Quảng,ex:monk/hong_tong_pho_quang,8
Đại Giác,Nguyên Thiều Thọ Tông,ex:monk/nguyen_thieu_tho_tong,8
Đại Giác,Thành Đẳng Minh Lượng,ex:monk/thanh_dang_minh_luong,8
Đại Giác,Phật Ý Linh Nhạc,ex:monk/phat_y_linh_nhac,8
Đại Giác,Tổ Tông Viên Quang,ex:monk/to_tong_vien_quang,8
Đại Giác,Tổ Ấn Mật Hoằng,ex:monk/to_an_mat_hoang,8
Đại Giác,Thiệt Thành Liễu Đạt,ex:monk/thiet_thanh_lieu_dat,8
Đại Giác,Bảo Chân,ex:monk/bao_chan,8
lại chùa,Như Hiền Chí Thiền,ex:monk/nhu_hien_chi_thien,8
lại chùa,Tâm Tuệ Thanh Trí,ex:monk/tam_tue_thanh_tri,8
lại chùa,Nguyên Thiều Thọ Tông,ex:monk/nguyen_thieu_tho_tong,8
lại chùa,Như Trung Phước Hậu,ex:monk/nhu_trung_phuoc_hau,8
lại chùa,Tỳ Ni Đa Lưu Chi,ex:monk/ty_ni_da_luu_chi,8
lại chùa,Toàn Ðịnh Bảo Tạng,ex:monk/toan_dinh_bao_tang,8
lại chùa,Tông Diễn Chân Dung,ex:monk/tong_dien_chan_dung,8
lại chùa,Tâm Lương Diệu Hoằng,ex:monk/tam_luong_dieu_hoang,8
Thiên Đồng,Nguyên Thiều Thọ Tông,ex:monk/nguyen_thieu_tho_tong,8
Thiên Đồng,Hoằng Trí Chánh Giác,ex:monk/hoang_tri_chanh_giac,8
Thiên Đồng,Thụy Nham Pháp Cung,ex:monk/thuy_nham_phap_cung,8
Thiên Đồng,Tuyết Đậu Ðại Chứng,ex:monk/tuyet_dau_ai_chung,8
Thiên Đồng,Phật Tuyết Tường Quang,ex:monk/phat_tuyet_tuong_quang,8
Thiên Đồng,Thiên Đồng Tông Giác,ex:monk/thien_dong_tong_giac,8
Thiên Đồng,Minh Hoàng Tử Dung,ex:monk/minh_hoang_tu_dung,8
Thiên Đồng,Tiên Thường Viên Trừng,ex:monk/tien_thuong_vien_trung,8
Đàng Trong,Thành Đẳng Minh Lượng,ex:monk/thanh_dang_minh_luong,8
Đàng Trong,Thiệt Uyên Chí Bảo,ex:monk/thiet_luong,8
Đàng Trong,Thiệt Lương,ex:monk/thiet_luong,8
Đàng Trong,Pháp Chuyên Diệu Nghiêm,ex:monk/phap_chuyen_dieu_nghiem,8
Đàng Trong,Hưng Triệt,ex:monk/hung_triet,8
Đàng Trong,Thạch Liêm Đại Sán,ex:monk/thach_liem_dai_san,8
Đàng Trong,Quả Hoằng Hưng Liên,ex:monk/qua_hoang_hung_lien,8
Đàng Trong,Thiệt Vinh Bửu Hạnh,ex:monk/thiet_vinh_buu_hanh,8
trên núi,Nam Nhạc Huyền Thái,ex:monk/nam_nhac_huyen_thai,8
trên núi,Tỳ Ni Đa Lưu Chi,ex:monk/ty_ni_da_luu_chi,8
trên núi,Nhất Cú Trí Giáo,ex:monk/nhat_cu_tri_giao,8
trên núi,Thủy Nguyệt Thông Giác,ex:monk/thuy_nguyet_thong_giac,8
trên núi,Thanh Đàm Minh Chánh,ex:monk/thanh_dam_minh_chanh,8
trên núi,Đại Thông Chánh Niệm,ex:monk/dai_thong_chanh_niem,8
trên núi,Bảo Chân,ex:monk/bao_chan,8
trên núi,Thạch Liêm Đại Sán,ex:monk/thach_liem_dai_san,8
thế khoảng,Nam Tế Tăng Nhất,ex:monk/nam_te_tang_nhat,8
thế khoảng,Phụng Tường Thiên Cái U,ex:monk/phung_tuong_thien_cai_u,8
thế khoảng,Long Thọ Thiệu Khanh,ex:monk/long_tho_thieu_khanh,8
thế khoảng,Lặc Đàm Thần Đảng,ex:monk/lac_dam_than_dang,8
thế khoảng,Kinh Triệu Hiện Tử,ex:monk/kinh_trieu_hien_tu,8
thế khoảng,Cửu Phong Phổ Mãn,ex:monk/cuu_phong_pho_man,8
thế khoảng,Linh Nham Tuệ Tông,ex:monk/linh_nham_tue_tong,8
thế khoảng,Hoài Châu Huyền Tuyền Ngạn,ex:monk/hoai_chau_huyen_tuyen_ngan,8
Minh Châu,Hoằng Trí Chánh Giác,ex:monk/hoang_tri_chanh_giac,8
Minh Châu,Quang Hiếu Tư Triệt,ex:monk/quang_hieu_tu_triet,8
Minh Châu,Tuyết Đậu Tự Tông,ex:monk/tuyet_dau_tu_tong,8
Minh Châu,Thụy Nham Pháp Cung,ex:monk/thuy_nham_phap_cung,8
Minh Châu,Trường Khánh Huệ Lăng,ex:monk/truong_khanh_hue_lang,8
Minh Châu,Tuyết Đậu Ðại Chứng,ex:monk/tuyet_dau_ai_chung,8
Minh Châu,Thiên Đồng Tông Giác,ex:monk/thien_dong_tong_giac,8
Minh Châu,Tuyết Đậu Trí Giám,ex:monk/tuyet_dau_tri_giam,8
sao lại,An Quốc Hoằng Thao,ex:monk/an_quoc_hoang_thao,8
sao lại,Trường Sanh Hạo Nhiên,ex:monk/truong_sanh_hao_nhien,8
sao lại,Bảo Phước Tùng Triển,ex:monk/bao_phuoc_tung_trien,8
sao lại,Huyền Sa Sư Bị,ex:monk/huyen_sa_su_bi,8
sao lại,Động Sơn Lương Giới,ex:monk/dong_son_luong_gioi,8
sao lại,Long Nha Cư Độn,ex:monk/long_nha_cu_don,8
sao lại,Tam Bình Nghĩa Trung,ex:monk/tam_binh_nghia_trung,8
sao lại,Tông Diễn Chân Dung,ex:monk/tong_dien_chan_dung,8
các nơi,Đại Huệ Tông Cảo,ex:monk/dai_hue_tong_cao,7
các nơi,Thanh Trí Hải Luận,ex:monk/thanh_tri_hai_luan,7
các nơi,Tuyết Đậu Tự Tông,ex:monk/tuyet_dau_tu_tong,7
các nơi,Thụy Nham Pháp Cung,ex:monk/thuy_nham_phap_cung,7
các nơi,Hoàng Sơn Nguyệt Luân,ex:monk/hoang_son_nguyet_luan,7
các nơi,Vân Môn Văn Yển,ex:monk/van_mon_van_yen,7
các nơi,Tánh Thông Giác Ngộ,ex:monk/tanh_thong_giac_ngo,7
làng Dương,Tâm Địa Mật Khế,ex:monk/tam_dia_mat_khe,7
làng Dương,Thanh Linh Diên Trường,ex:monk/thanh_linh_dien_truong,7
làng Dương,Tâm Nguyện Tiêu Diêu,ex:monk/tam_nguyen_tieu_dieu,7
làng Dương,Nguyên Phước Thiên Hỷ,ex:monk/nguyen_phuoc_thien_hy,7
làng Dương,Nguyên Minh Huyền Giác,ex:monk/nguyen_minh_huyen_giac,7
làng Dương,Thanh Tịnh Tâm Thể,ex:monk/thanh_tinh_tam_the,7
làng Dương,Tâm Trí Viên Giác,ex:monk/tam_tri_vien_giac,7
Tịnh Lâm,Tâm Như Mật Nguyện,ex:monk/tam_nhu_mat_nguyen,7
Tịnh Lâm,Chơn Cảnh Trí Thắng,ex:monk/chon_canh_tri_thang,7
Tịnh Lâm,Chơn Luận Phước Huệ,ex:monk/chon_luan_phuoc_hue,7
Tịnh Lâm,Như Phước Huyền Ý,ex:monk/nhu_phuoc_huyen_y,7
Tịnh Lâm,Tâm Nguyệt Thể Yến,ex:monk/tam_nguyet_the_yen,7
Tịnh Lâm,Viên Thành Trừng Thông,ex:monk/vien_thanh_trung_thong,7
Tịnh Lâm,Thanh Ninh Tâm Truyền,ex:monk/thanh_ninh_tam_truyen,7
chiền,Tâm Như Mật Nguyện,ex:monk/tam_nhu_mat_nguyen,7
chiền,Tâm Cảnh Giác Hạnh,ex:monk/tam_canh_giac_hanh,7
chiền,Tâm Thị Thiện Minh,ex:monk/tam_thi_thien_minh,7
chiền,Tâm Tuệ Thiện Giải,ex:monk/tam_tue_thien_giai,7
chiền,Tâm Thật Thiện Châu,ex:monk/tam_that_thien_chau,7
chiền,Thạch Liêm Đại Sán,ex:monk/thach_liem_dai_san,7
chiền,Tiên Thường Viên Trừng,ex:monk/tien_thuong_vien_trung,7
Ni viện,Trừng Diên Diệu Huệ,ex:monk/trung_dien_dieu_hue,7
Ni viện,Như Ái Hoằng Thâm,ex:monk/nhu_ai_hoang_tham,7
Ni viện,Đồng An Diệu Trí,ex:monk/dong_an_dieu_tri,7
Ni viện,Tâm Đạo Thanh Quang,ex:monk/tam_dao_thanh_quang,7
Ni viện,Tâm Ðăng Chơn Như,ex:monk/tam_ang_chon_nhu,7
Ni viện,Nguyên Chánh Minh Bổn,ex:monk/nguyen_chanh_minh_bon,7
Ni viện,Hạnh Đạo Chủng Hoa,ex:monk/hanh_dao_chung_hoa,7
Xá Lợi,Tâm Hương Mật Hiển,ex:monk/tam_huong_mat_hien,7
Xá Lợi,Thị Thuỷ Quảng Đức,ex:monk/thi_thuy_quang_duc,7
Xá Lợi,Nhựt Bình Trí Tịnh,ex:monk/nhut_binh_tri_tinh,7
Xá Lợi,Tâm Như Trí Thủ,ex:monk/tam_nhu_tri_thu,7
Xá Lợi,Nguyên Tánh Đức Tâm,ex:monk/nguyen_tanh_duc_tam,7
Xá Lợi,Thiên Ân,ex:monk/thien_an,7
Xá Lợi,Thị An Phước Bình,ex:monk/thi_an_phuoc_binh,7
khác,Trừng Hảo Diệu Không,ex:monk/trung_hao_dieu_khong,7
khác,Chơn Chứng Thiện Quả,ex:monk/chon_chung_thien_qua,7
khác,Tâm Quang Chánh Pháp,ex:monk/tam_quang_chanh_phap,7
khác,Thành Đẳng Minh Lượng,ex:monk/thanh_dang_minh_luong,7
khác,Quang Lư Như Như,ex:monk/quang_lu_nhu_nhu,7
khác,Đại Bửu Kim Cang,ex:monk/dai_buu_kim_cang,7
khác,Tiên Giác Hải Tịnh,ex:monk/tien_giac_hai_tinh,7
chùa Bửu,Trừng Hảo Diệu Không,ex:monk/trung_hao_dieu_khong,7
chùa Bửu,Chơn Thật Chí Bảo,ex:monk/chon_that_chi_bao,7
chùa Bửu,Như Hương Huyền Tâm,ex:monk/nhu_huong_huyen_tam,7
chùa Bửu,Chơn Luận Phước Huệ,ex:monk/chon_luan_phuoc_hue,7
chùa Bửu,Nguyên Minh Huyền Giác,ex:monk/nguyen_minh_huyen_giac,7
chùa Bửu,Thành Đẳng Minh Lượng,ex:monk/thanh_dang_minh_luong,7
chùa Bửu,Như Trực Vĩnh Châu,ex:monk/nhu_truc_vinh_chau,7
Ba,Thanh Chân Viên Giác,ex:monk/thanh_chan_vien_giac,7
Ba,Nguyên Định Đức Trì,ex:monk/nguyen_dinh_duc_tri,7
Ba,Nguyên Minh Đức Thiệu,ex:monk/nguyen_minh_duc_thieu,7
Ba,Nguyên Tánh Đức Tâm,ex:monk/nguyen_tanh_duc_tam,7
Ba,Tâm Đăng Trí Hiển,ex:monk/tam_dang_tri_hien,7
Ba,Tâm Phổ Trí Uyên,ex:monk/tam_pho_tri_uyen,7
Ba,Viên Thành Trừng Thông,ex:monk/vien_thanh_trung_thong,7
hải ngoại,Thị Năng Trí Hữu,ex:monk/thi_nang_tri_huu,7
hải ngoại,Trừng Thông Tịnh Khiết,ex:monk/trung_thong_tinh_khiet,7
hải ngoại,Như Huệ Trí Thông,ex:monk/nhu_hue_tri_thong,7
hải ngoại,Như Kế Huyền Vi,ex:monk/nhu_ke_huyen_vi,7
hải ngoại,Như Điển Trí Tâm,ex:monk/nhu_dien_tri_tam,7
hải ngoại,Đồng An Bảo Lạc,ex:monk/dong_an_bao_lac,7
hải ngoại,Thị Khai Ðỗng Minh,ex:monk/thi_khai_ong_minh,7
chùa Hưng,Thị Năng Trí Hữu,ex:monk/thi_nang_tri_huu,7
chùa Hưng,Chơn Chứng Thiện Quả,ex:monk/chon_chung_thien_qua,7
chùa Hưng,Chơn Hương Chí Bảo,ex:monk/chon_huong_chi_bao,7
chùa Hưng,Như Ðiền Huệ Chấn,ex:monk/nhu_dien_hue_chan,7
chùa Hưng,Như Ái Hoằng Thâm,ex:monk/nhu_ai_hoang_tham,7
chùa Hưng,Phật Tỉnh Từ Nghiêm,ex:monk/phat_tinh_tu_nghiem,7
chùa Hưng,Như Ðiền Huệ Chấn,ex:monk/nhu_ien_hue_chan,7
Đại hội,Đồng Nguyện Thiện Nguyện,ex:monk/dong_nguyen_thien_nguyen,7
Đại hội,Như Nhàn Trí Giác,ex:monk/nhu_nhan_tri_giac,7
Đại hội,Chơn An Chánh Liêm,ex:monk/chon_an_chanh_liem,7
Đại hội,Không Tín Kế Châu,ex:monk/khong_tin_ke_chau,7
Đại hội,Nhựt Bình Trí Tịnh,ex:monk/nhut_binh_tri_tinh,7
Đại hội,Tâm Như Trí Thủ,ex:monk/tam_nhu_tri_thu,7
Đại hội,Tâm Thị Thiện Minh,ex:monk/tam_thi_thien_minh,7
chùa Viên,Như Hữu Viên Thuận,ex:monk/nhu_huu_vien_thuan,7
chùa Viên,Chương Tín Hoằng Ân,ex:monk/chuong_tin_hoang_an,7
chùa Viên,Chương Tín Hoằng Ân,ex:monk/chuong_tin_hoang_an,7
chùa Viên,Như Điển Trí Tâm,ex:monk/nhu_dien_tri_tam,7
chùa Viên,Tâm Thanh Chơn Nghiêm,ex:monk/tam_thanh_chon_nghiem,7
chùa Viên,Tâm Thanh Chơn Nghiêm,ex:monk/tam_thanh_chon_nghiem,7
chùa Viên,Đồng Chơn Long Hưng,ex:monk/dong_chon_long_hung,7
Tỉnh Hội,Chơn Ngọc Long Trí,ex:monk/chon_ngoc_long_tri,7
Tỉnh Hội,Như Quang Trí Minh,ex:monk/nhu_quang_tri_minh,7
Tỉnh Hội,Chơn Sử Khánh Tín,ex:monk/chon_su_khanh_tin,7
Tỉnh Hội,Chơn An Chánh Liêm,ex:monk/chon_an_chanh_liem,7
Tỉnh Hội,Ðồng Chơn Thông Niệm,ex:monk/ong_chon_thong_niem,7
Tỉnh Hội,Trừng Chiếu Từ Mãn,ex:monk/trung_chieu_tu_man,7
Tỉnh Hội,Nguyên Phước Quang Thể,ex:monk/nguyen_phuoc_quang_the,7
Thanh Lương,Chơn Ngọc Long Trí,ex:monk/chon_ngoc_long_tri,7
Thanh Lương,Như Cam Trí Tích,ex:monk/nhu_cam_tri_tich,7
Thanh Lương,Toàn Đĩnh Phổ Đạt,ex:monk/toan_dinh_pho_dat,7
Thanh Lương,Tế Hiển Bửu Dương,ex:monk/te_hien_buu_duong,7
Thanh Lương,Đại Bửu Kim Cang,ex:monk/dai_buu_kim_cang,7
Thanh Lương,Toàn Trí Long Thọ,ex:monk/toan_tri_long_tho,7
Thanh Lương,Pháp Thái Nhật Lệ,ex:monk/phap_thai_nhat_le,7
Thọ Sơn,Chơn Ngọc Long Trí,ex:monk/chon_ngoc_long_tri,7
Thọ Sơn,Ấn Kim Hoằng Tịnh,ex:monk/an_kim_hoang_tinh,7
Thọ Sơn,Sa Di Ni Ấn Thận Tổ Niệm,ex:monk/sa_di_ni_an_than_to_niem,7
Thọ Sơn,Chơn Sử Khánh Tín,ex:monk/chon_su_khanh_tin,7
Thọ Sơn,Như Bình Huyền Tịnh,ex:monk/nhu_binh_huyen_tinh,7
Thọ Sơn,Như Hường Thọ Minh,ex:monk/nhu_huong_tho_minh,7
Thọ Sơn,Thiệt Uyên Chí Bảo,ex:monk/thiet_uyen_chi_bao,7
Đà Lạt,ĐĐ Tâm Kiên Chơn Thể,ex:monk/dd_tam_kien_chon_the,7
Đà Lạt,Tâm Quang Chánh Pháp,ex:monk/tam_quang_chanh_phap,7
Đà Lạt,Trừng Dàn Bích Không,ex:monk/trung_dan_bich_khong,7
Đà Lạt,Nguyên Giác Quang Phú,ex:monk/nguyen_giac_quang_phu,7
Đà Lạt,Tâm Hồng Từ Hương,ex:monk/tam_hong_tu_huong,7
Đà Lạt,TT Thích Viên Tịnh,ex:monk/tt_thich_vien_tinh,7
Đà Lạt,Tâm Thật Thiện Châu,ex:monk/tam_that_thien_chau,7
Tỉnh hội,Như Quý Viên Thiện,ex:monk/nhu_quy_vien_thien,7
Tỉnh hội,Như Huệ Trí Thông,ex:monk/nhu_hue_tri_thong,7
Tỉnh hội,Chơn An Chánh Liêm,ex:monk/chon_an_chanh_liem,7
Tỉnh hội,Như Hạnh Huyền Thâm,ex:monk/nhu_hanh_huyen_tham,7
Tỉnh hội,Như Bình Huyền Tịnh,ex:monk/nhu_binh_huyen_tinh,7
Tỉnh hội,Nguyên Minh Đức Thiệu,ex:monk/nguyen_minh_duc_thieu,7
Tỉnh hội,Trừng San Hải Tuệ,ex:monk/trung_san_hai_tue,7
Thiền Tôn,Tâm Quang Đàm Minh,ex:monk/tam_quang_dam_minh,7
Thiền Tôn,Không Hoa Huệ Chiếu,ex:monk/khong_hoa_hue_chieu,7
Thiền Tôn,Nhựt Bình Trí Tịnh,ex:monk/nhut_binh_tri_tinh,7
Thiền Tôn,Tâm Phật Thiện Siêu,ex:monk/tam_phat_thien_sieu,7
Thiền Tôn,Trừng San Hải Tuệ,ex:monk/trung_san_hai_tue,7
Thiền Tôn,Đạo Thiện Quang Tuấn,ex:monk/dao_thien_quang_tuan,7
Thiền Tôn,Đạo Minh Phổ Tịnh,ex:monk/dao_minh_pho_tinh,7
chùa Chúc,Như Nhàn Trí Giác,ex:monk/nhu_nhan_tri_giac,7
chùa Chúc,Ấn Thanh Chí Thành,ex:monk/an_thanh_chi_thanh,7
chùa Chúc,Toàn Nhâm Quán Thông,ex:monk/toan_nham_quan_thong,7
chùa Chúc,Nguyên Thiều Thọ Tông,ex:monk/nguyen_thieu_tho_tong,7
chùa Chúc,Minh Hải Pháp Bảo,ex:monk/minh_hai_phap_bao,7
chùa Chúc,Minh Hoàng Tử Dung,ex:monk/minh_hoang_tu_dung,7
chùa Chúc,Tiên Thường Viên Trừng,ex:monk/tien_thuong_vien_trung,7
sắc tứ,Ấn Lan Từ Trí,ex:monk/an_lan_tu_tri,7
sắc tứ,Chơn Đỉnh Phước Thông,ex:monk/chon_dinh_phuoc_thong,7
sắc tứ,Nguyên Ý Phước Châu,ex:monk/nguyen_y_phuoc_chau,7
sắc tứ,Thành Đẳng Minh Lượng,ex:monk/thanh_dang_minh_luong,7
sắc tứ,Tâm Lượng Từ Mẫn,ex:monk/tam_luong_tu_man,7
sắc tứ,Tế Hiển Bửu Dương,ex:monk/te_hien_buu_duong,7
sắc tứ,Thiệt Vinh Bửu Hạnh,ex:monk/thiet_vinh_buu_hanh,7
Sắc tứ,Chơn Thể Phổ Minh,ex:monk/chon_the_pho_minh,7
Sắc tứ,Chơn Thể Phổ Minh,ex:monk/chon_the_pho_minh,7
Sắc tứ,Chơn Huệ Phổ Trí,ex:monk/chon_hue_pho_tri,7
Sắc tứ,Chơn Huệ Phổ Trí,ex:monk/chon_hue_pho_tri,7
Sắc tứ,Ấn Nhật Hoằng Tín,ex:monk/an_nhat_hoang_tin,7
Sắc tứ,Pháp Thân Đạo Minh,ex:monk/phap_than_dao_minh,7
Sắc tứ,Pháp Ấn Quảng Độ,ex:monk/phap_an_quang_do,7
Viên Quang,Ấn Hướng Pháp Nhãn,ex:monk/an_huong_phap_nhan,7
Viên Quang,Chương Nhẫn Từ Nhân,ex:monk/chuong_nhan_tu_nhan,7
Viên Quang,Không Hoa Huệ Chiếu,ex:monk/khong_hoa_hue_chieu,7
Viên Quang,Toàn Chiếu Bảo Ấn,ex:monk/toan_chieu_bao_an,7
Viên Quang,Liễu Triệt Từ Minh,ex:monk/lieu_triet_tu_minh,7
Viên Quang,Pháp Chuyên Diệu Nghiêm,ex:monk/phap_chuyen_dieu_nghiem,7
Viên Quang,Toàn Nhật Quang Đài,ex:monk/toan_nhat_quang_dai,7
Tịnh Quang,Chơn Trung Minh Ðức,ex:monk/chon_trung_minh_uc,7
Tịnh Quang,Chơn Tá Tôn Bảo,ex:monk/chon_ta_ton_bao,7
Tịnh Quang,Ngộ Tánh Phước Huệ,ex:monk/ngo_tanh_phuoc_hue,7
Tịnh Quang,Không Tâm Trí Quảng,ex:monk/khong_tam_tri_quang,7
Tịnh Quang,Tâm Lượng Từ Mẫn,ex:monk/tam_luong_tu_man,7
Tịnh Quang,Trừng Kệ Tôn Thắng,ex:monk/trung_ke_ton_thang,7
Tịnh Quang,Tế Pháp Chí Khả,ex:monk/te_phap_chi_kha,7
tỉnh Phú,Ấn Thiên Huệ Nhãn,ex:monk/an_thien_hue_nhan,7
tỉnh Phú,Như Huệ Thiền Tâm,ex:monk/nhu_hue_thien_tam,7
tỉnh Phú,Ðồng Kỉnh Tín Quả,ex:monk/ong_kinh_tin_qua,7
tỉnh Phú,Nguyên Minh Đức Thiệu,ex:monk/nguyen_minh_duc_thieu,7
tỉnh Phú,Pháp Chuyên Diệu Nghiêm,ex:monk/phap_chuyen_dieu_nghiem,7
tỉnh Phú,Toàn Thể Linh Nguyên,ex:monk/toan_the_linh_nguyen,7
tỉnh Phú,Thị Tín Phước Trí,ex:monk/thi_tin_phuoc_tri,7
Hưng Khánh,Chơn Hương Chí Bảo,ex:monk/chon_huong_chi_bao,7
Hưng Khánh,Như Ái Hoằng Thâm,ex:monk/nhu_ai_hoang_tham,7
Hưng Khánh,Như Hòa Tâm Ấn,ex:monk/nhu_hoa_tam_an,7
Hưng Khánh,Không Tín Kế Châu,ex:monk/khong_tin_ke_chau,7
Hưng Khánh,Nguyên Nguyện Tâm Hướng,ex:monk/nguyen_nguyen_tam_huong,7
Hưng Khánh,Tâm Cảnh Giác Hạnh,ex:monk/tam_canh_giac_hanh,7
Hưng Khánh,Thị Huệ Bảo An,ex:monk/thi_hue_bao_an,7
Huế và,Chơn Luận Phước Huệ,ex:monk/chon_luan_phuoc_hue,7
Huế và,Như Quả Hoàn Tuyên,ex:monk/nhu_qua_hoan_tuyen,7
Huế và,Như Bình Huyền Tịnh,ex:monk/nhu_binh_huyen_tinh,7
Huế và,Trừng Khiết Hưng Nghĩa,ex:monk/trung_khiet_hung_nghia,7
Huế và,Tế Ân Lưu Quang,ex:monk/te_an_luu_quang,7
Huế và,Tâm Thị Thiện Minh,ex:monk/tam_thi_thien_minh,7
Huế và,Thị Lạc Hưng Từ,ex:monk/thi_lac_hung_tu,7
Đại học,Không Tín Kế Châu,ex:monk/khong_tin_ke_chau,7
Đại học,Tâm Thanh Chơn Nghiêm,ex:monk/tam_thanh_chon_nghiem,7
Đại học,Nhựt Bình Trí Tịnh,ex:monk/nhut_binh_tri_tinh,7
Đại học,Thiên Ân,ex:monk/thien_an,7
Đại học,Nguyên Trí Châu Toàn,ex:monk/nguyen_tri_chau_toan,7
Đại học,Trừng Liên Quang Diệp,ex:monk/trung_lien_quang_diep,7
Đại học,Tâm Thật Thiện Châu,ex:monk/tam_that_thien_chau,7
Long Hoa,Như Mậu Trường Xuân,ex:monk/nhu_mau_truong_xuan,7
Long Hoa,Ðồng Kỉnh Tín Quả,ex:monk/ong_kinh_tin_qua,7
Long Hoa,An Quốc Hoằng Thao,ex:monk/an_quoc_hoang_thao,7
Long Hoa,Long Hoa Linh Chiếu,ex:monk/long_hoa_linh_chieu,7
Long Hoa,Thị Đàm Tuệ Trung,ex:monk/thi_dam_tue_trung,7
Long Hoa,Thị Nhật Hạnh Đạt,ex:monk/thi_nhat_hanh_dat,7
Long Hoa,Thị Xuất Giác Huệ,ex:monk/thi_xuat_giac_hue,7
Phổ Đà,Như Đài Giác Viên,ex:monk/nhu_dai_giac_vien,7
Phổ Đà,Thị Uẩn Thuần Phong,ex:monk/thi_uan_thuan_phong,7
Phổ Đà,Thị Việt Huệ Nghiêm,ex:monk/thi_viet_hue_nghiem,7
Phổ Đà,Thị Đàm Tuệ Trung,ex:monk/thi_dam_tue_trung,7
Phổ Đà,Thị Ngọc Hạnh Châu,ex:monk/thi_ngoc_hanh_chau,7
Phổ Đà,Thị Mẫn Quang Phúc,ex:monk/thi_man_quang_phuc,7
Phổ Đà,Thị Nguyện Thanh Quang,ex:monk/thi_nguyen_thanh_quang,7
tại đâu,Lâm Tế Nghĩa Huyền,ex:monk/lam_te_nghia_huyen,7
tại đâu,Bồ Đề Quang Dụng,ex:monk/lam_te_nghia_huyen,7
tại đâu,Vân Cư Đạo Ưng,ex:monk/van_cu_dao_ung,7
tại đâu,Đầu Tử Đại Đồng,ex:monk/dau_tu_dai_dong,7
tại đâu,Đầu Tử Đại Đồng,ex:monk/dau_tu_dai_dong,7
tại đâu,Huyền Sa Sư Bị,ex:monk/huyen_sa_su_bi,7
tại đâu,Vân Nham Đàm Thạnh,ex:monk/van_nham_dam_thanh,7
Hàng Châu,Thiên Hoàng Đạo Ngộ,ex:monk/thien_hoang_dao_ngo,7
Hàng Châu,Huệ Huy Tự Đắc,ex:monk/hue_huy_tu_dac,7
Hàng Châu,Chân Yết Thanh Liễu,ex:monk/chan_yet_thanh_lieu,7
Hàng Châu,Hoa Dược Trí Bằng,ex:monk/hoa_duoc_tri_bang,7
Hàng Châu,Chí Siêu,ex:monk/chi_sieu,7
Hàng Châu,Tịnh Độ Duy Chính,ex:monk/tinh_do_duy_chinh,7
Hàng Châu,Tư Quốc Viên Tấn,ex:monk/tu_quoc_vien_tan,7
tỉnh Bình,Toàn Ý Phổ Huệ,ex:monk/toan_y_pho_hue,7
tỉnh Bình,Chương Thiện Hoằng Ðạo,ex:monk/chuong_thien_hoang_ao,7
tỉnh Bình,Trừng Kệ Tôn Thắng,ex:monk/trung_ke_ton_thang,7
tỉnh Bình,Trừng Nguyên Đôn Hậu,ex:monk/trung_nguyen_don_hau,7
tỉnh Bình,Thiệt Đăng Bảo Quang,ex:monk/thiet_dang_bao_quang,7
tỉnh Bình,Toàn Ðịnh Bảo Tạng,ex:monk/toan_dinh_bao_tang,7
tỉnh Bình,Chương Ðắc Trí Tập,ex:monk/chuong_ac_tri_tap,7
pháp tịch,Vân Môn Văn Yển,ex:monk/van_mon_van_yen,7
pháp tịch,Nham Đầu Toàn Khoát,ex:monk/nham_dau_toan_khoat,7
pháp tịch,Lặc Đàm Bửu Long,ex:monk/lac_dam_buu_long,7
pháp tịch,Kinh Triệu Hiện Tử,ex:monk/kinh_trieu_hien_tu,7
pháp tịch,Hoa Nghiêm Hưu Tĩnh,ex:monk/hoa_nghiem_huu_tinh,7
pháp tịch,Khâm Sơn Văn Thúy,ex:monk/kham_son_van_thuy,7
pháp tịch,Thần Sơn Tăng Mật,ex:monk/than_son_tang_mat,7
Hồng Phúc,Quang Lư Như Như,ex:monk/quang_lu_nhu_nhu,7
Hồng Phúc,Tông Diễn Chân Dung,ex:monk/tong_dien_chan_dung,7
Hồng Phúc,Thanh Đàm Minh Chánh,ex:monk/thanh_dam_minh_chanh,7
Hồng Phúc,Minh Liễu Lục Hòa,ex:monk/minh_lieu_luc_hoa,7
Hồng Phúc,Từ Sơn Hành Nhất,ex:monk/tu_son_hanh_nhat,7
Hồng Phúc,Hải Điện Mật Đa,ex:monk/hai_dien_mat_da,7
Hồng Phúc,Tánh Chúc Thiện Thuận,ex:monk/tanh_chuc_thien_thuan,7
Đông Kinh,Đại Huệ Tông Cảo,ex:monk/dai_hue_tong_cao,6
Đông Kinh,Phù Dung Đạo Giai,ex:monk/phu_dung_dao_giai,6
Đông Kinh,Tịnh Nhân Giác,ex:monk/tinh_nhan_giac,6
Đông Kinh,Hương Sơn Pháp Thành,ex:monk/huong_son_phap_thanh,6
Đông Kinh,N Diệu Tuệ Tuệ Quang,ex:monk/n_dieu_tue_tue_quang,6
Đông Kinh,Hoa Nghiêm Huệ Lan,ex:monk/hoa_nghiem_hue_lan,6
miệng,Đại Huệ Tông Cảo,ex:monk/dai_hue_tong_cao,6
miệng,Hoa Đình Thuyền Tử Đức Thành,ex:monk/hoa_dinh_thuyen_tu_duc_thanh,6
miệng,Động Sơn Lương Giới,ex:monk/dong_son_luong_gioi,6
miệng,Khâm Sơn Văn Thúy,ex:monk/kham_son_van_thuy,6
miệng,Tào Sơn Bổn Tịch,ex:monk/tao_son_bon_tich,6
miệng,Hoa Nghiêm Huệ Lan,ex:monk/hoa_nghiem_hue_lan,6
Phước Châu,Đại Huệ Tông Cảo,ex:monk/dai_hue_tong_cao,6
Phước Châu,Phổ Hiền Thiện Tú,ex:monk/pho_hien_thien_tu,6
Phước Châu,Tuyết Phong Nghĩa Tồn,ex:monk/tuyet_phong_nghia_ton,6
Phước Châu,Thanh Nguyên Tề,ex:monk/thanh_nguyen_te,6
Phước Châu,Quy Sơn Nghĩa Sơ,ex:monk/quy_son_nghia_so,6
Phước Châu,Tuyết Phong Tuệ Thâm,ex:monk/tuyet_phong_tue_tham,6
Đại Dương,Đại Huệ Tông Cảo,ex:monk/dai_hue_tong_cao,6
Đại Dương,Phù Dung Đạo Giai,ex:monk/phu_dung_dao_giai,6
Đại Dương,Đại Dương Tuệ,ex:monk/dai_duong_tue,6
Đại Dương,Bạch Mã Quy Hỷ,ex:monk/bach_ma_quy_hy,6
Đại Dương,La Phù Hiển Như,ex:monk/la_phu_hien_nhu,6
Đại Dương,Hưng Dương Thanh Phẩu,ex:monk/hung_duong_thanh_phau,6
làng Thần,Tâm Địa Mật Khế,ex:monk/tam_dia_mat_khe,6
làng Thần,Tâm Phật Thiện Siêu,ex:monk/tam_phat_thien_sieu,6
làng Thần,Tế Lịch Chánh Văn,ex:monk/te_lich_chanh_van,6
làng Thần,Tâm Tuệ Thiện Giải,ex:monk/tam_tue_thien_giai,6
làng Thần,Thanh Liêm Tâm Thiền,ex:monk/thanh_liem_tam_thien,6
làng Thần,Tâm Phổ Thiện Lộc,ex:monk/tam_pho_thien_loc,6
gia và,Tâm Địa Mật Khế,ex:monk/tam_dia_mat_khe,6
gia và,Tâm Thanh Tịch Tràng,ex:monk/tam_thanh_tich_trang,6
gia và,Chơn Thanh Bích Nguyên,ex:monk/chon_thanh_bich_nguyen,6
gia và,Thanh Tràng Như Tịnh,ex:monk/thanh_trang_nhu_tinh,6
gia và,Tâm Như Trí Thủ,ex:monk/tam_nhu_tri_thu,6
gia và,Nguyên Phước Quang Thể,ex:monk/nguyen_phuoc_quang_the,6
Nhật Bản,Tâm Hương Mật Hiển,ex:monk/tam_huong_mat_hien,6
Nhật Bản,Chơn Phú Bích Lâm,ex:monk/chon_phu_bich_lam,6
Nhật Bản,Như An Huyền Quang,ex:monk/nhu_an_huyen_quang,6
Nhật Bản,Tâm Như Trí Thủ,ex:monk/tam_nhu_tri_thu,6
Nhật Bản,Thiên Ân,ex:monk/thien_an,6
Nhật Bản,Tâm Thị Thiện Minh,ex:monk/tam_thi_thien_minh,6
chùa Xá,Tâm Hương Mật Hiển,ex:monk/tam_huong_mat_hien,6
chùa Xá,Nhựt Bình Trí Tịnh,ex:monk/nhut_binh_tri_tinh,6
chùa Xá,Tâm Như Trí Thủ,ex:monk/tam_nhu_tri_thu,6
chùa Xá,Nguyên Tánh Đức Tâm,ex:monk/nguyen_tanh_duc_tam,6
chùa Xá,Thiên Ân,ex:monk/thien_an,6
chùa Xá,Thị An Phước Bình,ex:monk/thi_an_phuoc_binh,6
đi,Trừng Hảo Diệu Không,ex:monk/trung_hao_dieu_khong,6
đi,Chân Đạo Bích Phong,ex:monk/chan_dao_bich_phong,6
đi,Nguyên Tánh Đức Tâm,ex:monk/nguyen_tanh_duc_tam,6
đi,Đại Hồng Báo Ân,ex:monk/dai_hong_bao_an,6
đi,Phật Tỉnh Từ Nghiêm,ex:monk/phat_tinh_tu_nghiem,6
đi,Thị An Phước Bình,ex:monk/thi_an_phuoc_binh,6
Đàng Ngoài,Trừng Hảo Diệu Không,ex:monk/trung_hao_dieu_khong,6
Đàng Ngoài,Chơn Luận Phước Huệ,ex:monk/chon_luan_phuoc_hue,6
Đàng Ngoài,Quang Lư Như Như,ex:monk/quang_lu_nhu_nhu,6
Đàng Ngoài,Thanh Đàm Minh Chánh,ex:monk/thanh_dam_minh_chanh,6
Đàng Ngoài,Từ Sơn Hành Nhất,ex:monk/tu_son_hanh_nhat,6
Đàng Ngoài,Thạch Liêm Đại Sán,ex:monk/thach_liem_dai_san,6
chùa Hồng,Trừng Hảo Diệu Không,ex:monk/trung_hao_dieu_khong,6
chùa Hồng,Quang Lư Như Như,ex:monk/quang_lu_nhu_nhu,6
chùa Hồng,Tông Diễn Chân Dung,ex:monk/tong_dien_chan_dung,6
chùa Hồng,Thị Chí Phước Hộ,ex:monk/thi_chi_phuoc_ho,6
chùa Hồng,Từ Sơn Hành Nhất,ex:monk/tu_son_hanh_nhat,6
chùa Hồng,Tánh Chúc Thiện Thuận,ex:monk/tanh_chuc_thien_thuan,6
Tương Châu,Thạch Môn Nguyên Dị,ex:monk/thach_mon_nguyen_di,6
Tương Châu,Lộc Môn Pháp Ðăng,ex:monk/loc_mon_phap_ang,6
Tương Châu,Bạch Mã Quy Hỷ,ex:monk/bach_ma_quy_hy,6
Tương Châu,Thạch Môn Pháp Chân,ex:monk/thach_mon_phap_chan,6
Tương Châu,Tương Châu Cao Đình Giản,ex:monk/tuong_chau_cao_dinh_gian,6
Tương Châu,Thiên Bình Khế Ngu,ex:monk/thien_binh_khe_ngu,6
về trước,Lộc Môn Pháp Ðăng,ex:monk/loc_mon_phap_ang,6
về trước,Hoằng Trí Chánh Giác,ex:monk/hoang_tri_chanh_giac,6
về trước,Trường Lô Lâm,ex:monk/truong_lo_lam,6
về trước,Chân Yết Thanh Liễu,ex:monk/chan_yet_thanh_lieu,6
về trước,Đan Hà Phổ Nguyệt,ex:monk/dan_ha_pho_nguyet,6
về trước,Trí Thông Cảnh Thâm,ex:monk/tri_thong_canh_tham,6
Đại Hồng,Bảo Phong Duy Chiếu,ex:monk/bao_phong_duy_chieu,6
Đại Hồng,Đại Hồng Pháp Vi,ex:monk/dai_hong_phap_vi,6
Đại Hồng,Thiện Quyền Pháp Trí,ex:monk/thien_quyen_phap_tri,6
Đại Hồng,Đại Hồng Khánh Dự,ex:monk/dai_hong_khanh_du,6
Đại Hồng,Đại Hồng Báo Ân,ex:monk/dai_hong_bao_an,6
Đại Hồng,Đại Hồng Khánh Hiển,ex:monk/dai_hong_khanh_hien,6
tỉnh Quảng,Thanh Tú Huệ Pháp,ex:monk/thanh_tu_hue_phap,6
tỉnh Quảng,Chơn Trung Diệu Quang,ex:monk/chon_trung_dieu_quang,6
tỉnh Quảng,Tâm Niệm Từ Ý,ex:monk/tam_niem_tu_y,6
tỉnh Quảng,Trừng Thủy Giác Nhiên,ex:monk/trung_thuy_giac_nhien,6
tỉnh Quảng,Ðồng Chánh Tịnh Giác,ex:monk/ong_chanh_tinh_giac,6
tỉnh Quảng,Tâm Lương Diệu Hoằng,ex:monk/tam_luong_dieu_hoang,6
làng Trung,Thanh Tú Huệ Pháp,ex:monk/thanh_tu_hue_phap,6
làng Trung,Trừng Hóa Hưng Dụng,ex:monk/trung_hoa_hung_dung,6
làng Trung,Tâm Như Trí Thủ,ex:monk/tam_nhu_tri_thu,6
làng Trung,Đạo Minh Phổ Tịnh,ex:monk/dao_minh_pho_tinh,6
làng Trung,Tâm Lương Diệu Hoằng,ex:monk/tam_luong_dieu_hoang,6
làng Trung,Hải Nhu Tín Nhậm,ex:monk/hai_nhu_tin_nham,6
Thiên Hòa,Đồng Thiện Thiện Ân,ex:monk/dd_dong_thien_thien_an,6
Thiên Hòa,ĐĐ Đồng Thiện Thiện Ân,ex:monk/dd_dong_thien_thien_an,6
Thiên Hòa,Chơn Cảnh Trí Thắng,ex:monk/chon_canh_tri_thang,6
Thiên Hòa,TT Tâm Chí Tịnh Hạnh,ex:monk/tt_tam_chi_tinh_hanh,6
Thiên Hòa,Thiệt Dinh Ân Triêm,ex:monk/thiet_dinh_an_triem,6
Thiên Hòa,Đạo Minh Phổ Tịnh,ex:monk/dao_minh_pho_tinh,6
Phổ Thiên,Thị Năng Trí Hữu,ex:monk/thi_nang_tri_huu,6
Phổ Thiên,Tâm Lượng Từ Mẫn,ex:monk/tam_luong_tu_man,6
Phổ Thiên,Trừng Kệ Tôn Thắng,ex:monk/trung_ke_ton_thang,6
Phổ Thiên,Tâm Niệm Từ Ý,ex:monk/tam_niem_tu_y,6
Phổ Thiên,Tâm Hồng Từ Hương,ex:monk/tam_hong_tu_huong,6
Phổ Thiên,Tâm Ðăng Chơn Như,ex:monk/tam_ang_chon_nhu,6
trong nước,Thị Năng Trí Hữu,ex:monk/thi_nang_tri_huu,6
trong nước,Thanh Tràng Như Tịnh,ex:monk/thanh_trang_nhu_tinh,6
trong nước,Tâm Như Trí Thủ,ex:monk/tam_nhu_tri_thu,6
trong nước,Nguyên Giác Quang Phú,ex:monk/nguyen_giac_quang_phu,6
trong nước,Đại Hồng Khánh Dự,ex:monk/dai_hong_khanh_du,6
trong nước,Thị Khai Ðỗng Minh,ex:monk/thi_khai_ong_minh,6
các đàn,Chơn Chứng Thiện Quả,ex:monk/chon_chung_thien_qua,6
các đàn,Tâm Quang Đàm Minh,ex:monk/tam_quang_dam_minh,6
các đàn,Chơn Phát Long Tôn,ex:monk/chon_phat_long_ton,6
các đàn,Chơn Giác Long Hải,ex:monk/chon_giac_long_hai,6
các đàn,Như Đạt Hoằng Thâm,ex:monk/nhu_dat_hoang_tham,6
các đàn,Như Tiến Quảng Hưng,ex:monk/nhu_tien_quang_hung,6
Bảo Quang,ĐĐ Tâm Kiên Chơn Thể,ex:monk/dd_tam_kien_chon_the,6
Bảo Quang,Tâm Quang Đàm Minh,ex:monk/tam_quang_dam_minh,6
Bảo Quang,Như Hường Thọ Minh,ex:monk/nhu_huong_tho_minh,6
Bảo Quang,Thành Đẳng Minh Lượng,ex:monk/thanh_dang_minh_luong,6
Bảo Quang,Nguyên Tuệ Diệu Định,ex:monk/nguyen_tue_dieu_dinh,6
Bảo Quang,Hạnh Đạo Chủng Hoa,ex:monk/hanh_dao_chung_hoa,6
các trường,Tâm Nguyện Tiêu Diêu,ex:monk/tam_nguyen_tieu_dieu,6
các trường,Như Ðắc Thiền Phương,ex:monk/nhu_ac_thien_phuong,6
các trường,Nguyên Tánh Đức Tâm,ex:monk/nguyen_tanh_duc_tam,6
các trường,Thiên Ân,ex:monk/thien_an,6
các trường,Chương Thiện Hoằng Ðạo,ex:monk/chuong_thien_hoang_ao,6
các trường,Tâm Ðăng Chơn Như,ex:monk/tam_ang_chon_nhu,6
sân chùa,Tâm Nguyện Tiêu Diêu,ex:monk/tam_nguyen_tieu_dieu,6
sân chùa,Thành Đẳng Minh Lượng,ex:monk/thanh_dang_minh_luong,6
sân chùa,Tổ Tông Viên Quang,ex:monk/to_tong_vien_quang,6
sân chùa,Tế Nhơn Hữu Bùi,ex:monk/te_nhon_huu_bui,6
sân chùa,Tỳ Ni Đa Lưu Chi,ex:monk/ty_ni_da_luu_chi,6
sân chùa,Phật Tuyết Tường Quang,ex:monk/phat_tuyet_tuong_quang,6
thế,Tâm Quang Đàm Minh,ex:monk/tam_quang_dam_minh,6
thế,Như Kế Huyền Vi,ex:monk/nhu_ke_huyen_vi,6
thế,Như Vạn Trí Phước,ex:monk/nhu_van_tri_phuoc,6
thế,Giáp Sơn Thiện Hội,ex:monk/giap_son_thien_hoi,6
thế,Viên Thành Trừng Thông,ex:monk/vien_thanh_trung_thong,6
thế,Từ Sơn Hành Nhất,ex:monk/tu_son_hanh_nhat,6
Bảo Thắng,Tâm Quang Đàm Minh,ex:monk/tam_quang_dam_minh,6
Bảo Thắng,Chơn Sử Khánh Tín,ex:monk/chon_su_khanh_tin,6
Bảo Thắng,Như Hường Thọ Minh,ex:monk/nhu_huong_tho_minh,6
Bảo Thắng,Ðồng Chơn Thông Niệm,ex:monk/ong_chon_thong_niem,6
Bảo Thắng,Nguyên Tuệ Diệu Định,ex:monk/nguyen_tue_dieu_dinh,6
Bảo Thắng,Hạnh Đạo Chủng Hoa,ex:monk/hanh_dao_chung_hoa,6
Văn Thánh,Như Nhàn Trí Giác,ex:monk/nhu_nhan_tri_giac,6
Văn Thánh,Ấn Bổn Vĩnh Gia,ex:monk/an_bon_vinh_gia,6
Văn Thánh,Chơn Trừng Đạo Thanh,ex:monk/chon_trung_dao_thanh,6
Văn Thánh,Như Ðiền Huệ Chấn,ex:monk/nhu_dien_hue_chan,6
Văn Thánh,Đạo Tâm Trung Hậu,ex:monk/dao_tam_trung_hau,6
Văn Thánh,Như Ðiền Huệ Chấn,ex:monk/nhu_ien_hue_chan,6
Giáo hội,Chơn Cảnh Trí Thắng,ex:monk/chon_canh_tri_thang,6
Giáo hội,Như Thông Huyền Ấn,ex:monk/nhu_thong_huyen_an,6
Giáo hội,Nhựt Bình Trí Tịnh,ex:monk/nhut_binh_tri_tinh,6
Giáo hội,Trừng Hóa Hưng Dụng,ex:monk/trung_hoa_hung_dung,6
Giáo hội,Trừng San Hải Tuệ,ex:monk/trung_san_hai_tue,6
Giáo hội,Tâm Ðăng Chơn Như,ex:monk/tam_ang_chon_nhu,6
đã được,Ấn Lan Từ Trí,ex:monk/an_lan_tu_tri,6
đã được,Hồng Tuyên Từ Thông,ex:monk/hong_tuyen_tu_thong,6
đã được,Tâm Tuệ Thanh Trí,ex:monk/tam_tue_thanh_tri,6
đã được,Tế Lịch Chánh Văn,ex:monk/te_lich_chanh_van,6
đã được,Toàn Ðịnh Bảo Tạng,ex:monk/toan_dinh_bao_tang,6
đã được,Tiên Thường Viên Trừng,ex:monk/tien_thuong_vien_trung,6
được xây,Ấn Lan Từ Trí,ex:monk/an_lan_tu_tri,6
được xây,Nguyên Thiều Thọ Tông,ex:monk/nguyen_thieu_tho_tong,6
được xây,Quang Lư Như Như,ex:monk/quang_lu_nhu_nhu,6
được xây,Thanh Đàm Minh Chánh,ex:monk/thanh_dam_minh_chanh,6
được xây,Tánh Thông Giác Ngộ,ex:monk/tanh_thong_giac_ngo,6
được xây,Tiên Thường Viên Trừng,ex:monk/tien_thuong_vien_trung,6
đạo tràng,Ấn Bổn Vĩnh Gia,ex:monk/an_bon_vinh_gia,6
đạo tràng,Tâm Hồng Từ Hương,ex:monk/tam_hong_tu_huong,6
đạo tràng,Phước Thanh Huyền Nột,ex:monk/phuoc_thanh_huyen_not,6
đạo tràng,Trường Khánh Huệ Lăng,ex:monk/truong_khanh_hue_lang,6
đạo tràng,Vân Môn Văn Yển,ex:monk/van_mon_van_yen,6
đạo tràng,Thạch Liêm Đại Sán,ex:monk/thach_liem_dai_san,6
Khánh Vân,Chơn Đạt Thiện Ân,ex:monk/chon_dat_thien_an,6
Khánh Vân,Chơn Trung Diệu Quang,ex:monk/chon_trung_dieu_quang,6
Khánh Vân,Như Chánh Huyền Tấn,ex:monk/nhu_chanh_huyen_tan,6
Khánh Vân,Hoàng Cảnh Viên Dung,ex:monk/hoang_canh_vien_dung,6
Khánh Vân,Thị Khai Ðỗng Minh,ex:monk/thi_khai_ong_minh,6
Khánh Vân,Thạch Liêm Đại Sán,ex:monk/thach_liem_dai_san,6
Hội Nguyên,Ấn Hoa Phổ Huệ,ex:monk/an_hoa_pho_hue,6
Hội Nguyên,Ấn Hoa Phổ Huệ,ex:monk/an_hoa_pho_hue,6
Hội Nguyên,Chơn Hòa Long Ân,ex:monk/chon_hoa_long_an,6
Hội Nguyên,Thiệt Uyên Chí Bảo,ex:monk/thiet_uyen_chi_bao,6
Hội Nguyên,Toàn Trí Long Thọ,ex:monk/toan_dai_hue_duc,6
Hội Nguyên,Toàn Đài Huệ Đức,ex:monk/toan_dai_hue_duc,6
Liên Hoa,Chơn Trung Minh Ðức,ex:monk/chon_trung_minh_uc,6
Liên Hoa,Như Huệ Thiền Tâm,ex:monk/nhu_hue_thien_tam,6
Liên Hoa,Như Minh Tánh Tịnh,ex:monk/nhu_minh_tanh_tinh,6
Liên Hoa,Như Danh Hoằng Tu,ex:monk/nhu_danh_hoang_tu,6
Liên Hoa,Thị Thọ Nhơn Hiền,ex:monk/thi_tho_nhon_hien,6
Liên Hoa,Thị Nguyện Thanh Quang,ex:monk/thi_nguyen_thanh_quang,6
chùa Bích,Chơn Giám Trí Hải,ex:monk/chon_giam_tri_hai,6
chùa Bích,Như An Huyền Quang,ex:monk/nhu_an_huyen_quang,6
chùa Bích,Như Ái Hoằng Thâm,ex:monk/nhu_ai_hoang_tham,6
chùa Bích,Như Lễ Huyền Dung,ex:monk/nhu_le_huyen_dung,6
chùa Bích,Như Bình Huyền Tịnh,ex:monk/nhu_binh_huyen_tinh,6
chùa Bích,Thanh Đàm Minh Chánh,ex:monk/thanh_dam_minh_chanh,6
Bình Ðịnh,Chơn Giám Trí Hải,ex:monk/chon_giam_tri_hai,6
Bình Ðịnh,Như Ðăng Trí Ðộ,ex:monk/nhu_ang_tri_o,6
Bình Ðịnh,Như Ái Hoằng Thâm,ex:monk/nhu_ai_hoang_tham,6
Bình Ðịnh,Như Lễ Huyền Dung,ex:monk/nhu_le_huyen_dung,6
Bình Ðịnh,Chương Thiện Hoằng Ðạo,ex:monk/chuong_thien_hoang_ao,6
Bình Ðịnh,Toàn Ðịnh Bảo Tạng,ex:monk/toan_dinh_bao_tang,6
Thanh Phước,Chơn Quả Đương Như,ex:monk/chon_qua_duong_nhu,6
Thanh Phước,Chơn Nguyện Long Phúc,ex:monk/chon_nguyen_long_phuc,6
Thanh Phước,Chơn Đằng Long Hương,ex:monk/chon_dang_long_huong,6
Thanh Phước,Ấn Chiếu Đương Niệm,ex:monk/an_ngoc_huyen_chon,6
Thanh Phước,Ấn Ngọc Huyền Chơn,ex:monk/an_ngoc_huyen_chon,6
Thanh Phước,Như Cang Giải Hải,ex:monk/nhu_cang_giai_hai,6
xã Mỹ,Ấn Ngữ Quảng Lợi,ex:monk/an_ngu_quang_loi,6
xã Mỹ,Chơn Pháp Phước Trí,ex:monk/chon_phap_phuoc_tri,6
xã Mỹ,Chơn Tánh Phước Hòa,ex:monk/chon_tanh_phuoc_hoa,6
xã Mỹ,Chơn Tư Phước Dư,ex:monk/chon_tu_phuoc_du,6
xã Mỹ,Nhựt Bình Trí Tịnh,ex:monk/nhut_binh_tri_tinh,6
xã Mỹ,TT Nguyên Cát Thiện Tường,ex:monk/tt_nguyen_cat_thien_tuong,6
chùa An,Ấn Tâm Diệu Nghĩa,ex:monk/an_tam_dieu_nghia,6
chùa An,Ấn Tâm Diệu Nghĩa,ex:monk/an_tam_dieu_nghia,6
chùa An,Chơn Thành Phổ Quang,ex:monk/chon_thanh_pho_quang,6
chùa An,Chơn Thành Phổ Quang,ex:monk/chon_thanh_pho_quang,6
chùa An,Thị Hòa Viên Giác,ex:monk/thi_hoa_vien_giac,6
chùa An,Thị Quang Huệ Minh,ex:monk/thi_quang_hue_minh,6
Cổ Lâm,Chương Lý Trí Quang,ex:monk/chuong_ly_tri_quang,6
Cổ Lâm,Chương Lý Trí Quang,ex:monk/chuong_ly_tri_quang,6
Cổ Lâm,Như Ðiền Huệ Chấn,ex:monk/nhu_dien_hue_chan,6
Cổ Lâm,Toàn Nhâm Quán Thông,ex:monk/toan_nham_quan_thong,6
Cổ Lâm,Thị Lạc Hưng Từ,ex:monk/thi_lac_hung_tu,6
Cổ Lâm,Như Ðiền Huệ Chấn,ex:monk/nhu_ien_hue_chan,6
Quảng Trị,Trừng Dàn Bích Không,ex:monk/trung_dan_bich_khong,6
Quảng Trị,Trừng Gia Hưng Mãn,ex:monk/trung_gia_hung_man,6
Quảng Trị,Trừng Hóa Hưng Dụng,ex:monk/trung_hoa_hung_dung,6
Quảng Trị,Nguyên Ý Phước Châu,ex:monk/nguyen_y_phuoc_chau,6
Quảng Trị,Tâm Thị Thiện Minh,ex:monk/tam_thi_thien_minh,6
Quảng Trị,Tâm Lương Diệu Hoằng,ex:monk/tam_luong_dieu_hoang,6
các lớp,Chơn Thanh Bích Nguyên,ex:monk/chon_thanh_bich_nguyen,6
các lớp,Chơn Luận Phước Huệ,ex:monk/chon_luan_phuoc_hue,6
các lớp,Chơn Quý Khánh Anh,ex:monk/chon_quy_khanh_anh,6
các lớp,Như Quả Hoàn Tuyên,ex:monk/nhu_qua_hoan_tuyen,6
các lớp,Chơn Thanh Từ Văn,ex:monk/chon_thanh_tu_van,6
các lớp,Hồng Tòng Phổ Quảng,ex:monk/hong_tong_pho_quang,6
Pháp Vân,Như Hạnh Huyền Thâm,ex:monk/nhu_hanh_huyen_tham,6
Pháp Vân,Quang Lư Như Như,ex:monk/quang_lu_nhu_nhu,6
Pháp Vân,Tỳ Ni Đa Lưu Chi,ex:monk/ty_ni_da_luu_chi,6
Pháp Vân,Thiệt Thành Liễu Đạt,ex:monk/thiet_thanh_lieu_dat,6
Pháp Vân,Tế Bổn Viên Thường,ex:monk/te_bon_vien_thuong,6
Pháp Vân,Tâm Hòa Thiên Thái,ex:monk/tam_hoa_thien_thai,6
thị trấn,Chơn Luận Phước Huệ,ex:monk/chon_luan_phuoc_hue,6
thị trấn,Như Thiện Phước Đạt,ex:monk/nhu_thien_phuoc_dat,6
thị trấn,Không Hoa Huệ Chiếu,ex:monk/khong_hoa_hue_chieu,6
thị trấn,Đồng Huy Pháp Độ,ex:monk/dong_huy_phap_do,6
thị trấn,Ðồng Chánh Tịnh Giác,ex:monk/ong_chanh_tinh_giac,6
thị trấn,Như Lâm Minh Trí,ex:monk/nhu_lam_minh_tri,6
Phật giáo,Như Vạn Trí Phước,ex:monk/nhu_van_tri_phuoc,6
Phật giáo,Như Hiền Chí Thiền,ex:monk/nhu_hien_chi_thien,6
Phật giáo,Nguyên Minh Đức Thiệu,ex:monk/nguyen_minh_duc_thieu,6
Phật giáo,Nguyên Tánh Đức Tâm,ex:monk/nguyen_tanh_duc_tam,6
Phật giáo,Trừng Nguyên Đôn Hậu,ex:monk/trung_nguyen_don_hau,6
Phật giáo,Tiên Thường Viên Trừng,ex:monk/tien_thuong_vien_trung,6
Thiên Bình,Không Hoa Huệ Chiếu,ex:monk/khong_hoa_hue_chieu,6
Thiên Bình,Chơn Phước Huệ Pháp,ex:monk/chon_phuoc_hue_phap,6
Thiên Bình,Trừng San Hải Tuệ,ex:monk/trung_san_hai_tue,6
Thiên Bình,Thị Khai Ðỗng Minh,ex:monk/thi_khai_ong_minh,6
Thiên Bình,Thị Chí Phước Hộ,ex:monk/thi_chi_phuoc_ho,6
Thiên Bình,Thiên Bình Khế Ngu,ex:monk/thien_binh_khe_ngu,6
trú xứ,Như Niệm Bảo Toàn,ex:monk/nhu_niem_bao_toan,6
trú xứ,Tâm Thanh Chơn Nghiêm,ex:monk/tam_thanh_chon_nghiem,6
trú xứ,Tâm Thanh Chơn Nghiêm,ex:monk/tam_thanh_chon_nghiem,6
trú xứ,Tâm Thanh Chơn Nghiêm,ex:monk/tam_thanh_chon_nghiem,6
trú xứ,Như Hường Thọ Minh,ex:monk/nhu_huong_tho_minh,6
trú xứ,Tâm Lượng Từ Mẫn,ex:monk/tam_luong_tu_man,6
Long An,Chơn Quý Khánh Anh,ex:monk/chon_quy_khanh_anh,6
Long An,Nhựt Bình Trí Tịnh,ex:monk/nhut_binh_tri_tinh,6
Long An,Trừng Nguyên Đôn Hậu,ex:monk/trung_nguyen_don_hau,6
Long An,Thị An Phước Bình,ex:monk/thi_an_phuoc_binh,6
Long An,Ðồng Chánh Tịnh Như,ex:monk/ong_chanh_tinh_nhu,6
Long An,Đại Thông Chánh Niệm,ex:monk/dai_thong_chanh_niem,6
Long Tuyền,Như Tấn Huệ Minh,ex:monk/nhu_tan_hue_minh,6
Long Tuyền,Đồng Chơn Trí Viên,ex:monk/dong_chon_tri_vien,6
Long Tuyền,Đồng Lý Thông Nguyên,ex:monk/dong_ly_thong_nguyen,6
Long Tuyền,Đồng Nghĩa Thông Hạnh,ex:monk/dong_nghia_thong_hanh,6
Long Tuyền,Thị Tư Hạnh Phước,ex:monk/thi_tu_hanh_phuoc,6
Long Tuyền,Thông Chánh Tuệ Thành,ex:monk/thong_chanh_tue_thanh,6
thành nơi,Đồng Chơn Long Hưng,ex:monk/dong_chon_long_hung,6
thành nơi,Ðồng Phước Thông Bửu,ex:monk/ong_phuoc_thong_buu,6
thành nơi,Như Hiền Chí Thiền,ex:monk/nhu_hien_chi_thien,6
thành nơi,Hoàng Lầu Diệu Tấn,ex:monk/hoang_lau_dieu_tan,6
thành nơi,Tâm Thông Quảng Huệ,ex:monk/tam_thong_quang_hue,6
thành nơi,Tiên Đề Chơn Phẩm,ex:monk/tien_de_chon_pham,6
Bát Nhã,Thị Bình Diệu Khai,ex:monk/thi_binh_dieu_khai,6
Bát Nhã,Ðồng Chơn Thông Niệm,ex:monk/ong_chon_thong_niem,6
Bát Nhã,Thị An Phước Bình,ex:monk/thi_an_phuoc_binh,6
Bát Nhã,Hải Chánh Bảo Thanh,ex:monk/hai_chanh_bao_thanh,6
Bát Nhã,Tánh Thông Giác Ngộ,ex:monk/tanh_thong_giac_ngo,6
Bát Nhã,Bảo Chân,ex:monk/bao_chan,6
Viên Minh,Đồng Hảo Thông Hạnh,ex:monk/dong_hao_thong_hanh,6
Viên Minh,Đồng Lý Thông Nguyên,ex:monk/dong_ly_thong_nguyen,6
Viên Minh,Đồng Nghĩa Thông Hạnh,ex:monk/dong_nghia_thong_hanh,6
Viên Minh,Nguyên Không Từ Phương,ex:monk/nguyen_khong_tu_phuong,6
Viên Minh,Thanh Nguyên Minh Nam,ex:monk/thanh_nguyen_minh_nam,6
Viên Minh,Thông Chánh Tuệ Thành,ex:monk/thong_chanh_tue_thanh,6
chùa Từ,Đồng Mẫn Huệ Tánh,ex:monk/dong_man_hue_tanh,6
chùa Từ,Thị Ngộ Mỹ Quang,ex:monk/thi_ngo_my_quang,6
chùa Từ,Như Giác Tôn Hội,ex:monk/nhu_giac_ton_hoi,6
chùa Từ,Như Hoàn Huệ Tràng,ex:monk/nhu_hoan_hue_trang,6
chùa Từ,Như Trí Bảo Trung,ex:monk/nhu_tri_bao_trung,6
chùa Từ,Thị Hải Chánh Niệm,ex:monk/thi_hai_chanh_niem,6
Hồng Khê,Tâm Thái Thiện Trí,ex:monk/tam_thai_thien_tri,6
Hồng Khê,Trừng Nguyên Đôn Hậu,ex:monk/trung_nguyen_don_hau,6
Hồng Khê,Thanh Ninh Tâm Tịnh,ex:monk/thanh_ninh_tam_tinh,6
Hồng Khê,Trừng Huệ Giác Viên,ex:monk/trung_hue_giac_vien,6
Hồng Khê,Thị Chí Phước Hộ,ex:monk/thi_chi_phuoc_ho,6
Hồng Khê,Tâm Lương Diệu Hoằng,ex:monk/tam_luong_dieu_hoang,6
giữa,Lâm Tế Nghĩa Huyền,ex:monk/lam_te_nghia_huyen,6
giữa,Bồ Đề Quang Dụng,ex:monk/lam_te_nghia_huyen,6
giữa,Thành Đẳng Minh Lượng,ex:monk/thanh_dang_minh_luong,6
giữa,Thanh Đàm Minh Chánh,ex:monk/thanh_dam_minh_chanh,6
giữa,Thanh Nguyên Minh Nam,ex:monk/thanh_nguyen_minh_nam,6
giữa,Tiên Thường Viên Trừng,ex:monk/tien_thuong_vien_trung,6
Trường Lô,Hoằng Trí Chánh Giác,ex:monk/hoang_tri_chanh_giac,6
Trường Lô,Trường Lô Lâm,ex:monk/truong_lo_lam,6
Trường Lô,Huệ Huy Tự Đắc,ex:monk/hue_huy_tu_dac,6
Trường Lô,Chân Yết Thanh Liễu,ex:monk/chan_yet_thanh_lieu,6
Trường Lô,Trường Lô Diệu Giác,ex:monk/truong_lo_dieu_giac,6
Trường Lô,Tuyết Đậu Trí Giám,ex:monk/tuyet_dau_tri_giam,6
Thiên Thai,Đại Hồng Pháp Vi,ex:monk/dai_hong_phap_vi,6
Thiên Thai,Thiệt Diệu Liễu Quán,ex:monk/thiet_dieu_lieu_quan,6
Thiên Thai,Trừng Thủy Giác Nhiên,ex:monk/trung_thuy_giac_nhien,6
Thiên Thai,Tánh Thiên Nhất Định,ex:monk/tanh_thien_nhat_dinh,6
Thiên Thai,Kiến Châu Bạch Vân Ước,ex:monk/kien_chau_bach_van_uoc,6
Thiên Thai,Tịnh Độ Duy Chính,ex:monk/tinh_do_duy_chinh,6
núi Đại,Long Hoa Linh Chiếu,ex:monk/long_hoa_linh_chieu,6
núi Đại,Phước Châu Huyền Thông,ex:monk/phuoc_chau_huyen_thong,6
núi Đại,Long Sách Đạo Phó,ex:monk/long_sach_dao_pho,6
núi Đại,Đại Hồng Báo Ân,ex:monk/dai_hong_bao_an,6
núi Đại,Đại Hồng Thủ Toại,ex:monk/dai_hong_thu_toai,6
núi Đại,Tế Cảm Linh Phù,ex:monk/te_cam_linh_phu,6
trong đó,Đại Huệ Tông Cảo,ex:monk/dai_hue_tong_cao,5
trong đó,Dược Sơn Duy Nghiễm,ex:monk/duoc_son_duy_nghiem,5
trong đó,Cửu Phong Đạo Kiền,ex:monk/cuu_phong_dao_kien,5
trong đó,U Châu Bàn Sơn,ex:monk/u_chau_ban_son,5
trong đó,Tiêu Dao Hoài Trung,ex:monk/tieu_dao_hoai_trung,5
miệng nói,Đại Huệ Tông Cảo,ex:monk/dai_hue_tong_cao,5
miệng nói,Lâm Tế Nghĩa Huyền,ex:monk/lam_te_nghia_huyen,5
miệng nói,Bồ Đề Quang Dụng,ex:monk/lam_te_nghia_huyen,5
miệng nói,Vân Môn Văn Yển,ex:monk/van_mon_van_yen,5
miệng nói,Nam An Nham Tự Nghiêm,ex:monk/nam_an_nham_tu_nghiem,5
thế gian,Đại Huệ Tông Cảo,ex:monk/dai_hue_tong_cao,5
thế gian,Tâm Như Mật Nguyện,ex:monk/tam_nhu_mat_nguyen,5
thế gian,Thanh Tú Huệ Pháp,ex:monk/thanh_tu_hue_phap,5
thế gian,Thanh Tràng Như Tịnh,ex:monk/thanh_trang_nhu_tinh,5
thế gian,Trừng Thủy Giác Nhiên,ex:monk/trung_thuy_giac_nhien,5
bệnh viện,Cư Sĩ Tâm Hòa Trương Xướng,ex:monk/cu_si_tam_hoa_truong_xuong,5
bệnh viện,Trừng Diên Diệu Huệ,ex:monk/trung_dien_dieu_hue,5
bệnh viện,Tâm Thành Chơn Thức,ex:monk/tam_thanh_chon_thuc,5
bệnh viện,Trừng San Hải Tuệ,ex:monk/trung_san_hai_tue,5
bệnh viện,Tâm Hòa Thiên Thái,ex:monk/tam_hoa_thien_thai,5
ấy,Trừng Thành Giác Tiên,ex:monk/trung_thanh_giac_tien,5
ấy,Chân Đạo Bích Phong,ex:monk/chan_dao_bich_phong,5
ấy,Tâm Tuệ Thanh Trí,ex:monk/tam_tue_thanh_tri,5
ấy,Nguyên Thiều Thọ Tông,ex:monk/nguyen_thieu_tho_tong,5
ấy,Tâm Thông Quảng Huệ,ex:monk/tam_thong_quang_hue,5
cuối cùng,Trừng Diên Diệu Huệ,ex:monk/trung_dien_dieu_hue,5
cuối cùng,Tâm Hương Mật Hiển,ex:monk/tam_huong_mat_hien,5
cuối cùng,Như Vạn Trí Phước,ex:monk/nhu_van_tri_phuoc,5
cuối cùng,Nguyên Trí Châu Toàn,ex:monk/nguyen_tri_chau_toan,5
cuối cùng,Tâm Lễ Chánh Kiến,ex:monk/tam_le_chanh_kien,5
chiền bị,Trừng Diên Diệu Huệ,ex:monk/trung_dien_dieu_hue,5
chiền bị,Tâm Đạo Thanh Quang,ex:monk/tam_dao_thanh_quang,5
chiền bị,Tâm Niệm Từ Ý,ex:monk/tam_niem_tu_y,5
chiền bị,Thạch Liêm Đại Sán,ex:monk/thach_liem_dai_san,5
chiền bị,Hạnh Đạo Chủng Hoa,ex:monk/hanh_dao_chung_hoa,5
khắp các,Trừng Hảo Diệu Không,ex:monk/trung_hao_dieu_khong,5
khắp các,Chơn Luận Phước Huệ,ex:monk/chon_luan_phuoc_hue,5
khắp các,Như Hường Thọ Minh,ex:monk/nhu_huong_tho_minh,5
khắp các,Tâm Thọ Thiện Hỷ,ex:monk/tam_tho_thien_hy,5
khắp các,Thị An Phước Bình,ex:monk/thi_an_phuoc_binh,5
ra,Trừng Hảo Diệu Không,ex:monk/trung_hao_dieu_khong,5
ra,Chơn Luận Phước Huệ,ex:monk/chon_luan_phuoc_hue,5
ra,Huyền Sa Sư Bị,ex:monk/huyen_sa_su_bi,5
ra,Tế Hiển Bửu Dương,ex:monk/te_hien_buu_duong,5
ra,Thạch Liêm Đại Sán,ex:monk/thach_liem_dai_san,5
Đại Giới,Trừng Hảo Diệu Không,ex:monk/trung_hao_dieu_khong,5
Đại Giới,Đồng Nguyện Thiện Nguyện,ex:monk/dong_nguyen_thien_nguyen,5
Đại Giới,Chơn Phú Bích Lâm,ex:monk/chon_phu_bich_lam,5
Đại Giới,Trừng Chiếu Từ Mãn,ex:monk/trung_chieu_tu_man,5
Đại Giới,Như Tuyết Lưu Đức,ex:monk/nhu_tuyet_luu_duc,5
Nha Trang,Trừng Hảo Diệu Không,ex:monk/trung_hao_dieu_khong,5
Nha Trang,Trừng Dàn Bích Không,ex:monk/trung_dan_bich_khong,5
Nha Trang,Thị Khai Ðỗng Minh,ex:monk/thi_khai_ong_minh,5
Nha Trang,Trừng Thủy Giác Nhiên,ex:monk/trung_thuy_giac_nhien,5
Nha Trang,TT Thích Viên Tịnh,ex:monk/tt_thich_vien_tinh,5
Thừa Thiên,Trừng Hảo Diệu Không,ex:monk/trung_hao_dieu_khong,5
Thừa Thiên,Nguyên Định Đức Trì,ex:monk/nguyen_dinh_duc_tri,5
Thừa Thiên,Thiệt Thành Liễu Đạt,ex:monk/thiet_thanh_lieu_dat,5
Thừa Thiên,Trừng Thành Hướng Đạo,ex:monk/trung_thanh_huong_dao,5
Thừa Thiên,Trừng Tuệ Chí Mậu,ex:monk/trung_tue_chi_mau,5
về thăm,Đại Trí Tề Liên,ex:monk/dai_tri_te_lien,5
về thăm,Tâm Quang Chánh Pháp,ex:monk/tam_quang_chanh_phap,5
về thăm,Chơn An Chánh Liêm,ex:monk/chon_an_chanh_liem,5
về thăm,Hồng Tòng Phổ Quảng,ex:monk/hong_tong_pho_quang,5
về thăm,Tâm Khai Nhật Liên,ex:monk/tam_khai_nhat_lien,5
phía Nam,Đơn Hà Tử Thuần,ex:monk/don_ha_tu_thuan,5
phía Nam,Thanh Đức Tâm Khoan,ex:monk/thanh_duc_tam_khoan,5
phía Nam,Trừng Hương Tịnh Hạnh,ex:monk/trung_huong_tinh_hanh,5
phía Nam,Thiệt Diệu Liễu Quán,ex:monk/thiet_dieu_lieu_quan,5
phía Nam,Tiên Thường Viên Trừng,ex:monk/tien_thuong_vien_trung,5
phía Đông,Cư Sĩ Thanh Phước Điềm Tịnh,ex:monk/cu_si_thanh_phuoc_diem_tinh,5
phía Đông,Ấn Bính Phổ Bảo,ex:monk/an_binh_pho_bao,5
phía Đông,Thiên Hoàng Đạo Ngộ,ex:monk/thien_hoang_dao_ngo,5
phía Đông,Nguyên Thiều Thọ Tông,ex:monk/nguyen_thieu_tho_tong,5
phía Đông,Thiệt Tánh Trí Hải,ex:monk/thiet_tanh_tri_hai,5
về Quảng,Cư Sĩ Thanh Phước Điềm Tịnh,ex:monk/cu_si_thanh_phuoc_diem_tinh,5
về Quảng,Tâm Quang Chánh Pháp,ex:monk/tam_quang_chanh_phap,5
về Quảng,Như Tiến Quảng Hưng,ex:monk/nhu_tien_quang_hung,5
về Quảng,Như Bình Huyền Tịnh,ex:monk/nhu_binh_huyen_tinh,5
về Quảng,Minh Hải Pháp Bảo,ex:monk/minh_hai_phap_bao,5
chùa này,Thanh Tú Huệ Pháp,ex:monk/thanh_tu_hue_phap,5
chùa này,Tổ Ấn Mật Hoằng,ex:monk/to_an_mat_hoang,5
chùa này,Thiệt Diệu Liễu Quán,ex:monk/thiet_dieu_lieu_quan,5
chùa này,Thiệt Thành Liễu Đạt,ex:monk/thiet_thanh_lieu_dat,5
chùa này,Tiên Giác Hải Tịnh,ex:monk/tien_giac_hai_tinh,5
miền Tây,Đồng Trí Bảo Huệ,ex:monk/dong_tri_bao_hue,5
miền Tây,Chơn Thanh Từ Văn,ex:monk/chon_thanh_tu_van,5
miền Tây,Như Hiền Chí Thiền,ex:monk/nhu_hien_chi_thien,5
miền Tây,Ðồng Chánh Tịnh Như,ex:monk/ong_chanh_tinh_nhu,5
miền Tây,Tiên Đề Chơn Phẩm,ex:monk/tien_de_chon_pham,5
TP,Như Hữu Viên Thuận,ex:monk/nhu_huu_vien_thuan,5
TP,Chơn Đạt Thiện Ân,ex:monk/chon_dat_thien_an,5
TP,Đồng Mẫn Huệ Tánh,ex:monk/dong_man_hue_tanh,5
TP,Nhựt Bình Trí Tịnh,ex:monk/nhut_binh_tri_tinh,5
TP,Tâm Nguyệt Thể Yến,ex:monk/tam_nguyet_the_yen,5
Xuân Sơn,Như Lâm Quang Đảnh,ex:monk/nhu_lam_quang_danh,5
Xuân Sơn,Như Đăng Trí Tấn,ex:monk/nhu_dang_tri_tan,5
Xuân Sơn,Như Trúc Trí Lâm,ex:monk/nhu_truc_tri_lam,5
Xuân Sơn,Như Chơn Trí Dinh,ex:monk/nhu_chon_tri_dinh,5
Xuân Sơn,Như Đạt Giác Hoàng,ex:monk/nhu_dat_giac_hoang,5
chùa Quán,Trừng Thông Tịnh Khiết,ex:monk/trung_thong_tinh_khiet,5
chùa Quán,Như Ðăng Trí Ðộ,ex:monk/nhu_ang_tri_o,5
chùa Quán,Tâm Như Trí Thủ,ex:monk/tam_nhu_tri_thu,5
chùa Quán,Tâm Phật Thiện Siêu,ex:monk/tam_phat_thien_sieu,5
chùa Quán,Trừng Nguyên Đôn Hậu,ex:monk/trung_nguyen_don_hau,5
Ấn Độ,Trừng Thông Tịnh Khiết,ex:monk/trung_thong_tinh_khiet,5
Ấn Độ,Thanh Tràng Như Tịnh,ex:monk/thanh_trang_nhu_tinh,5
Ấn Độ,Tâm Phật Thiện Siêu,ex:monk/tam_phat_thien_sieu,5
Ấn Độ,Thái Nguyên Hải Hồ,ex:monk/thai_nguyen_hai_ho,5
Ấn Độ,Tâm Thật Thiện Châu,ex:monk/tam_that_thien_chau,5
Quán Sứ,Trừng Thông Tịnh Khiết,ex:monk/trung_thong_tinh_khiet,5
Quán Sứ,Như Ðăng Trí Ðộ,ex:monk/nhu_ang_tri_o,5
Quán Sứ,Tâm Như Trí Thủ,ex:monk/tam_nhu_tri_thu,5
Quán Sứ,Tâm Phật Thiện Siêu,ex:monk/tam_phat_thien_sieu,5
Quán Sứ,Trừng Nguyên Đôn Hậu,ex:monk/trung_nguyen_don_hau,5
chỗ không,Trừng Thông Tịnh Khiết,ex:monk/trung_thong_tinh_khiet,5
chỗ không,Phần Châu Thạch Lâu,ex:monk/phan_chau_thach_lau,5
chỗ không,Bảo Phước Tùng Triển,ex:monk/bao_phuoc_tung_trien,5
chỗ không,Sơ Sơn Quang Nhân,ex:monk/so_son_quang_nhan,5
chỗ không,Thạch Liêm Đại Sán,ex:monk/thach_liem_dai_san,5
cho đến,Tâm Thành Chơn Thức,ex:monk/tam_thanh_chon_thuc,5
cho đến,Chơn Cảnh Trí Thắng,ex:monk/chon_canh_tri_thang,5
cho đến,Ấn Lan Từ Trí,ex:monk/an_lan_tu_tri,5
cho đến,Chơn Tá Tôn Bảo,ex:monk/chon_ta_ton_bao,5
cho đến,Tỳ Ni Đa Lưu Chi,ex:monk/ty_ni_da_luu_chi,5
như,Tâm Quang Chánh Pháp,ex:monk/tam_quang_chanh_phap,5
như,Không Hoa Huệ Chiếu,ex:monk/khong_hoa_hue_chieu,5
như,Phật Tuyết Tường Quang,ex:monk/phat_tuyet_tuong_quang,5
như,Như Trực Vĩnh Châu,ex:monk/nhu_truc_vinh_chau,5
như,Tiên Đề Chơn Phẩm,ex:monk/tien_de_chon_pham,5
đào tạo,Tâm Quang Đàm Minh,ex:monk/tam_quang_dam_minh,5
đào tạo,Ngộ Tánh Phước Huệ,ex:monk/ngo_tanh_phuoc_hue,5
đào tạo,TT Nguyên Minh Minh Đức,ex:monk/tt_nguyen_minh_minh_duc,5
đào tạo,Nguyên Phước Quang Thể,ex:monk/nguyen_phuoc_quang_the,5
đào tạo,Tâm Lượng Từ Mẫn,ex:monk/tam_luong_tu_man,5
số,Như Huệ Trí Thông,ex:monk/nhu_hue_tri_thong,5
số,Nguyên Tánh Đức Tâm,ex:monk/nguyen_tanh_duc_tam,5
số,Quang Lư Như Như,ex:monk/quang_lu_nhu_nhu,5
số,Tâm Thị Thiện Minh,ex:monk/tam_thi_thien_minh,5
số,Tiên Huệ Tịnh Nhãn,ex:monk/tien_hue_tinh_nhan,5
Hải Ðức,Như Huệ Trí Thông,ex:monk/nhu_hue_tri_thong,5
Hải Ðức,Chơn Phát Long Tôn,ex:monk/chon_phat_long_ton,5
Hải Ðức,Như Thọ Huyền Tân,ex:monk/nhu_tho_huyen_tan,5
Hải Ðức,Thị Thuỷ Quảng Đức,ex:monk/thi_thuy_quang_duc,5
Hải Ðức,Tâm Ðăng Chơn Như,ex:monk/tam_ang_chon_nhu,5
Phổ Hiền,Thị Khoa Hạnh Lễ,ex:monk/thi_khoa_hanh_le,5
Phổ Hiền,Chơn Phong Chí Tâm,ex:monk/chon_phong_chi_tam,5
Phổ Hiền,Chơn Thật Chí Bảo,ex:monk/chon_phong_chi_tam,5
Phổ Hiền,Ấn Võ Chánh Giác,ex:monk/an_vo_chanh_giac,5
Phổ Hiền,Thị Trực Bửu Nghĩa,ex:monk/thi_truc_buu_nghia,5
xưa,Như Quang Trí Minh,ex:monk/nhu_quang_tri_minh,5
xưa,Tâm Tuệ Thanh Trí,ex:monk/tam_tue_thanh_tri,5
xưa,Vân Môn Hải Yến,ex:monk/van_mon_hai_yen,5
xưa,Vân Môn Hải Yến,ex:monk/van_mon_hai_yen,5
xưa,Tỳ Ni Đa Lưu Chi,ex:monk/ty_ni_da_luu_chi,5
Mỹ Thiện,Như Sum Giác Trí,ex:monk/nhu_sum_giac_tri,5
Mỹ Thiện,Như Sum Giác Trí,ex:monk/nhu_sum_giac_tri,5
Mỹ Thiện,Chơn Tâm Viên Minh,ex:monk/chon_tam_vien_minh,5
Mỹ Thiện,Như Danh Hoằng Tu,ex:monk/nhu_danh_hoang_tu,5
Mỹ Thiện,Như Nhã Giác Ý,ex:monk/nhu_nha_giac_y,5
Khánh Hòa,Chơn Cảnh Trí Thắng,ex:monk/chon_canh_tri_thang,5
Khánh Hòa,Trừng Dàn Bích Không,ex:monk/trung_dan_bich_khong,5
Khánh Hòa,Chơn Phú Bích Lâm,ex:monk/chon_phu_bich_lam,5
Khánh Hòa,Tế Hiển Bửu Dương,ex:monk/te_hien_buu_duong,5
Khánh Hòa,Đại Bửu Kim Cang,ex:monk/dai_buu_kim_cang,5
đặt tại,Chơn Cảnh Trí Thắng,ex:monk/chon_canh_tri_thang,5
đặt tại,Nhựt Bình Trí Tịnh,ex:monk/nhut_binh_tri_tinh,5
đặt tại,Nguyên Tánh Đức Tâm,ex:monk/nguyen_tanh_duc_tam,5
đặt tại,Trừng Kệ Tôn Thắng,ex:monk/trung_ke_ton_thang,5
đặt tại,Tâm Khai Nhật Liên,ex:monk/tam_khai_nhat_lien,5
Chúc Thánh,Chơn Nhật Quang Minh,ex:monk/chon_nhat_quang_minh,5
Chúc Thánh,Như Tấn Huệ Minh,ex:monk/nhu_tan_hue_minh,5
Chúc Thánh,Toàn Đĩnh Phổ Đạt,ex:monk/toan_dinh_pho_dat,5
Chúc Thánh,Thiệt Uyên Chí Bảo,ex:monk/thiet_luong,5
Chúc Thánh,Thiệt Lương,ex:monk/thiet_luong,5
ngày càng,Ấn Lan Từ Trí,ex:monk/an_lan_tu_tri,5
ngày càng,Thiệt Địa Pháp Ấn,ex:monk/thiet_dia_phap_an,5
ngày càng,Tánh Thiện An Cư,ex:monk/tanh_thien_an_cu,5
ngày càng,Tâm Giải Tương Ưng,ex:monk/tam_giai_tuong_ung,5
ngày càng,Hạnh Đạo Chủng Hoa,ex:monk/hanh_dao_chung_hoa,5
Vu Lan,Ấn Chiếu Đương Niệm,ex:monk/an_chieu_duong_niem,5
Vu Lan,Chơn Tá Tôn Bảo,ex:monk/chon_ta_ton_bao,5
Vu Lan,Chơn Quyên Hưng Long,ex:monk/chon_quyen_hung_long,5
Vu Lan,Chơn Pháp Phước Trí,ex:monk/chon_phap_phuoc_tri,5
Vu Lan,Như Vinh Giác Chương,ex:monk/nhu_vinh_giac_chuong,5
chùa Thọ,Chơn Sử Khánh Tín,ex:monk/chon_su_khanh_tin,5
chùa Thọ,Như Bình Huyền Tịnh,ex:monk/nhu_binh_huyen_tinh,5
chùa Thọ,Như Hường Thọ Minh,ex:monk/nhu_huong_tho_minh,5
chùa Thọ,Nguyên Phước Thiên Hỷ,ex:monk/nguyen_phuoc_thien_hy,5
chùa Thọ,Nguyên Phước Quang Thể,ex:monk/nguyen_phuoc_quang_the,5
Huệ Lâm,Chơn Miên Trí Hưng,ex:monk/chon_mien_tri_hung,5
Huệ Lâm,Đơn Hà Thiên Nhiên,ex:monk/don_ha_thien_nhien,5
Huệ Lâm,Thanh Ninh Tâm Truyền,ex:monk/thanh_ninh_tam_truyen,5
Huệ Lâm,Đạo Minh Phổ Tịnh,ex:monk/dao_minh_pho_tinh,5
Huệ Lâm,Hải Thuận Lương Duyên,ex:monk/hai_thuan_luong_duyen,5
Phước Long,Chơn Lượng Đương Thái,ex:monk/chon_luong_duong_thai,5
Phước Long,Chơn Hương Đương Đạt,ex:monk/chon_huong_duong_dat,5
Phước Long,Đồng Hóa Giác Định,ex:monk/dong_hoa_giac_dinh,5
Phước Long,Chương Nghĩa Quảng Đàm,ex:monk/chuong_nghia_quang_dam,5
Phước Long,Chương Điền Liễu Minh,ex:monk/chuong_dien_lieu_minh,5
Kim Liên,Chơn Trung Diệu Quang,ex:monk/chon_trung_dieu_quang,5
Kim Liên,Như Chánh Huyền Tấn,ex:monk/nhu_chanh_huyen_tan,5
Kim Liên,Thị An Phước Bình,ex:monk/thi_an_phuoc_binh,5
Kim Liên,Ðồng Ðộ Tịnh Khiết,ex:monk/ong_o_tinh_khiet,5
Kim Liên,Ðồng Chánh Tịnh Giác,ex:monk/ong_chanh_tinh_giac,5
xã Phú,Chơn Pháp Phước Trí,ex:monk/chon_phap_phuoc_tri,5
xã Phú,Chơn Giá Phước Lộc,ex:monk/chon_gia_phuoc_loc,5
xã Phú,Như Đạt Hoằng Thâm,ex:monk/nhu_dat_hoang_tham,5
xã Phú,Hồng Tòng Phổ Quảng,ex:monk/hong_tong_pho_quang,5
xã Phú,Nguyên Định Đức Trì,ex:monk/nguyen_dinh_duc_tri,5
nghĩa trang,Chơn Nhẫn Phước Điền,ex:monk/chon_nhan_phuoc_dien,5
nghĩa trang,Chơn Nhẫn Phước Điền,ex:monk/chon_nhan_phuoc_dien,5
nghĩa trang,Chơn Diễn Phước Hậu,ex:monk/chon_dien_phuoc_hau,5
nghĩa trang,Như Thạnh  Huệ Châu,ex:monk/nhu_thanh_hue_chau,5
nghĩa trang,Như Trí Bảo Trung,ex:monk/nhu_tri_bao_trung,5
đây và,Ngộ Tánh Phước Huệ,ex:monk/ngo_tanh_phuoc_hue,5
đây và,Lâm Tế Nghĩa Huyền,ex:monk/lam_te_nghia_huyen,5
đây và,Bồ Đề Quang Dụng,ex:monk/lam_te_nghia_huyen,5
đây và,Trừng Nguyên Đôn Hậu,ex:monk/trung_nguyen_don_hau,5
đây và,Tiên Đề Chơn Phẩm,ex:monk/tien_de_chon_pham,5
núi Thiên,Ngộ Tánh Phước Huệ,ex:monk/ngo_tanh_phuoc_hue,5
núi Thiên,Trừng Khiết Hưng Nghĩa,ex:monk/trung_khiet_hung_nghia,5
núi Thiên,Tuyết Đậu Ðại Chứng,ex:monk/tuyet_dau_ai_chung,5
núi Thiên,Thiệt Diệu Liễu Quán,ex:monk/thiet_dieu_lieu_quan,5
núi Thiên,Thanh Liêm Tâm Thiền,ex:monk/thanh_liem_tam_thien,5
làng Ái,Ngộ Tánh Phước Huệ,ex:monk/ngo_tanh_phuoc_hue,5
làng Ái,Như Vạn Trí Phước,ex:monk/nhu_van_tri_phuoc,5
làng Ái,Tâm Cảnh Giác Hạnh,ex:monk/tam_canh_giac_hanh,5
làng Ái,Trừng Thủy Giác Nhiên,ex:monk/trung_thuy_giac_nhien,5
làng Ái,Nguyên Chánh Minh Bổn,ex:monk/nguyen_chanh_minh_bon,5
Phan Thiết,Trừng Dàn Bích Không,ex:monk/trung_dan_bich_khong,5
Phan Thiết,Chơn Trừng Đạo Thanh,ex:monk/chon_trung_dao_thanh,5
Phan Thiết,Như Niệm Bảo Toàn,ex:monk/nhu_niem_bao_toan,5
Phan Thiết,Như Phụng Thiện Trì,ex:monk/nhu_phung_thien_tri,5
Phan Thiết,Tâm Ðăng Chơn Như,ex:monk/tam_ang_chon_nhu,5
các Phật,Chơn Thanh Bích Nguyên,ex:monk/chon_thanh_bich_nguyen,5
các Phật,Tâm Như Trí Thủ,ex:monk/tam_nhu_tri_thu,5
các Phật,Nguyên Phước Thiên Hỷ,ex:monk/nguyen_phuoc_thien_hy,5
các Phật,Tâm Tuệ Thanh Trí,ex:monk/tam_tue_thanh_tri,5
các Phật,Tâm Tuệ Thiện Giải,ex:monk/tam_tue_thien_giai,5
xã Ngân,Như Ðiền Huệ Chấn,ex:monk/nhu_dien_hue_chan,5
xã Ngân,Như Ðiền Huệ Chấn,ex:monk/nhu_ien_hue_chan,5
xã Ngân,Như Đường Huệ Quý,ex:monk/nhu_duong_hue_quy,5
xã Ngân,Như Khanh Huệ Tiên,ex:monk/nhu_khanh_hue_tien,5
xã Ngân,Như Trạch Bảo Đảnh,ex:monk/nhu_trach_bao_danh,5
chùa Cổ,Như Ðiền Huệ Chấn,ex:monk/nhu_dien_hue_chan,5
chùa Cổ,Toàn Nhâm Quán Thông,ex:monk/toan_nham_quan_thong,5
chùa Cổ,Ðồng Ðộ Tịnh Khiết,ex:monk/ong_o_tinh_khiet,5
chùa Cổ,Thị Lạc Hưng Từ,ex:monk/thi_lac_hung_tu,5
chùa Cổ,Như Ðiền Huệ Chấn,ex:monk/nhu_ien_hue_chan,5
Liên Tôn,Như Phước Huyền Ý,ex:monk/nhu_phuoc_huyen_y,5
Liên Tôn,Như Ái Hoằng Thâm,ex:monk/nhu_ai_hoang_tham,5
Liên Tôn,Nhựt Bình Trí Tịnh,ex:monk/nhut_binh_tri_tinh,5
Liên Tôn,Tâm Ðăng Chơn Như,ex:monk/tam_ang_chon_nhu,5
Liên Tôn,Thiệt Úy Khánh Vân,ex:monk/thiet_uy_khanh_van,5
chùa Phổ,Như Điển Trí Tâm,ex:monk/nhu_dien_tri_tam,5
chùa Phổ,Tâm Thanh Chơn Nghiêm,ex:monk/tam_thanh_chon_nghiem,5
chùa Phổ,Tâm Thanh Chơn Nghiêm,ex:monk/tam_thanh_chon_nghiem,5
chùa Phổ,Như An Huệ Mãn,ex:monk/nhu_an_hue_man,5
chùa Phổ,Như Khương Thanh Quang,ex:monk/nhu_khuong_thanh_quang,5
Tịnh Độ,Như Tiến Quảng Hưng,ex:monk/nhu_tien_quang_hung,5
Tịnh Độ,Tâm Cảnh Giác Hạnh,ex:monk/tam_canh_giac_hanh,5
Tịnh Độ,Tâm Lượng Từ Mẫn,ex:monk/tam_luong_tu_man,5
Tịnh Độ,Trừng Kệ Tôn Thắng,ex:monk/trung_ke_ton_thang,5
Tịnh Độ,Tâm Niệm Từ Ý,ex:monk/tam_niem_tu_y,5
thôn Bình,Như Tiến Quảng Hưng,ex:monk/nhu_tien_quang_hung,5
thôn Bình,Trừng Ninh Diệu Hương,ex:monk/trung_ninh_dieu_huong,5
thôn Bình,Thành Đẳng Minh Lượng,ex:monk/thanh_dang_minh_luong,5
thôn Bình,Thanh Ninh Tâm Truyền,ex:monk/thanh_ninh_tam_truyen,5
thôn Bình,Tế Hiển Bửu Dương,ex:monk/te_hien_buu_duong,5
Phi Lai,Như Quả Hoàn Tuyên,ex:monk/nhu_qua_hoan_tuyen,5
Phi Lai,Hồng Tòng Phổ Quảng,ex:monk/hong_tong_pho_quang,5
Phi Lai,Như Hiền Chí Thiền,ex:monk/nhu_hien_chi_thien,5
Phi Lai,Hồng Xứng Thiện Quang,ex:monk/hong_xung_thien_quang,5
Phi Lai,Thạch Liêm Đại Sán,ex:monk/thach_liem_dai_san,5
Pháp Hội,Như Quả Hoàn Tuyên,ex:monk/nhu_qua_hoan_tuyen,5
Pháp Hội,Nhựt Bình Trí Tịnh,ex:monk/nhut_binh_tri_tinh,5
Pháp Hội,Tâm Như Trí Thủ,ex:monk/tam_nhu_tri_thu,5
Pháp Hội,Thiên Ân,ex:monk/thien_an,5
Pháp Hội,Thị Lạc Hưng Từ,ex:monk/thi_lac_hung_tu,5
Hội Khánh,Chơn Thanh Từ Văn,ex:monk/chon_thanh_tu_van,5
Hội Khánh,Ấn Long Thiện Quới,ex:monk/an_long_thien_quoi,5
Hội Khánh,Hồng Tòng Phổ Quảng,ex:monk/hong_tong_pho_quang,5
Hội Khánh,Chương Ðắc Trí Tập,ex:monk/chuong_ac_tri_tap,5
Hội Khánh,Toàn Tánh Chánh Ðắc,ex:monk/toan_tanh_chanh_ac,5
Kim Sơn,Trí Thuyên,ex:monk/tri_thuyen,5
Kim Sơn,Như Hiền Chí Thiền,ex:monk/nhu_hien_chi_thien,5
Kim Sơn,Hoàng Lầu Diệu Tấn,ex:monk/hoang_lau_dieu_tan,5
Kim Sơn,Như Thuật Tâm Minh,ex:monk/nhu_thuat_tam_minh,5
Kim Sơn,Thiệt Địa Pháp Ấn,ex:monk/thiet_dia_phap_an,5
An Hòa,Đồng Hảo Thông Hạnh,ex:monk/dong_hao_thong_hanh,5
An Hòa,Thị Hải Hạnh Sơn,ex:monk/thi_hai_hanh_son,5
An Hòa,Thị Hải Hành Sơn,ex:monk/thi_hai_hanh_son,5
An Hòa,Đồng Lý Thông Nguyên,ex:monk/dong_ly_thong_nguyen,5
An Hòa,Thông Chánh Tuệ Thành,ex:monk/thong_chanh_tue_thanh,5
Giác Quang,Đồng Hóa Giác Định,ex:monk/dong_hoa_giac_dinh,5
Giác Quang,Thị Hữu Giác Quang,ex:monk/thi_huu_giac_quang,5
Giác Quang,Thị Sa Phước Huệ,ex:monk/thi_sa_phuoc_hue,5
Giác Quang,Thị Tiết Hạnh Phong,ex:monk/thi_tiet_hanh_phong,5
Giác Quang,Thị Xuất Giác Huệ,ex:monk/thi_xuat_giac_hue,5
trong tỉnh,Ðồng Kỉnh Tín Quả,ex:monk/ong_kinh_tin_qua,5
trong tỉnh,Thiệt Uyên Chí Bảo,ex:monk/thiet_luong,5
trong tỉnh,Thiệt Lương,ex:monk/thiet_luong,5
trong tỉnh,TT Tâm Ý Trường Định,ex:monk/tt_tam_y_truong_dinh,5
trong tỉnh,Tiên Thường Viên Trừng,ex:monk/tien_thuong_vien_trung,5
ngôi chùa,Hồng Tuyên Từ Thông,ex:monk/hong_tuyen_tu_thong,5
ngôi chùa,Nguyên Thiều Thọ Tông,ex:monk/nguyen_thieu_tho_tong,5
ngôi chùa,Thành Đẳng Minh Lượng,ex:monk/thanh_dang_minh_luong,5
ngôi chùa,Phật Ý Linh Nhạc,ex:monk/phat_y_linh_nhac,5
ngôi chùa,Tiệm Nguyên Trọng Hưng,ex:monk/tiem_nguyen_trong_hung,5
thành đệ,Như Hiền Chí Thiền,ex:monk/nhu_hien_chi_thien,5
thành đệ,Minh Hải Pháp Bảo,ex:monk/minh_hai_phap_bao,5
thành đệ,Phật Ý Linh Nhạc,ex:monk/phat_y_linh_nhac,5
thành đệ,Tôn Giả Ca Na Đề Bà,ex:monk/ca_na_de_ba,5
thành đệ,Tôn Giả Ca Na Đề Bà,ex:monk/ca_na_de_ba,5
nào,Tâm Như Trí Thủ,ex:monk/tam_nhu_tri_thu,5
nào,Minh Hải Pháp Bảo,ex:monk/minh_hai_phap_bao,5
nào,Trừng Khiết Như Như,ex:monk/trung_khiet_nhu_nhu,5
nào,Hoa Đình Thuyền Tử Đức Thành,ex:monk/hoa_dinh_thuyen_tu_duc_thanh,5
nào,Thạch Liêm Đại Sán,ex:monk/thach_liem_dai_san,5
chùa nào,Tâm Như Trí Thủ,ex:monk/tam_nhu_tri_thu,5
chùa nào,Minh Hải Pháp Bảo,ex:monk/minh_hai_phap_bao,5
chùa nào,Trừng Khiết Như Như,ex:monk/trung_khiet_nhu_nhu,5
chùa nào,Hoa Đình Thuyền Tử Đức Thành,ex:monk/hoa_dinh_thuyen_tu_duc_thanh,5
chùa nào,Thạch Liêm Đại Sán,ex:monk/thach_liem_dai_san,5
trước mắt,Lâm Tế Nghĩa Huyền,ex:monk/lam_te_nghia_huyen,5
trước mắt,Bồ Đề Quang Dụng,ex:monk/lam_te_nghia_huyen,5
trước mắt,Lạc Phổ Nguyên An,ex:monk/lac_pho_nguyen_an,5
trước mắt,Giáp Sơn Thiện Hội,ex:monk/giap_son_thien_hoi,5
trước mắt,Ích Châu Bắc Viện Thông,ex:monk/ich_chau_bac_vien_thong,5
thiền viện,Lâm Tế Nghĩa Huyền,ex:monk/lam_te_nghia_huyen,5
thiền viện,Bồ Đề Quang Dụng,ex:monk/lam_te_nghia_huyen,5
thiền viện,Thành Đẳng Minh Lượng,ex:monk/thanh_dang_minh_luong,5
thiền viện,Thanh Từ,ex:monk/thanh_tu,5
thiền viện,Minh Hoàng Tử Dung,ex:monk/minh_hoang_tu_dung,5
chân núi,Đơn Hà Thiên Nhiên,ex:monk/don_ha_thien_nhien,5
chân núi,Thiệt Diệu Liễu Quán,ex:monk/thiet_dieu_lieu_quan,5
chân núi,Đạo Thiện Quang Tuấn,ex:monk/dao_thien_quang_tuan,5
chân núi,Thanh Y Giác Huệ,ex:monk/thanh_y_giac_hue,5
chân núi,Bảo Chân,ex:monk/bao_chan,5
thành chùa,Nguyên Thiều Thọ Tông,ex:monk/nguyen_thieu_tho_tong,5
thành chùa,Thiệt Diệu Liễu Quán,ex:monk/thiet_dieu_lieu_quan,5
thành chùa,Toàn Ðịnh Bảo Tạng,ex:monk/toan_dinh_bao_tang,5
thành chùa,Bảo Chân,ex:monk/bao_chan,5
thành chùa,Thạch Liêm Đại Sán,ex:monk/thach_liem_dai_san,5
Báo Tư,Nguyên Thiều Thọ Tông,ex:monk/nguyen_thieu_tho_tong,5
Báo Tư,Minh Hải Pháp Bảo,ex:monk/minh_hai_phap_bao,5
Báo Tư,Phật Tuyết Tường Quang,ex:monk/phat_tuyet_tuong_quang,5
Báo Tư,Phật Tỉnh Từ Nghiêm,ex:monk/phat_tinh_tu_nghiem,5
Báo Tư,Minh Hoàng Tử Dung,ex:monk/minh_hoang_tu_dung,5
tiền đường,Thành Đẳng Minh Lượng,ex:monk/thanh_dang_minh_luong,5
tiền đường,Thiệt Uyên Chí Bảo,ex:monk/thiet_luong,5
tiền đường,Thiệt Lương,ex:monk/thiet_luong,5
tiền đường,Toàn Ðịnh Bảo Tạng,ex:monk/toan_dinh_bao_tang,5
tiền đường,Tiên Thường Viên Trừng,ex:monk/tien_thuong_vien_trung,5
vùng đất,Tổ Đạt Trí Tâm,ex:monk/to_dat_tri_tam,5
vùng đất,Phật Ý Linh Nhạc,ex:monk/phat_y_linh_nhac,5
vùng đất,Bảo Chân,ex:monk/bao_chan,5
vùng đất,Tiên Đề Chơn Phẩm,ex:monk/tien_de_chon_pham,5
vùng đất,Tiên Thường Viên Trừng,ex:monk/tien_thuong_vien_trung,5
vườn chùa,Tổ Ấn Mật Hoằng,ex:monk/to_an_mat_hoang,5
vườn chùa,Tế Ân Lưu Quang,ex:monk/te_an_luu_quang,5
vườn chùa,Tế Nhơn Hữu Bùi,ex:monk/te_nhon_huu_bui,5
vườn chùa,Tế Vĩ Trường Chiếu,ex:monk/te_vi_truong_chieu,5
vườn chùa,Tế Chánh Bổn Giác,ex:monk/te_chanh_bon_giac,5
Việt Châu,Vân Môn Linh Vận,ex:monk/van_mon_linh_van,5
Việt Châu,Thiên Y Pháp Thông,ex:monk/thien_y_phap_thong,5
Việt Châu,Thiên Chương Xu,ex:monk/thien_chuong_xu,5
Việt Châu,Chí Siêu,ex:monk/chi_sieu,5
Việt Châu,Siêu Hóa Tảo,ex:monk/sieu_hoa_tao,5
còn thơ,Đầu Tử Đại Đồng,ex:monk/dau_tu_dai_dong,5
còn thơ,Đầu Tử Đại Đồng,ex:monk/dau_tu_dai_dong,5
còn thơ,Như Trung Phước Hậu,ex:monk/nhu_trung_phuoc_hau,5
còn thơ,Đạo Ngô Viên Trí,ex:monk/dao_ngo_vien_tri,5
còn thơ,Thụy Nham Sư Ngạn,ex:monk/thuy_nham_su_ngan,5
Tùy Châu,Đại Hồng Pháp Vi,ex:monk/dai_hong_phap_vi,5
Tùy Châu,Đại Hồng Khánh Dự,ex:monk/dai_hong_khanh_du,5
Tùy Châu,Đại Hồng Báo Ân,ex:monk/dai_hong_bao_an,5
Tùy Châu,Đại Hồng Thủ Toại,ex:monk/dai_hong_thu_toai,5
Tùy Châu,Đại Hồng Khánh Hiển,ex:monk/dai_hong_khanh_hien,5
Khai Nguyên,Báo Ân Hoài Nhạc,ex:monk/bao_an_hoai_nhac,5
Khai Nguyên,Huyền Sa Sư Bị,ex:monk/huyen_sa_su_bi,5
Khai Nguyên,Trường Khánh Huệ Lăng,ex:monk/truong_khanh_hue_lang,5
Khai Nguyên,Long Sách Đạo Phó,ex:monk/long_sach_dao_pho,5
Khai Nguyên,Thanh Bình Linh Tuân,ex:monk/thanh_binh_linh_tuan,5
phía trước,Tâm Thọ Trí Giải,ex:monk/tam_tho_tri_giai,5
phía trước,Trừng Ba Giác Ngạn,ex:monk/trung_ba_giac_ngan,5
phía trước,Đạo Minh Phổ Tịnh,ex:monk/dao_minh_pho_tinh,5
phía trước,Tánh Chiếu Nhất Niệm,ex:monk/tanh_chieu_nhat_niem,5
phía trước,Đại Thông Chánh Niệm,ex:monk/dai_thong_chanh_niem,5
núi Phụng,Quang Lư Như Như,ex:monk/quang_lu_nhu_nhu,5
núi Phụng,Thủy Nguyệt Thông Giác,ex:monk/thuy_nguyet_thong_giac,5
núi Phụng,Minh Hoàng Tử Dung,ex:monk/minh_hoang_tu_dung,5
núi Phụng,Thiệt Vinh Bửu Hạnh,ex:monk/thiet_vinh_buu_hanh,5
núi Phụng,Tế Cảm Linh Phù,ex:monk/te_cam_linh_phu,5
Đài Châu,Hộ Quốc Thủ Xướng,ex:monk/ho_quoc_thu_xuong,5
Đài Châu,Thiên Phong Tử Quy,ex:monk/thien_phong_tu_quy,5
Đài Châu,Chân Như Ðạo Hội,ex:monk/chan_nhu_ao_hoi,5
Đài Châu,Trí Thông Cảnh Thâm,ex:monk/tri_thong_canh_tham,5
Đài Châu,Bát Nhã Tùng Tấn,ex:monk/bat_nha_tung_tan,5
trong ấy,Đại Huệ Tông Cảo,ex:monk/dai_hue_tong_cao,4
trong ấy,Đầu Tử Đại Đồng,ex:monk/dau_tu_dai_dong,4
trong ấy,Đầu Tử Đại Đồng,ex:monk/dau_tu_dai_dong,4
trong ấy,Thạch Liêm Đại Sán,ex:monk/thach_liem_dai_san,4
trong vùng,Tâm Địa Mật Khế,ex:monk/tam_dia_mat_khe,4
trong vùng,Chơn Bích Trí Huy,ex:monk/chon_bich_tri_huy,4
trong vùng,Như Thông Huyền Ngộ,ex:monk/nhu_thong_huyen_ngo,4
trong vùng,Toàn Ðịnh Bảo Tạng,ex:monk/toan_dinh_bao_tang,4
về cố,Tâm Như Mật Nguyện,ex:monk/tam_nhu_mat_nguyen,4
về cố,Trừng Thông Tịnh Khiết,ex:monk/trung_thong_tinh_khiet,4
về cố,Đầu Tử Đại Đồng,ex:monk/dau_tu_dai_dong,4
về cố,Đầu Tử Đại Đồng,ex:monk/dau_tu_dai_dong,4
các khóa,Tâm Như Mật Nguyện,ex:monk/tam_nhu_mat_nguyen,4
các khóa,Tâm Quang Đàm Minh,ex:monk/tam_quang_dam_minh,4
các khóa,Ðồng Phước Thông Bửu,ex:monk/ong_phuoc_thong_buu,4
các khóa,Nhựt Bình Trí Tịnh,ex:monk/nhut_binh_tri_tinh,4
các giới,Tâm Như Mật Nguyện,ex:monk/tam_nhu_mat_nguyen,4
các giới,Như Truyện Trí Nhãn,ex:monk/nhu_truyen_tri_nhan,4
các giới,Thanh Ninh Tâm Truyền,ex:monk/thanh_ninh_tam_truyen,4
các giới,Tiên Thường Viên Trừng,ex:monk/tien_thuong_vien_trung,4
cố đô,Tâm Như Mật Nguyện,ex:monk/tam_nhu_mat_nguyen,4
cố đô,Trừng Thông Tịnh Khiết,ex:monk/trung_thong_tinh_khiet,4
cố đô,Đồng An Diệu Trí,ex:monk/dong_an_dieu_tri,4
cố đô,Nguyên Phước Quang Thể,ex:monk/nguyen_phuoc_quang_the,4
của Giáo,Tâm Như Mật Nguyện,ex:monk/tam_nhu_mat_nguyen,4
của Giáo,Tâm Thành Chơn Thức,ex:monk/tam_thanh_chon_thuc,4
của Giáo,Như Hương Huyền Tâm,ex:monk/nhu_huong_huyen_tam,4
của Giáo,Tâm Phổ Thiện Lộc,ex:monk/tam_pho_thien_loc,4
ở miền,Trừng Hảo Diệu Không,ex:monk/trung_hao_dieu_khong,4
ở miền,Chơn Luận Phước Huệ,ex:monk/chon_luan_phuoc_hue,4
ở miền,Thành Đẳng Minh Lượng,ex:monk/thanh_dang_minh_luong,4
ở miền,Tỳ Ni Đa Lưu Chi,ex:monk/ty_ni_da_luu_chi,4
Huế để,Trừng Hảo Diệu Không,ex:monk/trung_hao_dieu_khong,4
Huế để,Tâm Nguyện Tiêu Diêu,ex:monk/tam_nguyen_tieu_dieu,4
Huế để,Chơn Luận Phước Huệ,ex:monk/chon_luan_phuoc_hue,4
Huế để,Tâm Khai Nhật Liên,ex:monk/tam_khai_nhat_lien,4
Thạch Môn,Thạch Môn Nguyên Dị,ex:monk/thach_mon_nguyen_di,4
Thạch Môn,Thạch Môn Pháp Chân,ex:monk/thach_mon_phap_chan,4
Thạch Môn,N Hương Sơn Phật Thông,ex:monk/n_huong_son_phat_thong,4
Thạch Môn,Vân Nham Đàm Thạnh,ex:monk/van_nham_dam_thanh,4
Đại Từ,Lộc Môn Pháp Ðăng,ex:monk/loc_mon_phap_ang,4
Đại Từ,Đại Trí Tề Liên,ex:monk/dai_tri_te_lien,4
Đại Từ,Bảo Phong Duy Chiếu,ex:monk/bao_phong_duy_chieu,4
Đại Từ,Chân Yết Thanh Liễu,ex:monk/chan_yet_thanh_lieu,4
Tây Kinh,Thiều Châu Hy Bô,ex:monk/thieu_chau_hy_bo,4
Tây Kinh,Thiện Quyền Pháp Trí,ex:monk/thien_quyen_phap_tri,4
Tây Kinh,Đại Hồng Báo Ân,ex:monk/dai_hong_bao_an,4
Tây Kinh,Hùng Nhĩ Từ,ex:monk/hung_nhi_tu,4
Đan Hà,Đơn Hà Tử Thuần,ex:monk/don_ha_tu_thuan,4
Đan Hà,Hoằng Trí Chánh Giác,ex:monk/hoang_tri_chanh_giac,4
Đan Hà,Chân Yết Thanh Liễu,ex:monk/chan_yet_thanh_lieu,4
Đan Hà,Đan Hà Phổ Nguyệt,ex:monk/dan_ha_pho_nguyet,4
Bảo Phong,Bảo Phong Duy Chiếu,ex:monk/bao_phong_duy_chieu,4
Bảo Phong,Trí Thông Cảnh Thâm,ex:monk/tri_thong_canh_tham,4
Bảo Phong,Hoa Dược Trí Bằng,ex:monk/hoa_duoc_tri_bang,4
Bảo Phong,Thiệt Địa Pháp Ấn,ex:monk/thiet_dia_phap_an,4
Thánh Duyên,Thanh Thái Huệ Minh,ex:monk/thanh_thai_hue_minh,4
Thánh Duyên,Thanh Thái Phước Chỉ,ex:monk/thanh_thai_phuoc_chi,4
Thánh Duyên,Liễu Đạo Chí Tân,ex:monk/lieu_dao_chi_tan,4
Thánh Duyên,Như Tuyết Lưu Đức,ex:monk/nhu_tuyet_luu_duc,4
xã Nghĩa,Đồng Thiện Thiện Ân,ex:monk/dd_dong_thien_thien_an,4
xã Nghĩa,ĐĐ Đồng Thiện Thiện Ân,ex:monk/dd_dong_thien_thien_an,4
xã Nghĩa,Ấn Lãnh Hoằng Thạc,ex:monk/an_lanh_hoang_thac,4
xã Nghĩa,Như Bình Huyền Tịnh,ex:monk/nhu_binh_huyen_tinh,4
Tân Long,Đồng Thiện Thiện Ân,ex:monk/dd_dong_thien_thien_an,4
Tân Long,ĐĐ Đồng Thiện Thiện Ân,ex:monk/dd_dong_thien_thien_an,4
Tân Long,Như Tiến Quảng Hưng,ex:monk/nhu_tien_quang_hung,4
Tân Long,Đại Thông Chánh Niệm,ex:monk/dai_thong_chanh_niem,4
gần chùa,Đồng Nguyện Thiện Nguyện,ex:monk/dong_nguyen_thien_nguyen,4
gần chùa,Như Đồng Đắc Quang,ex:monk/nhu_dong_dac_quang,4
gần chùa,Hồng Tòng Phổ Quảng,ex:monk/hong_tong_pho_quang,4
gần chùa,Nguyên Định Đức Trì,ex:monk/nguyen_dinh_duc_tri,4
xã Bình,Đồng Trí Bảo Huệ,ex:monk/dong_tri_bao_hue,4
xã Bình,Chơn Chứng Thiện Quả,ex:monk/chon_chung_thien_qua,4
xã Bình,Thích Đương Dung,ex:monk/thich_duong_dung,4
xã Bình,Ấn Thiên Huệ Nhãn,ex:monk/an_thien_hue_nhan,4
Phước Long,Chơn Chứng Thiện Quả,ex:monk/chon_chung_thien_qua,4
Phước Long,Chơn Luận Phước Huệ,ex:monk/chon_luan_phuoc_hue,4
Phước Long,Không Tín Kế Châu,ex:monk/khong_tin_ke_chau,4
Phước Long,Như Tiến Quảng Hưng,ex:monk/nhu_tien_quang_hung,4
xã Thanh,Chơn Chứng Thiện Quả,ex:monk/chon_chung_thien_qua,4
xã Thanh,Chơn Cảnh Huệ Duyệt,ex:monk/chon_canh_hue_duyet,4
xã Thanh,Như Thông Tôn Nguyên,ex:monk/nhu_thong_ton_nguyen,4
xã Thanh,Pháp Chuyên Diệu Nghiêm,ex:monk/phap_chuyen_dieu_nghiem,4
về trú,Trừng Thông Tịnh Khiết,ex:monk/trung_thong_tinh_khiet,4
về trú,Minh Giác Kỳ Phương,ex:monk/minh_giac_ky_phuong,4
về trú,Tâm Khai Nhật Liên,ex:monk/tam_khai_nhat_lien,4
về trú,Toàn Ðịnh Bảo Tạng,ex:monk/toan_dinh_bao_tang,4
vào Nam,Trừng Thông Tịnh Khiết,ex:monk/trung_thong_tinh_khiet,4
vào Nam,Như Phước Huyền Ý,ex:monk/nhu_phuoc_huyen_y,4
vào Nam,Ðồng Phước Thông Bửu,ex:monk/ong_phuoc_thong_buu,4
vào Nam,Nguyên Trí Châu Toàn,ex:monk/nguyen_tri_chau_toan,4
khắp mọi,Tâm Nguyện Tiêu Diêu,ex:monk/tam_nguyen_tieu_dieu,4
khắp mọi,Trừng Dàn Bích Không,ex:monk/trung_dan_bich_khong,4
khắp mọi,Nguyên Ý Phước Châu,ex:monk/nguyen_y_phuoc_chau,4
khắp mọi,Tâm Ðăng Chơn Như,ex:monk/tam_ang_chon_nhu,4
Từ Nghiêm,Tâm Quang Đàm Minh,ex:monk/tam_quang_dam_minh,4
Từ Nghiêm,Nguyên Trí Châu Toàn,ex:monk/nguyen_tri_chau_toan,4
Từ Nghiêm,Tâm Hồng Từ Hương,ex:monk/tam_hong_tu_huong,4
Từ Nghiêm,Hạnh Đạo Chủng Hoa,ex:monk/hanh_dao_chung_hoa,4
Diệu Đức,Tâm Quang Đàm Minh,ex:monk/tam_quang_dam_minh,4
Diệu Đức,Như Hường Thọ Minh,ex:monk/nhu_huong_tho_minh,4
Diệu Đức,Trừng Ninh Diệu Hương,ex:monk/trung_ninh_dieu_huong,4
Diệu Đức,Tâm Nguyệt Thể Yến,ex:monk/tam_nguyet_the_yen,4
xã Điện,Như Quang Trí Minh,ex:monk/nhu_quang_tri_minh,4
xã Điện,Chơn Cảnh Huệ Duyệt,ex:monk/chon_canh_hue_duyet,4
xã Điện,Ấn Nhật Hoằng Tín,ex:monk/an_nhat_hoang_tin,4
xã Điện,Tâm Đương Nhất Tâm,ex:monk/tam_duong_nhat_tam,4
Dược Sư,Như Quang Trí Minh,ex:monk/nhu_quang_tri_minh,4
Dược Sư,Như Quả Hoàn Tuyên,ex:monk/nhu_qua_hoan_tuyen,4
Dược Sư,Nhựt Bình Trí Tịnh,ex:monk/nhut_binh_tri_tinh,4
Dược Sư,TT Ðồng Viên Viên Ðức,ex:monk/tt_ong_vien_vien_uc,4
làng Cẩm,Như Nhàn Trí Giác,ex:monk/nhu_nhan_tri_giac,4
làng Cẩm,Như Tiến Quảng Hưng,ex:monk/nhu_tien_quang_hung,4
làng Cẩm,Như Niệm Bảo Toàn,ex:monk/nhu_niem_bao_toan,4
làng Cẩm,Chương Đồ Phổ Quảng,ex:monk/chuong_do_pho_quang,4
Sư nữ,Như Nhàn Trí Giác,ex:monk/nhu_nhan_tri_giac,4
Sư nữ,Đồng An Diệu Trí,ex:monk/dong_an_dieu_tri,4
Sư nữ,Tâm Niệm Từ Ý,ex:monk/tam_niem_tu_y,4
Sư nữ,Tâm Hồng Từ Hương,ex:monk/tam_hong_tu_huong,4
chùa Văn,Như Nhàn Trí Giác,ex:monk/nhu_nhan_tri_giac,4
chùa Văn,Chơn Trừng Đạo Thanh,ex:monk/chon_trung_dao_thanh,4
chùa Văn,Như Ðiền Huệ Chấn,ex:monk/nhu_dien_hue_chan,4
chùa Văn,Như Ðiền Huệ Chấn,ex:monk/nhu_ien_hue_chan,4
quê hương,Như Nhàn Trí Giác,ex:monk/nhu_nhan_tri_giac,4
quê hương,Chơn Giác Long Hải,ex:monk/chon_giac_long_hai,4
quê hương,Tâm Thanh Chơn Nghiêm,ex:monk/tam_thanh_chon_nghiem,4
quê hương,Hạnh Đạo Chủng Hoa,ex:monk/hanh_dao_chung_hoa,4
thôn Phước,Chơn Cảnh Trí Thắng,ex:monk/chon_canh_tri_thang,4
thôn Phước,Ấn Tham Hoằng Phúc,ex:monk/an_tham_hoang_phuc,4
thôn Phước,Ấn Kim Hoằng Tịnh,ex:monk/an_kim_hoang_tinh,4
thôn Phước,Chương Chí Thiên Phước,ex:monk/chuong_chi_thien_phuoc,4
phía nam,Chơn Cảnh Trí Thắng,ex:monk/chon_canh_tri_thang,4
phía nam,Thiên Ân,ex:monk/thien_an,4
phía nam,Thiệt Diệu Liễu Quán,ex:monk/thiet_dieu_lieu_quan,4
phía nam,Phật Tuyết Tường Quang,ex:monk/phat_tuyet_tuong_quang,4
Phan Rang,Chơn Cảnh Trí Thắng,ex:monk/chon_canh_tri_thang,4
Phan Rang,Như Hiền Chí Thiền,ex:monk/nhu_hien_chi_thien,4
Phan Rang,Tâm Hồng Từ Hương,ex:monk/tam_hong_tu_huong,4
Phan Rang,Thị Chí Phước Hộ,ex:monk/thi_chi_phuoc_ho,4
lại Phú,Ấn Bính Phổ Bảo,ex:monk/an_binh_pho_bao,4
lại Phú,Minh Hải Pháp Bảo,ex:monk/minh_hai_phap_bao,4
lại Phú,Thiệt Diệu Liễu Quán,ex:monk/thiet_dieu_lieu_quan,4
lại Phú,Thạch Liêm Đại Sán,ex:monk/thach_liem_dai_san,4
Văn Thánh,Chơn Trừng Hưng Duyên,ex:monk/chon_trung_hung_duyen,4
Văn Thánh,Chơn Huệ Phổ Trí,ex:monk/chon_hue_pho_tri,4
Văn Thánh,Chơn Huệ Phổ Trí,ex:monk/chon_hue_pho_tri,4
Văn Thánh,Chơn Lâm Phổ Truyền,ex:monk/chon_lam_pho_truyen,4
Sùng Đức,Chơn Tấn Quý An,ex:monk/chon_tan_quy_an,4
Sùng Đức,Chơn Tâm Viên Minh,ex:monk/chon_tam_vien_minh,4
Sùng Đức,Như Khuông Giác Sơn,ex:monk/nhu_khuong_giac_son,4
Sùng Đức,Như Nhã Giác Ý,ex:monk/nhu_nha_giac_y,4
thờ Phật,Ấn Lan Từ Trí,ex:monk/an_lan_tu_tri,4
thờ Phật,Tỳ Ni Đa Lưu Chi,ex:monk/ty_ni_da_luu_chi,4
thờ Phật,Thạch Liêm Đại Sán,ex:monk/thach_liem_dai_san,4
thờ Phật,Tôn Giả Phật Đà Nan Đề,ex:monk/phat_da_nan_de,4
Báo Quốc,Chơn Kiết Phổ Hóa,ex:monk/chon_kiet_pho_hoa,4
Báo Quốc,Chơn Chuyên Long Tường,ex:monk/chon_chuyen_long_tuong,4
Báo Quốc,Như Minh Tánh Tịnh,ex:monk/nhu_minh_tanh_tinh,4
Báo Quốc,Đồng Lý Thông Nguyên,ex:monk/dong_ly_thong_nguyen,4
thôn Long,Ấn Thanh Chí Thành,ex:monk/an_thanh_chi_thanh,4
thôn Long,Chương Tín Hoằng Ân,ex:monk/chuong_tin_hoang_an,4
thôn Long,Chương Tín Hoằng Ân,ex:monk/chuong_tin_hoang_an,4
thôn Long,Tiên Thường Viên Trừng,ex:monk/tien_thuong_vien_trung,4
chùa Châu,Chơn Kim Pháp Lâm,ex:monk/chon_kim_phap_lam,4
chùa Châu,Như Thừa Hoằng Nguyện,ex:monk/nhu_thua_hoang_nguyen,4
chùa Châu,Nguyên Giác Quang Phú,ex:monk/nguyen_giac_quang_phu,4
chùa Châu,Nguyên Phước Thiên Hỷ,ex:monk/nguyen_phuoc_thien_hy,4
xã Bích,Ấn Chánh Tổ Nghị,ex:monk/an_chanh_to_nghi,4
xã Bích,Ấn Trí Minh Giác,ex:monk/an_tri_minh_giac,4
xã Bích,Như Hiến Huệ Hựu,ex:monk/nhu_hien_hue_huu,4
xã Bích,Như Mậu Huệ Phương,ex:monk/nhu_mau_hue_phuong,4
làng Sung,Chương Khước Giác Tánh,ex:monk/chuong_khuoc_giac_tanh,4
làng Sung,Chương Nhẫn Từ Nhân,ex:monk/chuong_nhan_tu_nhan,4
làng Sung,Chơn Trung Diệu Quang,ex:monk/chon_trung_dieu_quang,4
làng Sung,Như Thông Huyền Ấn,ex:monk/nhu_thong_huyen_an,4
Quang Lộc,Ấn Tham Hoằng Phúc,ex:monk/an_tham_hoang_phuc,4
Quang Lộc,Chơn Trung Diệu Quang,ex:monk/chon_trung_dieu_quang,4
Quang Lộc,Chơn Quý Khánh Anh,ex:monk/chon_quy_khanh_anh,4
Quang Lộc,Như Thông Huyền Ấn,ex:monk/nhu_thong_huyen_an,4
Khánh Long,Ấn Kim Hoằng Tịnh,ex:monk/an_kim_hoang_tinh,4
Khánh Long,Thanh Tràng Như Tịnh,ex:monk/thanh_trang_nhu_tinh,4
Khánh Long,Trừng San Hải Tuệ,ex:monk/trung_san_hai_tue,4
Khánh Long,Pháp Chuyên Diệu Nghiêm,ex:monk/phap_chuyen_dieu_nghiem,4
quận,Chơn Đạt Thiện Ân,ex:monk/chon_dat_thien_an,4
quận,Như Lễ Huyền Dung,ex:monk/nhu_le_huyen_dung,4
quận,Nguyên Minh Phước Thành,ex:monk/nguyen_minh_phuoc_thanh,4
quận,Ðồng Chánh Tịnh Giác,ex:monk/ong_chanh_tinh_giac,4
Quan Âm,Chơn Trung Minh Ðức,ex:monk/chon_trung_minh_uc,4
Quan Âm,Không Hoa Huệ Chiếu,ex:monk/khong_hoa_hue_chieu,4
Quan Âm,Như Phụng Thiện Trì,ex:monk/nhu_phung_thien_tri,4
Quan Âm,Thị Xuất  Huệ Quý,ex:monk/thi_xuat_hue_quy,4
Từ Lâm,Chơn Miên Trí Hưng,ex:monk/chon_mien_tri_hung,4
Từ Lâm,Chơn Bích Trí Huy,ex:monk/chon_bich_tri_huy,4
Từ Lâm,Như Truyện Trí Nhãn,ex:monk/nhu_truyen_tri_nhan,4
Từ Lâm,Tế Nhơn Hữu Bùi,ex:monk/te_nhon_huu_bui,4
tu hành,Chơn Cảnh Huệ Duyệt,ex:monk/chon_canh_hue_duyet,4
tu hành,Thiệt Diệu Liễu Quán,ex:monk/thiet_dieu_lieu_quan,4
tu hành,Tánh Thiện An Cư,ex:monk/tanh_thien_an_cu,4
tu hành,Tiên Thường Viên Trừng,ex:monk/tien_thuong_vien_trung,4
xã Duy,Chơn Cảnh Huệ Duyệt,ex:monk/chon_canh_hue_duyet,4
xã Duy,Như Khoa Thiện Chánh,ex:monk/nhu_khoa_thien_chanh,4
xã Duy,Hưng Thạnh,ex:monk/hung_thanh,4
xã Duy,TT Tâm Ý Trường Định,ex:monk/tt_tam_y_truong_dinh,4
Duy Xuyên,Chơn Cảnh Huệ Duyệt,ex:monk/chon_canh_hue_duyet,4
Duy Xuyên,Chơn Nhẫn Phước Điền,ex:monk/chon_nhan_phuoc_dien,4
Duy Xuyên,Chơn Nhẫn Phước Điền,ex:monk/chon_nhan_phuoc_dien,4
Duy Xuyên,Như Tiến Quảng Hưng,ex:monk/nhu_tien_quang_hung,4
Nghĩa Trũng,Chơn Lăng Đương Khánh,ex:monk/chon_lang_duong_khanh,4
Nghĩa Trũng,Thích Đương Dung,ex:monk/chon_bang_hue_lien,4
Nghĩa Trũng,Chơn Bàng Huệ Liên,ex:monk/chon_bang_hue_lien,4
Nghĩa Trũng,Như Xuân Vạn Thọ,ex:monk/nhu_xuan_van_tho,4
Giác Hải,Thích Đương Dung,ex:monk/thich_duong_dung,4
Giác Hải,Ðồng Phước Thông Bửu,ex:monk/ong_phuoc_thong_buu,4
Giác Hải,Hồng Tòng Phổ Quảng,ex:monk/hong_tong_pho_quang,4
Giác Hải,Tâm Trí Viên Giác,ex:monk/tam_tri_vien_giac,4
xuống như,Chương Lý Trí Quang,ex:monk/chuong_ly_tri_quang,4
xuống như,Chương Lý Trí Quang,ex:monk/chuong_ly_tri_quang,4
xuống như,Đồng Chơn Long Hưng,ex:monk/dong_chon_long_hung,4
xuống như,Như Lâm Minh Trí,ex:monk/nhu_lam_minh_tri,4
làng Mân,Chơn Quý Phước Long,ex:monk/chon_quy_phuoc_long,4
làng Mân,Chơn Quý Phước Long,ex:monk/chon_quy_phuoc_long,4
làng Mân,Như Niệm Bảo Toàn,ex:monk/nhu_niem_bao_toan,4
làng Mân,Thị Ngộ Mỹ Quang,ex:monk/thi_ngo_my_quang,4
Bình Quang,Trừng Dàn Bích Không,ex:monk/trung_dan_bich_khong,4
Bình Quang,Trừng Kệ Tôn Thắng,ex:monk/trung_ke_ton_thang,4
Bình Quang,Tâm Hồng Từ Hương,ex:monk/tam_hong_tu_huong,4
Bình Quang,Tâm Ðăng Chơn Như,ex:monk/tam_ang_chon_nhu,4
trong chùa,Trừng Dàn Bích Không,ex:monk/trung_dan_bich_khong,4
trong chùa,Trừng Khiết Như Như,ex:monk/trung_khiet_nhu_nhu,4
trong chùa,Tánh Chiếu Nhất Niệm,ex:monk/tanh_chieu_nhat_niem,4
trong chùa,Tánh Thông Giác Ngộ,ex:monk/tanh_thong_giac_ngo,4
Lào,Chơn Thanh Bích Nguyên,ex:monk/chon_thanh_bich_nguyen,4
Lào,Tâm Như Trí Thủ,ex:monk/tam_nhu_tri_thu,4
Lào,Trừng Nguyên Đôn Hậu,ex:monk/trung_nguyen_don_hau,4
Lào,Tâm Khai Nhật Liên,ex:monk/tam_khai_nhat_lien,4
trường Bồ,Chơn An Chánh Liêm,ex:monk/chon_an_chanh_liem,4
trường Bồ,TT Nguyên Minh Minh Đức,ex:monk/tt_nguyen_minh_minh_duc,4
trường Bồ,Tâm Nguyệt Thể Yến,ex:monk/tam_nguyet_the_yen,4
trường Bồ,Thị Khai Ðỗng Minh,ex:monk/thi_khai_ong_minh,4
về chốn,Chơn An Chánh Liêm,ex:monk/chon_an_chanh_liem,4
về chốn,Hồng Tuyên Từ Thông,ex:monk/hong_tuyen_tu_thong,4
về chốn,Hoàng Lầu Diệu Tấn,ex:monk/hoang_lau_dieu_tan,4
về chốn,Tâm Trung Chánh Trực,ex:monk/tam_trung_chanh_truc,4
thị xã,Chơn An Chánh Liêm,ex:monk/chon_an_chanh_liem,4
thị xã,Ðồng Chơn Thông Niệm,ex:monk/ong_chon_thong_niem,4
thị xã,Tâm Lượng Từ Mẫn,ex:monk/tam_luong_tu_man,4
thị xã,Trừng Kệ Tôn Thắng,ex:monk/trung_ke_ton_thang,4
miền nam,Như Ðiền Huệ Chấn,ex:monk/nhu_dien_hue_chan,4
miền nam,Tôn Giả Ca Na Đề Bà,ex:monk/ca_na_de_ba,4
miền nam,Tôn Giả Ca Na Đề Bà,ex:monk/ca_na_de_ba,4
miền nam,Như Ðiền Huệ Chấn,ex:monk/nhu_ien_hue_chan,4
nên một,Như Phước Huyền Ý,ex:monk/nhu_phuoc_huyen_y,4
nên một,Tâm Thanh Chơn Nghiêm,ex:monk/tam_thanh_chon_nghiem,4
nên một,Tâm Trí Viên Giác,ex:monk/tam_tri_vien_giac,4
nên một,Thạch Liêm Đại Sán,ex:monk/thach_liem_dai_san,4
chùa Quảng,Như Ðăng Trí Ðộ,ex:monk/nhu_ang_tri_o,4
chùa Quảng,Phật Tỉnh Từ Nghiêm,ex:monk/phat_tinh_tu_nghiem,4
chùa Quảng,Từ Sơn Hành Nhất,ex:monk/tu_son_hanh_nhat,4
chùa Quảng,Thiệt Vinh Bửu Hạnh,ex:monk/thiet_vinh_buu_hanh,4
Thanh Hóa,Như Ðăng Trí Ðộ,ex:monk/nhu_ang_tri_o,4
Thanh Hóa,Trừng Huệ Giác Viên,ex:monk/trung_hue_giac_vien,4
Thanh Hóa,Trừng Liên Quang Diệp,ex:monk/trung_lien_quang_diep,4
Thanh Hóa,Tâm Lễ Chánh Kiến,ex:monk/tam_le_chanh_kien,4
Kinh đô,Không Hoa Huệ Chiếu,ex:monk/khong_hoa_hue_chieu,4
Kinh đô,Chân Yết Thanh Liễu,ex:monk/chan_yet_thanh_lieu,4
Kinh đô,Tánh Thông Giác Ngộ,ex:monk/tanh_thong_giac_ngo,4
Kinh đô,Thạch Liêm Đại Sán,ex:monk/thach_liem_dai_san,4
làng Thanh,Như Thông Tôn Nguyên,ex:monk/nhu_thong_ton_nguyen,4
làng Thanh,Thủy Nguyệt Thông Giác,ex:monk/thuy_nguyet_thong_giac,4
làng Thanh,Trừng Thành Hướng Đạo,ex:monk/trung_thanh_huong_dao,4
làng Thanh,Trừng Tuệ Chí Mậu,ex:monk/trung_tue_chi_mau,4
chùa Quang,Chơn Quý Khánh Anh,ex:monk/chon_quy_khanh_anh,4
chùa Quang,Như Thông Huyền Ngộ,ex:monk/nhu_thong_huyen_ngo,4
chùa Quang,Đạo Tràng Như Nột,ex:monk/dao_trang_nhu_not,4
chùa Quang,Toàn Ðịnh Bảo Tạng,ex:monk/toan_dinh_bao_tang,4
Phổ Quang,Như Mậu Trường Xuân,ex:monk/nhu_mau_truong_xuan,4
Phổ Quang,Chương Đồ Phổ Quảng,ex:monk/chuong_do_pho_quang,4
Phổ Quang,Thị Quang Đạt Ngộ,ex:monk/thi_quang_dat_ngo,4
Phổ Quang,Chương Khoáng Chứng Đạo,ex:monk/chuong_khoang_chung_dao,4
cương vị,Chơn Thanh Từ Văn,ex:monk/chon_thanh_tu_van,4
cương vị,Nguyên Thuận Đức Tánh,ex:monk/nguyen_thuan_duc_tanh,4
cương vị,Tâm Tuệ Thiện Giải,ex:monk/tam_tue_thien_giai,4
cương vị,Kiến Châu Bạch Vân Ước,ex:monk/kien_chau_bach_van_uoc,4
Giác Viên,Chơn Thanh Từ Văn,ex:monk/chon_thanh_tu_van,4
Giác Viên,Như Hiền Chí Thiền,ex:monk/nhu_hien_chi_thien,4
Giác Viên,Tiên Giác Hải Tịnh,ex:monk/tien_giac_hai_tinh,4
Giác Viên,Minh Vi Mật Hạnh,ex:monk/minh_vi_mat_hanh,4
Bình Dương,Ấn Long Thiện Quới,ex:monk/an_long_thien_quoi,4
Bình Dương,Hoa Nghiêm Hưu Tĩnh,ex:monk/hoa_nghiem_huu_tinh,4
Bình Dương,Toàn Tánh Chánh Ðắc,ex:monk/toan_tanh_chanh_ac,4
Bình Dương,Tiên Đề Chơn Phẩm,ex:monk/tien_de_chon_pham,4
chùa Bát,Ðồng Chơn Thông Niệm,ex:monk/ong_chon_thong_niem,4
chùa Bát,Hải Chánh Bảo Thanh,ex:monk/hai_chanh_bao_thanh,4
chùa Bát,Tánh Thông Giác Ngộ,ex:monk/tanh_thong_giac_ngo,4
chùa Bát,Bảo Chân,ex:monk/bao_chan,4
An Lạc,Thị Hải Hạnh Sơn,ex:monk/thi_hai_hanh_son,4
An Lạc,Thị Hải Hành Sơn,ex:monk/thi_hai_hanh_son,4
An Lạc,Đồng Lý Thông Nguyên,ex:monk/dong_ly_thong_nguyen,4
An Lạc,Đồng Nghĩa Thông Hạnh,ex:monk/dong_nghia_thong_hanh,4
tỉnh hội,Thị Hữu Giác Quang,ex:monk/thi_huu_giac_quang,4
tỉnh hội,Thị Sa Phước Huệ,ex:monk/thi_sa_phuoc_hue,4
tỉnh hội,Thị Mẫn Quang Phúc,ex:monk/thi_man_quang_phuc,4
tỉnh hội,Thị Thiện Đoan Nghiêm,ex:monk/thi_thien_doan_nghiem,4
Phật Ân,Đồng Nghĩa Thông Hạnh,ex:monk/dong_nghia_thong_hanh,4
Phật Ân,Thị Trực Bửu Nghĩa,ex:monk/thi_truc_buu_nghia,4
Phật Ân,Thị Tiết Hạnh Phong,ex:monk/thi_tiet_hanh_phong,4
Phật Ân,Thị Thiện Đoan Nghiêm,ex:monk/thi_thien_doan_nghiem,4
Hương Tích,Ðồng Phước Thông Bửu,ex:monk/ong_phuoc_thong_buu,4
Hương Tích,Thành Đẳng Minh Lượng,ex:monk/thanh_dang_minh_luong,4
Hương Tích,Thạch Liêm Đại Sán,ex:monk/thach_liem_dai_san,4
Hương Tích,TT Ðồng Viên Viên Ðức,ex:monk/tt_ong_vien_vien_uc,4
đã bị,Hồng Tuyên Từ Thông,ex:monk/hong_tuyen_tu_thong,4
đã bị,Tỳ Ni Đa Lưu Chi,ex:monk/ty_ni_da_luu_chi,4
đã bị,Phật Tuyết Tường Quang,ex:monk/phat_tuyet_tuong_quang,4
đã bị,Thạch Liêm Đại Sán,ex:monk/thach_liem_dai_san,4
quan trọng,Hồng Tòng Phổ Quảng,ex:monk/hong_tong_pho_quang,4
quan trọng,Minh Hải Pháp Bảo,ex:monk/minh_hai_phap_bao,4
quan trọng,Tổ Đạt Trí Tâm,ex:monk/to_dat_tri_tam,4
quan trọng,Minh Vi Mật Hạnh,ex:monk/minh_vi_mat_hanh,4
Ni trường,Hoàng Lầu Diệu Tấn,ex:monk/hoang_lau_dieu_tan,4
Ni trường,Tâm Niệm Từ Ý,ex:monk/tam_niem_tu_y,4
Ni trường,Tâm Ðăng Chơn Như,ex:monk/tam_ang_chon_nhu,4
Ni trường,Hạnh Đạo Chủng Hoa,ex:monk/hanh_dao_chung_hoa,4
Thủ đô,Nguyên Định Đức Trì,ex:monk/nguyen_dinh_duc_tri,4
Thủ đô,Nguyên Minh Phước Thành,ex:monk/nguyen_minh_phuoc_thanh,4
Thủ đô,Nguyên Nguyện Tâm Hướng,ex:monk/nguyen_nguyen_tam_huong,4
Thủ đô,Tâm Trung Chánh Trực,ex:monk/tam_trung_chanh_truc,4
làng Bích,Nguyên Giác Quang Phú,ex:monk/nguyen_giac_quang_phu,4
làng Bích,Tâm Thị Thiện Minh,ex:monk/tam_thi_thien_minh,4
làng Bích,Tâm Hòa Thiên Thái,ex:monk/tam_hoa_thien_thai,4
làng Bích,Như Nghi Giác Tường,ex:monk/nhu_nghi_giac_tuong,4
Kim Đài,Nguyên Không Từ Phương,ex:monk/nguyen_khong_tu_phuong,4
Kim Đài,Tâm Thọ Thiện Hỷ,ex:monk/tam_tho_thien_hy,4
Kim Đài,Thanh Ninh Tâm Tịnh,ex:monk/thanh_ninh_tam_tinh,4
Kim Đài,Trừng Ba Giác Ngạn,ex:monk/trung_ba_giac_ngan,4
để thờ,Tâm Thọ Thiện Hỷ,ex:monk/tam_tho_thien_hy,4
để thờ,Liễu Kiến Từ Hòa,ex:monk/lieu_kien_tu_hoa,4
để thờ,Đại Thông Chánh Niệm,ex:monk/dai_thong_chanh_niem,4
để thờ,Tiên Thường Viên Trừng,ex:monk/tien_thuong_vien_trung,4
trong Nam,Nguyên Nguyện Tâm Hướng,ex:monk/nguyen_nguyen_tam_huong,4
trong Nam,Nguyên Thiều Thọ Tông,ex:monk/nguyen_thieu_tho_tong,4
trong Nam,Tổ Ấn Mật Hoằng,ex:monk/to_an_mat_hoang,4
trong Nam,Tế Chánh Bổn Giác,ex:monk/te_chanh_bon_giac,4
về thế,Nguyên Phước Quang Thể,ex:monk/nguyen_phuoc_quang_the,4
về thế,Tâm Phật Thiện Siêu,ex:monk/tam_phat_thien_sieu,4
về thế,Toàn Đức Hoằng Tông,ex:monk/toan_duc_hoang_tong,4
về thế,Phật Ý Linh Nhạc,ex:monk/phat_y_linh_nhac,4
chùa Ba,Nguyên Tuyết Như Ý,ex:monk/nguyen_tuyet_nhu_y,4
chùa Ba,Minh Hải Pháp Bảo,ex:monk/minh_hai_phap_bao,4
chùa Ba,Tâm Phổ Trí Uyên,ex:monk/tam_pho_tri_uyen,4
chùa Ba,Phật Tỉnh Từ Nghiêm,ex:monk/phat_tinh_tu_nghiem,4
Trung Hoa,Lâm Tế Nghĩa Huyền,ex:monk/lam_te_nghia_huyen,4
Trung Hoa,Bồ Đề Quang Dụng,ex:monk/lam_te_nghia_huyen,4
Trung Hoa,Minh Hải Pháp Bảo,ex:monk/minh_hai_phap_bao,4
Trung Hoa,Quả Hoằng Hưng Liên,ex:monk/qua_hoang_hung_lien,4
Thiền uyển,Lâm Tế Nghĩa Huyền,ex:monk/lam_te_nghia_huyen,4
Thiền uyển,Bồ Đề Quang Dụng,ex:monk/lam_te_nghia_huyen,4
Thiền uyển,Nam Tế Tăng Nhất,ex:monk/nam_te_tang_nhat,4
Thiền uyển,Long Sách Đạo Phó,ex:monk/long_sach_dao_pho,4
trong hội,Lâm Tế Nghĩa Huyền,ex:monk/lam_te_nghia_huyen,4
trong hội,Bồ Đề Quang Dụng,ex:monk/lam_te_nghia_huyen,4
trong hội,Ích Châu Bắc Viện Thông,ex:monk/ich_chau_bac_vien_thong,4
trong hội,Thạch Liêm Đại Sán,ex:monk/thach_liem_dai_san,4
miệng hỏi,Lâm Tế Nghĩa Huyền,ex:monk/lam_te_nghia_huyen,4
miệng hỏi,Bồ Đề Quang Dụng,ex:monk/lam_te_nghia_huyen,4
miệng hỏi,Đức Sơn Tuyên Giám,ex:monk/duc_son_tuyen_giam,4
miệng hỏi,La Sơn Đạo Nhàn,ex:monk/la_son_dao_nhan,4
bên kia,Lâm Tế Nghĩa Huyền,ex:monk/lam_te_nghia_huyen,4
bên kia,Bồ Đề Quang Dụng,ex:monk/lam_te_nghia_huyen,4
bên kia,Tỳ Ni Đa Lưu Chi,ex:monk/ty_ni_da_luu_chi,4
bên kia,Thạch Liêm Đại Sán,ex:monk/thach_liem_dai_san,4
về phương,Lâm Tế Nghĩa Huyền,ex:monk/lam_te_nghia_huyen,4
về phương,Bồ Đề Quang Dụng,ex:monk/lam_te_nghia_huyen,4
về phương,Đầu Tử Nghĩa Thanh,ex:monk/dau_tu_nghia_thanh,4
về phương,N Hương Sơn Phật Thông,ex:monk/n_huong_son_phat_thong,4
núi Vân,Vân Cư Đạo Ưng,ex:monk/van_cu_dao_ung,4
núi Vân,Vân Môn Linh Vận,ex:monk/van_mon_linh_van,4
núi Vân,Vân Môn Văn Yển,ex:monk/van_mon_van_yen,4
núi Vân,Vân Đài Linh Sầm,ex:monk/van_dai_linh_sam,4
đỉnh núi,Thanh Thái Phước Chỉ,ex:monk/thanh_thai_phuoc_chi,4
đỉnh núi,Động Sơn Lương Giới,ex:monk/dong_son_luong_gioi,4
đỉnh núi,Động Sơn Hiểu Thông,ex:monk/dong_son_hieu_thong,4
đỉnh núi,Nam An Nham Tự Nghiêm,ex:monk/nam_an_nham_tu_nghiem,4
về Trung,Nguyên Thiều Thọ Tông,ex:monk/nguyen_thieu_tho_tong,4
về Trung,Minh Hải Pháp Bảo,ex:monk/minh_hai_phap_bao,4
về Trung,Hưng Triệt,ex:monk/hung_triet,4
về Trung,Thạch Liêm Đại Sán,ex:monk/thach_liem_dai_san,4
Kim Cang,Nguyên Thiều Thọ Tông,ex:monk/nguyen_thieu_tho_tong,4
Kim Cang,Minh Vật Nhứt Tri,ex:monk/minh_vat_nhut_tri,4
Kim Cang,Đại Bửu Kim Cang,ex:monk/dai_buu_kim_cang,4
Kim Cang,Thiệt Thành Liễu Đạt,ex:monk/thiet_thanh_lieu_dat,4
Ấn Tôn,Nguyên Thiều Thọ Tông,ex:monk/nguyen_thieu_tho_tong,4
Ấn Tôn,Thiệt Diệu Liễu Quán,ex:monk/thiet_dieu_lieu_quan,4
Ấn Tôn,Minh Hoàng Tử Dung,ex:monk/minh_hoang_tu_dung,4
Ấn Tôn,Thiệt Vinh Bửu Hạnh,ex:monk/thiet_vinh_buu_hanh,4
hai chùa,Minh Hải Pháp Bảo,ex:monk/minh_hai_phap_bao,4
hai chùa,Phật Tỉnh Từ Nghiêm,ex:monk/phat_tinh_tu_nghiem,4
hai chùa,Tiên Giác Hải Tịnh,ex:monk/tien_giac_hai_tinh,4
hai chùa,Từ Sơn Hành Nhất,ex:monk/tu_son_hanh_nhat,4
sao không,Thạch Sương Khánh Chư,ex:monk/thach_suong_khanh_chu,4
sao không,Tuyết Phong Nghĩa Tồn,ex:monk/tuyet_phong_nghia_ton,4
sao không,Động Sơn Lương Giới,ex:monk/dong_son_luong_gioi,4
sao không,Tào Sơn Bổn Tịch,ex:monk/tao_son_bon_tich,4
góc Tây,Thạch Sương Khánh Chư,ex:monk/thach_suong_khanh_chu,4
góc Tây,Tuyết Đậu Tự Tông,ex:monk/tuyet_dau_tu_tong,4
góc Tây,Lạc Phổ Nguyên An,ex:monk/lac_pho_nguyen_an,4
góc Tây,Trừng Ba Giác Ngạn,ex:monk/trung_ba_giac_ngan,4
Chân Châu,Trường Lô Lâm,ex:monk/truong_lo_lam,4
Chân Châu,Chân Yết Thanh Liễu,ex:monk/chan_yet_thanh_lieu,4
Chân Châu,Bắc Sơn Pháp Thông,ex:monk/bac_son_phap_thong,4
Chân Châu,Trường Lô Diệu Giác,ex:monk/truong_lo_dieu_giac,4
đâu vậy,Lạc Phổ Nguyên An,ex:monk/lac_pho_nguyen_an,4
đâu vậy,Báo Ân Hoài Nhạc,ex:monk/bao_an_hoai_nhac,4
đâu vậy,Long Sách Đạo Phó,ex:monk/long_sach_dao_pho,4
đâu vậy,Mễ Thương,ex:monk/me_thuong,4
núi này,Hoàng Sơn Nguyệt Luân,ex:monk/hoang_son_nguyet_luan,4
núi này,Phước Thanh Huyền Nột,ex:monk/phuoc_thanh_huyen_not,4
núi này,Toàn Ðịnh Bảo Tạng,ex:monk/toan_dinh_bao_tang,4
núi này,Tiên Thường Viên Trừng,ex:monk/tien_thuong_vien_trung,4
chùa Phật,Tuyết Phong Nghĩa Tồn,ex:monk/tuyet_phong_nghia_ton,4
chùa Phật,Thanh Từ,ex:monk/thanh_tu,4
chùa Phật,Tâm Giải Tương Ưng,ex:monk/tam_giai_tuong_ung,4
chùa Phật,Từ Sơn Hành Nhất,ex:monk/tu_son_hanh_nhat,4
Trường An,Nga Hồ Trí Phù,ex:monk/nga_ho_tri_phu,4
Trường An,Phước Ứng Văn,ex:monk/phuoc_ung_van,4
Trường An,Nham Đầu Toàn Khoát,ex:monk/nham_dau_toan_khoat,4
Trường An,Thị Huệ Bảo An,ex:monk/thi_hue_bao_an,4
Bích Động,Quang Lư Như Như,ex:monk/quang_lu_nhu_nhu,4
Bích Động,Thanh Đàm Minh Chánh,ex:monk/thanh_dam_minh_chanh,4
Bích Động,Khoan Dực Thanh Lãng,ex:monk/khoan_duc_thanh_lang,4
Bích Động,Thanh Nguyên Minh Nam,ex:monk/thanh_nguyen_minh_nam,4
về Phú,Thiệt Diệu Liễu Quán,ex:monk/thiet_dieu_lieu_quan,4
về Phú,Pháp Chuyên Diệu Nghiêm,ex:monk/phap_chuyen_dieu_nghiem,4
về Phú,Thị Chí Phước Hộ,ex:monk/thi_chi_phuoc_ho,4
về Phú,Thị Niệm Phước Ninh,ex:monk/thi_niem_phuoc_ninh,4
xã Dương,Tế Vĩ Trường Chiếu,ex:monk/te_vi_truong_chieu,4
xã Dương,Liễu Đạo Chí Tân,ex:monk/lieu_dao_chi_tan,4
xã Dương,Như Hoàn Huệ Tràng,ex:monk/nhu_hoan_hue_trang,4
xã Dương,Như Trạch Huệ Lâm,ex:monk/nhu_trach_hue_lam,4
pháp đường,Nham Đầu Toàn Khoát,ex:monk/nham_dau_toan_khoat,4
pháp đường,Thúy Vi Vô Học,ex:monk/thuy_vi_vo_hoc,4
pháp đường,Kiến Châu Bạch Vân Ước,ex:monk/kien_chau_bach_van_uoc,4
pháp đường,Tiệm Nguyên Trọng Hưng,ex:monk/tiem_nguyen_trong_hung,4
cũ,Trừng Nguyên Đôn Hậu,ex:monk/trung_nguyen_don_hau,4
cũ,Tỳ Ni Đa Lưu Chi,ex:monk/ty_ni_da_luu_chi,4
cũ,Tâm Thật Thiện Châu,ex:monk/tam_that_thien_chau,4
cũ,Thạch Liêm Đại Sán,ex:monk/thach_liem_dai_san,4
Tổ,Tỳ Ni Đa Lưu Chi,ex:monk/ty_ni_da_luu_chi,4
Tổ,Trừng Trì Chí Niệm,ex:monk/trung_tri_chi_niem,4
Tổ,Tánh Thiện An Cư,ex:monk/tanh_thien_an_cu,4
Tổ,Đạo Tâm Trung Hậu,ex:monk/dao_tam_trung_hau,4
phía trái,Tánh Hoạt Huệ Cảnh,ex:monk/tanh_hoat_hue_canh,4
phía trái,Thanh Liêm Tâm Thiền,ex:monk/thanh_liem_tam_thien,4
phía trái,Tâm Thông Quảng Huệ,ex:monk/tam_thong_quang_hue,4
phía trái,Thạch Liêm Đại Sán,ex:monk/thach_liem_dai_san,4
Nguyệt Quang,Thanh Đàm Minh Chánh,ex:monk/thanh_dam_minh_chanh,4
Nguyệt Quang,Khoan Dực Thanh Lãng,ex:monk/khoan_duc_thanh_lang,4
Nguyệt Quang,Thanh Nguyên Minh Nam,ex:monk/thanh_nguyen_minh_nam,4
Nguyệt Quang,Từ Sơn Hành Nhất,ex:monk/tu_son_hanh_nhat,4
trách,Đại Huệ Tông Cảo,ex:monk/dai_hue_tong_cao,3
trách,Lâm Tế Nghĩa Huyền,ex:monk/lam_te_nghia_huyen,3
trách,Bồ Đề Quang Dụng,ex:monk/lam_te_nghia_huyen,3
nửa đường,Đại Huệ Tông Cảo,ex:monk/dai_hue_tong_cao,3
nửa đường,Đầu Tử Nghĩa Thanh,ex:monk/dau_tu_nghia_thanh,3
nửa đường,Lặc Đàm Bửu Long,ex:monk/lac_dam_buu_long,3
chứng,Đại Huệ Tông Cảo,ex:monk/dai_hue_tong_cao,3
chứng,Thiện Quyền Pháp Trí,ex:monk/thien_quyen_phap_tri,3
chứng,Huệ Huy Tự Đắc,ex:monk/hue_huy_tu_dac,3
về ở,Đại Huệ Tông Cảo,ex:monk/dai_hue_tong_cao,3
về ở,Huệ Huy Tự Đắc,ex:monk/hue_huy_tu_dac,3
về ở,Trí Thông Cảnh Thâm,ex:monk/tri_thong_canh_tham,3
mắt,Đại Huệ Tông Cảo,ex:monk/dai_hue_tong_cao,3
mắt,Phú Thuyền Hồng Tiến,ex:monk/phu_thuyen_hong_tien,3
mắt,Việt Châu Việt Sơn Nãi,ex:monk/viet_chau_viet_son_nai,3
Dục Vương,Đại Huệ Tông Cảo,ex:monk/dai_hue_tong_cao,3
Dục Vương,Hoằng Trí Chánh Giác,ex:monk/hoang_tri_chanh_giac,3
Dục Vương,Chân Yết Thanh Liễu,ex:monk/chan_yet_thanh_lieu,3
nơi này,Đại Huệ Tông Cảo,ex:monk/dai_hue_tong_cao,3
nơi này,Thiên Hoàng Đạo Ngộ,ex:monk/thien_hoang_dao_ngo,3
nơi này,Vân Môn Văn Yển,ex:monk/van_mon_van_yen,3
trường Tiểu,Trừng Thành Giác Tiên,ex:monk/trung_thanh_giac_tien,3
trường Tiểu,Tâm Địa Mật Khế,ex:monk/tam_dia_mat_khe,3
trường Tiểu,Ðồng Ðộ Tịnh Khiết,ex:monk/ong_o_tinh_khiet,3
đất Thần,Tâm Địa Mật Khế,ex:monk/tam_dia_mat_khe,3
đất Thần,Ngộ Tánh Phước Huệ,ex:monk/ngo_tanh_phuoc_hue,3
đất Thần,Chơn Luận Phước Huệ,ex:monk/chon_luan_phuoc_hue,3
trường An,Tâm Địa Mật Khế,ex:monk/tam_dia_mat_khe,3
trường An,Như Ðăng Trí Ðộ,ex:monk/nhu_ang_tri_o,3
trường An,Trí Thuyên,ex:monk/tri_thuyen,3
đây cho,Tâm Chơn Mật Tín,ex:monk/tam_chon_mat_tin,3
đây cho,Tâm Nhất Mật Thể,ex:monk/tam_nhat_mat_the,3
đây cho,Như Thạnh  Huệ Châu,ex:monk/nhu_thanh_hue_chau,3
về nước,Tâm Nhất Mật Thể,ex:monk/tam_nhat_mat_the,3
về nước,Thiên Ân,ex:monk/thien_an,3
về nước,Nhất Cú Trí Giáo,ex:monk/nhat_cu_tri_giao,3
đầu tiên,Tâm Nhất Mật Thể,ex:monk/tam_nhat_mat_the,3
đầu tiên,Tâm Quang Đàm Minh,ex:monk/tam_quang_dam_minh,3
đầu tiên,Như Huệ Trí Thông,ex:monk/nhu_hue_tri_thong,3
Diệu Hỷ,Tâm Nhất Mật Thể,ex:monk/tam_nhat_mat_the,3
Diệu Hỷ,Tâm Tuệ Thanh Trí,ex:monk/tam_tue_thanh_tri,3
Diệu Hỷ,Tâm Thọ Trí Giải,ex:monk/tam_tho_tri_giai,3
ngại,Tâm Như Mật Nguyện,ex:monk/tam_nhu_mat_nguyen,3
ngại,Như Thọ Huyền Tân,ex:monk/nhu_tho_huyen_tan,3
ngại,Trừng Nguyên Chơn Như,ex:monk/trung_nguyen_chon_nhu,3
đây có,Tâm Như Mật Nguyện,ex:monk/tam_nhu_mat_nguyen,3
đây có,Toàn Ðịnh Bảo Tạng,ex:monk/toan_dinh_bao_tang,3
đây có,Tiên Thường Viên Trừng,ex:monk/tien_thuong_vien_trung,3
nhà,Trừng Diên Diệu Huệ,ex:monk/trung_dien_dieu_hue,3
nhà,Thiệt Diệu Liễu Quán,ex:monk/thiet_dieu_lieu_quan,3
nhà,Thạch Liêm Đại Sán,ex:monk/thach_liem_dai_san,3
Quy Thiện,Trừng Diên Diệu Huệ,ex:monk/trung_dien_dieu_hue,3
Quy Thiện,Chân Đạo Bích Phong,ex:monk/chan_dao_bich_phong,3
Quy Thiện,Không Tâm Trí Quảng,ex:monk/khong_tam_tri_quang,3
Bắc Hà,Trừng Hảo Diệu Không,ex:monk/trung_hao_dieu_khong,3
Bắc Hà,Chơn Luận Phước Huệ,ex:monk/chon_luan_phuoc_hue,3
Bắc Hà,Nguyên Thiều Thọ Tông,ex:monk/nguyen_thieu_tho_tong,3
nơi khác,Trừng Hảo Diệu Không,ex:monk/trung_hao_dieu_khong,3
nơi khác,Chơn Luận Phước Huệ,ex:monk/chon_luan_phuoc_hue,3
nơi khác,Vân Môn Văn Yển,ex:monk/van_mon_van_yen,3
trong cung,Trừng Hảo Diệu Không,ex:monk/trung_hao_dieu_khong,3
trong cung,Chơn Luận Phước Huệ,ex:monk/chon_luan_phuoc_hue,3
trong cung,Hải Bình Khiết Bạch,ex:monk/hai_binh_khiet_bach,3
Hồng Ân,Trừng Hảo Diệu Không,ex:monk/trung_hao_dieu_khong,3
Hồng Ân,Tâm Quang Chánh Pháp,ex:monk/tam_quang_chanh_phap,3
Hồng Ân,Chơn Luận Phước Huệ,ex:monk/chon_luan_phuoc_hue,3
chùa Khải,Trừng Hảo Diệu Không,ex:monk/trung_hao_dieu_khong,3
chùa Khải,Trừng Ninh Diệu Hương,ex:monk/trung_ninh_dieu_huong,3
chùa Khải,Tâm Nguyệt Thể Yến,ex:monk/tam_nguyet_the_yen,3
hộp ra,Trừng Hảo Diệu Không,ex:monk/trung_hao_dieu_khong,3
hộp ra,Chơn Luận Phước Huệ,ex:monk/chon_luan_phuoc_hue,3
hộp ra,Tông Diễn Chân Dung,ex:monk/tong_dien_chan_dung,3
cả ba,Trừng Hảo Diệu Không,ex:monk/trung_hao_dieu_khong,3
cả ba,Ấn Lan Từ Trí,ex:monk/an_lan_tu_tri,3
cả ba,Chơn Luận Phước Huệ,ex:monk/chon_luan_phuoc_hue,3
trong nội,Trừng Hảo Diệu Không,ex:monk/trung_hao_dieu_khong,3
trong nội,Chơn Luận Phước Huệ,ex:monk/chon_luan_phuoc_hue,3
trong nội,Thạch Liêm Đại Sán,ex:monk/thach_liem_dai_san,3
đây Ngài,Tâm Thanh Tịch Tràng,ex:monk/tam_thanh_tich_trang,3
đây Ngài,Nguyên Minh Đức Thiệu,ex:monk/nguyen_minh_duc_thieu,3
đây Ngài,Tâm Thật Thiện Châu,ex:monk/tam_that_thien_chau,3
hoa,Tịnh Nhân Giác,ex:monk/tinh_nhan_giac,3
hoa,Trừng Chiếu Từ Mãn,ex:monk/trung_chieu_tu_man,3
hoa,Tỳ Ni Đa Lưu Chi,ex:monk/ty_ni_da_luu_chi,3
bé thơ,Tịnh Nhân Giác,ex:monk/tinh_nhan_giac,3
bé thơ,Tuyết Đậu Ðại Chứng,ex:monk/tuyet_dau_ai_chung,3
bé thơ,Tuyết Đậu Trí Giám,ex:monk/tuyet_dau_tri_giam,3
tại Đại,Tịnh Nhân Giác,ex:monk/tinh_nhan_giac,3
tại Đại,Đại Trí Tề Liên,ex:monk/dai_tri_te_lien,3
tại Đại,Hưng Dương Thanh Phẩu,ex:monk/hung_duong_thanh_phau,3
Tịnh Nhân,Tịnh Nhân Giác,ex:monk/tinh_nhan_giac,3
Tịnh Nhân,Đại Trí Tề Liên,ex:monk/dai_tri_te_lien,3
Tịnh Nhân,Hương Sơn Pháp Thành,ex:monk/huong_son_phap_thanh,3
chùa Sùng,Đại Trí Tề Liên,ex:monk/dai_tri_te_lien,3
chùa Sùng,Chơn Thanh Từ Văn,ex:monk/chon_thanh_tu_van,3
chùa Sùng,Hồng Tòng Phổ Quảng,ex:monk/hong_tong_pho_quang,3
Thiều Châu,Thiều Châu Hy Bô,ex:monk/thieu_chau_hy_bo,3
Thiều Châu,Vân Môn Văn Yển,ex:monk/van_mon_van_yen,3
Thiều Châu,Động Sơn Hiểu Thông,ex:monk/dong_son_hieu_thong,3
Thiên Minh,Thiều Châu Hy Bô,ex:monk/thieu_chau_hy_bo,3
Thiên Minh,Tâm Hòa Thiên Thái,ex:monk/tam_hoa_thien_thai,3
Thiên Minh,Tâm Thông Quảng Huệ,ex:monk/tam_thong_quang_hue,3
Hương Sơn,Hương Sơn Pháp Thành,ex:monk/huong_son_phap_thanh,3
Hương Sơn,N Hương Sơn Phật Thông,ex:monk/n_huong_son_phat_thong,3
Hương Sơn,Nguyên Chánh Minh Bổn,ex:monk/nguyen_chanh_minh_bon,3
Hồng Châu,Bảo Phong Duy Chiếu,ex:monk/bao_phong_duy_chieu,3
Hồng Châu,Tuyết Đậu Ðại Chứng,ex:monk/tuyet_dau_ai_chung,3
Hồng Châu,Tào Sơn Bổn Tịch,ex:monk/tao_son_bon_tich,3
Quảng Tế,Thanh Trí Hải Luận,ex:monk/thanh_tri_hai_luan,3
Quảng Tế,Quảng Tế Phương,ex:monk/quang_te_phuong,3
Quảng Tế,Hải Nhu Tín Nhậm,ex:monk/hai_nhu_tin_nham,3
xứ Cửa,Thanh Trí Hải Luận,ex:monk/thanh_tri_hai_luan,3
xứ Cửa,Nguyên Thiều Thọ Tông,ex:monk/nguyen_thieu_tho_tong,3
xứ Cửa,Minh Hằng Định Nhiên,ex:monk/minh_hang_dinh_nhien,3
tổ đường,Thanh Trí Hải Luận,ex:monk/thanh_tri_hai_luan,3
tổ đường,Thành Đẳng Minh Lượng,ex:monk/thanh_dang_minh_luong,3
tổ đường,Phật Tỉnh Từ Nghiêm,ex:monk/phat_tinh_tu_nghiem,3
đây một,Thanh Trí Hải Luận,ex:monk/thanh_tri_hai_luan,3
đây một,Chơn An Chánh Liêm,ex:monk/chon_an_chanh_liem,3
đây một,TT Nguyên Minh Minh Đức,ex:monk/tt_nguyen_minh_minh_duc,3
trở nên,Thanh Linh Diên Trường,ex:monk/thanh_linh_dien_truong,3
trở nên,Không Tín Kế Châu,ex:monk/khong_tin_ke_chau,3
trở nên,Tánh Huệ Nhất Chơn,ex:monk/tanh_hue_nhat_chon,3
cho Ni,Thanh Linh Diên Trường,ex:monk/thanh_linh_dien_truong,3
cho Ni,Trừng Chiếu Từ Mãn,ex:monk/trung_chieu_tu_man,3
cho Ni,Trừng Ninh Diệu Hương,ex:monk/trung_ninh_dieu_huong,3
Hội Phước,Thị Châu Minh Nghĩa,ex:monk/thi_chau_minh_nghia,3
Hội Phước,Thị Khoa Hạnh Lễ,ex:monk/thi_khoa_hanh_le,3
Hội Phước,Thiệt Uyên Chí Bảo,ex:monk/thiet_uyen_chi_bao,3
tuổi đời,Đồng Thiện Thiện Ân,ex:monk/dd_dong_thien_thien_an,3
tuổi đời,ĐĐ Đồng Thiện Thiện Ân,ex:monk/dd_dong_thien_thien_an,3
tuổi đời,Ấn Thanh Chí Thành,ex:monk/an_thanh_chi_thanh,3
trên môi,Đồng Thiện Thiện Ân,ex:monk/dd_dong_thien_thien_an,3
trên môi,ĐĐ Đồng Thiện Thiện Ân,ex:monk/dd_dong_thien_thien_an,3
trên môi,Tâm Tuệ Thanh Trí,ex:monk/tam_tue_thanh_tri,3
núi Ngũ,Thị Năng Trí Hữu,ex:monk/thi_nang_tri_huu,3
núi Ngũ,Ấn Thanh Chí Thành,ex:monk/an_thanh_chi_thanh,3
núi Ngũ,Tiên Thường Viên Trừng,ex:monk/tien_thuong_vien_trung,3
các vùng,Đồng Trí Bảo Huệ,ex:monk/dong_tri_bao_hue,3
các vùng,Chơn An Chánh Liêm,ex:monk/chon_an_chanh_liem,3
các vùng,Tâm Niệm Từ Ý,ex:monk/tam_niem_tu_y,3
Quang Minh,Đồng Trí Bảo Huệ,ex:monk/dong_tri_bao_hue,3
Quang Minh,Thị Đản Hạnh Châu,ex:monk/thi_dan_hanh_chau,3
Quang Minh,Như Đăng Trí Tấn,ex:monk/nhu_dang_tri_tan,3
Long Thọ,Đồng Trí Bảo Huệ,ex:monk/dong_tri_bao_hue,3
Long Thọ,Tâm Khai Nhật Liên,ex:monk/tam_khai_nhat_lien,3
Long Thọ,Tâm Hòa Thiên Thái,ex:monk/tam_hoa_thien_thai,3
Đạo Nguyên,Như Lâm Quang Đảnh,ex:monk/nhu_lam_quang_danh,3
Đạo Nguyên,Đồng Chơn Trí Viên,ex:monk/dong_chon_tri_vien,3
Đạo Nguyên,Thị Thiện Đoan Nghiêm,ex:monk/thi_thien_doan_nghiem,3
Bửu Đà,Chơn Chứng Thiện Quả,ex:monk/chon_chung_thien_qua,3
Bửu Đà,Như Nhàn Trí Giác,ex:monk/nhu_nhan_tri_giac,3
Bửu Đà,Chơn Thật Chí Bảo,ex:monk/chon_that_chi_bao,3
làng Dưỡng,Trừng Thông Tịnh Khiết,ex:monk/trung_thong_tinh_khiet,3
làng Dưỡng,Tâm Thanh Chơn Hiền,ex:monk/tam_thanh_chon_hien,3
làng Dưỡng,Trừng Hương Tịnh Hạnh,ex:monk/trung_huong_tinh_hanh,3
Tu viện,Trừng Thông Tịnh Khiết,ex:monk/trung_thong_tinh_khiet,3
Tu viện,TT Nguyên Minh Minh Đức,ex:monk/tt_nguyen_minh_minh_duc,3
Tu viện,Thị Khai Ðỗng Minh,ex:monk/thi_khai_ong_minh,3
không có,Tâm Minh Chơn Thiệt,ex:monk/tam_minh_chon_thiet,3
không có,Bảo Chân,ex:monk/bao_chan,3
không có,Tiên Đề Chơn Phẩm,ex:monk/tien_de_chon_pham,3
Pháp Lâm,Tâm Minh Chơn Thiệt,ex:monk/tam_minh_chon_thiet,3
Pháp Lâm,Nguyên Phước Quang Thể,ex:monk/nguyen_phuoc_quang_the,3
Pháp Lâm,Tâm Lượng Từ Mẫn,ex:monk/tam_luong_tu_man,3
chánh điện,Như Quý Viên Thiện,ex:monk/nhu_quy_vien_thien,3
chánh điện,Phật Ý Linh Nhạc,ex:monk/phat_y_linh_nhac,3
chánh điện,Tỳ Ni Đa Lưu Chi,ex:monk/ty_ni_da_luu_chi,3
trước chùa,Tâm Quang Chánh Pháp,ex:monk/tam_quang_chanh_phap,3
trước chùa,Phật Tuyết Tường Quang,ex:monk/phat_tuyet_tuong_quang,3
trước chùa,Thạch Liêm Đại Sán,ex:monk/thach_liem_dai_san,3
Hiếu Quang,Tâm Quang Chánh Pháp,ex:monk/tam_quang_chanh_phap,3
Hiếu Quang,Nguyên Phước Quang Thể,ex:monk/nguyen_phuoc_quang_the,3
Hiếu Quang,Tâm Thái Thiện Trí,ex:monk/tam_thai_thien_tri,3
được,Tâm Quang Chánh Pháp,ex:monk/tam_quang_chanh_phap,3
được,Ấn Thiên Huệ Nhãn,ex:monk/an_thien_hue_nhan,3
được,Kim Luân Khả Quán,ex:monk/kim_luan_kha_quan,3
nụ cười,Tâm Quang Đàm Minh,ex:monk/tam_quang_dam_minh,3
nụ cười,Tâm Như Trí Thủ,ex:monk/tam_nhu_tri_thu,3
nụ cười,Nguyên Ý Phước Châu,ex:monk/nguyen_y_phuoc_chau,3
của Ni,Tâm Quang Đàm Minh,ex:monk/tam_quang_dam_minh,3
của Ni,Trừng Chiếu Từ Mãn,ex:monk/trung_chieu_tu_man,3
của Ni,Hạnh Đạo Chủng Hoa,ex:monk/hanh_dao_chung_hoa,3
Phước Lâm,Thị Đản Hạnh Châu,ex:monk/thi_dan_hanh_chau,3
Phước Lâm,Chơn Lượng Đương Thái,ex:monk/chon_luong_duong_thai,3
Phước Lâm,Chơn Quả Đương Như,ex:monk/chon_qua_duong_nhu,3
Hà An,Thị Khoa Hạnh Lễ,ex:monk/thi_khoa_hanh_le,3
Hà An,Thị Sa Phước Huệ,ex:monk/thi_sa_phuoc_hue,3
Hà An,Như Quang Giác Đức,ex:monk/nhu_quang_giac_duc,3
Hoa Sơn,Thị Sơn Hạnh Chơn,ex:monk/thi_son_hanh_chon,3
Hoa Sơn,Tâm Giải Tương Ưng,ex:monk/tam_giai_tuong_ung,3
Hoa Sơn,Thị Tư Hạnh Phước,ex:monk/thi_tu_hanh_phuoc,3
Mỹ,Như Nhàn Trí Giác,ex:monk/nhu_nhan_tri_giac,3
Mỹ,Thiên Ân,ex:monk/thien_an,3
Mỹ,TT Nguyên Cát Thiện Tường,ex:monk/tt_nguyen_cat_thien_tuong,3
tỉnh Ninh,Chơn Cảnh Trí Thắng,ex:monk/chon_canh_tri_thang,3
tỉnh Ninh,Như Thọ Huyền Tân,ex:monk/nhu_tho_huyen_tan,3
tỉnh Ninh,Khoan Dực Thanh Lãng,ex:monk/khoan_duc_thanh_lang,3
Thiên Ðức,Chơn Cảnh Trí Thắng,ex:monk/chon_canh_tri_thang,3
Thiên Ðức,Như Kế Huyền Vi,ex:monk/nhu_ke_huyen_vi,3
Thiên Ðức,Chơn Phước Huệ Pháp,ex:monk/chon_phuoc_hue_phap,3
Thích học,Chơn Cảnh Trí Thắng,ex:monk/chon_canh_tri_thang,3
Thích học,Tâm Khai Nhật Liên,ex:monk/tam_khai_nhat_lien,3
Thích học,Thị An Phước Bình,ex:monk/thi_an_phuoc_binh,3
Ninh Hòa,Chơn Cảnh Trí Thắng,ex:monk/chon_canh_tri_thang,3
Ninh Hòa,Chơn Phú Bích Lâm,ex:monk/chon_phu_bich_lam,3
Ninh Hòa,Thị Lạc Hưng Từ,ex:monk/thi_lac_hung_tu,3
Châu Long,Chơn Cảnh Trí Thắng,ex:monk/chon_canh_tri_thang,3
Châu Long,Ðồng Kỉnh Tín Quả,ex:monk/ong_kinh_tin_qua,3
Châu Long,Hải Toàn Linh Cơ,ex:monk/hai_toan_linh_co,3
châu Hà,Chương Quảng Mật Hạnh,ex:monk/chuong_quang_mat_hanh,3
châu Hà,Chơn Nhẫn Phước Điền,ex:monk/chon_nhan_phuoc_dien,3
châu Hà,Chơn Nhẫn Phước Điền,ex:monk/chon_nhan_phuoc_dien,3
Lạc Thành,Thích Chơn Châu,ex:monk/thich_chon_chau,3
Lạc Thành,Ấn Triêm Từ Minh,ex:monk/thich_an_luc,3
Lạc Thành,Thích Ấn Lực,ex:monk/thich_an_luc,3
Khánh Lâm,Chơn Trừng Đương Nhật,ex:monk/chon_trung_duong_nhat,3
Khánh Lâm,Ấn Du Phổ Quang,ex:monk/an_du_pho_quang,3
Khánh Lâm,Ấn Thức Chánh Trực,ex:monk/an_thuc_chanh_truc,3
Thái Bình,Ấn Lan Từ Trí,ex:monk/an_lan_tu_tri,3
Thái Bình,Hoằng Trí Chánh Giác,ex:monk/hoang_tri_chanh_giac,3
Thái Bình,Cát Tường Pháp Tuyên,ex:monk/cat_tuong_phap_tuyen,3
Thanh Quang,Ấn Bổn Vĩnh Gia,ex:monk/an_bon_vinh_gia,3
Thanh Quang,Chơn Phước Phổ Đồng,ex:monk/chon_lich_hoang_tho,3
Thanh Quang,Chơn Lịch Hoằng Thọ,ex:monk/chon_lich_hoang_tho,3
Khánh Sơn,Chương Tư Huệ Quang,ex:monk/chuong_tu_hue_quang,3
Khánh Sơn,Pháp Chuyên Diệu Nghiêm,ex:monk/phap_chuyen_dieu_nghiem,3
Khánh Sơn,Chương Chí Thiên Phước,ex:monk/chuong_chi_thien_phuoc,3
Phước Huệ,Chơn Kiết Phổ Hóa,ex:monk/chon_kiet_pho_hoa,3
Phước Huệ,Chơn Tánh Hoằng Định,ex:monk/chon_tanh_hoang_dinh,3
Phước Huệ,Chơn Tánh Hoằng Định,ex:monk/chon_tanh_hoang_dinh,3
làng Thi,Chơn Phước Phổ Đồng,ex:monk/chon_phuoc_pho_dong,3
làng Thi,Chơn Cần Diệu Lý,ex:monk/chon_can_dieu_ly,3
làng Thi,Như Xuân Vạn Thọ,ex:monk/nhu_xuan_van_tho,3
Giác Hải,Chơn Phước Phổ Đồng,ex:monk/chon_lich_hoang_tho,3
Giác Hải,Chơn Lịch Hoằng Thọ,ex:monk/chon_lich_hoang_tho,3
Giác Hải,Thị Lợi Hạnh Lộc,ex:monk/thi_loi_hanh_loc,3
bị tàn,Chơn Phước Phổ Đồng,ex:monk/chon_lich_hoang_tho,3
bị tàn,Chơn Lịch Hoằng Thọ,ex:monk/chon_lich_hoang_tho,3
bị tàn,Như Cang Giải Hải,ex:monk/nhu_cang_giai_hai,3
chùa Tỉnh,Chơn Sử Khánh Tín,ex:monk/chon_su_khanh_tin,3
chùa Tỉnh,Trừng Chiếu Từ Mãn,ex:monk/trung_chieu_tu_man,3
chùa Tỉnh,Nguyên Minh Đức Thiệu,ex:monk/nguyen_minh_duc_thieu,3
Linh Phước,Chơn Trung Minh Ðức,ex:monk/chon_trung_minh_uc,3
Linh Phước,Hồng Tòng Phổ Quảng,ex:monk/hong_tong_pho_quang,3
Linh Phước,Minh Phương Chơn Hương,ex:monk/minh_phuong_chon_huong,3
Hoa Kỳ,Chơn Bích Trí Huy,ex:monk/chon_bich_tri_huy,3
Hoa Kỳ,Như Phụng Thiện Trì,ex:monk/nhu_phung_thien_tri,3
Hoa Kỳ,Tâm Đạo Thanh Quang,ex:monk/tam_dao_thanh_quang,3
Vĩnh An,Chơn Cảnh Huệ Duyệt,ex:monk/chon_canh_hue_duyet,3
Vĩnh An,Chơn Quả Đương Như,ex:monk/chon_qua_duong_nhu,3
Vĩnh An,Chơn Đàm Đương Phong,ex:monk/chon_dam_duong_phong,3
chùa Vĩnh,Chơn Cảnh Huệ Duyệt,ex:monk/chon_canh_hue_duyet,3
chùa Vĩnh,Như An Huyền Quang,ex:monk/nhu_an_huyen_quang,3
chùa Vĩnh,Nguyên Thiều Thọ Tông,ex:monk/nguyen_thieu_tho_tong,3
Thiên Đức,Chơn Lượng Đương Thái,ex:monk/chon_luong_duong_thai,3
Thiên Đức,Thiệt Uyên Chí Bảo,ex:monk/thiet_luong,3
Thiên Đức,Thiệt Lương,ex:monk/thiet_luong,3
Phước Quang,Thích Đương Dung,ex:monk/chon_bang_hue_lien,3
Phước Quang,Chơn Bàng Huệ Liên,ex:monk/chon_bang_hue_lien,3
Phước Quang,Như Mậu Trường Xuân,ex:monk/nhu_mau_truong_xuan,3
Thắng Quang,Chương An Quảng Khánh,ex:monk/chuong_an_quang_khanh,3
Thắng Quang,Như Thông Huyền Ngộ,ex:monk/nhu_thong_huyen_ngo,3
Thắng Quang,Toàn Ðịnh Bảo Tạng,ex:monk/toan_dinh_bao_tang,3
An Hải,Chơn Bổn Phước Khánh,ex:monk/chon_bon_phuoc_khanh,3
An Hải,Chơn Bổn  Phước Khánh,ex:monk/chon_bon_phuoc_khanh,3
An Hải,Nguyên Phước Quang Thể,ex:monk/nguyen_phuoc_quang_the,3
đất của,Chơn Bổn Phước Khánh,ex:monk/chon_bon_phuoc_khanh,3
đất của,Chơn Bổn  Phước Khánh,ex:monk/chon_bon_phuoc_khanh,3
đất của,Trừng Ninh Diệu Hương,ex:monk/trung_ninh_dieu_huong,3
Triều Tôn,Ấn Thiên Huệ Nhãn,ex:monk/an_thien_hue_nhan,3
Triều Tôn,Pháp Chuyên Diệu Nghiêm,ex:monk/phap_chuyen_dieu_nghiem,3
Triều Tôn,Thị Tín Phước Trí,ex:monk/thi_tin_phuoc_tri,3
Hồ Sơn,Ấn Thiên Huệ Nhãn,ex:monk/an_thien_hue_nhan,3
Hồ Sơn,Ðồng Kỉnh Tín Quả,ex:monk/ong_kinh_tin_qua,3
Hồ Sơn,Đại Bửu Kim Cang,ex:monk/dai_buu_kim_cang,3
Điện Bàn,Ấn Triêm Từ Minh,ex:monk/an_triem_tu_minh,3
Điện Bàn,Thích Ấn Lực,ex:monk/an_triem_tu_minh,3
Điện Bàn,Hải Đăng,ex:monk/hai_dang,3
nước ta,Chân Đạo Bích Phong,ex:monk/chan_dao_bich_phong,3
nước ta,Thành Đẳng Minh Lượng,ex:monk/thanh_dang_minh_luong,3
nước ta,Từ Sơn Hành Nhất,ex:monk/tu_son_hanh_nhat,3
ngoại ô,Ngộ Tánh Phước Huệ,ex:monk/ngo_tanh_phuoc_hue,3
ngoại ô,Nguyên Giác Quang Phú,ex:monk/nguyen_giac_quang_phu,3
ngoại ô,Thanh Thái Phước Chỉ,ex:monk/thanh_thai_phuoc_chi,3
làng Bình,Ngộ Tánh Phước Huệ,ex:monk/ngo_tanh_phuoc_hue,3
làng Bình,Trừng Kệ Tôn Thắng,ex:monk/trung_ke_ton_thang,3
làng Bình,Thị Lạc Hưng Từ,ex:monk/thi_lac_hung_tu,3
ở Huế,Trừng Dàn Bích Không,ex:monk/trung_dan_bich_khong,3
ở Huế,Phật Ý Linh Nhạc,ex:monk/phat_y_linh_nhac,3
ở Huế,Tế Ân Lưu Quang,ex:monk/te_an_luu_quang,3
Phật Quang,Trừng Dàn Bích Không,ex:monk/trung_dan_bich_khong,3
Phật Quang,Như Lễ Huyền Dung,ex:monk/nhu_le_huyen_dung,3
Phật Quang,Thanh Từ,ex:monk/thanh_tu,3
tu học,Như Thọ Huyền Tân,ex:monk/nhu_tho_huyen_tan,3
tu học,Tâm Nguyệt Thể Yến,ex:monk/tam_nguyet_the_yen,3
tu học,Phật Tuyết Tường Quang,ex:monk/phat_tuyet_tuong_quang,3
làng Phước,Như Kế Huyền Vi,ex:monk/nhu_ke_huyen_vi,3
làng Phước,Nguyên Thuận Đức Tánh,ex:monk/nguyen_thuan_duc_tanh,3
làng Phước,Tâm Tuệ Thanh Trí,ex:monk/tam_tue_thanh_tri,3
trực thuộc,Như Kế Huyền Vi,ex:monk/nhu_ke_huyen_vi,3
trực thuộc,Như Hiền Chí Thiền,ex:monk/nhu_hien_chi_thien,3
trực thuộc,Nhựt Bình Trí Tịnh,ex:monk/nhut_binh_tri_tinh,3
đây được,Chơn Luận Phước Huệ,ex:monk/chon_luan_phuoc_hue,3
đây được,Thiệt Uyên Chí Bảo,ex:monk/thiet_luong,3
đây được,Thiệt Lương,ex:monk/thiet_luong,3
Tường Quang,Như Chí Giác Từ,ex:monk/nhu_chi_giac_tu,3
Tường Quang,Thị Châu  Quang Thanh,ex:monk/thi_chau_quang_thanh,3
Tường Quang,Thị Châu Quang Thanh,ex:monk/thi_chau_quang_thanh,3
Báo Ân,Như Tước Hoằng An,ex:monk/nhu_tuoc_hoang_an,3
Báo Ân,Thị Uẩn Thuần Phong,ex:monk/thi_uan_thuan_phong,3
Báo Ân,Thị Nhật Hạnh Đạt,ex:monk/thi_nhat_hanh_dat,3
Thị Nghè,Như Ðiền Huệ Chấn,ex:monk/nhu_dien_hue_chan,3
Thị Nghè,Tâm Khai Nhật Liên,ex:monk/tam_khai_nhat_lien,3
Thị Nghè,Như Ðiền Huệ Chấn,ex:monk/nhu_ien_hue_chan,3
Khánh Lâm,Như Ðiền Huệ Chấn,ex:monk/nhu_dien_hue_chan,3
Khánh Lâm,Pháp Chuyên Diệu Nghiêm,ex:monk/phap_chuyen_dieu_nghiem,3
Khánh Lâm,Như Ðiền Huệ Chấn,ex:monk/nhu_ien_hue_chan,3
của dòng,Như Ðiền Huệ Chấn,ex:monk/nhu_dien_hue_chan,3
của dòng,Chương Thiện Hoằng Ðạo,ex:monk/chuong_thien_hoang_ao,3
của dòng,Như Ðiền Huệ Chấn,ex:monk/nhu_ien_hue_chan,3
Sài,Như Ðiền Huệ Chấn,ex:monk/nhu_dien_hue_chan,3
Sài,Ðồng Phước Thông Bửu,ex:monk/ong_phuoc_thong_buu,3
Sài,Như Ðiền Huệ Chấn,ex:monk/nhu_ien_hue_chan,3
chùa Nghĩa,Như Thùy Phước Hưng,ex:monk/nhu_thuy_phuoc_hung,3
chùa Nghĩa,Như Thanh Phước Lộc,ex:monk/nhu_thanh_phuoc_loc,3
chùa Nghĩa,Như Thiện Phước Đạt,ex:monk/nhu_thien_phuoc_dat,3
chùa Long,Như Thanh Phước Lộc,ex:monk/nhu_thanh_phuoc_loc,3
chùa Long,Thị Hòa Viên Giác,ex:monk/thi_hoa_vien_giac,3
chùa Long,Như Lâm Minh Trí,ex:monk/nhu_lam_minh_tri,3
về trụ,Như Ðăng Trí Ðộ,ex:monk/nhu_ang_tri_o,3
về trụ,Nhất Cú Trí Giáo,ex:monk/nhat_cu_tri_giao,3
về trụ,Tánh Thông Giác Ngộ,ex:monk/tanh_thong_giac_ngo,3
trường Trung,Như Ðăng Trí Ðộ,ex:monk/nhu_ang_tri_o,3
trường Trung,Như Ái Hoằng Thâm,ex:monk/nhu_ai_hoang_tham,3
trường Trung,Tâm Trực Giới Hương,ex:monk/tam_truc_gioi_huong,3
cuộc đại,Không Tín Kế Châu,ex:monk/khong_tin_ke_chau,3
cuộc đại,Tâm Cảnh Giác Hạnh,ex:monk/tam_canh_giac_hanh,3
cuộc đại,Hải Thuận Lương Duyên,ex:monk/hai_thuan_luong_duyen,3
Tổ đường,Không Hoa Huệ Chiếu,ex:monk/khong_hoa_hue_chieu,3
Tổ đường,Tánh Thiện An Cư,ex:monk/tanh_thien_an_cu,3
Tổ đường,Hải Nhu Tín Nhậm,ex:monk/hai_nhu_tin_nham,3
thành phố,Như Điển Trí Tâm,ex:monk/nhu_dien_tri_tam,3
thành phố,Đồng An Bảo Lạc,ex:monk/dong_an_bao_lac,3
thành phố,Đồng Đạt Thanh An,ex:monk/dong_dat_thanh_an,3
Đài Loan,Như Điển Trí Tâm,ex:monk/nhu_dien_tri_tam,3
Đài Loan,Nguyên Minh Phước Thành,ex:monk/nguyen_minh_phuoc_thanh,3
Đài Loan,Tâm Phật Thiện Siêu,ex:monk/tam_phat_thien_sieu,3
tự viện,Như Điển Trí Tâm,ex:monk/nhu_dien_tri_tam,3
tự viện,Tâm Niệm Từ Ý,ex:monk/tam_niem_tu_y,3
tự viện,Long Thọ Thiệu Khanh,ex:monk/long_tho_thieu_khanh,3
chùa Pháp,Như Diệu Viên Như,ex:monk/nhu_dieu_vien_nhu,3
chùa Pháp,Như Luận Trí Thức,ex:monk/nhu_luan_tri_thuc,3
chùa Pháp,Thị Hải Chánh Niệm,ex:monk/thi_hai_chanh_niem,3
Long Thạnh,Như Tiến Quảng Hưng,ex:monk/nhu_tien_quang_hung,3
Long Thạnh,Hồng Tòng Phổ Quảng,ex:monk/hong_tong_pho_quang,3
Long Thạnh,Tổ Đạt Trí Tâm,ex:monk/to_dat_tri_tam,3
Thiên Ân,Như Tiến Quảng Hưng,ex:monk/nhu_tien_quang_hung,3
Thiên Ân,Chương Chí Thiên Phước,ex:monk/chuong_chi_thien_phuoc,3
Thiên Ân,Tiên Giác Hải Tịnh,ex:monk/tien_giac_hai_tinh,3
xứ Mã,Tâm Thanh Chơn Nghiêm,ex:monk/tam_thanh_chon_nghiem,3
xứ Mã,Tâm Thanh Chơn Nghiêm,ex:monk/tam_thanh_chon_nghiem,3
xứ Mã,Tâm Thanh Chơn Nghiêm,ex:monk/tam_thanh_chon_nghiem,3
khu Bảy,Tâm Thanh Chơn Nghiêm,ex:monk/tam_thanh_chon_nghiem,3
khu Bảy,Tâm Thanh Chơn Nghiêm,ex:monk/tam_thanh_chon_nghiem,3
khu Bảy,Tâm Thanh Chơn Nghiêm,ex:monk/tam_thanh_chon_nghiem,3
PHV Huệ,Tâm Thanh Chơn Nghiêm,ex:monk/tam_thanh_chon_nghiem,3
PHV Huệ,Tâm Thanh Chơn Nghiêm,ex:monk/tam_thanh_chon_nghiem,3
PHV Huệ,Đồng Giác Giác Minh,ex:monk/dong_giac_giac_minh,3
Ba Phong,Tâm Thanh Chơn Nghiêm,ex:monk/tam_thanh_chon_nghiem,3
Ba Phong,Minh Hải Pháp Bảo,ex:monk/minh_hai_phap_bao,3
Ba Phong,Phật Tỉnh Từ Nghiêm,ex:monk/phat_tinh_tu_nghiem,3
chùa Cảnh,Chơn Phước Huệ Pháp,ex:monk/chon_phuoc_hue_phap,3
chùa Cảnh,Chơn Quý Khánh Anh,ex:monk/chon_quy_khanh_anh,3
chùa Cảnh,Thị Niệm Phước Ninh,ex:monk/thi_niem_phuoc_ninh,3
Long Phước,Chơn Quý Khánh Anh,ex:monk/chon_quy_khanh_anh,3
Long Phước,Hồng Tòng Phổ Quảng,ex:monk/hong_tong_pho_quang,3
Long Phước,Thị An Phước Bình,ex:monk/thi_an_phuoc_binh,3
Kim Huê,Như Quả Hoàn Tuyên,ex:monk/nhu_qua_hoan_tuyen,3
Kim Huê,Như Hường Thọ Minh,ex:monk/nhu_huong_tho_minh,3
Kim Huê,Ðồng Chánh Tịnh Như,ex:monk/ong_chanh_tinh_nhu,3
các học,Như Quả Hoàn Tuyên,ex:monk/nhu_qua_hoan_tuyen,3
các học,Như Thông Huyền Ngộ,ex:monk/nhu_thong_huyen_ngo,3
các học,Toàn Ðịnh Bảo Tạng,ex:monk/toan_dinh_bao_tang,3
Quy Nhơn,Như Quả Hoàn Tuyên,ex:monk/nhu_qua_hoan_tuyen,3
Quy Nhơn,Thành Đẳng Minh Lượng,ex:monk/thanh_dang_minh_luong,3
Quy Nhơn,Pháp Chuyên Diệu Nghiêm,ex:monk/phap_chuyen_dieu_nghiem,3
bé,Như Quả Hoàn Tuyên,ex:monk/nhu_qua_hoan_tuyen,3
bé,Tâm Đăng Trí Hiển,ex:monk/tam_dang_tri_hien,3
bé,Tịnh Độ Duy Chính,ex:monk/tinh_do_duy_chinh,3
Quang Phước,Như Thông Huyền Ngộ,ex:monk/nhu_thong_huyen_ngo,3
Quang Phước,Đạo Tràng Như Nột,ex:monk/dao_trang_nhu_not,3
Quang Phước,Toàn Ðịnh Bảo Tạng,ex:monk/toan_dinh_bao_tang,3
sư nữ,Như Hường Thọ Minh,ex:monk/nhu_huong_tho_minh,3
sư nữ,Tâm Hồng Từ Hương,ex:monk/tam_hong_tu_huong,3
sư nữ,Thanh Y Giác Huệ,ex:monk/thanh_y_giac_hue,3
Hải Hội,Như Tín Giác Chánh,ex:monk/nhu_cam_giac_chon,3
Hải Hội,Như Cẩm Giác Chơn,ex:monk/nhu_cam_giac_chon,3
Hải Hội,Thị Sa Phước Huệ,ex:monk/thi_sa_phuoc_hue,3
làng Mỹ,Như Chánh Huyền Tấn,ex:monk/nhu_chanh_huyen_tan,3
làng Mỹ,Đồng An Bảo Lạc,ex:monk/dong_an_bao_lac,3
làng Mỹ,Đồng Đạt Thanh An,ex:monk/dong_dat_thanh_an,3
phía phải,Trí Thuyên,ex:monk/tri_thuyen,3
phía phải,Tâm Ấn Viên Quang,ex:monk/tam_an_vien_quang,3
phía phải,Liễu Triệt Từ Minh,ex:monk/lieu_triet_tu_minh,3
Hòa An,Đồng An Diệu Trí,ex:monk/dong_an_dieu_tri,3
Hòa An,Trừng Kệ Tôn Thắng,ex:monk/trung_ke_ton_thang,3
Hòa An,Tâm Niệm Từ Ý,ex:monk/tam_niem_tu_y,3
huyện Phú,Đồng An Diệu Trí,ex:monk/dong_an_dieu_tri,3
huyện Phú,Nguyên Định Đức Trì,ex:monk/nguyen_dinh_duc_tri,3
huyện Phú,Đạo Tâm Trung Hậu,ex:monk/dao_tam_trung_hau,3
Pháp Hội,Thị Hải Hạnh Sơn,ex:monk/thi_hai_hanh_son,3
Pháp Hội,Thị Hải Hành Sơn,ex:monk/thi_hai_hanh_son,3
Pháp Hội,Thị Uẩn Thuần Phong,ex:monk/thi_uan_thuan_phong,3
thôn Thanh,Đồng Mẫn Huệ Tánh,ex:monk/dong_man_hue_tanh,3
thôn Thanh,Toàn Nhâm Quán Thông,ex:monk/toan_nham_quan_thong,3
thôn Thanh,Tỳ Ni Đa Lưu Chi,ex:monk/ty_ni_da_luu_chi,3
tuổi thiếu,Như Đồng Đắc Quang,ex:monk/nhu_dong_dac_quang,3
tuổi thiếu,Như Hiền Chí Thiền,ex:monk/nhu_hien_chi_thien,3
tuổi thiếu,Trừng Hương Tịnh Hạnh,ex:monk/trung_huong_tinh_hanh,3
về sau,Hồng Tuyên Từ Thông,ex:monk/hong_tuyen_tu_thong,3
về sau,Đan Hà Phổ Nguyệt,ex:monk/dan_ha_pho_nguyet,3
về sau,Phật Tỉnh Từ Nghiêm,ex:monk/phat_tinh_tu_nghiem,3
Gò Vấp,Hồng Tòng Phổ Quảng,ex:monk/hong_tong_pho_quang,3
Gò Vấp,Tâm Như Trí Thủ,ex:monk/tam_nhu_tri_thu,3
Gò Vấp,Nguyên Trí Châu Toàn,ex:monk/nguyen_tri_chau_toan,3
Nam Kỳ,Như Hiền Chí Thiền,ex:monk/nhu_hien_chi_thien,3
Nam Kỳ,Tổ Đạt Trí Tâm,ex:monk/to_dat_tri_tam,3
Nam Kỳ,Tiên Giác Hải Tịnh,ex:monk/tien_giac_hai_tinh,3
trong và,Nhựt Bình Trí Tịnh,ex:monk/nhut_binh_tri_tinh,3
trong và,Tâm Ðăng Chơn Như,ex:monk/tam_ang_chon_nhu,3
trong và,Tâm Thật Thiện Châu,ex:monk/tam_that_thien_chau,3
Trung Kiên,Trừng Khiết Hưng Nghĩa,ex:monk/trung_khiet_hung_nghia,3
Trung Kiên,Tâm Như Trí Thủ,ex:monk/tam_nhu_tri_thu,3
Trung Kiên,Đạo Minh Phổ Tịnh,ex:monk/dao_minh_pho_tinh,3
Nam Thiên,Trừng Chiếu Từ Mãn,ex:monk/trung_chieu_tu_man,3
Nam Thiên,Tôn Giả Ca Na Đề Bà,ex:monk/ca_na_de_ba,3
Nam Thiên,Tôn Giả Ca Na Đề Bà,ex:monk/ca_na_de_ba,3
Sơn Long,Như Phụng Thiện Trì,ex:monk/nhu_phung_thien_tri,3
Sơn Long,Minh Hải Pháp Bảo,ex:monk/minh_hai_phap_bao,3
Sơn Long,Thiệt Đăng Bảo Quang,ex:monk/thiet_dang_bao_quang,3
một số,Nguyên Định Đức Trì,ex:monk/nguyen_dinh_duc_tri,3
một số,Nguyên Thuận Đức Tánh,ex:monk/nguyen_thuan_duc_tanh,3
một số,Trừng Nguyên Đôn Hậu,ex:monk/trung_nguyen_don_hau,3
đây không,Nguyên Định Đức Trì,ex:monk/nguyen_dinh_duc_tri,3
đây không,Thạch Liêm Đại Sán,ex:monk/thach_liem_dai_san,3
đây không,Tiên Đề Chơn Phẩm,ex:monk/tien_de_chon_pham,3
chùa Tra,Tâm Như Trí Thủ,ex:monk/tam_nhu_tri_thu,3
chùa Tra,Viên Thành Trừng Thông,ex:monk/vien_thanh_trung_thong,3
chùa Tra,Tâm Thọ Trí Giải,ex:monk/tam_tho_tri_giai,3
Mông Cổ,Tâm Như Trí Thủ,ex:monk/tam_nhu_tri_thu,3
Mông Cổ,Tâm Phật Thiện Siêu,ex:monk/tam_phat_thien_sieu,3
Mông Cổ,Trừng Nguyên Đôn Hậu,ex:monk/trung_nguyen_don_hau,3
đầu cho,Nguyên Tánh Đức Tâm,ex:monk/nguyen_tanh_duc_tam,3
đầu cho,Tâm Đạo Thanh Quang,ex:monk/tam_dao_thanh_quang,3
đầu cho,Toàn Ðịnh Bảo Tạng,ex:monk/toan_dinh_bao_tang,3
Trung phần,Nguyên Thuận Đức Tánh,ex:monk/nguyen_thuan_duc_tanh,3
Trung phần,Tâm Thái Thiện Trí,ex:monk/tam_thai_thien_tri,3
Trung phần,Tâm Phật Thiện Siêu,ex:monk/tam_phat_thien_sieu,3
của Phật,Tâm Tuệ Thanh Trí,ex:monk/tam_tue_thanh_tri,3
của Phật,Tuyết Phong Nghĩa Tồn,ex:monk/tuyet_phong_nghia_ton,3
của Phật,Tâm Thật Thiện Châu,ex:monk/tam_that_thien_chau,3
trong đạo,Nguyên Thiện Đạo Dung,ex:monk/nguyen_thien_dao_dung,3
trong đạo,TT Nguyên Chi Hạnh Minh,ex:monk/tt_nguyen_chi_hanh_minh,3
trong đạo,Thanh Y Giác Huệ,ex:monk/thanh_y_giac_hue,3
nhiều nơi,Tâm Phật Thiện Siêu,ex:monk/tam_phat_thien_sieu,3
nhiều nơi,Tâm Niệm Từ Ý,ex:monk/tam_niem_tu_y,3
nhiều nơi,Thủy Nguyệt Thông Giác,ex:monk/thuy_nguyet_thong_giac,3
lại trông,Tâm Đăng Trí Hiển,ex:monk/tam_dang_tri_hien,3
lại trông,Động Sơn Hiểu Thông,ex:monk/dong_son_hieu_thong,3
lại trông,Toàn Ðịnh Bảo Tạng,ex:monk/toan_dinh_bao_tang,3
Tam Phong,Lâm Tế Nghĩa Huyền,ex:monk/lam_te_nghia_huyen,3
Tam Phong,Bồ Đề Quang Dụng,ex:monk/lam_te_nghia_huyen,3
Tam Phong,Vân Cư Đạo Ưng,ex:monk/van_cu_dao_ung,3
một chỗ,Lâm Tế Nghĩa Huyền,ex:monk/lam_te_nghia_huyen,3
một chỗ,Bồ Đề Quang Dụng,ex:monk/lam_te_nghia_huyen,3
một chỗ,Tào Sơn Bổn Tịch,ex:monk/tao_son_bon_tich,3
Tăng đường,Lâm Tế Nghĩa Huyền,ex:monk/lam_te_nghia_huyen,3
Tăng đường,Bồ Đề Quang Dụng,ex:monk/lam_te_nghia_huyen,3
Tăng đường,Đại Bửu Kim Cang,ex:monk/dai_buu_kim_cang,3
chỗ chẳng,Lâm Tế Nghĩa Huyền,ex:monk/lam_te_nghia_huyen,3
chỗ chẳng,Bồ Đề Quang Dụng,ex:monk/lam_te_nghia_huyen,3
chỗ chẳng,Quan Âm Viện Nham Tuấn,ex:monk/quan_am_vien_nham_tuan,3
bên trong,Lâm Tế Nghĩa Huyền,ex:monk/lam_te_nghia_huyen,3
bên trong,Bồ Đề Quang Dụng,ex:monk/lam_te_nghia_huyen,3
bên trong,Tế Nhơn Hữu Bùi,ex:monk/te_nhon_huu_bui,3
lại tăng,Lâm Tế Nghĩa Huyền,ex:monk/lam_te_nghia_huyen,3
lại tăng,Bồ Đề Quang Dụng,ex:monk/lam_te_nghia_huyen,3
lại tăng,Bảo Phước Tùng Triển,ex:monk/bao_phuoc_tung_trien,3
tăng đường,Lâm Tế Nghĩa Huyền,ex:monk/lam_te_nghia_huyen,3
tăng đường,Bồ Đề Quang Dụng,ex:monk/lam_te_nghia_huyen,3
tăng đường,Tuyết Phong Nghĩa Tồn,ex:monk/tuyet_phong_nghia_ton,3
đây bao,Lâm Tế Nghĩa Huyền,ex:monk/lam_te_nghia_huyen,3
đây bao,Bồ Đề Quang Dụng,ex:monk/lam_te_nghia_huyen,3
đây bao,Dược Sơn Duy Nghiễm,ex:monk/duoc_son_duy_nghiem,3
trói,Lâm Tế Nghĩa Huyền,ex:monk/lam_te_nghia_huyen,3
trói,Bồ Đề Quang Dụng,ex:monk/lam_te_nghia_huyen,3
trói,Đức Sơn Tuyên Giám,ex:monk/duc_son_tuyen_giam,3
thì thế,Vân Cư Đạo Ưng,ex:monk/van_cu_dao_ung,3
thì thế,Đầu Tử Đại Đồng,ex:monk/dau_tu_dai_dong,3
thì thế,Đầu Tử Đại Đồng,ex:monk/dau_tu_dai_dong,3
Diệu Viên,Trừng Ninh Diệu Hương,ex:monk/trung_ninh_dieu_huong,3
Diệu Viên,Tâm Nguyệt Thể Yến,ex:monk/tam_nguyet_the_yen,3
Diệu Viên,Thanh Y Giác Huệ,ex:monk/thanh_y_giac_hue,3
gia quy,Thanh Thái Phước Chỉ,ex:monk/thanh_thai_phuoc_chi,3
gia quy,Trừng Huệ Giác Viên,ex:monk/trung_hue_giac_vien,3
gia quy,Toàn Ðịnh Bảo Tạng,ex:monk/toan_dinh_bao_tang,3
Nam Nhạc,Thạch Đầu Hy Thiên,ex:monk/thach_dau_hy_thien,3
Nam Nhạc,Phước Nghiêm Thẩm Thừa,ex:monk/phuoc_nghiem_tham_thua,3
Nam Nhạc,Kim Luân Khả Quán,ex:monk/kim_luan_kha_quan,3
Giang Lăng,Đàm Châu Đại Xuyên,ex:monk/dam_chau_dai_xuyen,3
Giang Lăng,Thiên Hoàng Đạo Ngộ,ex:monk/thien_hoang_dao_ngo,3
Giang Lăng,Thanh Bình Linh Tuân,ex:monk/thanh_binh_linh_tuan,3
góc Đông,Dược Sơn Duy Nghiễm,ex:monk/duoc_son_duy_nghiem,3
góc Đông,Quan Âm Viện Nham Tuấn,ex:monk/quan_am_vien_nham_tuan,3
góc Đông,An Quốc Hoằng Thao,ex:monk/an_quoc_hoang_thao,3
Dược Sơn,Dược Sơn Duy Nghiễm,ex:monk/duoc_son_duy_nghiem,3
Dược Sơn,Đại Hồng Khánh Dự,ex:monk/dai_hong_khanh_du,3
Dược Sơn,Vân Nham Đàm Thạnh,ex:monk/van_nham_dam_thanh,3
Hà Trung,Nguyên Thiều Thọ Tông,ex:monk/nguyen_thieu_tho_tong,3
Hà Trung,Minh Hải Pháp Bảo,ex:monk/minh_hai_phap_bao,3
Hà Trung,Thạch Liêm Đại Sán,ex:monk/thach_liem_dai_san,3
đây đã,Minh Hải Pháp Bảo,ex:monk/minh_hai_phap_bao,3
đây đã,Thị An Phước Bình,ex:monk/thi_an_phuoc_binh,3
đây đã,Ðồng Chánh Tịnh Giác,ex:monk/ong_chanh_tinh_giac,3
phía sau,Tổ Ấn Mật Hoằng,ex:monk/to_an_mat_hoang,3
phía sau,Thiệt Địa Pháp Ấn,ex:monk/thiet_dia_phap_an,3
phía sau,Tiên Đề Chơn Phẩm,ex:monk/tien_de_chon_pham,3
Diệu Pháp,Tâm Lượng Từ Mẫn,ex:monk/tam_luong_tu_man,3
Diệu Pháp,Trừng Kệ Tôn Thắng,ex:monk/trung_ke_ton_thang,3
Diệu Pháp,Tâm Hồng Từ Hương,ex:monk/tam_hong_tu_huong,3
Thiên Long,Tâm Niệm Từ Ý,ex:monk/tam_niem_tu_y,3
Thiên Long,Long Sách Đạo Phó,ex:monk/long_sach_dao_pho,3
Thiên Long,Thị Lạc Hưng Từ,ex:monk/thi_lac_hung_tu,3
Phương trượng,Tâm Niệm Từ Ý,ex:monk/tam_niem_tu_y,3
Phương trượng,Thị Huệ Bảo An,ex:monk/thi_hue_bao_an,3
Phương trượng,Tâm Giải Tương Ưng,ex:monk/tam_giai_tuong_ung,3
miền trung,Tâm Hồng Từ Hương,ex:monk/tam_hong_tu_huong,3
miền trung,Thiệt Uyên Chí Bảo,ex:monk/thiet_luong,3
miền trung,Thiệt Lương,ex:monk/thiet_luong,3
CÁT CHÂU,Cát Châu Sùng Ân,ex:monk/cat_chau_sung_an,3
CÁT CHÂU,Cát Châu Thu Sơn,ex:monk/cat_chau_thu_son,3
CÁT CHÂU,Cát Châu Hòa Sơn,ex:monk/cat_chau_hoa_son,3
Dĩnh Châu,Đại Dương Tuệ,ex:monk/dai_duong_tue,3
Dĩnh Châu,Hưng Dương Thanh Phẩu,ex:monk/hung_duong_thanh_phau,3
Dĩnh Châu,Đại Hồng Khánh Dự,ex:monk/dai_hong_khanh_du,3
sao mà,Phước Châu Ngưu Đầu Vi,ex:monk/phuoc_chau_nguu_dau_vi,3
sao mà,Trường Sanh Hạo Nhiên,ex:monk/truong_sanh_hao_nhien,3
sao mà,Huyền Sa Sư Bị,ex:monk/huyen_sa_su_bi,3
rồi,Đầu Tử Đại Đồng,ex:monk/dau_tu_dai_dong,3
rồi,Đầu Tử Đại Đồng,ex:monk/dau_tu_dai_dong,3
rồi,Thụy Nham Sư Ngạn,ex:monk/thuy_nham_su_ngan,3
miệng không,Hoằng Trí Chánh Giác,ex:monk/hoang_tri_chanh_giac,3
miệng không,Chân Yết Thanh Liễu,ex:monk/chan_yet_thanh_lieu,3
miệng không,Bắc Sơn Pháp Thông,ex:monk/bac_son_phap_thong,3
Tuyết Đậu,Tuyết Đậu Tự Tông,ex:monk/tuyet_dau_tu_tong,3
Tuyết Đậu,Tuyết Đậu Ðại Chứng,ex:monk/tuyet_dau_ai_chung,3
Tuyết Đậu,Tuyết Đậu Trí Giám,ex:monk/tuyet_dau_tri_giam,3
còn bé,Lạc Phổ Nguyên An,ex:monk/lac_pho_nguyen_an,3
còn bé,Cổ Sơn Thần Yến,ex:monk/co_son_than_yen,3
còn bé,Tào Sơn Bổn Tịch,ex:monk/tao_son_bon_tich,3
LẠC KINH,Thiều Sơn Hoàn Phổ,ex:monk/thieu_son_hoan_pho,3
LẠC KINH,Lạc Kinh Nam Viện,ex:monk/lac_kinh_nam_vien,3
LẠC KINH,Bạch Mã Độn Nho,ex:monk/bach_ma_don_nho,3
phương Nam,Long Sách Đạo Phó,ex:monk/long_sach_dao_pho,3
phương Nam,Đức Sơn Tuyên Giám,ex:monk/duc_son_tuyen_giam,3
phương Nam,Nam An Nham Tự Nghiêm,ex:monk/nam_an_nham_tu_nghiem,3
của Hòa,Trừng Khiết Như Như,ex:monk/trung_khiet_nhu_nhu,3
của Hòa,Phật Tỉnh Từ Nghiêm,ex:monk/phat_tinh_tu_nghiem,3
của Hòa,Thạch Liêm Đại Sán,ex:monk/thach_liem_dai_san,3
đổ nát,Quang Lư Như Như,ex:monk/quang_lu_nhu_nhu,3
đổ nát,Toàn Ðịnh Bảo Tạng,ex:monk/toan_dinh_bao_tang,3
đổ nát,Hạnh Đạo Chủng Hoa,ex:monk/hanh_dao_chung_hoa,3
Hòe Nhai,Quang Lư Như Như,ex:monk/quang_lu_nhu_nhu,3
Hòe Nhai,Từ Sơn Hành Nhất,ex:monk/tu_son_hanh_nhat,3
Hòe Nhai,Hải Điện Mật Đa,ex:monk/hai_dien_mat_da,3
của phái,Quang Lư Như Như,ex:monk/quang_lu_nhu_nhu,3
của phái,Tỳ Ni Đa Lưu Chi,ex:monk/ty_ni_da_luu_chi,3
của phái,Thanh Đàm Minh Chánh,ex:monk/thanh_dam_minh_chanh,3
chùa Hàm,Thiệt Diệu Liễu Quán,ex:monk/thiet_dieu_lieu_quan,3
chùa Hàm,Đạo Minh Phổ Tịnh,ex:monk/dao_minh_pho_tinh,3
chùa Hàm,Tánh Hoạt Huệ Cảnh,ex:monk/tanh_hoat_hue_canh,3
Hàm Long,Thiệt Diệu Liễu Quán,ex:monk/thiet_dieu_lieu_quan,3
Hàm Long,Đạo Minh Phổ Tịnh,ex:monk/dao_minh_pho_tinh,3
Hàm Long,Tánh Hoạt Huệ Cảnh,ex:monk/tanh_hoat_hue_canh,3
trên,Thiệt Diệu Liễu Quán,ex:monk/thiet_dieu_lieu_quan,3
trên,Đạo Tâm Trung Hậu,ex:monk/dao_tam_trung_hau,3
trên,Thạch Liêm Đại Sán,ex:monk/thach_liem_dai_san,3
để tu,Thiệt Diệu Liễu Quán,ex:monk/thiet_dieu_lieu_quan,3
để tu,Thiệt Địa Pháp Ấn,ex:monk/thiet_dia_phap_an,3
để tu,Bảo Chân,ex:monk/bao_chan,3
hiện nay,Tế Nhơn Hữu Bùi,ex:monk/te_nhon_huu_bui,3
hiện nay,Đại Bửu Kim Cang,ex:monk/dai_buu_kim_cang,3
hiện nay,Toàn Ðịnh Bảo Tạng,ex:monk/toan_dinh_bao_tang,3
Bà Rịa,Trừng Thủy Giác Nhiên,ex:monk/trung_thuy_giac_nhien,3
Bà Rịa,Đại Thông Chánh Niệm,ex:monk/dai_thong_chanh_niem,3
Bà Rịa,Hải Chánh Bảo Thanh,ex:monk/hai_chanh_bao_thanh,3
Hội Sơn,Tâm Ðăng Chơn Như,ex:monk/tam_ang_chon_nhu,3
Hội Sơn,Toàn Tánh Chánh Ðắc,ex:monk/toan_tanh_chanh_ac,3
Hội Sơn,Tiên Đề Chơn Phẩm,ex:monk/tien_de_chon_pham,3
chùa Hoa,Tâm Ðăng Chơn Như,ex:monk/tam_ang_chon_nhu,3
chùa Hoa,Kinh Triệu Hiện Tử,ex:monk/kinh_trieu_hien_tu,3
chùa Hoa,Hoa Nghiêm Hưu Tĩnh,ex:monk/hoa_nghiem_huu_tinh,3
Đại Việt,Tỳ Ni Đa Lưu Chi,ex:monk/ty_ni_da_luu_chi,3
Đại Việt,Thủy Nguyệt Thông Giác,ex:monk/thuy_nguyet_thong_giac,3
Đại Việt,Thạch Liêm Đại Sán,ex:monk/thach_liem_dai_san,3
trang nghiêm,Tỳ Ni Đa Lưu Chi,ex:monk/ty_ni_da_luu_chi,3
trang nghiêm,Phật Tỉnh Từ Nghiêm,ex:monk/phat_tinh_tu_nghiem,3
trang nghiêm,Chương Ðắc Trí Tập,ex:monk/chuong_ac_tri_tap,3
Từ Quang,Thiệt Uyên Chí Bảo,ex:monk/thiet_uyen_chi_bao,3
Từ Quang,Thị Trạm Hải Như,ex:monk/thi_tram_hai_nhu,3
Từ Quang,Thị Xuất Giác Huệ,ex:monk/thi_xuat_giac_hue,3
có một,Thiệt Uyên Chí Bảo,ex:monk/thiet_luong,3
có một,Thiệt Lương,ex:monk/thiet_luong,3
có một,Toàn Ðịnh Bảo Tạng,ex:monk/toan_dinh_bao_tang,3
mới được,Thiệt Địa Pháp Ấn,ex:monk/thiet_dia_phap_an,3
mới được,Toàn Ðịnh Bảo Tạng,ex:monk/toan_dinh_bao_tang,3
mới được,Tiên Thường Viên Trừng,ex:monk/tien_thuong_vien_trung,3
Quảng Phước,Phật Tỉnh Từ Nghiêm,ex:monk/phat_tinh_tu_nghiem,3
Quảng Phước,Thiệt Vinh Bửu Hạnh,ex:monk/thiet_vinh_buu_hanh,3
Quảng Phước,Quảng Phước Ðạo Cần,ex:monk/quang_phuoc_ao_can,3
Đông Lâm,Trừng Nguyên Chơn Như,ex:monk/trung_nguyen_chon_nhu,3
Đông Lâm,Tâm Ưng Đảnh Lễ,ex:monk/tam_ung_danh_le,3
Đông Lâm,Đông Lâm Thông Lý,ex:monk/dong_lam_thong_ly,3
về núi,Toàn Ðịnh Bảo Tạng,ex:monk/toan_dinh_bao_tang,3
về núi,Tông Diễn Chân Dung,ex:monk/tong_dien_chan_dung,3
về núi,Tánh Thông Giác Ngộ,ex:monk/tanh_thong_giac_ngo,3
Ấn Ðộ,Tôn Giả Ca Na Đề Bà,ex:monk/ca_na_de_ba,3
Ấn Ðộ,Tôn Giả Ca Na Đề Bà,ex:monk/ca_na_de_ba,3
Ấn Ðộ,Thị Huệ Bảo An,ex:monk/thi_hue_bao_an,3
vùng núi,Thanh Đàm Minh Chánh,ex:monk/thanh_dam_minh_chanh,3
vùng núi,Tánh Thông Giác Ngộ,ex:monk/tanh_thong_giac_ngo,3
vùng núi,Bảo Chân,ex:monk/bao_chan,3
chùa Nguyệt,Thanh Đàm Minh Chánh,ex:monk/thanh_dam_minh_chanh,3
chùa Nguyệt,Khoan Dực Thanh Lãng,ex:monk/khoan_duc_thanh_lang,3
chùa Nguyệt,Thanh Nguyên Minh Nam,ex:monk/thanh_nguyen_minh_nam,3
Tăng Già,Thị An Phước Bình,ex:monk/thi_an_phuoc_binh,3
Tăng Già,Ðồng Ðộ Tịnh Khiết,ex:monk/ong_o_tinh_khiet,3
Tăng Già,Ðồng Chánh Tịnh Giác,ex:monk/ong_chanh_tinh_giac,3
Bảo Tịnh,Thị Chí Phước Hộ,ex:monk/thi_chi_phuoc_ho,3
Bảo Tịnh,Thị Niệm Phước Ninh,ex:monk/thi_niem_phuoc_ninh,3
Bảo Tịnh,Thị Tín Phước Trí,ex:monk/thi_tin_phuoc_tri,3
núi Chứa,Hải Chánh Bảo Thanh,ex:monk/hai_chanh_bao_thanh,3
núi Chứa,Tánh Thông Giác Ngộ,ex:monk/tanh_thong_giac_ngo,3
núi Chứa,Bảo Chân,ex:monk/bao_chan,3
Vân Sơn,Hải Chánh Bảo Thanh,ex:monk/hai_chanh_bao_thanh,3
Vân Sơn,Tánh Thông Giác Ngộ,ex:monk/tanh_thong_giac_ngo,3
Vân Sơn,Bảo Chân,ex:monk/bao_chan,3
Long Bàn,Hải Chánh Bảo Thanh,ex:monk/hai_chanh_bao_thanh,3
Long Bàn,Tánh Thông Giác Ngộ,ex:monk/tanh_thong_giac_ngo,3
Long Bàn,Bảo Chân,ex:monk/bao_chan,3
chùa núi,Tánh Thông Giác Ngộ,ex:monk/tanh_thong_giac_ngo,3
chùa núi,Bảo Chân,ex:monk/bao_chan,3
chùa núi,Minh Hoàng Tử Dung,ex:monk/minh_hoang_tu_dung,3
chùa Tôn,Như Hiến Huệ Hựu,ex:monk/nhu_hien_hue_huu,3
chùa Tôn,Như Khanh Huệ Tiên,ex:monk/nhu_khanh_hue_tien,3
chùa Tôn,Như Trạch Huệ Lâm,ex:monk/nhu_trach_hue_lam,3
Minh Giác,Thị Nhật Hạnh Đạt,ex:monk/thi_nhat_hanh_dat,3
Minh Giác,Thị Tân  Huệ Từ,ex:monk/thi_tan_hue_tu,3
Minh Giác,Thị Thiện Đoan Nghiêm,ex:monk/thi_thien_doan_nghiem,3
đắc,Đại Huệ Tông Cảo,ex:monk/dai_hue_tong_cao,2
đắc,Tỳ Ni Đa Lưu Chi,ex:monk/ty_ni_da_luu_chi,2
Vân Môn,Đại Huệ Tông Cảo,ex:monk/dai_hue_tong_cao,2
Vân Môn,Vân Môn Linh Vận,ex:monk/van_mon_linh_van,2
Vân Cư,Đại Huệ Tông Cảo,ex:monk/dai_hue_tong_cao,2
Vân Cư,Động Sơn Hiểu Thông,ex:monk/dong_son_hieu_thong,2
đương thời,Đại Huệ Tông Cảo,ex:monk/dai_hue_tong_cao,2
đương thời,Thụy Nham Pháp Cung,ex:monk/thuy_nham_phap_cung,2
Phù Dung,Đại Huệ Tông Cảo,ex:monk/dai_hue_tong_cao,2
Phù Dung,Cư Sĩ Thái Phó Cao Thế Tắc,ex:monk/cu_si_thai_pho_cao_the_tac,2
Ngũ Tổ,Đại Huệ Tông Cảo,ex:monk/dai_hue_tong_cao,2
Ngũ Tổ,Đại Trí Tề Liên,ex:monk/dai_tri_te_lien,2
trong thất,Đại Huệ Tông Cảo,ex:monk/dai_hue_tong_cao,2
trong thất,Chân Yết Thanh Liễu,ex:monk/chan_yet_thanh_lieu,2
Chân Như,Đại Huệ Tông Cảo,ex:monk/dai_hue_tong_cao,2
Chân Như,Chân Như Ðạo Hội,ex:monk/chan_nhu_ao_hoi,2
ngộ của,Đại Huệ Tông Cảo,ex:monk/dai_hue_tong_cao,2
ngộ của,Ấn Thanh Chí Thành,ex:monk/an_thanh_chi_thanh,2
Sơn môn,Trừng Thành Giác Tiên,ex:monk/trung_thanh_giac_tien,2
Sơn môn,Nguyên Tánh Đức Tâm,ex:monk/nguyen_tanh_duc_tam,2
cuộc trùng,Trừng Thành Giác Tiên,ex:monk/trung_thanh_giac_tien,2
cuộc trùng,Tế Mẫn Tổ Huấn,ex:monk/te_man_to_huan,2
Dương Xuân,Trừng Thành Giác Tiên,ex:monk/trung_thanh_giac_tien,2
Dương Xuân,Thanh Vân Tâm Thành,ex:monk/thanh_van_tam_thanh,2
Thiếu Lâm,Trừng Thành Giác Tiên,ex:monk/trung_thanh_giac_tien,2
Thiếu Lâm,Đại Hồng Báo Ân,ex:monk/dai_hong_bao_an,2
bảo tháp,Tâm Chơn Mật Tín,ex:monk/tam_chon_mat_tin,2
bảo tháp,Chơn Cảnh Huệ Duyệt,ex:monk/chon_canh_hue_duyet,2
về Bình,Tâm Nhất Mật Thể,ex:monk/tam_nhat_mat_the,2
về Bình,Tổ Ấn Mật Hoằng,ex:monk/to_an_mat_hoang,2
Nghệ An,Tâm Nhất Mật Thể,ex:monk/tam_nhat_mat_the,2
Nghệ An,Trừng Dàn Bích Không,ex:monk/trung_dan_bich_khong,2
bị tàn,Tâm Như Mật Nguyện,ex:monk/tam_nhu_mat_nguyen,2
bị tàn,Phật Tuyết Tường Quang,ex:monk/phat_tuyet_tuong_quang,2
người đi,Tâm Như Mật Nguyện,ex:monk/tam_nhu_mat_nguyen,2
người đi,Tâm Tuệ Thanh Trí,ex:monk/tam_tue_thanh_tri,2
văn hóa,Tâm Như Mật Nguyện,ex:monk/tam_nhu_mat_nguyen,2
văn hóa,Trừng Hảo Diệu Không,ex:monk/trung_hao_dieu_khong,2
lại với,Tâm Như Mật Nguyện,ex:monk/tam_nhu_mat_nguyen,2
lại với,Thanh Tú Huệ Pháp,ex:monk/thanh_tu_hue_phap,2
lại một,Tâm Như Mật Nguyện,ex:monk/tam_nhu_mat_nguyen,2
lại một,Tâm Quang Chánh Pháp,ex:monk/tam_quang_chanh_phap,2
này hiện,Tâm Như Mật Nguyện,ex:monk/tam_nhu_mat_nguyen,2
này hiện,Hồng Tuyên Từ Thông,ex:monk/hong_tuyen_tu_thong,2
Tăng Ni,Tâm Như Mật Nguyện,ex:monk/tam_nhu_mat_nguyen,2
Tăng Ni,Tâm Thanh Chơn Nghiêm,ex:monk/tam_thanh_chon_nghiem,2
từ thiện,Tâm Như Mật Nguyện,ex:monk/tam_nhu_mat_nguyen,2
từ thiện,Trừng Thành Hướng Đạo,ex:monk/trung_thanh_huong_dao,2
chiền trên,Tâm Như Mật Nguyện,ex:monk/tam_nhu_mat_nguyen,2
chiền trên,Chơn Ngọc Long Trí,ex:monk/chon_ngoc_long_tri,2
về Nam,Trừng Diên Diệu Huệ,ex:monk/trung_dien_dieu_hue,2
về Nam,Nam An Nham Tự Nghiêm,ex:monk/nam_an_nham_tu_nghiem,2
Huế vào,Tâm Hương Mật Hiển,ex:monk/tam_huong_mat_hien,2
Huế vào,Chân Đạo Bích Phong,ex:monk/chan_dao_bich_phong,2
giữa là,Trừng Hảo Diệu Không,ex:monk/trung_hao_dieu_khong,2
giữa là,Chơn Luận Phước Huệ,ex:monk/chon_luan_phuoc_hue,2
Hồng Đức,Trừng Hảo Diệu Không,ex:monk/trung_hao_dieu_khong,2
Hồng Đức,Tâm Phật Thiện Siêu,ex:monk/tam_phat_thien_sieu,2
Huế do,Trừng Hảo Diệu Không,ex:monk/trung_hao_dieu_khong,2
Huế do,Chơn Luận Phước Huệ,ex:monk/chon_luan_phuoc_hue,2
hàng chót,Trừng Hảo Diệu Không,ex:monk/trung_hao_dieu_khong,2
hàng chót,Chơn Luận Phước Huệ,ex:monk/chon_luan_phuoc_hue,2
đầu như,Trừng Hảo Diệu Không,ex:monk/trung_hao_dieu_khong,2
đầu như,Chơn Luận Phước Huệ,ex:monk/chon_luan_phuoc_hue,2
Khải Ân,Trừng Hảo Diệu Không,ex:monk/trung_hao_dieu_khong,2
Khải Ân,Tâm Nguyệt Thể Yến,ex:monk/tam_nguyet_the_yen,2
khóa một,Trừng Hảo Diệu Không,ex:monk/trung_hao_dieu_khong,2
khóa một,Chơn Luận Phước Huệ,ex:monk/chon_luan_phuoc_hue,2
chùa Sài,Trừng Hảo Diệu Không,ex:monk/trung_hao_dieu_khong,2
chùa Sài,Chơn Luận Phước Huệ,ex:monk/chon_luan_phuoc_hue,2
dĩ Hòa,Trừng Hảo Diệu Không,ex:monk/trung_hao_dieu_khong,2
dĩ Hòa,Chơn Luận Phước Huệ,ex:monk/chon_luan_phuoc_hue,2
trụ nhi,Trừng Hảo Diệu Không,ex:monk/trung_hao_dieu_khong,2
trụ nhi,Chơn Luận Phước Huệ,ex:monk/chon_luan_phuoc_hue,2
cung đó,Trừng Hảo Diệu Không,ex:monk/trung_hao_dieu_khong,2
cung đó,Chơn Luận Phước Huệ,ex:monk/chon_luan_phuoc_hue,2
Bửu Quang,Trừng Hảo Diệu Không,ex:monk/trung_hao_dieu_khong,2
Bửu Quang,Chơn Luận Phước Huệ,ex:monk/chon_luan_phuoc_hue,2
ra xem,Trừng Hảo Diệu Không,ex:monk/trung_hao_dieu_khong,2
ra xem,Chơn Luận Phước Huệ,ex:monk/chon_luan_phuoc_hue,2
bật ra,Trừng Hảo Diệu Không,ex:monk/trung_hao_dieu_khong,2
bật ra,Chơn Luận Phước Huệ,ex:monk/chon_luan_phuoc_hue,2
được vì,Trừng Hảo Diệu Không,ex:monk/trung_hao_dieu_khong,2
được vì,Chơn Luận Phước Huệ,ex:monk/chon_luan_phuoc_hue,2
hộp trầm,Trừng Hảo Diệu Không,ex:monk/trung_hao_dieu_khong,2
hộp trầm,Chơn Luận Phước Huệ,ex:monk/chon_luan_phuoc_hue,2
Sài Sơn,Trừng Hảo Diệu Không,ex:monk/trung_hao_dieu_khong,2
Sài Sơn,Chơn Luận Phước Huệ,ex:monk/chon_luan_phuoc_hue,2
mãi mãi,Trừng Hảo Diệu Không,ex:monk/trung_hao_dieu_khong,2
mãi mãi,Chơn Luận Phước Huệ,ex:monk/chon_luan_phuoc_hue,2
vâng,Trừng Hảo Diệu Không,ex:monk/trung_hao_dieu_khong,2
vâng,Chơn Luận Phước Huệ,ex:monk/chon_luan_phuoc_hue,2
đầu là,Trừng Hảo Diệu Không,ex:monk/trung_hao_dieu_khong,2
đầu là,Chơn Luận Phước Huệ,ex:monk/chon_luan_phuoc_hue,2
Hội Ninh,Trừng Hảo Diệu Không,ex:monk/trung_hao_dieu_khong,2
Hội Ninh,Chơn Luận Phước Huệ,ex:monk/chon_luan_phuoc_hue,2
các lăng,Trừng Hảo Diệu Không,ex:monk/trung_hao_dieu_khong,2
các lăng,Chơn Luận Phước Huệ,ex:monk/chon_luan_phuoc_hue,2
Pháp,Trừng Hảo Diệu Không,ex:monk/trung_hao_dieu_khong,2
Pháp,Tâm Thật Thiện Châu,ex:monk/tam_that_thien_chau,2
làng Liễu,Trừng Hảo Diệu Không,ex:monk/trung_hao_dieu_khong,2
làng Liễu,Chơn Luận Phước Huệ,ex:monk/chon_luan_phuoc_hue,2
có mang,Trừng Hảo Diệu Không,ex:monk/trung_hao_dieu_khong,2
có mang,Chơn Luận Phước Huệ,ex:monk/chon_luan_phuoc_hue,2
Thủ Dầu,Tâm Thanh Tịch Tràng,ex:monk/tam_thanh_tich_trang,2
Thủ Dầu,Chơn Thanh Từ Văn,ex:monk/chon_thanh_tu_van,2
học,Phù Dung Đạo Giai,ex:monk/phu_dung_dao_giai,2
học,Ngộ Tánh Phước Huệ,ex:monk/ngo_tanh_phuoc_hue,2
Phổ Hiền,Phổ Hiền Thiện Tú,ex:monk/pho_hien_thien_tu,2
Phổ Hiền,Tâm Thanh Chơn Nghiêm,ex:monk/tam_thanh_chon_nghiem,2
thời kiếp,Lộc Môn Pháp Ðăng,ex:monk/loc_mon_phap_ang,2
thời kiếp,Hương Sơn Pháp Thành,ex:monk/huong_son_phap_thanh,2
Thành Đô,Lộc Môn Pháp Ðăng,ex:monk/loc_mon_phap_ang,2
Thành Đô,Đại Trí Tề Liên,ex:monk/dai_tri_te_lien,2
Thụy Châu,Động Sơn Ðạo Vi,ex:monk/dong_son_ao_vi,2
Thụy Châu,Động Sơn Hiểu Thông,ex:monk/dong_son_hieu_thong,2
tại Tây,Đại Trí Tề Liên,ex:monk/dai_tri_te_lien,2
tại Tây,Trừng Nguyên Đôn Hậu,ex:monk/trung_nguyen_don_hau,2
Bách Trượng,Đại Trí Tề Liên,ex:monk/dai_tri_te_lien,2
Bách Trượng,Vân Nham Đàm Thạnh,ex:monk/van_nham_dam_thanh,2
Thái Châu,Thiều Châu Hy Bô,ex:monk/thieu_chau_hy_bo,2
Thái Châu,Quảng Phước Ðạo Cần,ex:monk/quang_phuoc_ao_can,2
Đặng Châu,Đơn Hà Tử Thuần,ex:monk/don_ha_tu_thuan,2
Đặng Châu,Đan Hà Phổ Nguyệt,ex:monk/dan_ha_pho_nguyet,2
Nhữ Châu,Hương Sơn Pháp Thành,ex:monk/huong_son_phap_thanh,2
Nhữ Châu,Hoằng Trí Chánh Giác,ex:monk/hoang_tri_chanh_giac,2
Lặc Đàm,Bảo Phong Duy Chiếu,ex:monk/bao_phong_duy_chieu,2
Lặc Đàm,Động Sơn Lương Giới,ex:monk/dong_son_luong_gioi,2
thiên,Cư Sĩ Thanh Phước Điềm Tịnh,ex:monk/cu_si_thanh_phuoc_diem_tinh,2
thiên,Dược Sơn Duy Nghiễm,ex:monk/duoc_son_duy_nghiem,2
phía tay,Hải Thiệu Cương Kỷ,ex:monk/hai_thieu_cuong_ky,2
phía tay,Tánh Thiên Nhất Định,ex:monk/tanh_thien_nhat_dinh,2
Cung Giám,Hải Thiệu Cương Kỷ,ex:monk/hai_thieu_cuong_ky,2
Cung Giám,Tánh Thiên Nhất Định,ex:monk/tanh_thien_nhat_dinh,2
làng Giạ,Thanh Thái Huệ Minh,ex:monk/thanh_thai_hue_minh,2
làng Giạ,Tâm Giải Tương Ưng,ex:monk/tam_giai_tuong_ung,2
Từ Minh,Đồng Điểm Minh Thành,ex:monk/dong_diem_minh_thanh,2
Từ Minh,Thị Châu Minh Nghĩa,ex:monk/thi_chau_minh_nghia,2
đứt quãng,Đồng Thiện Thiện Ân,ex:monk/dd_dong_thien_thien_an,2
đứt quãng,ĐĐ Đồng Thiện Thiện Ân,ex:monk/dd_dong_thien_thien_an,2
về thu,Đồng Thiện Thiện Ân,ex:monk/dd_dong_thien_thien_an,2
về thu,ĐĐ Đồng Thiện Thiện Ân,ex:monk/dd_dong_thien_thien_an,2
An Dưỡng,Đồng Thiện Thiện Ân,ex:monk/dd_dong_thien_thien_an,2
An Dưỡng,ĐĐ Đồng Thiện Thiện Ân,ex:monk/dd_dong_thien_thien_an,2
Tân Quý,Đồng Thiện Thiện Ân,ex:monk/dd_dong_thien_thien_an,2
Tân Quý,ĐĐ Đồng Thiện Thiện Ân,ex:monk/dd_dong_thien_thien_an,2
bắn giết,Đồng Thiện Thiện Ân,ex:monk/dd_dong_thien_thien_an,2
bắn giết,ĐĐ Đồng Thiện Thiện Ân,ex:monk/dd_dong_thien_thien_an,2
đi bệnh,Đồng Thiện Thiện Ân,ex:monk/dd_dong_thien_thien_an,2
đi bệnh,ĐĐ Đồng Thiện Thiện Ân,ex:monk/dd_dong_thien_thien_an,2
mắt nhìn,Đồng Thiện Thiện Ân,ex:monk/dd_dong_thien_thien_an,2
mắt nhìn,ĐĐ Đồng Thiện Thiện Ân,ex:monk/dd_dong_thien_thien_an,2
học đạo,Đồng Thiện Thiện Ân,ex:monk/dd_dong_thien_thien_an,2
học đạo,ĐĐ Đồng Thiện Thiện Ân,ex:monk/dd_dong_thien_thien_an,2
Vạn Hạnh,Đồng Thiện Thiện Ân,ex:monk/dd_dong_thien_thien_an,2
Vạn Hạnh,ĐĐ Đồng Thiện Thiện Ân,ex:monk/dd_dong_thien_thien_an,2
Tăng xá,Đồng Thiện Thiện Ân,ex:monk/dd_dong_thien_thien_an,2
Tăng xá,ĐĐ Đồng Thiện Thiện Ân,ex:monk/dd_dong_thien_thien_an,2
to như,Đồng Thiện Thiện Ân,ex:monk/dd_dong_thien_thien_an,2
to như,ĐĐ Đồng Thiện Thiện Ân,ex:monk/dd_dong_thien_thien_an,2
tỉnh hội,Thị Năng Trí Hữu,ex:monk/thi_nang_tri_huu,2
tỉnh hội,Nguyên Phước Quang Thể,ex:monk/nguyen_phuoc_quang_the,2
các trú,Thị Năng Trí Hữu,ex:monk/thi_nang_tri_huu,2
các trú,Như Quang Trí Minh,ex:monk/nhu_quang_tri_minh,2
Thánh Đức,Thị Năng Trí Hữu,ex:monk/thi_nang_tri_huu,2
Thánh Đức,Như Nhàn Trí Giác,ex:monk/nhu_nhan_tri_giac,2
làng Hòa,Đồng Nguyện Thiện Nguyện,ex:monk/dong_nguyen_thien_nguyen,2
làng Hòa,Chơn Tá Tôn Bảo,ex:monk/chon_ta_ton_bao,2
lớn nhất,Đồng Nguyện Thiện Nguyện,ex:monk/dong_nguyen_thien_nguyen,2
lớn nhất,Tế Hiệp Hải Điện,ex:monk/te_hiep_hai_dien,2
cầu,Đồng Nguyện Thiện Nguyện,ex:monk/dong_nguyen_thien_nguyen,2
cầu,Hải Thuận Lương Duyên,ex:monk/hai_thuan_luong_duyen,2
nặng,Đồng Nguyện Thiện Nguyện,ex:monk/dong_nguyen_thien_nguyen,2
nặng,TT Tâm Chí Tịnh Hạnh,ex:monk/tt_tam_chi_tinh_hanh,2
đại hội,Đồng Nguyện Thiện Nguyện,ex:monk/dong_nguyen_thien_nguyen,2
đại hội,Chơn Miên Trí Hưng,ex:monk/chon_mien_tri_hung,2
Vân Long,Đồng Nguyện Thiện Nguyện,ex:monk/dong_nguyen_thien_nguyen,2
Vân Long,Ấn Lan Từ Trí,ex:monk/an_lan_tu_tri,2
đời và,Đồng Trí Bảo Huệ,ex:monk/dong_tri_bao_hue,2
đời và,Thiệt Diệu Liễu Quán,ex:monk/thiet_dieu_lieu_quan,2
xã Đại,Như Hữu Viên Thuận,ex:monk/nhu_huu_vien_thuan,2
xã Đại,Như Thọ Bửu Lâm,ex:monk/nhu_tho_buu_lam,2
Gia đình,Chơn Ngọc Long Trí,ex:monk/chon_ngoc_long_tri,2
Gia đình,Tâm Thật Thiện Châu,ex:monk/tam_that_thien_chau,2
Lâm Đồng,Chơn Ngọc Long Trí,ex:monk/chon_ngoc_long_tri,2
Lâm Đồng,Như Hường Thọ Minh,ex:monk/nhu_huong_tho_minh,2
của một,Chơn Chứng Thiện Quả,ex:monk/chon_chung_thien_qua,2
của một,Tỳ Ni Đa Lưu Chi,ex:monk/ty_ni_da_luu_chi,2
Huế như,Trừng Thông Tịnh Khiết,ex:monk/trung_thong_tinh_khiet,2
Huế như,Như Đồng Đắc Quang,ex:monk/nhu_dong_dac_quang,2
Vỹ Dạ,Trừng Thông Tịnh Khiết,ex:monk/trung_thong_tinh_khiet,2
Vỹ Dạ,Tâm Đăng Trí Hiển,ex:monk/tam_dang_tri_hien,2
đích thực,Trừng Thông Tịnh Khiết,ex:monk/trung_thong_tinh_khiet,2
đích thực,Trừng Thủy Giác Nhiên,ex:monk/trung_thuy_giac_nhien,2
tháp,Trừng Thông Tịnh Khiết,ex:monk/trung_thong_tinh_khiet,2
tháp,Trừng Thủy Giác Nhiên,ex:monk/trung_thuy_giac_nhien,2
tại Tổ,Trừng Thông Tịnh Khiết,ex:monk/trung_thong_tinh_khiet,2
tại Tổ,Tâm Đạo Thanh Quang,ex:monk/tam_dao_thanh_quang,2
nhỏ thường,Tâm Minh Chơn Thiệt,ex:monk/tam_minh_chon_thiet,2
nhỏ thường,Nguyên Không Từ Phương,ex:monk/nguyen_khong_tu_phuong,2
thấy một,Tâm Quang Chánh Pháp,ex:monk/tam_quang_chanh_phap,2
thấy một,Thủy Nguyệt Thông Giác,ex:monk/thuy_nguyet_thong_giac,2
trường Quốc,Tâm Quang Chánh Pháp,ex:monk/tam_quang_chanh_phap,2
trường Quốc,Thạch Liêm Đại Sán,ex:monk/thach_liem_dai_san,2
Xuân Tây,Tâm Quang Chánh Pháp,ex:monk/tam_quang_chanh_phap,2
Xuân Tây,Thanh Thái Phước Chỉ,ex:monk/thanh_thai_phuoc_chi,2
chùa được,Tâm Quang Chánh Pháp,ex:monk/tam_quang_chanh_phap,2
chùa được,Toàn Ðịnh Bảo Tạng,ex:monk/toan_dinh_bao_tang,2
lại Tổ,Tâm Quang Chánh Pháp,ex:monk/tam_quang_chanh_phap,2
lại Tổ,Tâm Lễ Chánh Kiến,ex:monk/tam_le_chanh_kien,2
cổ kính,Tâm Quang Chánh Pháp,ex:monk/tam_quang_chanh_phap,2
cổ kính,Trừng Thủy Giác Nhiên,ex:monk/trung_thuy_giac_nhien,2
này là,Tâm Quang Chánh Pháp,ex:monk/tam_quang_chanh_phap,2
này là,Thanh Nguyên Minh Nam,ex:monk/thanh_nguyen_minh_nam,2
ngày thêm,Tâm Quang Chánh Pháp,ex:monk/tam_quang_chanh_phap,2
ngày thêm,Tâm Tuệ Thiện Giải,ex:monk/tam_tue_thien_giai,2
chùa Xuân,Tâm Quang Chánh Pháp,ex:monk/tam_quang_chanh_phap,2
chùa Xuân,Thanh Thái Phước Chỉ,ex:monk/thanh_thai_phuoc_chi,2
Bảo Quốc,Tâm Quang Chánh Pháp,ex:monk/tam_quang_chanh_phap,2
Bảo Quốc,Như Trung Phước Hậu,ex:monk/nhu_trung_phuoc_hau,2
huyện Quảng,Tâm Thanh Chơn Hiền,ex:monk/tam_thanh_chon_hien,2
huyện Quảng,Tâm Thông Quảng Huệ,ex:monk/tam_thong_quang_hue,2
Thần Phù,Tâm Thanh Chơn Hiền,ex:monk/tam_thanh_chon_hien,2
Thần Phù,Tâm Phổ Thiện Lộc,ex:monk/tam_pho_thien_loc,2
Châu Phong,Tâm Quang Đàm Minh,ex:monk/tam_quang_dam_minh,2
Châu Phong,Trừng Kệ Tôn Thắng,ex:monk/trung_ke_ton_thang,2
về ngôi,Tâm Quang Đàm Minh,ex:monk/tam_quang_dam_minh,2
về ngôi,Hạnh Đạo Chủng Hoa,ex:monk/hanh_dao_chung_hoa,2
thành trụ,Tâm Quang Đàm Minh,ex:monk/tam_quang_dam_minh,2
thành trụ,Trừng Chiếu Từ Mãn,ex:monk/trung_chieu_tu_man,2
quận Bình,Tâm Quang Đàm Minh,ex:monk/tam_quang_dam_minh,2
quận Bình,Như Hạnh Huyền Thâm,ex:monk/nhu_hanh_huyen_tham,2
vật chất,Tâm Quang Đàm Minh,ex:monk/tam_quang_dam_minh,2
vật chất,Tâm Cảnh Giác Hạnh,ex:monk/tam_canh_giac_hanh,2
Vạn Đức,Thị Đản Hạnh Châu,ex:monk/thi_dan_hanh_chau,2
Vạn Đức,Thiệt Uyên Chí Bảo,ex:monk/thiet_uyen_chi_bao,2
Hải ngoại,Như Huệ Trí Thông,ex:monk/nhu_hue_tri_thong,2
Hải ngoại,Tâm Thật Thiện Châu,ex:monk/tam_that_thien_chau,2
được khánh,Như Huệ Trí Thông,ex:monk/nhu_hue_tri_thong,2
được khánh,Như Hiền Chí Thiền,ex:monk/nhu_hien_chi_thien,2
cũng chỉ,Như Huệ Trí Thông,ex:monk/nhu_hue_tri_thong,2
cũng chỉ,Hồng Tuyên Từ Thông,ex:monk/hong_tuyen_tu_thong,2
vào ngày,Như Huệ Trí Thông,ex:monk/nhu_hue_tri_thong,2
vào ngày,Thiên Ân,ex:monk/thien_an,2
Bửu Lâm,Như Quang Trí Minh,ex:monk/nhu_quang_tri_minh,2
Bửu Lâm,Nguyên Minh Huyền Giác,ex:monk/nguyen_minh_huyen_giac,2
tại quê,Như Nhàn Trí Giác,ex:monk/nhu_nhan_tri_giac,2
tại quê,Tâm Thanh Chơn Nghiêm,ex:monk/tam_thanh_chon_nghiem,2
Hội Phật,Như Nhàn Trí Giác,ex:monk/nhu_nhan_tri_giac,2
Hội Phật,Chân Đạo Bích Phong,ex:monk/chan_dao_bich_phong,2
Nghĩa Trũng,Như Nhàn Trí Giác,ex:monk/nhu_nhan_tri_giac,2
Nghĩa Trũng,Chơn Giác Long Hải,ex:monk/chon_giac_long_hai,2
cửa chánh,Như Nhàn Trí Giác,ex:monk/nhu_nhan_tri_giac,2
cửa chánh,Ấn Nghiêm Phổ Thoại,ex:monk/an_nghiem_pho_thoai,2
và từng,Như Sum Giác Trí,ex:monk/nhu_sum_giac_tri,2
và từng,Như Sum Giác Trí,ex:monk/nhu_sum_giac_tri,2
Tây Hồ,Như Sum Giác Trí,ex:monk/nhu_sum_giac_tri,2
Tây Hồ,Như Sum Giác Trí,ex:monk/nhu_sum_giac_tri,2
Đông Hải,Như Sum Giác Trí,ex:monk/nhu_sum_giac_tri,2
Đông Hải,Như Sum Giác Trí,ex:monk/nhu_sum_giac_tri,2
thôn Lương,Chơn Cảnh Trí Thắng,ex:monk/chon_canh_tri_thang,2
thôn Lương,Toàn Thể Linh Nguyên,ex:monk/toan_the_linh_nguyen,2
Bát,Chơn Cảnh Trí Thắng,ex:monk/chon_canh_tri_thang,2
Bát,Bát Nhã Tùng Tấn,ex:monk/bat_nha_tung_tan,2
Ðồng Ðế,Chơn Cảnh Trí Thắng,ex:monk/chon_canh_tri_thang,2
Ðồng Ðế,Ðồng Kỉnh Tín Quả,ex:monk/ong_kinh_tin_qua,2
Trường Thọ,Chơn Cảnh Trí Thắng,ex:monk/chon_canh_tri_thang,2
Trường Thọ,Thạch Liêm Đại Sán,ex:monk/thach_liem_dai_san,2
Trùng Khánh,Chơn Cảnh Trí Thắng,ex:monk/chon_canh_tri_thang,2
Trùng Khánh,Như Thọ Huyền Tân,ex:monk/nhu_tho_huyen_tan,2
Thiên Tôn,Ấn Bính Phổ Bảo,ex:monk/an_binh_pho_bao,2
Thiên Tôn,Thị Lạc Hưng Từ,ex:monk/thi_lac_hung_tu,2
Ta Bà,Ấn Bính Phổ Bảo,ex:monk/an_binh_pho_bao,2
Ta Bà,Phật Ý Linh Nhạc,ex:monk/phat_y_linh_nhac,2
Hòa thượng,Ấn Bính Phổ Bảo,ex:monk/an_binh_pho_bao,2
Hòa thượng,Như Phụng Thiện Trì,ex:monk/nhu_phung_thien_tri,2
Pháp Hoa,Chơn Trừng Hưng Duyên,ex:monk/chon_trung_hung_duyen,2
Pháp Hoa,Như Tấn Huệ Minh,ex:monk/nhu_tan_hue_minh,2
phía trên,Ấn Lan Từ Trí,ex:monk/an_lan_tu_tri,2
phía trên,Tỳ Ni Đa Lưu Chi,ex:monk/ty_ni_da_luu_chi,2
Ứng Chơn,Ấn Lan Từ Trí,ex:monk/an_lan_tu_tri,2
Ứng Chơn,Tiên Thường Viên Trừng,ex:monk/tien_thuong_vien_trung,2
đầu,Ấn Lan Từ Trí,ex:monk/an_lan_tu_tri,2
đầu,Nguyên Thiều Thọ Tông,ex:monk/nguyen_thieu_tho_tong,2
Ngũ Hành,Ấn Lan Từ Trí,ex:monk/an_lan_tu_tri,2
Ngũ Hành,Tiên Thường Viên Trừng,ex:monk/tien_thuong_vien_trung,2
chính giữa,Ấn Lan Từ Trí,ex:monk/an_lan_tu_tri,2
chính giữa,Toàn Đức Hoằng Tông,ex:monk/toan_duc_hoang_tong,2
gọi là,Ấn Lan Từ Trí,ex:monk/an_lan_tu_tri,2
gọi là,Trừng Khiết Như Như,ex:monk/trung_khiet_nhu_nhu,2
đặt tên,Ấn Lan Từ Trí,ex:monk/an_lan_tu_tri,2
đặt tên,Thiệt Địa Pháp Ấn,ex:monk/thiet_dia_phap_an,2
Ba La,Ấn Bổn Vĩnh Gia,ex:monk/an_bon_vinh_gia,2
Ba La,Nguyên Tuyết Như Ý,ex:monk/nguyen_tuyet_nhu_y,2
Long Triều,Chơn Huệ Phổ Trí,ex:monk/chon_hue_pho_tri,2
Long Triều,Chơn Huệ Phổ Trí,ex:monk/chon_hue_pho_tri,2
vào ngày,Chơn Huệ Phổ Trí,ex:monk/chon_hue_pho_tri,2
vào ngày,Chơn Huệ Phổ Trí,ex:monk/chon_hue_pho_tri,2
Trúc Lâm,Chơn Chi Bảo Thọ,ex:monk/chon_chi_bao_tho,2
Trúc Lâm,Thị Trạm Hải Như,ex:monk/thi_tram_hai_nhu,2
Bửu Thuận,Chơn Trân Hoằng Hóa,ex:monk/chon_tran_hoang_hoa,2
Bửu Thuận,Chương Thái Quảng Liên,ex:monk/chuong_thai_quang_lien,2
Trân Bửu,Chơn Trân Hoằng Hóa,ex:monk/chon_tran_hoang_hoa,2
Trân Bửu,Chương Thái Quảng Liên,ex:monk/chuong_thai_quang_lien,2
Cẩm Bình,Thích Chơn Dung,ex:monk/thich_chon_dung,2
Cẩm Bình,Chương Tuấn Quảng Văn,ex:monk/chuong_tuan_quang_van,2
Diệu Giác,Thích Phổ Diệu,ex:monk/thich_pho_dieu,2
Diệu Giác,Pháp Ấn Quảng Độ,ex:monk/phap_an_quang_do,2
Diệu Giác,Thích Phổ Diệu,ex:monk/thich_pho_dieu,2
Diệu Giác,Phật Tuyết Tường Quang,ex:monk/phat_tuyet_tuong_quang,2
núi Ngự,Chơn Kim Pháp Lâm,ex:monk/chon_kim_phap_lam,2
núi Ngự,Ðồng Chơn Thông Niệm,ex:monk/ong_chon_thong_niem,2
Báo Ân,Chơn Hương Thiên Quang,ex:monk/chon_huong_thien_quang,2
Báo Ân,Trừng Nguyên Chơn Như,ex:monk/trung_nguyen_chon_nhu,2
thôn Vỹ,Chơn Tâm Pháp Thân,ex:monk/chon_tam_phap_than,2
thôn Vỹ,Ấn Thiên Huệ Nhãn,ex:monk/an_thien_hue_nhan,2
được triều,Ấn Tham Hoằng Phúc,ex:monk/an_tham_hoang_phuc,2
được triều,Hồng Tuyên Từ Thông,ex:monk/hong_tuyen_tu_thong,2
rộng già,Ấn Tham Hoằng Phúc,ex:monk/an_tham_hoang_phuc,2
rộng già,Chơn Tá Tôn Bảo,ex:monk/chon_ta_ton_bao,2
làng,Ấn Kim Hoằng Tịnh,ex:monk/an_kim_hoang_tinh,2
làng,Như Hiền Chí Thiền,ex:monk/nhu_hien_chi_thien,2
chùa Thạch,Ấn Lãnh Hoằng Thạc,ex:monk/an_lanh_hoang_thac,2
chùa Thạch,Chơn Miên Trí Hưng,ex:monk/chon_mien_tri_hung,2
về thôn,Sa Di Ni Ấn Thận Tổ Niệm,ex:monk/sa_di_ni_an_than_to_niem,2
về thôn,Chơn Sử Khánh Tín,ex:monk/chon_su_khanh_tin,2
An Long,Chơn Thuần Thiện Hòa,ex:monk/chon_thuan_thien_hoa,2
An Long,Như Dục Giác Định,ex:monk/nhu_duc_giac_dinh,2
Phật Đạo,Thích Chơn Túc,ex:monk/thich_chon_tuc,2
Phật Đạo,Như Cang Giải Hải,ex:monk/nhu_cang_giai_hai,2
thôn Lạc,Chương Đạo Quảng Viên,ex:monk/chuong_dao_quang_vien,2
thôn Lạc,Như Đàm Huệ Luận,ex:monk/nhu_dam_hue_luan,2
Tây An,Ấn Hồng Tổ Như,ex:monk/an_hong_to_nhu,2
Tây An,Tiên Giác Hải Tịnh,ex:monk/tien_giac_hai_tinh,2
nằm trong,Chơn Sử Khánh Tín,ex:monk/chon_su_khanh_tin,2
nằm trong,Trừng Dàn Bích Không,ex:monk/trung_dan_bich_khong,2
Linh Thứu,Chơn Trung Minh Ðức,ex:monk/chon_trung_minh_uc,2
Linh Thứu,Như Trực Vĩnh Châu,ex:monk/nhu_truc_vinh_chau,2
chùa Hòa,Chơn Miên Trí Hưng,ex:monk/chon_mien_tri_hung,2
chùa Hòa,Tâm Niệm Từ Ý,ex:monk/tam_niem_tu_y,2
làng Thạch,Chơn Miên Trí Hưng,ex:monk/chon_mien_tri_hung,2
làng Thạch,Trừng Kệ Tôn Thắng,ex:monk/trung_ke_ton_thang,2
làng Hương,Chơn Tá Tôn Bảo,ex:monk/chon_ta_ton_bao,2
làng Hương,Nguyên Nguyện Tâm Hướng,ex:monk/nguyen_nguyen_tam_huong,2
Bảo Thọ,Chơn Cảnh Huệ Duyệt,ex:monk/chon_canh_hue_duyet,2
Bảo Thọ,Nham Đầu Toàn Khoát,ex:monk/nham_dau_toan_khoat,2
làng Bảo,Chơn Cảnh Huệ Duyệt,ex:monk/chon_canh_hue_duyet,2
làng Bảo,Đồng Thanh Vị Thủy,ex:monk/dong_thanh_vi_thuy,2
Ngự chế,Chơn Quả Đương Như,ex:monk/chon_qua_duong_nhu,2
Ngự chế,Chơn Hương Đương Đạt,ex:monk/chon_huong_duong_dat,2
Tân Thành,Thích Đương Dung,ex:monk/chon_bang_hue_lien,2
Tân Thành,Chơn Bàng Huệ Liên,ex:monk/chon_bang_hue_lien,2
Bảo Thọ,Thích Đương Dung,ex:monk/chon_bang_hue_lien,2
Bảo Thọ,Chơn Bàng Huệ Liên,ex:monk/chon_bang_hue_lien,2
rộng Tòng,Chương An Quảng Khánh,ex:monk/chuong_an_quang_khanh,2
rộng Tòng,Toàn Ðịnh Bảo Tạng,ex:monk/toan_dinh_bao_tang,2
và có,Chơn Phong Chí Tâm,ex:monk/chon_phong_chi_tam,2
và có,Chơn Thật Chí Bảo,ex:monk/chon_phong_chi_tam,2
Phú An,Chơn Phong Chí Tâm,ex:monk/chon_phong_chi_tam,2
Phú An,Chơn Thật Chí Bảo,ex:monk/chon_phong_chi_tam,2
làng Kim,Ấn Nghiêm Phổ Thoại,ex:monk/an_nghiem_pho_thoai,2
làng Kim,Chơn Phát Long Tôn,ex:monk/chon_phat_long_ton,2
Kiến An,Chơn Ðiền Ðạo Phước,ex:monk/chon_dien_dao_phuoc,2
Kiến An,Chơn Ðiền Ðạo Phước,ex:monk/chon_ien_ao_phuoc,2
Quán Âm,Chơn Ðiền Ðạo Phước,ex:monk/chon_dien_dao_phuoc,2
Quán Âm,Chơn Ðiền Ðạo Phước,ex:monk/chon_ien_ao_phuoc,2
bang Texas,Chơn Ðiền Ðạo Phước,ex:monk/chon_dien_dao_phuoc,2
bang Texas,Chơn Ðiền Ðạo Phước,ex:monk/chon_ien_ao_phuoc,2
Nghĩa Trung,Chơn Đảnh Long Chương,ex:monk/chon_danh_long_chuong,2
Nghĩa Trung,Thị Sa Phước Huệ,ex:monk/thi_sa_phuoc_hue,2
Bình Thiên,Chơn Huy Long Quang,ex:monk/chon_huy_long_quang,2
Bình Thiên,Chơn Kim Bửu Liên,ex:monk/chon_kim_buu_lien,2
chùa tỉnh,Chơn Giác Long Hải,ex:monk/chon_giac_long_hai,2
chùa tỉnh,Trừng Chiếu Từ Mãn,ex:monk/trung_chieu_tu_man,2
bổn xã,Chơn Giác Long Hải,ex:monk/chon_giac_long_hai,2
bổn xã,Chơn Đỉnh Phước Thông,ex:monk/chon_dinh_phuoc_thong,2
suy tàn,Ấn Chiếu Đương Niệm,ex:monk/an_ngoc_huyen_chon,2
suy tàn,Ấn Ngọc Huyền Chơn,ex:monk/an_ngoc_huyen_chon,2
Vĩnh Phước,Ấn Phương Huệ Diệu,ex:monk/an_phuong_hue_dieu,2
Vĩnh Phước,Chương Lộc Chí Kiên,ex:monk/chuong_loc_chi_kien,2
chùa Cổ,Ấn Tâm Diệu Nghĩa,ex:monk/an_tam_dieu_nghia,2
chùa Cổ,Ấn Tâm Diệu Nghĩa,ex:monk/an_tam_dieu_nghia,2
chốn tổ,Chương Lý Trí Quang,ex:monk/chuong_ly_tri_quang,2
chốn tổ,Chương Lý Trí Quang,ex:monk/chuong_ly_tri_quang,2
chùa Đức,Chương Lý Trí Quang,ex:monk/chuong_ly_tri_quang,2
chùa Đức,Chương Lý Trí Quang,ex:monk/chuong_ly_tri_quang,2
chiêm bái,Chơn Trung Diệu Quang,ex:monk/chon_trung_dieu_quang,2
chiêm bái,Trừng Diên Hưng Phước,ex:monk/trung_dien_hung_phuoc,2
Mỹ Khê,Chơn Pháp Phước Trí,ex:monk/chon_phap_phuoc_tri,2
Mỹ Khê,Chơn Tư Phước Dư,ex:monk/chon_tu_phuoc_du,2
làng Lệ,Chơn Đỉnh Phước Thông,ex:monk/chon_dinh_phuoc_thong,2
làng Lệ,Nguyên Trí Châu Toàn,ex:monk/nguyen_tri_chau_toan,2
Tôn Tam,Chơn Đỉnh Phước Thông,ex:monk/chon_dinh_phuoc_thong,2
Tôn Tam,Như Trúc Trí Lâm,ex:monk/nhu_truc_tri_lam,2
làng Hải,Chơn Nhẫn Phước Điền,ex:monk/chon_nhan_phuoc_dien,2
làng Hải,Chơn Nhẫn Phước Điền,ex:monk/chon_nhan_phuoc_dien,2
thôn Hưng,Chơn Hương Chí Bảo,ex:monk/chon_huong_chi_bao,2
thôn Hưng,Như Hòa Tâm Ấn,ex:monk/nhu_hoa_tam_an,2
Quan Thánh,Ấn Triêm Từ Minh,ex:monk/an_triem_tu_minh,2
Quan Thánh,Thích Ấn Lực,ex:monk/an_triem_tu_minh,2
thành,Chân Đạo Bích Phong,ex:monk/chan_dao_bich_phong,2
thành,Phật Ý Linh Nhạc,ex:monk/phat_y_linh_nhac,2
thành giảng,Chân Đạo Bích Phong,ex:monk/chan_dao_bich_phong,2
thành giảng,Tâm Như Trí Thủ,ex:monk/tam_nhu_tri_thu,2
Huế một,Chân Đạo Bích Phong,ex:monk/chan_dao_bich_phong,2
Huế một,Chơn Diễn Phước Hậu,ex:monk/chon_dien_phuoc_hau,2
lại Huế,Ngộ Tánh Phước Huệ,ex:monk/ngo_tanh_phuoc_hue,2
lại Huế,Thiệt Diệu Liễu Quán,ex:monk/thiet_dieu_lieu_quan,2
Bích Khê,Không Tâm Trí Quảng,ex:monk/khong_tam_tri_quang,2
Bích Khê,Trừng Gia Hưng Mãn,ex:monk/trung_gia_hung_man,2
vào Nha,Trừng Dàn Bích Không,ex:monk/trung_dan_bich_khong,2
vào Nha,Tâm Giải Tương Ưng,ex:monk/tam_giai_tuong_ung,2
về đất,Trừng Dàn Bích Không,ex:monk/trung_dan_bich_khong,2
về đất,Tuyết Phong Nghĩa Tồn,ex:monk/tuyet_phong_nghia_ton,2
Kim Long,Trừng Dàn Bích Không,ex:monk/trung_dan_bich_khong,2
Kim Long,Thị Thọ Nhơn Hiền,ex:monk/thi_tho_nhon_hien,2
Hải Ấn,Trừng Dàn Bích Không,ex:monk/trung_dan_bich_khong,2
Hải Ấn,Như Hiền Chí Thiền,ex:monk/nhu_hien_chi_thien,2
Tịnh thất,Chơn An Chánh Liêm,ex:monk/chon_an_chanh_liem,2
Tịnh thất,TT Nguyên Minh Minh Đức,ex:monk/tt_nguyen_minh_minh_duc,2
làng Đạo,Chơn An Chánh Liêm,ex:monk/chon_an_chanh_liem,2
làng Đạo,Tâm Thái Thiện Trí,ex:monk/tam_thai_thien_tri,2
rộng cửa,Chơn An Chánh Liêm,ex:monk/chon_an_chanh_liem,2
rộng cửa,Động Sơn Lương Giới,ex:monk/dong_son_luong_gioi,2
làng Đại,Chơn An Chánh Liêm,ex:monk/chon_an_chanh_liem,2
làng Đại,Trừng Chiếu Từ Mãn,ex:monk/trung_chieu_tu_man,2
Tăng học,Chơn Phú Bích Lâm,ex:monk/chon_phu_bich_lam,2
Tăng học,Thị Khai Ðỗng Minh,ex:monk/thi_khai_ong_minh,2
Nghĩa Phương,Chơn Phú Bích Lâm,ex:monk/chon_phu_bich_lam,2
Nghĩa Phương,Chơn Phước Huệ Pháp,ex:monk/chon_phuoc_hue_phap,2
Phước Duyên,Chơn Phú Bích Lâm,ex:monk/chon_phu_bich_lam,2
Phước Duyên,Tâm Ưng Đảnh Lễ,ex:monk/tam_ung_danh_le,2
xã Lệ,Chơn Cang Phước Truyền,ex:monk/chon_cang_phuoc_truyen,2
xã Lệ,Chơn Tánh Phước Lợi,ex:monk/chon_tanh_phuoc_loi,2
Ninh Thuận,Như Thọ Huyền Tân,ex:monk/nhu_tho_huyen_tan,2
Ninh Thuận,Như Hương Huyền Tâm,ex:monk/nhu_huong_huyen_tam,2
Sùng Ân,Như Thọ Huyền Tân,ex:monk/nhu_tho_huyen_tan,2
Sùng Ân,Như Hương Huyền Tâm,ex:monk/nhu_huong_huyen_tam,2
Paris,Như Kế Huyền Vi,ex:monk/nhu_ke_huyen_vi,2
Paris,Tâm Thật Thiện Châu,ex:monk/tam_that_thien_chau,2
này được,Chơn Luận Phước Huệ,ex:monk/chon_luan_phuoc_hue,2
này được,Không Hoa Huệ Chiếu,ex:monk/khong_hoa_hue_chieu,2
Huế trong,Chơn Luận Phước Huệ,ex:monk/chon_luan_phuoc_hue,2
Huế trong,Tâm Đạo Thanh Quang,ex:monk/tam_dao_thanh_quang,2
ở các,Chơn Luận Phước Huệ,ex:monk/chon_luan_phuoc_hue,2
ở các,Tế Nhơn Hữu Bùi,ex:monk/te_nhon_huu_bui,2
Trung kỳ,Chơn Luận Phước Huệ,ex:monk/chon_luan_phuoc_hue,2
Trung kỳ,Trí Thuyên,ex:monk/tri_thuyen,2
ngôi tổ,Chơn Luận Phước Huệ,ex:monk/chon_luan_phuoc_hue,2
ngôi tổ,Ðồng Chơn Thông Niệm,ex:monk/ong_chon_thong_niem,2
để tôn,Chơn Luận Phước Huệ,ex:monk/chon_luan_phuoc_hue,2
để tôn,Tiên Đề Chơn Phẩm,ex:monk/tien_de_chon_pham,2
các huyện,Như Vạn Trí Phước,ex:monk/nhu_van_tri_phuoc,2
các huyện,Như Hường Thọ Minh,ex:monk/nhu_huong_tho_minh,2
về nhà,Như Vạn Trí Phước,ex:monk/nhu_van_tri_phuoc,2
về nhà,Nga Hồ Trí Phù,ex:monk/nga_ho_tri_phu,2
Chúc Thọ,Chơn Trừng Đạo Thanh,ex:monk/chon_trung_dao_thanh,2
Chúc Thọ,Tổ Đạt Trí Tâm,ex:monk/to_dat_tri_tam,2
trong huyện,Chơn Trừng Đạo Thanh,ex:monk/chon_trung_dao_thanh,2
trong huyện,Trừng San Hải Tuệ,ex:monk/trung_san_hai_tue,2
phương trượng,Như An Huyền Quang,ex:monk/nhu_an_huyen_quang,2
phương trượng,Huyền Sa Sư Bị,ex:monk/huyen_sa_su_bi,2
đây hoạt,Như Ðiền Huệ Chấn,ex:monk/nhu_dien_hue_chan,2
đây hoạt,Như Ðiền Huệ Chấn,ex:monk/nhu_ien_hue_chan,2
Khánh Hưng,Như Ðiền Huệ Chấn,ex:monk/nhu_dien_hue_chan,2
Khánh Hưng,Như Ðiền Huệ Chấn,ex:monk/nhu_ien_hue_chan,2
ngôi Quốc,Như Ðiền Huệ Chấn,ex:monk/nhu_dien_hue_chan,2
ngôi Quốc,Như Ðiền Huệ Chấn,ex:monk/nhu_ien_hue_chan,2
ngôi Tổ,Như Ðiền Huệ Chấn,ex:monk/nhu_dien_hue_chan,2
ngôi Tổ,Như Ðiền Huệ Chấn,ex:monk/nhu_ien_hue_chan,2
Phương Thảo,Như Ðiền Huệ Chấn,ex:monk/nhu_dien_hue_chan,2
Phương Thảo,Như Ðiền Huệ Chấn,ex:monk/nhu_ien_hue_chan,2
đại giới,Như Thùy Phước Hưng,ex:monk/nhu_thuy_phuoc_hung,2
đại giới,Đồng Thanh Vị Thủy,ex:monk/dong_thanh_vi_thuy,2
PHV Long,Như Thùy Phước Hưng,ex:monk/nhu_thuy_phuoc_hung,2
PHV Long,Tâm Đương Nhất Tâm,ex:monk/tam_duong_nhat_tam,2
PHV Hải,Như Thùy Phước Hưng,ex:monk/nhu_thuy_phuoc_hung,2
PHV Hải,Như Thanh Phước Lộc,ex:monk/nhu_thanh_phuoc_loc,2
chùa Liên,Như Phước Huyền Ý,ex:monk/nhu_phuoc_huyen_y,2
chùa Liên,Thiệt Úy Khánh Vân,ex:monk/thiet_uy_khanh_van,2
làng Hưng,Như Phước Huyền Ý,ex:monk/nhu_phuoc_huyen_y,2
làng Hưng,Như Ái Hoằng Thâm,ex:monk/nhu_ai_hoang_tham,2
nhiều lớp,Như Ðăng Trí Ðộ,ex:monk/nhu_ang_tri_o,2
nhiều lớp,Đồng An Diệu Trí,ex:monk/dong_an_dieu_tri,2
về phòng,Như Ðăng Trí Ðộ,ex:monk/nhu_ang_tri_o,2
về phòng,Tỳ Ni Đa Lưu Chi,ex:monk/ty_ni_da_luu_chi,2
Thanh Long,Như Ái Hoằng Thâm,ex:monk/nhu_ai_hoang_tham,2
Thanh Long,Đức Sơn Tuyên Giám,ex:monk/duc_son_tuyen_giam,2
chùa Hương,Như Ái Hoằng Thâm,ex:monk/nhu_ai_hoang_tham,2
chùa Hương,Thành Đẳng Minh Lượng,ex:monk/thanh_dang_minh_luong,2
Hương Quang,Như Ái Hoằng Thâm,ex:monk/nhu_ai_hoang_tham,2
Hương Quang,Không Hoa Huệ Chiếu,ex:monk/khong_hoa_hue_chieu,2
Mỹ và,Như Lễ Huyền Dung,ex:monk/nhu_le_huyen_dung,2
Mỹ và,Thiên Ân,ex:monk/thien_an,2
chùa Thạch,Chơn Giá Phước Lộc,ex:monk/chon_gia_phuoc_loc,2
chùa Thạch,Như Thông Tôn Nguyên,ex:monk/nhu_thong_ton_nguyen,2
trong làng,Như Đạt Hoằng Thâm,ex:monk/nhu_dat_hoang_tham,2
trong làng,Tế Pháp Chí Khả,ex:monk/te_phap_chi_kha,2
và làm,Không Tín Kế Châu,ex:monk/khong_tin_ke_chau,2
và làm,Thanh Thái Phước Chỉ,ex:monk/thanh_thai_phuoc_chi,2
trở thành,Không Tín Kế Châu,ex:monk/khong_tin_ke_chau,2
trở thành,Từ Sơn Hành Nhất,ex:monk/tu_son_hanh_nhat,2
các tự,Không Tín Kế Châu,ex:monk/khong_tin_ke_chau,2
các tự,Thiệt Địa Pháp Ấn,ex:monk/thiet_dia_phap_an,2
dang thì,Không Tín Kế Châu,ex:monk/khong_tin_ke_chau,2
dang thì,Ðồng Chơn Thông Niệm,ex:monk/ong_chon_thong_niem,2
Tây Sơn,Không Tín Kế Châu,ex:monk/khong_tin_ke_chau,2
Tây Sơn,Bạch Thủy Bổn Nhân,ex:monk/bach_thuy_bon_nhan,2
nên trang,Không Tín Kế Châu,ex:monk/khong_tin_ke_chau,2
nên trang,Hải Nhu Tín Nhậm,ex:monk/hai_nhu_tin_nham,2
tổ chức,Không Hoa Huệ Chiếu,ex:monk/khong_hoa_hue_chieu,2
tổ chức,Thành Đẳng Minh Lượng,ex:monk/thanh_dang_minh_luong,2
Qui Sơn,Không Hoa Huệ Chiếu,ex:monk/khong_hoa_hue_chieu,2
Qui Sơn,La Sơn Đạo Nhàn,ex:monk/la_son_dao_nhan,2
Đại học,Như Điển Trí Tâm,ex:monk/nhu_dien_tri_tam,2
Đại học,Đồng An Bảo Lạc,ex:monk/dong_an_bao_lac,2
tu viện,Như Điển Trí Tâm,ex:monk/nhu_dien_tri_tam,2
tu viện,TT Nguyên Cát Thiện Tường,ex:monk/tt_nguyen_cat_thien_tuong,2
thôn Tân,Như Tiến Quảng Hưng,ex:monk/nhu_tien_quang_hung,2
thôn Tân,Hồng Tòng Phổ Quảng,ex:monk/hong_tong_pho_quang,2
các địa,Như Niệm Bảo Toàn,ex:monk/nhu_niem_bao_toan,2
các địa,Phật Tuyết Tường Quang,ex:monk/phat_tuyet_tuong_quang,2
làng Đông,Như Phẩm Chủng Quang,ex:monk/nhu_pham_chung_quang,2
làng Đông,Tỳ Ni Đa Lưu Chi,ex:monk/ty_ni_da_luu_chi,2
chùa Linh,Như Luận Trí Thức,ex:monk/nhu_luan_tri_thuc,2
chùa Linh,Đồng Đạt Thanh An,ex:monk/dong_dat_thanh_an,2
PHV Giác,Thích Như Hiền,ex:monk/thich_nhu_hien,2
PHV Giác,Đồng Thanh Vị Thủy,ex:monk/dong_thanh_vi_thuy,2
Đại Ninh,Tâm Thanh Chơn Nghiêm,ex:monk/tam_thanh_chon_nghiem,2
Đại Ninh,Tâm Thanh Chơn Nghiêm,ex:monk/tam_thanh_chon_nghiem,2
Sài Gòn,Tâm Thanh Chơn Nghiêm,ex:monk/tam_thanh_chon_nghiem,2
Sài Gòn,Tâm Thanh Chơn Nghiêm,ex:monk/tam_thanh_chon_nghiem,2
thành điểm,Tâm Thanh Chơn Nghiêm,ex:monk/tam_thanh_chon_nghiem,2
thành điểm,Như Hiền Chí Thiền,ex:monk/nhu_hien_chi_thien,2
khang trang,Tâm Thanh Chơn Nghiêm,ex:monk/tam_thanh_chon_nghiem,2
khang trang,Thị Thiện Đoan Nghiêm,ex:monk/thi_thien_doan_nghiem,2
lại núi,Tâm Thanh Chơn Nghiêm,ex:monk/tam_thanh_chon_nghiem,2
lại núi,Hòa Sơn Vô Ân,ex:monk/hoa_son_vo_an,2
Minh Tịnh,Chơn Phước Huệ Pháp,ex:monk/chon_phuoc_hue_phap,2
Minh Tịnh,Thiệt Dinh Ân Triêm,ex:monk/thiet_dinh_an_triem,2
Cảnh Tiên,Chơn Phước Huệ Pháp,ex:monk/chon_phuoc_hue_phap,2
Cảnh Tiên,Chơn Quý Khánh Anh,ex:monk/chon_quy_khanh_anh,2
Phước Hậu,Chơn Quý Khánh Anh,ex:monk/chon_quy_khanh_anh,2
Phước Hậu,Thanh Từ,ex:monk/thanh_tu,2
đây để,Chơn Quý Khánh Anh,ex:monk/chon_quy_khanh_anh,2
đây để,Thanh Từ,ex:monk/thanh_tu,2
Giác Hoa,Chơn Quý Khánh Anh,ex:monk/chon_quy_khanh_anh,2
Giác Hoa,Như Hiền Chí Thiền,ex:monk/nhu_hien_chi_thien,2
Từ Tôn,Như Minh Tánh Tịnh,ex:monk/nhu_minh_tanh_tinh,2
Từ Tôn,Như Dục Giác Định,ex:monk/nhu_duc_giac_dinh,2
chùa Hà,Như Bút Tánh Châu,ex:monk/nhu_but_tanh_chau,2
chùa Hà,Nguyên Thiều Thọ Tông,ex:monk/nguyen_thieu_tho_tong,2
Long Phước,Như Bút Tánh Châu,ex:monk/nhu_but_tanh_chau,2
Long Phước,Chương Nghĩa Quảng Đàm,ex:monk/chuong_nghia_quang_dam,2
Hà Linh,Như Bút Tánh Châu,ex:monk/nhu_but_tanh_chau,2
Hà Linh,Thị Xuất  Huệ Quý,ex:monk/thi_xuat_hue_quy,2
chùa Dược,Như Quả Hoàn Tuyên,ex:monk/nhu_qua_hoan_tuyen,2
chùa Dược,TT Ðồng Viên Viên Ðức,ex:monk/tt_ong_vien_vien_uc,2
khối,Như Thông Huyền Ngộ,ex:monk/nhu_thong_huyen_ngo,2
khối,Toàn Ðịnh Bảo Tạng,ex:monk/toan_dinh_bao_tang,2
vào vùng,Như Thông Huyền Ngộ,ex:monk/nhu_thong_huyen_ngo,2
vào vùng,Toàn Ðịnh Bảo Tạng,ex:monk/toan_dinh_bao_tang,2
Quang Đức,Như Thông Huyền Ngộ,ex:monk/nhu_thong_huyen_ngo,2
Quang Đức,Toàn Ðịnh Bảo Tạng,ex:monk/toan_dinh_bao_tang,2
sân Vận,Như Thông Huyền Ngộ,ex:monk/nhu_thong_huyen_ngo,2
sân Vận,Toàn Ðịnh Bảo Tạng,ex:monk/toan_dinh_bao_tang,2
Chùa Quang,Như Thông Huyền Ngộ,ex:monk/nhu_thong_huyen_ngo,2
Chùa Quang,Toàn Ðịnh Bảo Tạng,ex:monk/toan_dinh_bao_tang,2
Hoài Nhơn,Như Thông Huyền Ngộ,ex:monk/nhu_thong_huyen_ngo,2
Hoài Nhơn,Toàn Ðịnh Bảo Tạng,ex:monk/toan_dinh_bao_tang,2
thôn Xuân,Như Hường Thọ Minh,ex:monk/nhu_huong_tho_minh,2
thôn Xuân,Tâm Khai Nhật Liên,ex:monk/tam_khai_nhat_lien,2
xã Hòa,Chơn Tập Phước Hải,ex:monk/chon_tap_phuoc_hai,2
xã Hòa,Như Thạnh  Huệ Châu,ex:monk/nhu_thanh_hue_chau,2
khuôn hội,Như Tín Giác Chánh,ex:monk/nhu_tin_giac_chanh,2
khuôn hội,Như Cẩm Giác Chơn,ex:monk/nhu_tin_giac_chanh,2
Sơn Quang,Như Tín Giác Chánh,ex:monk/nhu_cam_giac_chon,2
Sơn Quang,Như Cẩm Giác Chơn,ex:monk/nhu_cam_giac_chon,2
Bảo Quang,Như Vinh Giác Chương,ex:monk/nhu_vinh_giac_chuong,2
Bảo Quang,Như Đương Giác Tỉnh,ex:monk/nhu_duong_giac_tinh,2
chùa Huê,Chơn Thanh Từ Văn,ex:monk/chon_thanh_tu_van,2
chùa Huê,Ðồng Chánh Tịnh Như,ex:monk/ong_chanh_tinh_nhu,2
đường lối,Như Chánh Huyền Tấn,ex:monk/nhu_chanh_huyen_tan,2
đường lối,Tâm Như Trí Thủ,ex:monk/tam_nhu_tri_thu,2
Phật học,Đồng An Bảo Lạc,ex:monk/dong_an_bao_lac,2
Phật học,Đồng Thanh Vị Thủy,ex:monk/dong_thanh_vi_thuy,2
làng Nam,Thị Bình Diệu Khai,ex:monk/thi_binh_dieu_khai,2
làng Nam,Nguyên Minh Đức Thiệu,ex:monk/nguyen_minh_duc_thieu,2
đơn sơ,Đồng An Diệu Trí,ex:monk/dong_an_dieu_tri,2
đơn sơ,Nguyên Tánh Đức Tâm,ex:monk/nguyen_tanh_duc_tam,2
học của,Đồng An Diệu Trí,ex:monk/dong_an_dieu_tri,2
học của,Tâm Lượng Từ Mẫn,ex:monk/tam_luong_tu_man,2
Phú Sơn,Đồng Chơn Trí Viên,ex:monk/dong_chon_tri_vien,2
Phú Sơn,Thị Cang Trang Nghiêm,ex:monk/thi_cang_trang_nghiem,2
PHV Phổ,Đồng Giác Tịnh Giác,ex:monk/dong_giac_tinh_giac,2
PHV Phổ,Đồng Mẫn Huệ Tánh,ex:monk/dong_man_hue_tanh,2
Thọ Sơn,Thị Hải Hạnh Sơn,ex:monk/thi_hai_hanh_son,2
Thọ Sơn,Thị Hải Hành Sơn,ex:monk/thi_hai_hanh_son,2
"Viên 
Minh",Thị Hải Hạnh Sơn,ex:monk/thi_hai_hanh_son,2
"Viên 
Minh",Thị Hải Hành Sơn,ex:monk/thi_hai_hanh_son,2
Đại An,Thị Hải Hạnh Sơn,ex:monk/thi_hai_hanh_son,2
Đại An,Thị Hải Hành Sơn,ex:monk/thi_hai_hanh_son,2
chùa Xuân,Đồng Huy Pháp Độ,ex:monk/dong_huy_phap_do,2
chùa Xuân,Đồng Viễn Pháp Hoa,ex:monk/dong_vien_phap_hoa,2
chùa Ấn,Đồng Mẫn Huệ Tánh,ex:monk/dong_man_hue_tanh,2
chùa Ấn,Như Lâm Minh Trí,ex:monk/nhu_lam_minh_tri,2
chùa Sắc,Đồng Mẫn Huệ Tánh,ex:monk/dong_man_hue_tanh,2
chùa Sắc,Thị Trung Ngộ Thông,ex:monk/thi_trung_ngo_thong,2
Đà Nẵng,Đồng Mẫn Huệ Tánh,ex:monk/dong_man_hue_tanh,2
Đà Nẵng,Đồng Nguyện Bảo Tịnh,ex:monk/dong_nguyen_bao_tinh,2
Thiên Lộc,Thị Thuỷ Quảng Đức,ex:monk/thi_thuy_quang_duc,2
Thiên Lộc,TT Tâm Chí Tịnh Hạnh,ex:monk/tt_tam_chi_tinh_hanh,2
Chùa Linh,Thanh Tràng Như Tịnh,ex:monk/thanh_trang_nhu_tinh,2
Chùa Linh,Tâm Khai Nhật Liên,ex:monk/tam_khai_nhat_lien,2
ghi,Như Đồng Đắc Quang,ex:monk/nhu_dong_dac_quang,2
ghi,Tế Bổn Viên Thường,ex:monk/te_bon_vien_thuong,2
Tổ Đình,Như Đồng Đắc Quang,ex:monk/nhu_dong_dac_quang,2
Tổ Đình,Trừng Chiếu Từ Mãn,ex:monk/trung_chieu_tu_man,2
được tôn,Hồng Tuyên Từ Thông,ex:monk/hong_tuyen_tu_thong,2
được tôn,Toàn Ðịnh Bảo Tạng,ex:monk/toan_dinh_bao_tang,2
có tháp,Hồng Tuyên Từ Thông,ex:monk/hong_tuyen_tu_thong,2
có tháp,Nguyên Thiều Thọ Tông,ex:monk/nguyen_thieu_tho_tong,2
nhiều địa,Hồng Tuyên Từ Thông,ex:monk/hong_tuyen_tu_thong,2
nhiều địa,Minh Hải Pháp Bảo,ex:monk/minh_hai_phap_bao,2
chùa Trường,Hồng Tòng Phổ Quảng,ex:monk/hong_tong_pho_quang,2
chùa Trường,Thạch Liêm Đại Sán,ex:monk/thach_liem_dai_san,2
Linh Nguyên,Hồng Tòng Phổ Quảng,ex:monk/hong_tong_pho_quang,2
Linh Nguyên,Minh Phương Chơn Hương,ex:monk/minh_phuong_chon_huong,2
Trường Thạnh,Hồng Tòng Phổ Quảng,ex:monk/hong_tong_pho_quang,2
Trường Thạnh,Như Hiền Chí Thiền,ex:monk/nhu_hien_chi_thien,2
địa phận,Hồng Tòng Phổ Quảng,ex:monk/hong_tong_pho_quang,2
địa phận,Tế Hiệp Hải Điện,ex:monk/te_hiep_hai_dien,2
Bửu Sơn,Như Hiền Chí Thiền,ex:monk/nhu_hien_chi_thien,2
Bửu Sơn,Tâm Hòa Thiên Thái,ex:monk/tam_hoa_thien_thai,2
xong,Như Hiền Chí Thiền,ex:monk/nhu_hien_chi_thien,2
xong,Tông Diễn Chân Dung,ex:monk/tong_dien_chan_dung,2
Bảo An,Như Hiền Chí Thiền,ex:monk/nhu_hien_chi_thien,2
Bảo An,Hải Chánh Bảo Thanh,ex:monk/hai_chanh_bao_thanh,2
nổi tiếng,Như Hiền Chí Thiền,ex:monk/nhu_hien_chi_thien,2
nổi tiếng,Toàn Ðịnh Bảo Tạng,ex:monk/toan_dinh_bao_tang,2
lại cho,Như Hiền Chí Thiền,ex:monk/nhu_hien_chi_thien,2
lại cho,Trừng Huệ Giác Viên,ex:monk/trung_hue_giac_vien,2
xứ này,Như Hiền Chí Thiền,ex:monk/nhu_hien_chi_thien,2
xứ này,Thiệt Diệu Liễu Quán,ex:monk/thiet_dieu_lieu_quan,2
đầu của,Như Hiền Chí Thiền,ex:monk/nhu_hien_chi_thien,2
đầu của,Hộ Quốc Thủ Xướng,ex:monk/ho_quoc_thu_xuong,2
thành chốn,Như Hiền Chí Thiền,ex:monk/nhu_hien_chi_thien,2
thành chốn,Ðồng Chánh Tịnh Giác,ex:monk/ong_chanh_tinh_giac,2
thành bậc,Như Hiền Chí Thiền,ex:monk/nhu_hien_chi_thien,2
thành bậc,Phật Ý Linh Nhạc,ex:monk/phat_y_linh_nhac,2
am tranh,Như Hiền Chí Thiền,ex:monk/nhu_hien_chi_thien,2
am tranh,Tánh Chiếu Nhất Niệm,ex:monk/tanh_chieu_nhat_niem,2
đây chưa,Hoàng Lầu Diệu Tấn,ex:monk/hoang_lau_dieu_tan,2
đây chưa,Toàn Ðịnh Bảo Tạng,ex:monk/toan_dinh_bao_tang,2
sau chùa,Hồng Xứng Thiện Quang,ex:monk/hong_xung_thien_quang,2
sau chùa,Tỳ Ni Đa Lưu Chi,ex:monk/ty_ni_da_luu_chi,2
Vạn Linh,Hồng Xứng Thiện Quang,ex:monk/hong_xung_thien_quang,2
Vạn Linh,Nhựt Bình Trí Tịnh,ex:monk/nhut_binh_tri_tinh,2
về miền,Nhựt Bình Trí Tịnh,ex:monk/nhut_binh_tri_tinh,2
về miền,Tâm Hồng Từ Hương,ex:monk/tam_hong_tu_huong,2
vào năm,Hưng Thạnh,ex:monk/hung_thanh,2
vào năm,Tánh Thông Giác Ngộ,ex:monk/tanh_thong_giac_ngo,2
Thiên Thọ,Trừng Diên Hưng Phước,ex:monk/trung_dien_hung_phuoc,2
Thiên Thọ,Hải Nhu Tín Nhậm,ex:monk/hai_nhu_tin_nham,2
Từ Hóa,Trừng Diên Hưng Phước,ex:monk/trung_dien_hung_phuoc,2
Từ Hóa,Tâm Tuệ Thanh Trí,ex:monk/tam_tue_thanh_tri,2
Hội Quán,Trừng Hóa Hưng Dụng,ex:monk/trung_hoa_hung_dung,2
Hội Quán,Trừng Kệ Tôn Thắng,ex:monk/trung_ke_ton_thang,2
Tỉnh nhà,Trừng Chiếu Từ Mãn,ex:monk/trung_chieu_tu_man,2
Tỉnh nhà,Tâm Tuệ Thanh Trí,ex:monk/tam_tue_thanh_tri,2
Buôn Mê,Trừng Chiếu Từ Mãn,ex:monk/trung_chieu_tu_man,2
Buôn Mê,Nguyên Thiện Đạo Dung,ex:monk/nguyen_thien_dao_dung,2
Liên Xô,Tâm Như Trí Thủ,ex:monk/tam_nhu_tri_thu,2
Liên Xô,Trừng Nguyên Đôn Hậu,ex:monk/trung_nguyen_don_hau,2
về cõi,Tâm Như Trí Thủ,ex:monk/tam_nhu_tri_thu,2
về cõi,Tâm Lương Diệu Hoằng,ex:monk/tam_luong_dieu_hoang,2
Quảng Hương,Tâm Như Trí Thủ,ex:monk/tam_nhu_tri_thu,2
Quảng Hương,Tâm Tuệ Thanh Trí,ex:monk/tam_tue_thanh_tri,2
kinh tế,Tâm Như Trí Thủ,ex:monk/tam_nhu_tri_thu,2
kinh tế,Thị Khai Ðỗng Minh,ex:monk/thi_khai_ong_minh,2
Hộ Quốc,Nguyên Minh Đức Thiệu,ex:monk/nguyen_minh_duc_thieu,2
Hộ Quốc,Hộ Quốc Thủ Xướng,ex:monk/ho_quoc_thu_xuong,2
Thành phố,Nguyên Minh Đức Thiệu,ex:monk/nguyen_minh_duc_thieu,2
Thành phố,Tâm Phật Thiện Siêu,ex:monk/tam_phat_thien_sieu,2
Diệu Minh,Nguyên Tánh Đức Tâm,ex:monk/nguyen_tanh_duc_tam,2
Diệu Minh,Tâm Phổ Trí Uyên,ex:monk/tam_pho_tri_uyen,2
một vùng,Nguyên Tánh Đức Tâm,ex:monk/nguyen_tanh_duc_tam,2
một vùng,Pháp Thân Đạo Minh,ex:monk/phap_than_dao_minh,2
sản xuất,Nguyên Thuận Đức Tánh,ex:monk/nguyen_thuan_duc_tanh,2
sản xuất,Như Tuyết Lưu Đức,ex:monk/nhu_tuyet_luu_duc,2
phường Trung,TT Nguyên Minh Minh Đức,ex:monk/tt_nguyen_minh_minh_duc,2
phường Trung,Toàn Đức Hoằng Tông,ex:monk/toan_duc_hoang_tong,2
làng Trà,Nguyên Ý Phước Châu,ex:monk/nguyen_y_phuoc_chau,2
làng Trà,Tâm Trung Chánh Trực,ex:monk/tam_trung_chanh_truc,2
vẫn còn,Nguyên Giác Quang Phú,ex:monk/nguyen_giac_quang_phu,2
vẫn còn,Tiên Thường Viên Trừng,ex:monk/tien_thuong_vien_trung,2
thiếu niên,Nguyên Giác Quang Phú,ex:monk/nguyen_giac_quang_phu,2
thiếu niên,Vân Nham Đàm Thạnh,ex:monk/van_nham_dam_thanh,2
lấy tên,Thiên Ân,ex:monk/thien_an,2
lấy tên,Đại Bửu Kim Cang,ex:monk/dai_buu_kim_cang,2
lại để,Thiên Ân,ex:monk/thien_an,2
lại để,Toàn Ðịnh Bảo Tạng,ex:monk/toan_dinh_bao_tang,2
làng Triều,Nguyên Minh Phước Thành,ex:monk/nguyen_minh_phuoc_thanh,2
làng Triều,Thị Chí Phước Hộ,ex:monk/thi_chi_phuoc_ho,2
Châu Chữ,Tâm Thọ Thiện Hỷ,ex:monk/tam_tho_thien_hy,2
Châu Chữ,Trừng Ba Giác Ngạn,ex:monk/trung_ba_giac_ngan,2
Già Lam,Nguyên Minh Huyền Giác,ex:monk/nguyen_minh_huyen_giac,2
Già Lam,Tâm Thật Thiện Châu,ex:monk/tam_that_thien_chau,2
Tuệ Quang,Nguyên Nguyện Tâm Hướng,ex:monk/nguyen_nguyen_tam_huong,2
Tuệ Quang,Tâm Cảnh Giác Hạnh,ex:monk/tam_canh_giac_hanh,2
được hoàn,Nguyên Nguyện Tâm Hướng,ex:monk/nguyen_nguyen_tam_huong,2
được hoàn,Tâm Hồng Từ Hương,ex:monk/tam_hong_tu_huong,2
Đô thành,Nguyên Nguyện Tâm Hướng,ex:monk/nguyen_nguyen_tam_huong,2
Đô thành,Thạch Liêm Đại Sán,ex:monk/thach_liem_dai_san,2
chùa Tuệ,Nguyên Nguyện Tâm Hướng,ex:monk/nguyen_nguyen_tam_huong,2
chùa Tuệ,Đơn Hà Thiên Nhiên,ex:monk/don_ha_thien_nhien,2
kinh thành,Tâm Cảnh Giác Hạnh,ex:monk/tam_canh_giac_hanh,2
kinh thành,Tông Diễn Chân Dung,ex:monk/tong_dien_chan_dung,2
gia thọ,Nguyên Phước Quang Thể,ex:monk/nguyen_phuoc_quang_the,2
gia thọ,Tâm Lượng Từ Mẫn,ex:monk/tam_luong_tu_man,2
ra lại,Nguyên Phước Quang Thể,ex:monk/nguyen_phuoc_quang_the,2
ra lại,Thiệt Diệu Liễu Quán,ex:monk/thiet_dieu_lieu_quan,2
thành pháp,Nguyên Phước Quang Thể,ex:monk/nguyen_phuoc_quang_the,2
thành pháp,Khâm Sơn Văn Thúy,ex:monk/kham_son_van_thuy,2
trong tâm,Nguyên Trí Châu Toàn,ex:monk/nguyen_tri_chau_toan,2
trong tâm,Thạch Liêm Đại Sán,ex:monk/thach_liem_dai_san,2
chân trời,Nguyên Tuyết Như Ý,ex:monk/nguyen_tuyet_nhu_y,2
chân trời,Thủy Nguyệt Thông Giác,ex:monk/thuy_nguyet_thong_giac,2
biết chừng,Lâm Tế Nghĩa Huyền,ex:monk/lam_te_nghia_huyen,2
biết chừng,Bồ Đề Quang Dụng,ex:monk/lam_te_nghia_huyen,2
đâu đến,Lâm Tế Nghĩa Huyền,ex:monk/lam_te_nghia_huyen,2
đâu đến,Bồ Đề Quang Dụng,ex:monk/lam_te_nghia_huyen,2
ngay trước,Lâm Tế Nghĩa Huyền,ex:monk/lam_te_nghia_huyen,2
ngay trước,Bồ Đề Quang Dụng,ex:monk/lam_te_nghia_huyen,2
mắt Lâm,Lâm Tế Nghĩa Huyền,ex:monk/lam_te_nghia_huyen,2
mắt Lâm,Bồ Đề Quang Dụng,ex:monk/lam_te_nghia_huyen,2
trước đấy,Lâm Tế Nghĩa Huyền,ex:monk/lam_te_nghia_huyen,2
trước đấy,Bồ Đề Quang Dụng,ex:monk/lam_te_nghia_huyen,2
duyên,Lâm Tế Nghĩa Huyền,ex:monk/lam_te_nghia_huyen,2
duyên,Bồ Đề Quang Dụng,ex:monk/lam_te_nghia_huyen,2
giữa lặn,Lâm Tế Nghĩa Huyền,ex:monk/lam_te_nghia_huyen,2
giữa lặn,Bồ Đề Quang Dụng,ex:monk/lam_te_nghia_huyen,2
bên ngoài,Lâm Tế Nghĩa Huyền,ex:monk/lam_te_nghia_huyen,2
bên ngoài,Bồ Đề Quang Dụng,ex:monk/lam_te_nghia_huyen,2
đây dựng,Lâm Tế Nghĩa Huyền,ex:monk/lam_te_nghia_huyen,2
đây dựng,Bồ Đề Quang Dụng,ex:monk/lam_te_nghia_huyen,2
thành nghịch,Lâm Tế Nghĩa Huyền,ex:monk/lam_te_nghia_huyen,2
thành nghịch,Bồ Đề Quang Dụng,ex:monk/lam_te_nghia_huyen,2
miệng đã,Lâm Tế Nghĩa Huyền,ex:monk/lam_te_nghia_huyen,2
miệng đã,Bồ Đề Quang Dụng,ex:monk/lam_te_nghia_huyen,2
tai gọi,Lâm Tế Nghĩa Huyền,ex:monk/lam_te_nghia_huyen,2
tai gọi,Bồ Đề Quang Dụng,ex:monk/lam_te_nghia_huyen,2
về mau,Lâm Tế Nghĩa Huyền,ex:monk/lam_te_nghia_huyen,2
về mau,Bồ Đề Quang Dụng,ex:monk/lam_te_nghia_huyen,2
tay nắm,Lâm Tế Nghĩa Huyền,ex:monk/lam_te_nghia_huyen,2
tay nắm,Bồ Đề Quang Dụng,ex:monk/lam_te_nghia_huyen,2
bên lặn,Lâm Tế Nghĩa Huyền,ex:monk/lam_te_nghia_huyen,2
bên lặn,Bồ Đề Quang Dụng,ex:monk/lam_te_nghia_huyen,2
đương trung,Lâm Tế Nghĩa Huyền,ex:monk/lam_te_nghia_huyen,2
đương trung,Bồ Đề Quang Dụng,ex:monk/lam_te_nghia_huyen,2
miệng chẳng,Lâm Tế Nghĩa Huyền,ex:monk/lam_te_nghia_huyen,2
miệng chẳng,Bồ Đề Quang Dụng,ex:monk/lam_te_nghia_huyen,2
lâu,Lâm Tế Nghĩa Huyền,ex:monk/lam_te_nghia_huyen,2
lâu,Bồ Đề Quang Dụng,ex:monk/lam_te_nghia_huyen,2
sự vật,Lâm Tế Nghĩa Huyền,ex:monk/lam_te_nghia_huyen,2
sự vật,Bồ Đề Quang Dụng,ex:monk/lam_te_nghia_huyen,2
trong chợ,Lâm Tế Nghĩa Huyền,ex:monk/lam_te_nghia_huyen,2
trong chợ,Bồ Đề Quang Dụng,ex:monk/lam_te_nghia_huyen,2
sao thiền,Lâm Tế Nghĩa Huyền,ex:monk/lam_te_nghia_huyen,2
sao thiền,Bồ Đề Quang Dụng,ex:monk/lam_te_nghia_huyen,2
đó hỏi,Lâm Tế Nghĩa Huyền,ex:monk/lam_te_nghia_huyen,2
đó hỏi,Bồ Đề Quang Dụng,ex:monk/lam_te_nghia_huyen,2
gia bị,Lâm Tế Nghĩa Huyền,ex:monk/lam_te_nghia_huyen,2
gia bị,Bồ Đề Quang Dụng,ex:monk/lam_te_nghia_huyen,2
sao Sơ,Lâm Tế Nghĩa Huyền,ex:monk/lam_te_nghia_huyen,2
sao Sơ,Bồ Đề Quang Dụng,ex:monk/lam_te_nghia_huyen,2
lại không,Lâm Tế Nghĩa Huyền,ex:monk/lam_te_nghia_huyen,2
lại không,Bồ Đề Quang Dụng,ex:monk/lam_te_nghia_huyen,2
sao Trương,Lâm Tế Nghĩa Huyền,ex:monk/lam_te_nghia_huyen,2
sao Trương,Bồ Đề Quang Dụng,ex:monk/lam_te_nghia_huyen,2
thì,Lâm Tế Nghĩa Huyền,ex:monk/lam_te_nghia_huyen,2
thì,Bồ Đề Quang Dụng,ex:monk/lam_te_nghia_huyen,2
núi Huỳnh,Lâm Tế Nghĩa Huyền,ex:monk/lam_te_nghia_huyen,2
núi Huỳnh,Bồ Đề Quang Dụng,ex:monk/lam_te_nghia_huyen,2
Trấn Châu,Lâm Tế Nghĩa Huyền,ex:monk/lam_te_nghia_huyen,2
Trấn Châu,Bồ Đề Quang Dụng,ex:monk/lam_te_nghia_huyen,2
về vô,Lâm Tế Nghĩa Huyền,ex:monk/lam_te_nghia_huyen,2
về vô,Bồ Đề Quang Dụng,ex:monk/lam_te_nghia_huyen,2
trọn hạ,Lâm Tế Nghĩa Huyền,ex:monk/lam_te_nghia_huyen,2
trọn hạ,Bồ Đề Quang Dụng,ex:monk/lam_te_nghia_huyen,2
nhân quả,Lâm Tế Nghĩa Huyền,ex:monk/lam_te_nghia_huyen,2
nhân quả,Bồ Đề Quang Dụng,ex:monk/lam_te_nghia_huyen,2
quan tài,Lâm Tế Nghĩa Huyền,ex:monk/lam_te_nghia_huyen,2
quan tài,Bồ Đề Quang Dụng,ex:monk/lam_te_nghia_huyen,2
ngoài đường,Lâm Tế Nghĩa Huyền,ex:monk/lam_te_nghia_huyen,2
ngoài đường,Bồ Đề Quang Dụng,ex:monk/lam_te_nghia_huyen,2
sao Ngài,Lâm Tế Nghĩa Huyền,ex:monk/lam_te_nghia_huyen,2
sao Ngài,Bồ Đề Quang Dụng,ex:monk/lam_te_nghia_huyen,2
nên nổi,Lâm Tế Nghĩa Huyền,ex:monk/lam_te_nghia_huyen,2
nên nổi,Bồ Đề Quang Dụng,ex:monk/lam_te_nghia_huyen,2
chỗ Hoàng,Lâm Tế Nghĩa Huyền,ex:monk/lam_te_nghia_huyen,2
chỗ Hoàng,Bồ Đề Quang Dụng,ex:monk/lam_te_nghia_huyen,2
mũi gọi,Lâm Tế Nghĩa Huyền,ex:monk/lam_te_nghia_huyen,2
mũi gọi,Bồ Đề Quang Dụng,ex:monk/lam_te_nghia_huyen,2
đây vọng,Lâm Tế Nghĩa Huyền,ex:monk/lam_te_nghia_huyen,2
đây vọng,Bồ Đề Quang Dụng,ex:monk/lam_te_nghia_huyen,2
thành Câu,Lâm Tế Nghĩa Huyền,ex:monk/lam_te_nghia_huyen,2
thành Câu,Bồ Đề Quang Dụng,ex:monk/lam_te_nghia_huyen,2
trong tam,Lâm Tế Nghĩa Huyền,ex:monk/lam_te_nghia_huyen,2
trong tam,Bồ Đề Quang Dụng,ex:monk/lam_te_nghia_huyen,2
thành thiền,Lâm Tế Nghĩa Huyền,ex:monk/lam_te_nghia_huyen,2
thành thiền,Bồ Đề Quang Dụng,ex:monk/lam_te_nghia_huyen,2
trên chót,Lâm Tế Nghĩa Huyền,ex:monk/lam_te_nghia_huyen,2
trên chót,Bồ Đề Quang Dụng,ex:monk/lam_te_nghia_huyen,2
gian dưới,Lâm Tế Nghĩa Huyền,ex:monk/lam_te_nghia_huyen,2
gian dưới,Bồ Đề Quang Dụng,ex:monk/lam_te_nghia_huyen,2
thành nam,Lâm Tế Nghĩa Huyền,ex:monk/lam_te_nghia_huyen,2
thành nam,Bồ Đề Quang Dụng,ex:monk/lam_te_nghia_huyen,2
bên,Lâm Tế Nghĩa Huyền,ex:monk/lam_te_nghia_huyen,2
bên,Bồ Đề Quang Dụng,ex:monk/lam_te_nghia_huyen,2
mắt gọi,Lâm Tế Nghĩa Huyền,ex:monk/lam_te_nghia_huyen,2
mắt gọi,Bồ Đề Quang Dụng,ex:monk/lam_te_nghia_huyen,2
Duy Phúc,Lâm Tế Nghĩa Huyền,ex:monk/lam_te_nghia_huyen,2
Duy Phúc,Bồ Đề Quang Dụng,ex:monk/lam_te_nghia_huyen,2
mức độ,Lâm Tế Nghĩa Huyền,ex:monk/lam_te_nghia_huyen,2
mức độ,Bồ Đề Quang Dụng,ex:monk/lam_te_nghia_huyen,2
lên dựng,Lâm Tế Nghĩa Huyền,ex:monk/lam_te_nghia_huyen,2
lên dựng,Bồ Đề Quang Dụng,ex:monk/lam_te_nghia_huyen,2
tại Tăng,Lâm Tế Nghĩa Huyền,ex:monk/lam_te_nghia_huyen,2
tại Tăng,Bồ Đề Quang Dụng,ex:monk/lam_te_nghia_huyen,2
chân đi,Lâm Tế Nghĩa Huyền,ex:monk/lam_te_nghia_huyen,2
chân đi,Bồ Đề Quang Dụng,ex:monk/lam_te_nghia_huyen,2
chỗ Hòa,Lâm Tế Nghĩa Huyền,ex:monk/lam_te_nghia_huyen,2
chỗ Hòa,Bồ Đề Quang Dụng,ex:monk/lam_te_nghia_huyen,2
chỗ họ,Lâm Tế Nghĩa Huyền,ex:monk/lam_te_nghia_huyen,2
chỗ họ,Bồ Đề Quang Dụng,ex:monk/lam_te_nghia_huyen,2
cũng không,Vân Cư Đạo Ưng,ex:monk/van_cu_dao_ung,2
cũng không,Tỳ Ni Đa Lưu Chi,ex:monk/ty_ni_da_luu_chi,2
HỒNG CHÂU,Vân Cư Đạo Ưng,ex:monk/van_cu_dao_ung,2
HỒNG CHÂU,Thượng Lam Linh Siêu,ex:monk/thuong_lam_linh_sieu,2
ấu thời,Thanh Thái Phước Chỉ,ex:monk/thanh_thai_phuoc_chi,2
ấu thời,Tâm Giải Tương Ưng,ex:monk/tam_giai_tuong_ung,2
thành kẻ,Thanh Thái Phước Chỉ,ex:monk/thanh_thai_phuoc_chi,2
thành kẻ,Nam An Nham Tự Nghiêm,ex:monk/nam_an_nham_tu_nghiem,2
thành vị,Thanh Thái Phước Chỉ,ex:monk/thanh_thai_phuoc_chi,2
thành vị,Minh Vi Mật Hạnh,ex:monk/minh_vi_mat_hanh,2
Chùa Từ,Tâm Đạo Thanh Quang,ex:monk/tam_dao_thanh_quang,2
Chùa Từ,Tâm Khai Nhật Liên,ex:monk/tam_khai_nhat_lien,2
tấm lòng,Tâm Đạo Thanh Quang,ex:monk/tam_dao_thanh_quang,2
tấm lòng,Thanh Nguyên Minh Nam,ex:monk/thanh_nguyen_minh_nam,2
tại đây,Trừng Hương Tịnh Hạnh,ex:monk/trung_huong_tinh_hanh,2
tại đây,Thạch Đầu Hy Thiên,ex:monk/thach_dau_hy_thien,2
đây mà,Thạch Đầu Hy Thiên,ex:monk/thach_dau_hy_thien,2
đây mà,Đầu Tử Cảm Ôn,ex:monk/dau_tu_cam_on,2
Lĩnh Nam,Thạch Đầu Hy Thiên,ex:monk/thach_dau_hy_thien,2
Lĩnh Nam,Đàm Châu Trường Tỳ Khoáng,ex:monk/dam_chau_truong_ty_khoang,2
hội của,Thiên Hoàng Đạo Ngộ,ex:monk/thien_hoang_dao_ngo,2
hội của,Huyền Sa Sư Bị,ex:monk/huyen_sa_su_bi,2
Thiên Hoàng,Thiên Hoàng Đạo Ngộ,ex:monk/thien_hoang_dao_ngo,2
Thiên Hoàng,Long Đàm Sùng Tín,ex:monk/long_dam_sung_tin,2
chùa Huệ,Đơn Hà Thiên Nhiên,ex:monk/don_ha_thien_nhien,2
chùa Huệ,Đạo Minh Phổ Tịnh,ex:monk/dao_minh_pho_tinh,2
dưới chân,Đơn Hà Thiên Nhiên,ex:monk/don_ha_thien_nhien,2
dưới chân,Thạch Liêm Đại Sán,ex:monk/thach_liem_dai_san,2
nói,Đơn Hà Thiên Nhiên,ex:monk/don_ha_thien_nhien,2
nói,Tuyết Phong Nghĩa Tồn,ex:monk/tuyet_phong_nghia_ton,2
trách cứ,Đơn Hà Thiên Nhiên,ex:monk/don_ha_thien_nhien,2
trách cứ,Tỳ Ni Đa Lưu Chi,ex:monk/ty_ni_da_luu_chi,2
Nam Dương,Đơn Hà Thiên Nhiên,ex:monk/don_ha_thien_nhien,2
Nam Dương,Thiện Quyền Pháp Trí,ex:monk/thien_quyen_phap_tri,2
của người,Dược Sơn Duy Nghiễm,ex:monk/duoc_son_duy_nghiem,2
của người,Pháp Thân Đạo Minh,ex:monk/phap_than_dao_minh,2
Lễ Châu,Dược Sơn Duy Nghiễm,ex:monk/duoc_son_duy_nghiem,2
Lễ Châu,Long Đàm Sùng Tín,ex:monk/long_dam_sung_tin,2
Vạn Ðức,Pháp Kiêm Minh Giác,ex:monk/phap_kiem_minh_giac,2
Vạn Ðức,Ðồng Chánh Tịnh Giác,ex:monk/ong_chanh_tinh_giac,2
Hải Tạng,Pháp Kiêm Minh Giác,ex:monk/phap_kiem_minh_giac,2
Hải Tạng,Toàn Nhâm Quán Thông,ex:monk/toan_nham_quan_thong,2
huyện Bình,Toàn Chiếu Bảo Ấn,ex:monk/toan_chieu_bao_an,2
huyện Bình,Phật Tuyết Tường Quang,ex:monk/phat_tuyet_tuong_quang,2
Từ Bi,Toàn Đức Hoằng Tông,ex:monk/toan_duc_hoang_tong,2
Từ Bi,Tế Hiển Bửu Dương,ex:monk/te_hien_buu_duong,2
đều bị,Toàn Đức Hoằng Tông,ex:monk/toan_duc_hoang_tong,2
đều bị,Đại Bửu Kim Cang,ex:monk/dai_buu_kim_cang,2
người,Toàn Đức Hoằng Tông,ex:monk/toan_duc_hoang_tong,2
người,Long Nha Cư Độn,ex:monk/long_nha_cu_don,2
thông,Toàn Đức Hoằng Tông,ex:monk/toan_duc_hoang_tong,2
thông,Minh Phương Chơn Hương,ex:monk/minh_phuong_chon_huong,2
là,Nguyên Thiều Thọ Tông,ex:monk/nguyen_thieu_tho_tong,2
là,Toàn Ðịnh Bảo Tạng,ex:monk/toan_dinh_bao_tang,2
long vị,Nguyên Thiều Thọ Tông,ex:monk/nguyen_thieu_tho_tong,2
long vị,Thành Đẳng Minh Lượng,ex:monk/thanh_dang_minh_luong,2
Thiên Khai,Nguyên Thiều Thọ Tông,ex:monk/nguyen_thieu_tho_tong,2
Thiên Khai,Minh Hoàng Tử Dung,ex:monk/minh_hoang_tu_dung,2
bia tháp,Nguyên Thiều Thọ Tông,ex:monk/nguyen_thieu_tho_tong,2
bia tháp,Tế Nhơn Hữu Bùi,ex:monk/te_nhon_huu_bui,2
Thăng Long,Nguyên Thiều Thọ Tông,ex:monk/nguyen_thieu_tho_tong,2
Thăng Long,Thanh Đàm Minh Chánh,ex:monk/thanh_dam_minh_chanh,2
Biên Hòa,Nguyên Thiều Thọ Tông,ex:monk/nguyen_thieu_tho_tong,2
Biên Hòa,Phật Ý Linh Nhạc,ex:monk/phat_y_linh_nhac,2
làng Hà,Nguyên Thiều Thọ Tông,ex:monk/nguyen_thieu_tho_tong,2
làng Hà,Trừng Kệ Tôn Thắng,ex:monk/trung_ke_ton_thang,2
trên thì,Nguyên Thiều Thọ Tông,ex:monk/nguyen_thieu_tho_tong,2
trên thì,Tế Hiệp Hải Điện,ex:monk/te_hiep_hai_dien,2
trên đất,Nguyên Thiều Thọ Tông,ex:monk/nguyen_thieu_tho_tong,2
trên đất,Huyền Sa Sư Bị,ex:monk/huyen_sa_su_bi,2
bàn thờ,Nguyên Thiều Thọ Tông,ex:monk/nguyen_thieu_tho_tong,2
bàn thờ,Tế Chánh Bổn Giác,ex:monk/te_chanh_bon_giac,2
phủ Quy,Nguyên Thiều Thọ Tông,ex:monk/nguyen_thieu_tho_tong,2
phủ Quy,Minh Hải Pháp Bảo,ex:monk/minh_hai_phap_bao,2
Vĩnh Ân,Nguyên Thiều Thọ Tông,ex:monk/nguyen_thieu_tho_tong,2
Vĩnh Ân,Minh Hải Pháp Bảo,ex:monk/minh_hai_phap_bao,2
Nam Bộ,Thành Đẳng Minh Lượng,ex:monk/thanh_dang_minh_luong,2
Nam Bộ,Tổ Đạt Trí Tâm,ex:monk/to_dat_tri_tam,2
Phước An,Thành Đẳng Minh Lượng,ex:monk/thanh_dang_minh_luong,2
Phước An,Phật Tỉnh Từ Nghiêm,ex:monk/phat_tinh_tu_nghiem,2
đây thì,Thành Đẳng Minh Lượng,ex:monk/thanh_dang_minh_luong,2
đây thì,Tiên Thiên,ex:monk/tien_thien,2
là một,Thành Đẳng Minh Lượng,ex:monk/thanh_dang_minh_luong,2
là một,Toàn Ðịnh Bảo Tạng,ex:monk/toan_dinh_bao_tang,2
mà Hòa,Thành Đẳng Minh Lượng,ex:monk/thanh_dang_minh_luong,2
mà Hòa,Tâm Lượng Từ Mẫn,ex:monk/tam_luong_tu_man,2
văn bia,Minh Hải Pháp Bảo,ex:monk/minh_hai_phap_bao,2
văn bia,Thiệt Diệu Liễu Quán,ex:monk/thiet_dieu_lieu_quan,2
chùa Di,Minh Hải Pháp Bảo,ex:monk/minh_hai_phap_bao,2
chùa Di,Thạch Liêm Đại Sán,ex:monk/thach_liem_dai_san,2
vị trí,Minh Hải Pháp Bảo,ex:monk/minh_hai_phap_bao,2
vị trí,Thụy Nham Sư Ngạn,ex:monk/thuy_nham_su_ngan,2
Di Đà,Minh Hải Pháp Bảo,ex:monk/minh_hai_phap_bao,2
Di Đà,Thạch Liêm Đại Sán,ex:monk/thach_liem_dai_san,2
mặt trước,Minh Hải Pháp Bảo,ex:monk/minh_hai_phap_bao,2
mặt trước,Đại Thông Chánh Niệm,ex:monk/dai_thong_chanh_niem,2
Tập Phước,Minh Hải Pháp Bảo,ex:monk/minh_hai_phap_bao,2
Tập Phước,Toàn Tánh Chánh Ðắc,ex:monk/toan_tanh_chanh_ac,2
Núi,Trừng San Hải Tuệ,ex:monk/trung_san_hai_tue,2
Núi,Thạch Liêm Đại Sán,ex:monk/thach_liem_dai_san,2
chùa Diên,TT Tâm Chí Tịnh Hạnh,ex:monk/tt_tam_chi_tinh_hanh,2
chùa Diên,Phật Tỉnh Từ Nghiêm,ex:monk/phat_tinh_tu_nghiem,2
Khải Tường,Tổ Đạt Trí Tâm,ex:monk/to_dat_tri_tam,2
Khải Tường,Phật Ý Linh Nhạc,ex:monk/phat_y_linh_nhac,2
các Tổ,Tổ Đạt Trí Tâm,ex:monk/to_dat_tri_tam,2
các Tổ,Tâm Ðăng Chơn Như,ex:monk/tam_ang_chon_nhu,2
Long Thành,Phật Ý Linh Nhạc,ex:monk/phat_y_linh_nhac,2
Long Thành,Quang Lư Như Như,ex:monk/quang_lu_nhu_nhu,2
thành trung,Tổ Tông Viên Quang,ex:monk/to_tong_vien_quang,2
thành trung,Pháp Chuyên Diệu Nghiêm,ex:monk/phap_chuyen_dieu_nghiem,2
chính của,Tổ Ấn Mật Hoằng,ex:monk/to_an_mat_hoang,2
chính của,Thị Tín Phước Trí,ex:monk/thi_tin_phuoc_tri,2
thôn Thuận,Tổ Ấn Mật Hoằng,ex:monk/to_an_mat_hoang,2
thôn Thuận,Tâm Lượng Từ Mẫn,ex:monk/tam_luong_tu_man,2
chùa sắc,Tâm Lượng Từ Mẫn,ex:monk/tam_luong_tu_man,2
chùa sắc,Tế Hiển Bửu Dương,ex:monk/te_hien_buu_duong,2
các Tỉnh,Tâm Lượng Từ Mẫn,ex:monk/tam_luong_tu_man,2
các Tỉnh,Tâm Tuệ Thiện Giải,ex:monk/tam_tue_thien_giai,2
chùa Minh,Tâm Niệm Từ Ý,ex:monk/tam_niem_tu_y,2
chùa Minh,Thiệt Dinh Ân Triêm,ex:monk/thiet_dinh_an_triem,2
của Tỉnh,Tâm Niệm Từ Ý,ex:monk/tam_niem_tu_y,2
của Tỉnh,Thị Chí Phước Hộ,ex:monk/thi_chi_phuoc_ho,2
Minh Hương,Tâm Niệm Từ Ý,ex:monk/tam_niem_tu_y,2
Minh Hương,Tâm Ðăng Chơn Như,ex:monk/tam_ang_chon_nhu,2
danh tiếng,Tâm Hồng Từ Hương,ex:monk/tam_hong_tu_huong,2
danh tiếng,Tâm Ðăng Chơn Như,ex:monk/tam_ang_chon_nhu,2
thành tổ,Tâm Hồng Từ Hương,ex:monk/tam_hong_tu_huong,2
thành tổ,Từ Sơn Hành Nhất,ex:monk/tu_son_hanh_nhat,2
thảo am,Tâm Hồng Từ Hương,ex:monk/tam_hong_tu_huong,2
thảo am,Thiệt Diệu Liễu Quán,ex:monk/thiet_dieu_lieu_quan,2
trong kinh,Vân Cái Chí Nguyên,ex:monk/van_cai_chi_nguyen,2
trong kinh,Tiên Giác Hải Tịnh,ex:monk/tien_giac_hai_tinh,2
về thuật,Thạch Sương Khánh Chư,ex:monk/thach_suong_khanh_chu,2
về thuật,Tuyết Phong Nghĩa Tồn,ex:monk/tuyet_phong_nghia_ton,2
Trường Sa,Thạch Sương Khánh Chư,ex:monk/thach_suong_khanh_chu,2
Trường Sa,Thạch Liêm Đại Sán,ex:monk/thach_liem_dai_san,2
CHỬNG MÊ,Vân Môn Hải Yến,ex:monk/van_mon_hai_yen,2
CHỬNG MÊ,Vân Môn Hải Yến,ex:monk/van_mon_hai_yen,2
Cửu Phong,Cửu Phong Đạo Kiền,ex:monk/cuu_phong_dao_kien,2
Cửu Phong,Tịnh Độ Duy Chính,ex:monk/tinh_do_duy_chinh,2
Từ Tâm,Thị Uẩn Thuần Phong,ex:monk/thi_uan_thuan_phong,2
Từ Tâm,Thị Ngọc Hạnh Châu,ex:monk/thi_ngoc_hanh_chau,2
Hoài An,Vân Đảnh Hải Bằng,ex:monk/van_danh_hai_bang,2
Hoài An,Vân Đảnh Giám,ex:monk/van_danh_giam,2
Vân Đảnh,Vân Đảnh Hải Bằng,ex:monk/van_danh_hai_bang,2
Vân Đảnh,Vân Đảnh Giám,ex:monk/van_danh_giam,2
Bạch Mã,Bạch Mã Quy Hỷ,ex:monk/bach_ma_quy_hy,2
Bạch Mã,Thanh Bình Linh Tuân,ex:monk/thanh_binh_linh_tuan,2
cửa,Đầu Tử Nghĩa Thanh,ex:monk/dau_tu_nghia_thanh,2
cửa,Đức Sơn Tuyên Giám,ex:monk/duc_son_tuyen_giam,2
trong cửa,Hưng Dương Thanh Phẩu,ex:monk/hung_duong_thanh_phau,2
trong cửa,Thiệt Diệu Liễu Quán,ex:monk/thiet_dieu_lieu_quan,2
để giữ,Đầu Tử Đại Đồng,ex:monk/dau_tu_dai_dong,2
để giữ,Đầu Tử Đại Đồng,ex:monk/dau_tu_dai_dong,2
chỗ mà,Đầu Tử Đại Đồng,ex:monk/dau_tu_dai_dong,2
chỗ mà,Đầu Tử Đại Đồng,ex:monk/dau_tu_dai_dong,2
bên Đông,Đầu Tử Đại Đồng,ex:monk/dau_tu_dai_dong,2
bên Đông,Đầu Tử Đại Đồng,ex:monk/dau_tu_dai_dong,2
sao nước,Đầu Tử Đại Đồng,ex:monk/dau_tu_dai_dong,2
sao nước,Đầu Tử Đại Đồng,ex:monk/dau_tu_dai_dong,2
tại chỗ,Đầu Tử Đại Đồng,ex:monk/dau_tu_dai_dong,2
tại chỗ,Đầu Tử Đại Đồng,ex:monk/dau_tu_dai_dong,2
to mắt,Đầu Tử Đại Đồng,ex:monk/dau_tu_dai_dong,2
to mắt,Đầu Tử Đại Đồng,ex:monk/dau_tu_dai_dong,2
ngoài số,Đầu Tử Đại Đồng,ex:monk/dau_tu_dai_dong,2
ngoài số,Đầu Tử Đại Đồng,ex:monk/dau_tu_dai_dong,2
TƯƠNG CHÂU,Tương Châu Cốc Ẩn,ex:monk/tuong_chau_coc_an,2
TƯƠNG CHÂU,Tương Châu Cao Đình Giản,ex:monk/tuong_chau_cao_dinh_gian,2
ngộ,Hoằng Trí Chánh Giác,ex:monk/hoang_tri_chanh_giac,2
ngộ,Đạo Minh Phổ Tịnh,ex:monk/dao_minh_pho_tinh,2
Tứ Châu,Hoằng Trí Chánh Giác,ex:monk/hoang_tri_chanh_giac,2
Tứ Châu,Động Sơn Hiểu Thông,ex:monk/dong_son_hieu_thong,2
Tịnh Từ,Huệ Huy Tự Đắc,ex:monk/hue_huy_tu_dac,2
Tịnh Từ,Trí Thông Cảnh Thâm,ex:monk/tri_thong_canh_tham,2
Ðại Tòng,Thị Khai Ðỗng Minh,ex:monk/thi_khai_ong_minh,2
Ðại Tòng,Ðồng Ðộ Tịnh Khiết,ex:monk/ong_o_tinh_khiet,2
núi Long,Giáp Sơn Thiện Hội,ex:monk/giap_son_thien_hoi,2
núi Long,Tánh Thông Giác Ngộ,ex:monk/tanh_thong_giac_ngo,2
Chiết Trung,Giáp Sơn Thiện Hội,ex:monk/giap_son_thien_hoi,2
Chiết Trung,Vân Môn Văn Yển,ex:monk/van_mon_van_yen,2
đầm,Hồng Châu Đồng An,ex:monk/hong_chau_dong_an,2
đầm,Hồng Châu  Đồng An,ex:monk/hong_chau_dong_an,2
khắp nơi,Thượng Lam Linh Siêu,ex:monk/thuong_lam_linh_sieu,2
khắp nơi,Bảo Chân,ex:monk/bao_chan,2
Long Hưng,Long Hưng Tông Tĩnh,ex:monk/long_hung_tong_tinh,2
Long Hưng,Tiên Đề Chơn Phẩm,ex:monk/tien_de_chon_pham,2
An Quốc,An Quốc Hoằng Thao,ex:monk/an_quoc_hoang_thao,2
An Quốc,Trường Khánh Huệ Lăng,ex:monk/truong_khanh_hue_lang,2
Linh Nham,Long Thọ Thiệu Khanh,ex:monk/long_tho_thieu_khanh,2
Linh Nham,Linh Nham Tuệ Tông,ex:monk/linh_nham_tue_tong,2
gì,Báo Ân Hoài Nhạc,ex:monk/bao_an_hoai_nhac,2
gì,Vân Môn Văn Yển,ex:monk/van_mon_van_yen,2
Tuyết Phong,Thúy Nham Linh Tham,ex:monk/thuy_nham_linh_tham,2
Tuyết Phong,Tuyết Phong Tuệ Thâm,ex:monk/tuyet_phong_tue_tham,2
Long Sách,Thúy Nham Linh Tham,ex:monk/thuy_nham_linh_tham,2
Long Sách,Long Sách Đạo Phó,ex:monk/long_sach_dao_pho,2
lâu trong,Bảo Phước Tùng Triển,ex:monk/bao_phuoc_tung_trien,2
lâu trong,Thanh Bình Linh Tuân,ex:monk/thanh_binh_linh_tuan,2
Bảo Phước,Bảo Phước Tùng Triển,ex:monk/bao_phuoc_tung_trien,2
Bảo Phước,Trường Khánh Huệ Lăng,ex:monk/truong_khanh_hue_lang,2
chùa Khai,Huyền Sa Sư Bị,ex:monk/huyen_sa_su_bi,2
chùa Khai,Long Sách Đạo Phó,ex:monk/long_sach_dao_pho,2
làm sao,Huyền Sa Sư Bị,ex:monk/huyen_sa_su_bi,2
làm sao,Bạch Mã Độn Nho,ex:monk/bach_ma_don_nho,2
trong cái,Trường Khánh Huệ Lăng,ex:monk/truong_khanh_hue_lang,2
trong cái,Toàn Ðịnh Bảo Tạng,ex:monk/toan_dinh_bao_tang,2
cửa phương,Vân Môn Văn Yển,ex:monk/van_mon_van_yen,2
cửa phương,Hòa Sơn Vô Ân,ex:monk/hoa_son_vo_an,2
sao có,Vân Môn Văn Yển,ex:monk/van_mon_van_yen,2
sao có,Toàn Ðịnh Bảo Tạng,ex:monk/toan_dinh_bao_tang,2
được cải,Tâm Phổ Trí Uyên,ex:monk/tam_pho_tri_uyen,2
được cải,Đạo Trung Chánh Định,ex:monk/dao_trung_chanh_dinh,2
được trùng,Trừng Khiết Như Như,ex:monk/trung_khiet_nhu_nhu,2
được trùng,Tỳ Ni Đa Lưu Chi,ex:monk/ty_ni_da_luu_chi,2
đã lâu,Như Trung Phước Hậu,ex:monk/nhu_trung_phuoc_hau,2
đã lâu,Nham Đầu Toàn Khoát,ex:monk/nham_dau_toan_khoat,2
Trường Xuân,Như Trung Phước Hậu,ex:monk/nhu_trung_phuoc_hau,2
Trường Xuân,Đạo Trung Chánh Định,ex:monk/dao_trung_chanh_dinh,2
Hoa Đình,Hoa Đình Thuyền Tử Đức Thành,ex:monk/hoa_dinh_thuyen_tu_duc_thanh,2
Hoa Đình,Tịnh Độ Duy Chính,ex:monk/tinh_do_duy_chinh,2
dưới,Hoa Đình Thuyền Tử Đức Thành,ex:monk/hoa_dinh_thuyen_tu_duc_thanh,2
dưới,Thạch Liêm Đại Sán,ex:monk/thach_liem_dai_san,2
được lập,Quang Lư Như Như,ex:monk/quang_lu_nhu_nhu,2
được lập,Phật Tuyết Tường Quang,ex:monk/phat_tuyet_tuong_quang,2
thành Tổ,Quang Lư Như Như,ex:monk/quang_lu_nhu_nhu,2
thành Tổ,Tỳ Ni Đa Lưu Chi,ex:monk/ty_ni_da_luu_chi,2
Dâu,Quang Lư Như Như,ex:monk/quang_lu_nhu_nhu,2
Dâu,Tỳ Ni Đa Lưu Chi,ex:monk/ty_ni_da_luu_chi,2
địa vực,Thiệt Diệu Liễu Quán,ex:monk/thiet_dieu_lieu_quan,2
địa vực,Tế Nhơn Hữu Bùi,ex:monk/te_nhon_huu_bui,2
đời có,Thiệt Diệu Liễu Quán,ex:monk/thiet_dieu_lieu_quan,2
đời có,Thạch Liêm Đại Sán,ex:monk/thach_liem_dai_san,2
Hội Tôn,Thiệt Diệu Liễu Quán,ex:monk/thiet_dieu_lieu_quan,2
Hội Tôn,Phật Tỉnh Từ Nghiêm,ex:monk/phat_tinh_tu_nghiem,2
đời đã,Thiệt Diệu Liễu Quán,ex:monk/thiet_dieu_lieu_quan,2
đời đã,Trí Thông Cảnh Thâm,ex:monk/tri_thong_canh_tham,2
Cát Tường,Thiệt Diệu Liễu Quán,ex:monk/thiet_dieu_lieu_quan,2
Cát Tường,Cát Tường Pháp Tuyên,ex:monk/cat_tuong_phap_tuyen,2
chùa Tang,Thiệt Diệu Liễu Quán,ex:monk/thiet_dieu_lieu_quan,2
chùa Tang,Tế Hiệp Hải Điện,ex:monk/te_hiep_hai_dien,2
Tang Liên,Thiệt Diệu Liễu Quán,ex:monk/thiet_dieu_lieu_quan,2
Tang Liên,Tế Hiệp Hải Điện,ex:monk/te_hiep_hai_dien,2
chùa Thuyền,Tế Mẫn Tổ Huấn,ex:monk/te_man_to_huan,2
chùa Thuyền,Tâm Hòa Thiên Thái,ex:monk/tam_hoa_thien_thai,2
đường giác,Tế Hiển Bửu Dương,ex:monk/te_hien_buu_duong,2
đường giác,Thạch Liêm Đại Sán,ex:monk/thach_liem_dai_san,2
chùa Thanh,Tế Hiển Bửu Dương,ex:monk/te_hien_buu_duong,2
chùa Thanh,Đại Bửu Kim Cang,ex:monk/dai_buu_kim_cang,2
Thanh Nguyên,Thanh Nguyên Tề,ex:monk/thanh_nguyen_te,2
Thanh Nguyên,Nham Đầu Toàn Khoát,ex:monk/nham_dau_toan_khoat,2
Trừ Châu,Long Bàng Ðàm Quảng,ex:monk/long_bang_am_quang,2
Trừ Châu,Tuyết Đậu Trí Giám,ex:monk/tuyet_dau_tri_giam,2
Tổ và,Liễu Kiến Từ Hòa,ex:monk/lieu_kien_tu_hoa,2
Tổ và,Trừng Ba Giác Ngạn,ex:monk/trung_ba_giac_ngan,2
trong vườn,Liễu Kiến Từ Hòa,ex:monk/lieu_kien_tu_hoa,2
trong vườn,Toàn Ðịnh Bảo Tạng,ex:monk/toan_dinh_bao_tang,2
tâm,Đức Sơn Tuyên Giám,ex:monk/duc_son_tuyen_giam,2
tâm,Thạch Liêm Đại Sán,ex:monk/thach_liem_dai_san,2
NGẠC CHÂU,Nham Đầu Toàn Khoát,ex:monk/nham_dau_toan_khoat,2
NGẠC CHÂU,Bá Nhan Minh Triết,ex:monk/ba_nhan_minh_triet,2
nơi đó,Vân Nham Đàm Thạnh,ex:monk/van_nham_dam_thanh,2
nơi đó,Động Sơn Lương Giới,ex:monk/dong_son_luong_gioi,2
pháp hội,Vân Nham Đàm Thạnh,ex:monk/van_nham_dam_thanh,2
pháp hội,Như Khanh Huệ Tiên,ex:monk/nhu_khanh_hue_tien,2
làng Xuân,Trừng Nguyên Đôn Hậu,ex:monk/trung_nguyen_don_hau,2
làng Xuân,Tiên Thường Viên Trừng,ex:monk/tien_thuong_vien_trung,2
về nương,Trừng Thủy Giác Nhiên,ex:monk/trung_thuy_giac_nhien,2
về nương,Hải Nhu Tín Nhậm,ex:monk/hai_nhu_tin_nham,2
Ðà Nẵng,Tâm Ðăng Chơn Như,ex:monk/tam_ang_chon_nhu,2
Ðà Nẵng,Thị An Phước Bình,ex:monk/thi_an_phuoc_binh,2
đất,Pháp Thân Đạo Minh,ex:monk/phap_than_dao_minh,2
đất,Động Sơn Lương Giới,ex:monk/dong_son_luong_gioi,2
xứ Quảng,Pháp Thân Đạo Minh,ex:monk/phap_than_dao_minh,2
xứ Quảng,Thiệt Dinh Ân Triêm,ex:monk/thiet_dinh_an_triem,2
Bình Sơn,Thiệt Dinh Ân Triêm,ex:monk/thiet_dinh_an_triem,2
Bình Sơn,Phật Tuyết Tường Quang,ex:monk/phat_tuyet_tuong_quang,2
Báo Thiên,Tỳ Ni Đa Lưu Chi,ex:monk/ty_ni_da_luu_chi,2
Báo Thiên,Tông Diễn Chân Dung,ex:monk/tong_dien_chan_dung,2
cổ ở,Tỳ Ni Đa Lưu Chi,ex:monk/ty_ni_da_luu_chi,2
cổ ở,Tiên Đề Chơn Phẩm,ex:monk/tien_de_chon_pham,2
được gọi,Tỳ Ni Đa Lưu Chi,ex:monk/ty_ni_da_luu_chi,2
được gọi,Thiệt Địa Pháp Ấn,ex:monk/thiet_dia_phap_an,2
Đông Sơn,Kinh Triệu Hiện Tử,ex:monk/kinh_trieu_hien_tu,2
Đông Sơn,Từ Sơn Hành Nhất,ex:monk/tu_son_hanh_nhat,2
lại trên,Hoa Nghiêm Hưu Tĩnh,ex:monk/hoa_nghiem_huu_tinh,2
lại trên,Thanh Liêm Tâm Thiền,ex:monk/thanh_liem_tam_thien,2
Tuyền Châu,Tào Sơn Bổn Tịch,ex:monk/tao_son_bon_tich,2
Tuyền Châu,Vân Đài Linh Sầm,ex:monk/van_dai_linh_sam,2
cả hai,Tào Sơn Bổn Tịch,ex:monk/tao_son_bon_tich,2
cả hai,Thị Huệ Bảo An,ex:monk/thi_hue_bao_an,2
chùa trên,Nhất Cú Trí Giáo,ex:monk/nhat_cu_tri_giao,2
chùa trên,Thủy Nguyệt Thông Giác,ex:monk/thuy_nguyet_thong_giac,2
lại cõi,Thủy Nguyệt Thông Giác,ex:monk/thuy_nguyet_thong_giac,2
lại cõi,Tâm Thông Quảng Huệ,ex:monk/tam_thong_quang_hue,2
cổ được,Thủy Nguyệt Thông Giác,ex:monk/thuy_nguyet_thong_giac,2
cổ được,Tiên Thường Viên Trừng,ex:monk/tien_thuong_vien_trung,2
Hạ Long,Thủy Nguyệt Thông Giác,ex:monk/thuy_nguyet_thong_giac,2
Hạ Long,Tông Diễn Chân Dung,ex:monk/tong_dien_chan_dung,2
hai nơi,Thủy Nguyệt Thông Giác,ex:monk/thuy_nguyet_thong_giac,2
hai nơi,Phật Tuyết Tường Quang,ex:monk/phat_tuyet_tuong_quang,2
cổ,Thủy Nguyệt Thông Giác,ex:monk/thuy_nguyet_thong_giac,2
cổ,Thạch Liêm Đại Sán,ex:monk/thach_liem_dai_san,2
núi Đông,Thủy Nguyệt Thông Giác,ex:monk/thuy_nguyet_thong_giac,2
núi Đông,Tông Diễn Chân Dung,ex:monk/tong_dien_chan_dung,2
Tổ để,Thiệt Uyên Chí Bảo,ex:monk/thiet_luong,2
Tổ để,Thiệt Lương,ex:monk/thiet_luong,2
mới chính,Thiệt Uyên Chí Bảo,ex:monk/thiet_luong,2
mới chính,Thiệt Lương,ex:monk/thiet_luong,2
lại được,Thiệt Uyên Chí Bảo,ex:monk/thiet_luong,2
lại được,Thiệt Lương,ex:monk/thiet_luong,2
là Thiên,Thiệt Uyên Chí Bảo,ex:monk/thiet_luong,2
là Thiên,Thiệt Lương,ex:monk/thiet_luong,2
chăng,Thiệt Uyên Chí Bảo,ex:monk/thiet_luong,2
chăng,Thiệt Lương,ex:monk/thiet_luong,2
tổ để,Thiệt Uyên Chí Bảo,ex:monk/thiet_luong,2
tổ để,Thiệt Lương,ex:monk/thiet_luong,2
do tộc,Thiệt Uyên Chí Bảo,ex:monk/thiet_luong,2
do tộc,Thiệt Lương,ex:monk/thiet_luong,2
bởi chùa,Thiệt Uyên Chí Bảo,ex:monk/thiet_luong,2
bởi chùa,Thiệt Lương,ex:monk/thiet_luong,2
còn có,Thiệt Uyên Chí Bảo,ex:monk/thiet_luong,2
còn có,Thiệt Lương,ex:monk/thiet_luong,2
được con,Thiệt Uyên Chí Bảo,ex:monk/thiet_luong,2
được con,Thiệt Lương,ex:monk/thiet_luong,2
Mậu Dần,Thiệt Uyên Chí Bảo,ex:monk/thiet_luong,2
Mậu Dần,Thiệt Lương,ex:monk/thiet_luong,2
cho biết,Thiệt Uyên Chí Bảo,ex:monk/thiet_luong,2
cho biết,Thiệt Lương,ex:monk/thiet_luong,2
đây rồi,Thiệt Uyên Chí Bảo,ex:monk/thiet_luong,2
đây rồi,Thiệt Lương,ex:monk/thiet_luong,2
nào và,Thiệt Uyên Chí Bảo,ex:monk/thiet_luong,2
nào và,Thiệt Lương,ex:monk/thiet_luong,2
thuộc tỉnh,Thiệt Uyên Chí Bảo,ex:monk/thiet_luong,2
thuộc tỉnh,Thiệt Lương,ex:monk/thiet_luong,2
Thiên Đức,Thiệt Uyên Chí Bảo,ex:monk/thiet_luong,2
Thiên Đức,Thiệt Lương,ex:monk/thiet_luong,2
đẹp nếu,Thiệt Uyên Chí Bảo,ex:monk/thiet_luong,2
đẹp nếu,Thiệt Lương,ex:monk/thiet_luong,2
là năm,Thiệt Uyên Chí Bảo,ex:monk/thiet_luong,2
là năm,Thiệt Lương,ex:monk/thiet_luong,2
được trung,Thiệt Uyên Chí Bảo,ex:monk/thiet_luong,2
được trung,Thiệt Lương,ex:monk/thiet_luong,2
này mới,Thiệt Uyên Chí Bảo,ex:monk/thiet_luong,2
này mới,Thiệt Lương,ex:monk/thiet_luong,2
vững chắc,Đại Bửu Kim Cang,ex:monk/dai_buu_kim_cang,2
vững chắc,Tâm Thị Thiện Minh,ex:monk/tam_thi_thien_minh,2
về làng,Đạo Minh Phổ Tịnh,ex:monk/dao_minh_pho_tinh,2
về làng,Pháp Chuyên Diệu Nghiêm,ex:monk/phap_chuyen_dieu_nghiem,2
tâm trung,Đạo Minh Phổ Tịnh,ex:monk/dao_minh_pho_tinh,2
tâm trung,Hải Toàn Linh Cơ,ex:monk/hai_toan_linh_co,2
sau khi,Tánh Thiên Nhất Định,ex:monk/tanh_thien_nhat_dinh,2
sau khi,Phật Tỉnh Từ Nghiêm,ex:monk/phat_tinh_tu_nghiem,2
tâm vương,Tánh Hoạt Huệ Cảnh,ex:monk/tanh_hoat_hue_canh,2
tâm vương,Hải Toàn Linh Cơ,ex:monk/hai_toan_linh_co,2
phía bên,Hải Toàn Linh Cơ,ex:monk/hai_toan_linh_co,2
phía bên,Tiên Thường Viên Trừng,ex:monk/tien_thuong_vien_trung,2
về bổn,Hải Bình Khiết Bạch,ex:monk/hai_binh_khiet_bach,2
về bổn,Hải Nhu Tín Nhậm,ex:monk/hai_nhu_tin_nham,2
của các,Tâm Thị Thiện Minh,ex:monk/tam_thi_thien_minh,2
của các,Tánh Thông Giác Ngộ,ex:monk/tanh_thong_giac_ngo,2
Hàm Tân,Tâm Thị Thiện Minh,ex:monk/tam_thi_thien_minh,2
Hàm Tân,Thị Lạc Hưng Từ,ex:monk/thi_lac_hung_tu,2
để có,Tâm Trung Chánh Trực,ex:monk/tam_trung_chanh_truc,2
để có,Thị Lạc Hưng Từ,ex:monk/thi_lac_hung_tu,2
Lương,Hoa Dược Trí Bằng,ex:monk/hoa_duoc_tri_bang,2
Lương,Nam An Nham Tự Nghiêm,ex:monk/nam_an_nham_tu_nghiem,2
Giang Châu,Viên Thông Ðức Chỉ,ex:monk/vien_thong_uc_chi,2
Giang Châu,Đông Lâm Thông Lý,ex:monk/dong_lam_thong_ly,2
xưa của,Phật Tuyết Tường Quang,ex:monk/phat_tuyet_tuong_quang,2
xưa của,Phật Tỉnh Từ Nghiêm,ex:monk/phat_tinh_tu_nghiem,2
Viên Tông,Phật Tuyết Tường Quang,ex:monk/phat_tuyet_tuong_quang,2
Viên Tông,Pháp Ấn Quảng Độ,ex:monk/phap_an_quang_do,2
Quảng Châu,Phật Tỉnh Từ Nghiêm,ex:monk/phat_tinh_tu_nghiem,2
Quảng Châu,Thạch Liêm Đại Sán,ex:monk/thach_liem_dai_san,2
chữ,Phật Tỉnh Từ Nghiêm,ex:monk/phat_tinh_tu_nghiem,2
chữ,Từ Sơn Hành Nhất,ex:monk/tu_son_hanh_nhat,2
mang trí,Pháp Chuyên Diệu Nghiêm,ex:monk/phap_chuyen_dieu_nghiem,2
mang trí,Tâm Trí Viên Giác,ex:monk/tam_tri_vien_giac,2
về Phước,Pháp Chuyên Diệu Nghiêm,ex:monk/phap_chuyen_dieu_nghiem,2
về Phước,Toàn Ðịnh Bảo Tạng,ex:monk/toan_dinh_bao_tang,2
Giang Tây,Động Sơn Hiểu Thông,ex:monk/dong_son_hieu_thong,2
Giang Tây,Thạch Liêm Đại Sán,ex:monk/thach_liem_dai_san,2
núi,Động Sơn Hiểu Thông,ex:monk/dong_son_hieu_thong,2
núi,Tông Diễn Chân Dung,ex:monk/tong_dien_chan_dung,2
đâu mà,Trừng Nguyên Chơn Như,ex:monk/trung_nguyen_chon_nhu,2
đâu mà,Tông Diễn Chân Dung,ex:monk/tong_dien_chan_dung,2
làng Vĩnh,Trừng Nguyên Chơn Như,ex:monk/trung_nguyen_chon_nhu,2
làng Vĩnh,Tâm Lễ Chánh Kiến,ex:monk/tam_le_chanh_kien,2
được vua,Trừng Thành Hướng Đạo,ex:monk/trung_thanh_huong_dao,2
được vua,Tiên Thường Viên Trừng,ex:monk/tien_thuong_vien_trung,2
làng Thành,Trừng Trì Chí Niệm,ex:monk/trung_tri_chi_niem,2
làng Thành,Tâm Ưng Đảnh Lễ,ex:monk/tam_ung_danh_le,2
Giác Nguyên,Nguyên Chánh Minh Bổn,ex:monk/nguyen_chanh_minh_bon,2
Giác Nguyên,Thị An Phước Bình,ex:monk/thi_an_phuoc_binh,2
núi Tam,Tam Bình Nghĩa Trung,ex:monk/tam_binh_nghia_trung,2
núi Tam,Tiên Thường Viên Trừng,ex:monk/tien_thuong_vien_trung,2
Nam Vang,Tâm Khai Nhật Liên,ex:monk/tam_khai_nhat_lien,2
Nam Vang,Thị An Phước Bình,ex:monk/thi_an_phuoc_binh,2
trường này,Tâm Phổ Thiện Lộc,ex:monk/tam_pho_thien_loc,2
trường này,Tâm Thật Thiện Châu,ex:monk/tam_that_thien_chau,2
trường,Tâm Thật Thiện Châu,ex:monk/tam_that_thien_chau,2
trường,Tâm Hòa Thiên Thái,ex:monk/tam_hoa_thien_thai,2
đâu không,Toàn Ðịnh Bảo Tạng,ex:monk/toan_dinh_bao_tang,2
đâu không,Như Khanh Huệ Tiên,ex:monk/nhu_khanh_hue_tien,2
Trường Xuân,Toàn Trí Long Thọ,ex:monk/toan_dai_hue_duc,2
Trường Xuân,Toàn Đài Huệ Đức,ex:monk/toan_dai_hue_duc,2
Hòa Nhai,Tông Diễn Chân Dung,ex:monk/tong_dien_chan_dung,2
Hòa Nhai,Thanh Đàm Minh Chánh,ex:monk/thanh_dam_minh_chanh,2
Raṅganātha,Tôn Giả Ca Na Đề Bà,ex:monk/ca_na_de_ba,2
Raṅganātha,Tôn Giả Ca Na Đề Bà,ex:monk/ca_na_de_ba,2
bắc Ấn,Tôn Giả Ca Na Đề Bà,ex:monk/ca_na_de_ba,2
bắc Ấn,Tôn Giả Ca Na Đề Bà,ex:monk/ca_na_de_ba,2
đại học,Tôn Giả Ca Na Đề Bà,ex:monk/ca_na_de_ba,2
đại học,Tôn Giả Ca Na Đề Bà,ex:monk/ca_na_de_ba,2
về tịch,Tôn Giả Ca Na Đề Bà,ex:monk/ca_na_de_ba,2
về tịch,Tôn Giả Ca Na Đề Bà,ex:monk/ca_na_de_ba,2
Na Lan,Tôn Giả Ca Na Đề Bà,ex:monk/ca_na_de_ba,2
Na Lan,Tôn Giả Ca Na Đề Bà,ex:monk/ca_na_de_ba,2
ngại Phật,Tôn Giả Ca Na Đề Bà,ex:monk/ca_na_de_ba,2
ngại Phật,Tôn Giả Ca Na Đề Bà,ex:monk/ca_na_de_ba,2
chỗ ngồi,Tôn Giả Ca Na Đề Bà,ex:monk/ca_na_de_ba,2
chỗ ngồi,Tôn Giả Ca Na Đề Bà,ex:monk/ca_na_de_ba,2
Hạ,Thanh Đàm Minh Chánh,ex:monk/thanh_dam_minh_chanh,2
Hạ,Khoan Dực Thanh Lãng,ex:monk/khoan_duc_thanh_lang,2
quan,Tiên Giác Hải Tịnh,ex:monk/tien_giac_hai_tinh,2
quan,Tiên Thường Viên Trừng,ex:monk/tien_thuong_vien_trung,2
và các,Tiên Giác Hải Tịnh,ex:monk/tien_giac_hai_tinh,2
và các,Thạch Liêm Đại Sán,ex:monk/thach_liem_dai_san,2
làng Văn,Tâm Ưng Đảnh Lễ,ex:monk/tam_ung_danh_le,2
làng Văn,Hải Nhu Tín Nhậm,ex:monk/hai_nhu_tin_nham,2
Ðông Hưng,Thị An Phước Bình,ex:monk/thi_an_phuoc_binh,2
Ðông Hưng,Ðồng Chánh Tịnh Như,ex:monk/ong_chanh_tinh_nhu,2
làng Phương,Thị An Phước Bình,ex:monk/thi_an_phuoc_binh,2
làng Phương,Thị Tín Phước Trí,ex:monk/thi_tin_phuoc_tri,2
Thủ Thiêm,Thị An Phước Bình,ex:monk/thi_an_phuoc_binh,2
Thủ Thiêm,TT Ðồng Viên Viên Ðức,ex:monk/tt_ong_vien_vien_uc,2
chùa Tăng,Ðồng Ðộ Tịnh Khiết,ex:monk/ong_o_tinh_khiet,2
chùa Tăng,Ðồng Chánh Tịnh Giác,ex:monk/ong_chanh_tinh_giac,2
Thiền Tịnh,Thị Tín Phước Trí,ex:monk/thi_tin_phuoc_tri,2
Thiền Tịnh,TT Ðồng Viên Viên Ðức,ex:monk/tt_ong_vien_vien_uc,2
xã Triều,Tánh Thiện An Cư,ex:monk/tanh_thien_an_cu,2
xã Triều,Đạo Tâm Trung Hậu,ex:monk/dao_tam_trung_hau,2
是為本寺,Tánh Thiện An Cư,ex:monk/tanh_thien_an_cu,2
是為本寺,Đạo Tâm Trung Hậu,ex:monk/dao_tam_trung_hau,2
này đã,Tâm Lương Diệu Hoằng,ex:monk/tam_luong_dieu_hoang,2
này đã,Thạch Liêm Đại Sán,ex:monk/thach_liem_dai_san,2
Long Vân,Tánh Thông Giác Ngộ,ex:monk/tanh_thong_giac_ngo,2
Long Vân,Bảo Chân,ex:monk/bao_chan,2
rất đông,Bảo Chân,ex:monk/bao_chan,2
rất đông,Thạch Liêm Đại Sán,ex:monk/thach_liem_dai_san,2
hai bên,Thạch Liêm Đại Sán,ex:monk/thach_liem_dai_san,2
hai bên,Tiên Thường Viên Trừng,ex:monk/tien_thuong_vien_trung,2
Vạn Thiện,Thiệt Vinh Bửu Hạnh,ex:monk/thiet_vinh_buu_hanh,2
Vạn Thiện,Tế Cảm Linh Phù,ex:monk/te_cam_linh_phu,2
nguyên,Chiêu Hiền Hội Thông,ex:monk/chieu_hien_hoi_thong,2
nguyên,Chiều Hiền Hội Thông,ex:monk/chieu_hien_hoi_thong,2
Lục Cung,Chiêu Hiền Hội Thông,ex:monk/chieu_hien_hoi_thong,2
Lục Cung,Chiều Hiền Hội Thông,ex:monk/chieu_hien_hoi_thong,2
quê báo,Chiêu Hiền Hội Thông,ex:monk/chieu_hien_hoi_thong,2
quê báo,Chiều Hiền Hội Thông,ex:monk/chieu_hien_hoi_thong,2
rồi tàn,Chiêu Hiền Hội Thông,ex:monk/chieu_hien_hoi_thong,2
rồi tàn,Chiều Hiền Hội Thông,ex:monk/chieu_hien_hoi_thong,2
cõi trần,Tiên Đề Chơn Phẩm,ex:monk/tien_de_chon_pham,2
cõi trần,Tiên Thường Viên Trừng,ex:monk/tien_thuong_vien_trung,2
Đại Tùng,Thị Châu  Quang Thanh,ex:monk/thi_chau_quang_thanh,2
Đại Tùng,Thị Châu Quang Thanh,ex:monk/thi_chau_quang_thanh,2
thành chùa,Như Hải Huệ Đức,ex:monk/nhu_hai_hue_duc,2
thành chùa,Như Hải Huệ Đức,ex:monk/nhu_hai_hue_duc,2
Cẩm Hà,Thị Tân  Huệ Từ,ex:monk/thi_tan_hue_tu,2
Cẩm Hà,Thị Thiện Đoan Nghiêm,ex:monk/thi_thien_doan_nghiem,2
tại Ngũ,Đại Huệ Tông Cảo,ex:monk/dai_hue_tong_cao,1
trước tìm,Đại Huệ Tông Cảo,ex:monk/dai_hue_tong_cao,1
Thiên Ninh,Đại Huệ Tông Cảo,ex:monk/dai_hue_tong_cao,1
đảo biển,Đại Huệ Tông Cảo,ex:monk/dai_hue_tong_cao,1
tại đất,Đại Huệ Tông Cảo,ex:monk/dai_hue_tong_cao,1
trong hầm,Đại Huệ Tông Cảo,ex:monk/dai_hue_tong_cao,1
trong núi,Đại Huệ Tông Cảo,ex:monk/dai_hue_tong_cao,1
đắc nhưng,Đại Huệ Tông Cảo,ex:monk/dai_hue_tong_cao,1
khoảng trước,Đại Huệ Tông Cảo,ex:monk/dai_hue_tong_cao,1
trên ngôn,Đại Huệ Tông Cảo,ex:monk/dai_hue_tong_cao,1
tu,Đại Huệ Tông Cảo,ex:monk/dai_hue_tong_cao,1
lại y,Đại Huệ Tông Cảo,ex:monk/dai_hue_tong_cao,1
Liêu trạch,Đại Huệ Tông Cảo,ex:monk/dai_hue_tong_cao,1
Kiến,Đại Huệ Tông Cảo,ex:monk/dai_hue_tong_cao,1
Lang Da,Đại Huệ Tông Cảo,ex:monk/dai_hue_tong_cao,1
nơi Thiếu,Đại Huệ Tông Cảo,ex:monk/dai_hue_tong_cao,1
miệng xấu,Đại Huệ Tông Cảo,ex:monk/dai_hue_tong_cao,1
Kính Sơn,Đại Huệ Tông Cảo,ex:monk/dai_hue_tong_cao,1
miệng bèn,Đại Huệ Tông Cảo,ex:monk/dai_hue_tong_cao,1
Ma,Đại Huệ Tông Cảo,ex:monk/dai_hue_tong_cao,1
tay chân,Đại Huệ Tông Cảo,ex:monk/dai_hue_tong_cao,1
dài một,Đại Huệ Tông Cảo,ex:monk/dai_hue_tong_cao,1
lại ở,Đại Huệ Tông Cảo,ex:monk/dai_hue_tong_cao,1
trong khoảng,Đại Huệ Tông Cảo,ex:monk/dai_hue_tong_cao,1
Vân Phong,Đại Huệ Tông Cảo,ex:monk/dai_hue_tong_cao,1
tợ gấm,Đại Huệ Tông Cảo,ex:monk/dai_hue_tong_cao,1
lời,Đại Huệ Tông Cảo,ex:monk/dai_hue_tong_cao,1
trong lỗ,Đại Huệ Tông Cảo,ex:monk/dai_hue_tong_cao,1
Minh Nguyệt,Đại Huệ Tông Cảo,ex:monk/dai_hue_tong_cao,1
Tương Sơn,Đại Huệ Tông Cảo,ex:monk/dai_hue_tong_cao,1
đất Thục,Đại Huệ Tông Cảo,ex:monk/dai_hue_tong_cao,1
khắp đại,Đại Huệ Tông Cảo,ex:monk/dai_hue_tong_cao,1
Ninh Quốc,Đại Huệ Tông Cảo,ex:monk/dai_hue_tong_cao,1
được ở,Đại Huệ Tông Cảo,ex:monk/dai_hue_tong_cao,1
cửa để,Đại Huệ Tông Cảo,ex:monk/dai_hue_tong_cao,1
"lại
Đến",Đại Huệ Tông Cảo,ex:monk/dai_hue_tong_cao,1
tại trong,Đại Huệ Tông Cảo,ex:monk/dai_hue_tong_cao,1
trên Nghiêu,Đại Huệ Tông Cảo,ex:monk/dai_hue_tong_cao,1
chứng của,Đại Huệ Tông Cảo,ex:monk/dai_hue_tong_cao,1
phủ Lâm,Đại Huệ Tông Cảo,ex:monk/dai_hue_tong_cao,1
am Vân,Đại Huệ Tông Cảo,ex:monk/dai_hue_tong_cao,1
nước Ma,Đại Huệ Tông Cảo,ex:monk/dai_hue_tong_cao,1
Tuyên Châu,Đại Huệ Tông Cảo,ex:monk/dai_hue_tong_cao,1
lại trong,Đại Huệ Tông Cảo,ex:monk/dai_hue_tong_cao,1
Tỳ,Đại Huệ Tông Cảo,ex:monk/dai_hue_tong_cao,1
nơi im,Đại Huệ Tông Cảo,ex:monk/dai_hue_tong_cao,1
Quải Tháp,Đại Huệ Tông Cảo,ex:monk/dai_hue_tong_cao,1
Ấn Tâm,Đại Huệ Tông Cảo,ex:monk/dai_hue_tong_cao,1
Hưng Hóa,Đại Huệ Tông Cảo,ex:monk/dai_hue_tong_cao,1
tại Liêu,Đại Huệ Tông Cảo,ex:monk/dai_hue_tong_cao,1
tại nước,Đại Huệ Tông Cảo,ex:monk/dai_hue_tong_cao,1
Sư diễn,Đại Huệ Tông Cảo,ex:monk/dai_hue_tong_cao,1
vô lượng,Đại Huệ Tông Cảo,ex:monk/dai_hue_tong_cao,1
Tú Thiết,Đại Huệ Tông Cảo,ex:monk/dai_hue_tong_cao,1
Hành Châu,Đại Huệ Tông Cảo,ex:monk/dai_hue_tong_cao,1
nhà họ,Đại Huệ Tông Cảo,ex:monk/dai_hue_tong_cao,1
tỉnh Thừa,Cư Sĩ Tâm Hòa Trương Xướng,ex:monk/cu_si_tam_hoa_truong_xuong,1
về bệnh,Cư Sĩ Tâm Hòa Trương Xướng,ex:monk/cu_si_tam_hoa_truong_xuong,1
làng Vân,Cư Sĩ Tâm Hòa Trương Xướng,ex:monk/cu_si_tam_hoa_truong_xuong,1
lớp Đại,Trừng Thành Giác Tiên,ex:monk/trung_thanh_giac_tien,1
ra cấp,Trừng Thành Giác Tiên,ex:monk/trung_thanh_giac_tien,1
ra do,Trừng Thành Giác Tiên,ex:monk/trung_thanh_giac_tien,1
Viện Pasteur,Trừng Thành Giác Tiên,ex:monk/trung_thanh_giac_tien,1
Đạo tràng,Trừng Thành Giác Tiên,ex:monk/trung_thanh_giac_tien,1
lại ngồi,Tâm Địa Mật Khế,ex:monk/tam_dia_mat_khe,1
thành cột,Tâm Địa Mật Khế,ex:monk/tam_dia_mat_khe,1
linh bình,Tâm Địa Mật Khế,ex:monk/tam_dia_mat_khe,1
hơi cuối,Tâm Địa Mật Khế,ex:monk/tam_dia_mat_khe,1
cũ tiếp,Tâm Địa Mật Khế,ex:monk/tam_dia_mat_khe,1
nhỏ với,Tâm Chơn Mật Tín,ex:monk/tam_chon_mat_tin,1
chổ vắng,Tâm Chơn Mật Tín,ex:monk/tam_chon_mat_tin,1
trong nhà,Tâm Chơn Mật Tín,ex:monk/tam_chon_mat_tin,1
lớp Tiểu,Tâm Nhất Mật Thể,ex:monk/tam_nhat_mat_the,1
Chùa Ông,Tâm Nhất Mật Thể,ex:monk/tam_nhat_mat_the,1
nhỏ theo,Tâm Nhất Mật Thể,ex:monk/tam_nhat_mat_the,1
lớp Cao,Tâm Nhất Mật Thể,ex:monk/tam_nhat_mat_the,1
Nguyệt Biều,Tâm Nhất Mật Thể,ex:monk/tam_nhat_mat_the,1
về đây,Tâm Như Mật Nguyện,ex:monk/tam_nhu_mat_nguyen,1
các bệnh,Tâm Như Mật Nguyện,ex:monk/tam_nhu_mat_nguyen,1
rộng các,Tâm Như Mật Nguyện,ex:monk/tam_nhu_mat_nguyen,1
trại huấn,Tâm Như Mật Nguyện,ex:monk/tam_nhu_mat_nguyen,1
chiền thay,Tâm Như Mật Nguyện,ex:monk/tam_nhu_mat_nguyen,1
quận Nam,Tâm Như Mật Nguyện,ex:monk/tam_nhu_mat_nguyen,1
gia thuộc,Tâm Như Mật Nguyện,ex:monk/tam_nhu_mat_nguyen,1
Từ Hàng,Tâm Như Mật Nguyện,ex:monk/tam_nhu_mat_nguyen,1
một xã,Tâm Như Mật Nguyện,ex:monk/tam_nhu_mat_nguyen,1
của xứ,Tâm Như Mật Nguyện,ex:monk/tam_nhu_mat_nguyen,1
các buổi,Tâm Như Mật Nguyện,ex:monk/tam_nhu_mat_nguyen,1
sự nghiệp,Tâm Như Mật Nguyện,ex:monk/tam_nhu_mat_nguyen,1
được thịnh,Tâm Như Mật Nguyện,ex:monk/tam_nhu_mat_nguyen,1
và kiện,Tâm Như Mật Nguyện,ex:monk/tam_nhu_mat_nguyen,1
hiện tại,Tâm Như Mật Nguyện,ex:monk/tam_nhu_mat_nguyen,1
thêm các,Tâm Như Mật Nguyện,ex:monk/tam_nhu_mat_nguyen,1
Bảo Tràng,Tâm Như Mật Nguyện,ex:monk/tam_nhu_mat_nguyen,1
thành nhà,Tâm Như Mật Nguyện,ex:monk/tam_nhu_mat_nguyen,1
miền Vạn,Tâm Như Mật Nguyện,ex:monk/tam_nhu_mat_nguyen,1
được phát,Tâm Như Mật Nguyện,ex:monk/tam_nhu_mat_nguyen,1
Từ hiếu,Trừng Diên Diệu Huệ,ex:monk/trung_dien_dieu_hue,1
nhà lo,Trừng Diên Diệu Huệ,ex:monk/trung_dien_dieu_hue,1
nhà để,Trừng Diên Diệu Huệ,ex:monk/trung_dien_dieu_hue,1
Hoàng Ân,Trừng Diên Diệu Huệ,ex:monk/trung_dien_dieu_hue,1
nhỏ nên,Trừng Diên Diệu Huệ,ex:monk/trung_dien_dieu_hue,1
lại luôn,Trừng Diên Diệu Huệ,ex:monk/trung_dien_dieu_hue,1
chùa Hoàng,Trừng Diên Diệu Huệ,ex:monk/trung_dien_dieu_hue,1
trọng yếu,Tâm Hương Mật Hiển,ex:monk/tam_huong_mat_hien,1
Phúc Lâm,Tâm Hương Mật Hiển,ex:monk/tam_huong_mat_hien,1
gồm ba,Tâm Hương Mật Hiển,ex:monk/tam_huong_mat_hien,1
lạy đáp,Tâm Hương Mật Hiển,ex:monk/tam_huong_mat_hien,1
to tháp,Tâm Hương Mật Hiển,ex:monk/tam_huong_mat_hien,1
Đông Hoài,Tâm Hương Mật Hiển,ex:monk/tam_huong_mat_hien,1
ngày lễ,Tâm Hương Mật Hiển,ex:monk/tam_huong_mat_hien,1
Miến Điện,Tâm Hương Mật Hiển,ex:monk/tam_huong_mat_hien,1
song lâm,Tâm Hương Mật Hiển,ex:monk/tam_huong_mat_hien,1
chùa to,Tâm Hương Mật Hiển,ex:monk/tam_huong_mat_hien,1
siêu việt,Tâm Hương Mật Hiển,ex:monk/tam_huong_mat_hien,1
làng Dạ,Tâm Hương Mật Hiển,ex:monk/tam_huong_mat_hien,1
nội phủ,Tâm Hương Mật Hiển,ex:monk/tam_huong_mat_hien,1
nơi Tăng,Tâm Hương Mật Hiển,ex:monk/tam_huong_mat_hien,1
trách có,Tâm Hương Mật Hiển,ex:monk/tam_huong_mat_hien,1
bày,Tâm Hương Mật Hiển,ex:monk/tam_huong_mat_hien,1
chức vụ,Tâm Hương Mật Hiển,ex:monk/tam_huong_mat_hien,1
núi Thúy,Tâm Hương Mật Hiển,ex:monk/tam_huong_mat_hien,1
Nhật Bổn,Tâm Hương Mật Hiển,ex:monk/tam_huong_mat_hien,1
lý thiền,Tâm Hương Mật Hiển,ex:monk/tam_huong_mat_hien,1
Sa Đéc,Trừng Hảo Diệu Không,ex:monk/trung_hao_dieu_khong,1
Ni,Trừng Hảo Diệu Không,ex:monk/trung_hao_dieu_khong,1
Tuệ Tĩnh,Trừng Hảo Diệu Không,ex:monk/trung_hao_dieu_khong,1
ngại lớn,Trừng Hảo Diệu Không,ex:monk/trung_hao_dieu_khong,1
Huế chưa,Trừng Hảo Diệu Không,ex:monk/trung_hao_dieu_khong,1
cảnh động,Trừng Hảo Diệu Không,ex:monk/trung_hao_dieu_khong,1
mà không,Trừng Hảo Diệu Không,ex:monk/trung_hao_dieu_khong,1
đường Công,Trừng Hảo Diệu Không,ex:monk/trung_hao_dieu_khong,1
nhà cho,Trừng Hảo Diệu Không,ex:monk/trung_hao_dieu_khong,1
Hố Nai,Trừng Hảo Diệu Không,ex:monk/trung_hao_dieu_khong,1
tri chướng,Trừng Hảo Diệu Không,ex:monk/trung_hao_dieu_khong,1
Tăng làm,Trừng Hảo Diệu Không,ex:monk/trung_hao_dieu_khong,1
Kiều Đàm,Trừng Hảo Diệu Không,ex:monk/trung_hao_dieu_khong,1
Ni và,Trừng Hảo Diệu Không,ex:monk/trung_hao_dieu_khong,1
làng Lỗ,Tâm Thanh Tịch Tràng,ex:monk/tam_thanh_tich_trang,1
để nương,Tâm Thanh Tịch Tràng,ex:monk/tam_thanh_tich_trang,1
Thiên Chơn,Tâm Thanh Tịch Tràng,ex:monk/tam_thanh_tich_trang,1
Tây Hồ,Tâm Thanh Tịch Tràng,ex:monk/tam_thanh_tich_trang,1
trường Pháp,Tâm Thanh Tịch Tràng,ex:monk/tam_thanh_tich_trang,1
về quy,Tâm Thanh Tịch Tràng,ex:monk/tam_thanh_tich_trang,1
thành Phật,Tâm Thanh Tịch Tràng,ex:monk/tam_thanh_tich_trang,1
núi Mã,Phù Dung Đạo Giai,ex:monk/phu_dung_dao_giai,1
dài,Phù Dung Đạo Giai,ex:monk/phu_dung_dao_giai,1
Song Lâm,Phù Dung Đạo Giai,ex:monk/phu_dung_dao_giai,1
trong phòng,Phù Dung Đạo Giai,ex:monk/phu_dung_dao_giai,1
Nghi Thủy,Phù Dung Đạo Giai,ex:monk/phu_dung_dao_giai,1
làm khô,Phù Dung Đạo Giai,ex:monk/phu_dung_dao_giai,1
cửa chết,Phù Dung Đạo Giai,ex:monk/phu_dung_dao_giai,1
về Nghi,Phù Dung Đạo Giai,ex:monk/phu_dung_dao_giai,1
chùa Song,Phù Dung Đạo Giai,ex:monk/phu_dung_dao_giai,1
Hoài Sơn,Phù Dung Đạo Giai,ex:monk/phu_dung_dao_giai,1
Tiên Động,Phù Dung Đạo Giai,ex:monk/phu_dung_dao_giai,1
đô thành,Phù Dung Đạo Giai,ex:monk/phu_dung_dao_giai,1
hồ Phù,Phù Dung Đạo Giai,ex:monk/phu_dung_dao_giai,1
Truy Châu,Phù Dung Đạo Giai,ex:monk/phu_dung_dao_giai,1
nhà thường,Phù Dung Đạo Giai,ex:monk/phu_dung_dao_giai,1
Thuật Đài,Phù Dung Đạo Giai,ex:monk/phu_dung_dao_giai,1
chùa Thuật,Phù Dung Đạo Giai,ex:monk/phu_dung_dao_giai,1
Dương Sơn,Phù Dung Đạo Giai,ex:monk/phu_dung_dao_giai,1
đâu Khúc,Phù Dung Đạo Giai,ex:monk/phu_dung_dao_giai,1
Đồng Châu,Thạch Môn Nguyên Dị,ex:monk/thach_mon_nguyen_di,1
để vào,Thạch Môn Nguyên Dị,ex:monk/thach_mon_nguyen_di,1
núi Học,Thạch Môn Nguyên Dị,ex:monk/thach_mon_nguyen_di,1
đường ngoài,Phổ Hiền Thiện Tú,ex:monk/pho_hien_thien_tu,1
tràn chưa,Phổ Hiền Thiện Tú,ex:monk/pho_hien_thien_tu,1
Lộc Môn,Lộc Môn Pháp Ðăng,ex:monk/loc_mon_phap_ang,1
Mai Sơn,Bạch Thủy Tu Dĩ,ex:monk/bach_thuy_tu_di,1
Bạch Thủy,Bạch Thủy Tu Dĩ,ex:monk/bach_thuy_tu_di,1
Tư Thánh,Tư Thánh Nam,ex:monk/tu_thanh_nam,1
Kiến Xương,Tư Thánh Nam,ex:monk/tu_thanh_nam,1
Đại Thừa,Tịnh Nhân Giác,ex:monk/tinh_nhan_giac,1
Châu,Tịnh Nhân Giác,ex:monk/tinh_nhan_giac,1
vào chẳng,Tịnh Nhân Giác,ex:monk/tinh_nhan_giac,1
Trung Giang,Đại Trí Tề Liên,ex:monk/dai_tri_te_lien,1
tại Hối,Đại Trí Tề Liên,ex:monk/dai_tri_te_lien,1
dài mà,Đại Trí Tề Liên,ex:monk/dai_tri_te_lien,1
Phổ Ninh,Đại Trí Tề Liên,ex:monk/dai_tri_te_lien,1
đó chẳng,Đại Trí Tề Liên,ex:monk/dai_tri_te_lien,1
Đại Trí,Đại Trí Tề Liên,ex:monk/dai_tri_te_lien,1
Tây Giao,Đại Trí Tề Liên,ex:monk/dai_tri_te_lien,1
Hộ Thánh,Đại Trí Tề Liên,ex:monk/dai_tri_te_lien,1
Hối Đường,Đại Trí Tề Liên,ex:monk/dai_tri_te_lien,1
Sùng Hưng,Đại Trí Tề Liên,ex:monk/dai_tri_te_lien,1
đó nên,Đại Trí Tề Liên,ex:monk/dai_tri_te_lien,1
tại Hiên,Đại Trí Tề Liên,ex:monk/dai_tri_te_lien,1
dưới Liễu,Đại Trí Tề Liên,ex:monk/dai_tri_te_lien,1
Hiên Vũ,Đại Trí Tề Liên,ex:monk/dai_tri_te_lien,1
Đại Tùy,Đại Trí Tề Liên,ex:monk/dai_tri_te_lien,1
tại dưới,Đại Trí Tề Liên,ex:monk/dai_tri_te_lien,1
Tương Dương,Đại Trí Tề Liên,ex:monk/dai_tri_te_lien,1
các Tùng,Đại Trí Tề Liên,ex:monk/dai_tri_te_lien,1
ngoài cửa,Đại Trí Tề Liên,ex:monk/dai_tri_te_lien,1
Năng Nhân,Đại Trí Tề Liên,ex:monk/dai_tri_te_lien,1
Khê,Đại Trí Tề Liên,ex:monk/dai_tri_te_lien,1
vậy,Đại Trí Tề Liên,ex:monk/dai_tri_te_lien,1
Quảng Hán,Đại Trí Tề Liên,ex:monk/dai_tri_te_lien,1
tại nơi,Thiều Châu Hy Bô,ex:monk/thieu_chau_hy_bo,1
Thiều Sơn,Thiều Châu Hy Bô,ex:monk/thieu_chau_hy_bo,1
tại Thiều,Thiều Châu Hy Bô,ex:monk/thieu_chau_hy_bo,1
trên dàn,Thiều Châu Hy Bô,ex:monk/thieu_chau_hy_bo,1
trước trăng,Đơn Hà Tử Thuần,ex:monk/don_ha_tu_thuan,1
Lô Hoa,Đơn Hà Tử Thuần,ex:monk/don_ha_tu_thuan,1
vũ trụ,Đơn Hà Tử Thuần,ex:monk/don_ha_tu_thuan,1
Kiếm Châu,Đơn Hà Tử Thuần,ex:monk/don_ha_tu_thuan,1
bày dấu,Đơn Hà Tử Thuần,ex:monk/don_ha_tu_thuan,1
ong đua,Đơn Hà Tử Thuần,ex:monk/don_ha_tu_thuan,1
Hình Sơn,Đơn Hà Tử Thuần,ex:monk/don_ha_tu_thuan,1
lấy bỏ,Hương Sơn Pháp Thành,ex:monk/huong_son_phap_thanh,1
dưới ba,Hương Sơn Pháp Thành,ex:monk/huong_son_phap_thanh,1
thời nay,Hương Sơn Pháp Thành,ex:monk/huong_son_phap_thanh,1
xứ nào,Hương Sơn Pháp Thành,ex:monk/huong_son_phap_thanh,1
bày quyển,Hương Sơn Pháp Thành,ex:monk/huong_son_phap_thanh,1
Giảng Châu,Bảo Phong Duy Chiếu,ex:monk/bao_phong_duy_chieu,1
ngọn núi,Bảo Phong Duy Chiếu,ex:monk/bao_phong_duy_chieu,1
thời quá,Bảo Phong Duy Chiếu,ex:monk/bao_phong_duy_chieu,1
trên bờ,Bảo Phong Duy Chiếu,ex:monk/bao_phong_duy_chieu,1
trong mắt,Bảo Phong Duy Chiếu,ex:monk/bao_phong_duy_chieu,1
thơ bé,Bảo Phong Duy Chiếu,ex:monk/bao_phong_duy_chieu,1
thời vị,Bảo Phong Duy Chiếu,ex:monk/bao_phong_duy_chieu,1
Lộc Uyển,Bảo Phong Duy Chiếu,ex:monk/bao_phong_duy_chieu,1
làm am,Cư Sĩ Thanh Phước Điềm Tịnh,ex:monk/cu_si_thanh_phuoc_diem_tinh,1
phía đông,Cư Sĩ Thanh Phước Điềm Tịnh,ex:monk/cu_si_thanh_phuoc_diem_tinh,1
xuất triền,Cư Sĩ Thanh Phước Điềm Tịnh,ex:monk/cu_si_thanh_phuoc_diem_tinh,1
sinh phần,Cư Sĩ Thanh Phước Điềm Tịnh,ex:monk/cu_si_thanh_phuoc_diem_tinh,1
đại trai,Cư Sĩ Thanh Phước Điềm Tịnh,ex:monk/cu_si_thanh_phuoc_diem_tinh,1
cạnh am,Cư Sĩ Thanh Phước Điềm Tịnh,ex:monk/cu_si_thanh_phuoc_diem_tinh,1
giữa đống,Cư Sĩ Thanh Phước Điềm Tịnh,ex:monk/cu_si_thanh_phuoc_diem_tinh,1
gần am,Cư Sĩ Thanh Phước Điềm Tịnh,ex:monk/cu_si_thanh_phuoc_diem_tinh,1
Huế lên,Hải Thiệu Cương Kỷ,ex:monk/hai_thieu_cuong_ky,1
sợ xanh,Hải Thiệu Cương Kỷ,ex:monk/hai_thieu_cuong_ky,1
đề Tự,Hải Thiệu Cương Kỷ,ex:monk/hai_thieu_cuong_ky,1
xin quy,Hải Thiệu Cương Kỷ,ex:monk/hai_thieu_cuong_ky,1
bia đá,Hải Thiệu Cương Kỷ,ex:monk/hai_thieu_cuong_ky,1
để thăm,Hải Thiệu Cương Kỷ,ex:monk/hai_thieu_cuong_ky,1
lui,Hải Thiệu Cương Kỷ,ex:monk/hai_thieu_cuong_ky,1
lại các,Thanh Chân Viên Giác,ex:monk/thanh_chan_vien_giac,1
thế thứ,Thanh Chân Viên Giác,ex:monk/thanh_chan_vien_giac,1
Vĩ Dạ,Thanh Chân Viên Giác,ex:monk/thanh_chan_vien_giac,1
thế thủ,Thanh Tú Huệ Pháp,ex:monk/thanh_tu_hue_phap,1
dưới triều,Thanh Tú Huệ Pháp,ex:monk/thanh_tu_hue_phap,1
một mẫu,Thanh Trí Hải Luận,ex:monk/thanh_tri_hai_luan,1
và được,Thanh Trí Hải Luận,ex:monk/thanh_tri_hai_luan,1
nhỏ đã,Thanh Trí Hải Luận,ex:monk/thanh_tri_hai_luan,1
gia của,Thanh Trí Hải Luận,ex:monk/thanh_tri_hai_luan,1
Quốc n,Như Hán Nguyên Cát,ex:monk/nhu_han_nguyen_cat,1
nhất tâm,Như Hán Nguyên Cát,ex:monk/nhu_han_nguyen_cat,1
về Trú,Như Hán Nguyên Cát,ex:monk/nhu_han_nguyen_cat,1
Diệu Nghiêm,Thanh Quý Chơn Thiệt,ex:monk/thanh_quy_chon_thiet,1
và Ni,Thanh Linh Diên Trường,ex:monk/thanh_linh_dien_truong,1
đường sắt,Thanh Linh Diên Trường,ex:monk/thanh_linh_dien_truong,1
đó tu,Thanh Linh Diên Trường,ex:monk/thanh_linh_dien_truong,1
nên ồn,Thanh Linh Diên Trường,ex:monk/thanh_linh_dien_truong,1
Pháp Minh,Đồng Điểm Minh Thành,ex:monk/dong_diem_minh_thanh,1
Trung Vĩnh,Đồng Điểm Minh Thành,ex:monk/dong_diem_minh_thanh,1
Phước Thiện,Thị Châu Minh Nghĩa,ex:monk/thi_chau_minh_nghia,1
Hưng Phước,Thị Châu Minh Nghĩa,ex:monk/thi_chau_minh_nghia,1
Hòa Phước,Thị Năng Trí Hữu,ex:monk/thi_nang_tri_huu,1
Ứng Quang,Thị Năng Trí Hữu,ex:monk/thi_nang_tri_huu,1
Đức Trọng,Thị Năng Trí Hữu,ex:monk/thi_nang_tri_huu,1
lân cận,Thị Năng Trí Hữu,ex:monk/thi_nang_tri_huu,1
Đà Thành,Thị Năng Trí Hữu,ex:monk/thi_nang_tri_huu,1
Bà Nà,Thị Năng Trí Hữu,ex:monk/thi_nang_tri_huu,1
cõi đời,Thị Năng Trí Hữu,ex:monk/thi_nang_tri_huu,1
Học Viện,Thị Năng Trí Hữu,ex:monk/thi_nang_tri_huu,1
làng Quá,Thị Năng Trí Hữu,ex:monk/thi_nang_tri_huu,1
Úc thì,Thị Năng Trí Hữu,ex:monk/thi_nang_tri_huu,1
một Phật,Thị Năng Trí Hữu,ex:monk/thi_nang_tri_huu,1
Hưng Đạo,Thị Năng Trí Hữu,ex:monk/thi_nang_tri_huu,1
Giáo Hội,Thị Năng Trí Hữu,ex:monk/thi_nang_tri_huu,1
buổi Lễ,Đồng Nguyện Thiện Nguyện,ex:monk/dong_nguyen_thien_nguyen,1
độ cao,Đồng Nguyện Thiện Nguyện,ex:monk/dong_nguyen_thien_nguyen,1
Chùa Bồ,Đồng Nguyện Thiện Nguyện,ex:monk/dong_nguyen_thien_nguyen,1
nguyện của,Đồng Nguyện Thiện Nguyện,ex:monk/dong_nguyen_thien_nguyen,1
Trường Phật,Đồng Nguyện Thiện Nguyện,ex:monk/dong_nguyen_thien_nguyen,1
thành thành,Đồng Nguyện Thiện Nguyện,ex:monk/dong_nguyen_thien_nguyen,1
mang một,Đồng Nguyện Thiện Nguyện,ex:monk/dong_nguyen_thien_nguyen,1
trong lòng,Đồng Nguyện Thiện Nguyện,ex:monk/dong_nguyen_thien_nguyen,1
hạ tầng,Đồng Nguyện Thiện Nguyện,ex:monk/dong_nguyen_thien_nguyen,1
trại giam,Đồng Trí Bảo Huệ,ex:monk/dong_tri_bao_hue,1
xã Võ,Đồng Trí Bảo Huệ,ex:monk/dong_tri_bao_hue,1
Hương An,Đồng Trí Bảo Huệ,ex:monk/dong_tri_bao_hue,1
trại K,Đồng Trí Bảo Huệ,ex:monk/dong_tri_bao_hue,1
tù và,Đồng Trí Bảo Huệ,ex:monk/dong_tri_bao_hue,1
"tù
Tu",Đồng Trí Bảo Huệ,ex:monk/dong_tri_bao_hue,1
Phước Ấm,Đồng Trí Bảo Huệ,ex:monk/dong_tri_bao_hue,1
Quảng Sơn,Đồng Trí Bảo Huệ,ex:monk/dong_tri_bao_hue,1
"tù
Tù",Đồng Trí Bảo Huệ,ex:monk/dong_tri_bao_hue,1
phòng riêng,Đồng Trí Bảo Huệ,ex:monk/dong_tri_bao_hue,1
khó khăn,Đồng Trí Bảo Huệ,ex:monk/dong_tri_bao_hue,1
làng đơn,Chơn Ngọc Long Trí,ex:monk/chon_ngoc_long_tri,1
về an,Chơn Ngọc Long Trí,ex:monk/chon_ngoc_long_tri,1
Pháp bảo,Chơn Ngọc Long Trí,ex:monk/chon_ngoc_long_tri,1
gia rải,Chơn Ngọc Long Trí,ex:monk/chon_ngoc_long_tri,1
làng Minh,Chơn Ngọc Long Trí,ex:monk/chon_ngoc_long_tri,1
Cẩm Nam,Chơn Ngọc Long Trí,ex:monk/chon_ngoc_long_tri,1
Cục an,Chơn Ngọc Long Trí,ex:monk/chon_ngoc_long_tri,1
Hà Tân,Chơn Ngọc Long Trí,ex:monk/chon_ngoc_long_tri,1
quốc nội,Chơn Ngọc Long Trí,ex:monk/chon_ngoc_long_tri,1
lao thất,Chơn Ngọc Long Trí,ex:monk/chon_ngoc_long_tri,1
Cẩm Giác,Chơn Ngọc Long Trí,ex:monk/chon_ngoc_long_tri,1
Đức quốc,Chơn Ngọc Long Trí,ex:monk/chon_ngoc_long_tri,1
để dạy,Chơn Ngọc Long Trí,ex:monk/chon_ngoc_long_tri,1
chữa chạy,Chơn Ngọc Long Trí,ex:monk/chon_ngoc_long_tri,1
đều chẩn,Chơn Chứng Thiện Quả,ex:monk/chon_chung_thien_qua,1
nấu cháo,Chơn Chứng Thiện Quả,ex:monk/chon_chung_thien_qua,1
tôi cúng,Chơn Chứng Thiện Quả,ex:monk/chon_chung_thien_qua,1
Phật ở,ĐĐ Tâm Kiên Chơn Thể,ex:monk/dd_tam_kien_chon_the,1
gần đó,ĐĐ Tâm Kiên Chơn Thể,ex:monk/dd_tam_kien_chon_the,1
nên ác,ĐĐ Tâm Kiên Chơn Thể,ex:monk/dd_tam_kien_chon_the,1
Hưng Nhơn,ĐĐ Tâm Kiên Chơn Thể,ex:monk/dd_tam_kien_chon_the,1
quê lại,ĐĐ Tâm Kiên Chơn Thể,ex:monk/dd_tam_kien_chon_the,1
không đồng,ĐĐ Tâm Kiên Chơn Thể,ex:monk/dd_tam_kien_chon_the,1
tuyệt thực,ĐĐ Tâm Kiên Chơn Thể,ex:monk/dd_tam_kien_chon_the,1
phải cho,ĐĐ Tâm Kiên Chơn Thể,ex:monk/dd_tam_kien_chon_the,1
dang,Trừng Thông Tịnh Khiết,ex:monk/trung_thong_tinh_khiet,1
tông môn,Trừng Thông Tịnh Khiết,ex:monk/trung_thong_tinh_khiet,1
lại nhà,Trừng Thông Tịnh Khiết,ex:monk/trung_thong_tinh_khiet,1
mang ngôi,Trừng Thông Tịnh Khiết,ex:monk/trung_thong_tinh_khiet,1
thành điều,Trừng Thông Tịnh Khiết,ex:monk/trung_thong_tinh_khiet,1
cư tang,Trừng Thông Tịnh Khiết,ex:monk/trung_thong_tinh_khiet,1
lại thủ,Trừng Thông Tịnh Khiết,ex:monk/trung_thong_tinh_khiet,1
kiến,Trừng Thông Tịnh Khiết,ex:monk/trung_thong_tinh_khiet,1
chỗ vắng,Trừng Thông Tịnh Khiết,ex:monk/trung_thong_tinh_khiet,1
mang cùng,Trừng Thông Tịnh Khiết,ex:monk/trung_thong_tinh_khiet,1
còn đó,Trừng Thông Tịnh Khiết,ex:monk/trung_thong_tinh_khiet,1
người gương,Trừng Thông Tịnh Khiết,ex:monk/trung_thong_tinh_khiet,1
dưỡng đường,Trừng Thông Tịnh Khiết,ex:monk/trung_thong_tinh_khiet,1
với con,Trừng Thông Tịnh Khiết,ex:monk/trung_thong_tinh_khiet,1
gia phải,Trừng Thông Tịnh Khiết,ex:monk/trung_thong_tinh_khiet,1
唯向菩提院,Trừng Thông Tịnh Khiết,ex:monk/trung_thong_tinh_khiet,1
cũng vẫn,Trừng Thông Tịnh Khiết,ex:monk/trung_thong_tinh_khiet,1
không chỉ,Trừng Thông Tịnh Khiết,ex:monk/trung_thong_tinh_khiet,1
lưu hình,Trừng Thông Tịnh Khiết,ex:monk/trung_thong_tinh_khiet,1
hướng về,Trừng Thông Tịnh Khiết,ex:monk/trung_thong_tinh_khiet,1
cho lớn,Trừng Thông Tịnh Khiết,ex:monk/trung_thong_tinh_khiet,1
Tích Lan,Trừng Thông Tịnh Khiết,ex:monk/trung_thong_tinh_khiet,1
của Tuy,Trừng Thông Tịnh Khiết,ex:monk/trung_thong_tinh_khiet,1
Làng nghe,Tâm Minh Chơn Thiệt,ex:monk/tam_minh_chon_thiet,1
phụ giúp,Tâm Minh Chơn Thiệt,ex:monk/tam_minh_chon_thiet,1
qua,Tâm Minh Chơn Thiệt,ex:monk/tam_minh_chon_thiet,1
ra tại,Tâm Minh Chơn Thiệt,ex:monk/tam_minh_chon_thiet,1
cho đệ,Tâm Minh Chơn Thiệt,ex:monk/tam_minh_chon_thiet,1
sao cho,Tâm Minh Chơn Thiệt,ex:monk/tam_minh_chon_thiet,1
tổng An,Tâm Minh Chơn Thiệt,ex:monk/tam_minh_chon_thiet,1
xinh xuất,Tâm Minh Chơn Thiệt,ex:monk/tam_minh_chon_thiet,1
ngọn đồi,Tâm Nguyện Tiêu Diêu,ex:monk/tam_nguyen_tieu_dieu,1
tư gia,Tâm Nguyện Tiêu Diêu,ex:monk/tam_nguyen_tieu_dieu,1
Bình Mỹ,Như Quý Viên Thiện,ex:monk/nhu_quy_vien_thien,1
Phổ Tế,Như Quý Viên Thiện,ex:monk/nhu_quy_vien_thien,1
được giao,Tâm Thành Chơn Thức,ex:monk/tam_thanh_chon_thuc,1
đồi Yết,Tâm Thành Chơn Thức,ex:monk/tam_thanh_chon_thuc,1
xưởng cưa,Tâm Thành Chơn Thức,ex:monk/tam_thanh_chon_thuc,1
muốn bảo,Tâm Quang Chánh Pháp,ex:monk/tam_quang_chanh_phap,1
được chín,Tâm Quang Chánh Pháp,ex:monk/tam_quang_chanh_phap,1
Lang xá,Tâm Quang Chánh Pháp,ex:monk/tam_quang_chanh_phap,1
lại Thuyền,Tâm Quang Chánh Pháp,ex:monk/tam_quang_chanh_phap,1
chung cho,Tâm Quang Chánh Pháp,ex:monk/tam_quang_chanh_phap,1
đâu để,Tâm Quang Chánh Pháp,ex:monk/tam_quang_chanh_phap,1
cùng kéo,Tâm Quang Chánh Pháp,ex:monk/tam_quang_chanh_phap,1
nên khan,Tâm Quang Chánh Pháp,ex:monk/tam_quang_chanh_phap,1
lại duy,Tâm Quang Chánh Pháp,ex:monk/tam_quang_chanh_phap,1
về cuộc,Tâm Quang Chánh Pháp,ex:monk/tam_quang_chanh_phap,1
nóng thì,Tâm Quang Chánh Pháp,ex:monk/tam_quang_chanh_phap,1
tụng công,Tâm Quang Chánh Pháp,ex:monk/tam_quang_chanh_phap,1
tiếp tế,Tâm Quang Chánh Pháp,ex:monk/tam_quang_chanh_phap,1
biểu tăng,Tâm Quang Chánh Pháp,ex:monk/tam_quang_chanh_phap,1
bị trộm,Tâm Quang Chánh Pháp,ex:monk/tam_quang_chanh_phap,1
cho Chư,Tâm Quang Chánh Pháp,ex:monk/tam_quang_chanh_phap,1
Vốn giòng,Tâm Quang Chánh Pháp,ex:monk/tam_quang_chanh_phap,1
quá đông,Tâm Quang Chánh Pháp,ex:monk/tam_quang_chanh_phap,1
không bao,Tâm Quang Chánh Pháp,ex:monk/tam_quang_chanh_phap,1
luôn trên,Tâm Quang Chánh Pháp,ex:monk/tam_quang_chanh_phap,1
thì quẹo,Tâm Quang Chánh Pháp,ex:monk/tam_quang_chanh_phap,1
đám chay,Tâm Quang Chánh Pháp,ex:monk/tam_quang_chanh_phap,1
thì còn,Tâm Quang Chánh Pháp,ex:monk/tam_quang_chanh_phap,1
điện Quan,Tâm Quang Chánh Pháp,ex:monk/tam_quang_chanh_phap,1
thức dậy,Tâm Quang Chánh Pháp,ex:monk/tam_quang_chanh_phap,1
hành giả,Tâm Quang Chánh Pháp,ex:monk/tam_quang_chanh_phap,1
tù trước,Tâm Quang Chánh Pháp,ex:monk/tam_quang_chanh_phap,1
khác hoặc,Tâm Quang Chánh Pháp,ex:monk/tam_quang_chanh_phap,1
xa về,Tâm Quang Chánh Pháp,ex:monk/tam_quang_chanh_phap,1
đời của,Tâm Quang Chánh Pháp,ex:monk/tam_quang_chanh_phap,1
mách,Tâm Quang Chánh Pháp,ex:monk/tam_quang_chanh_phap,1
ăn cơm,Tâm Quang Chánh Pháp,ex:monk/tam_quang_chanh_phap,1
lên chùa,Tâm Quang Chánh Pháp,ex:monk/tam_quang_chanh_phap,1
nào dám,Tâm Quang Chánh Pháp,ex:monk/tam_quang_chanh_phap,1
lực,Tâm Quang Chánh Pháp,ex:monk/tam_quang_chanh_phap,1
phòng Nhì,Tâm Quang Chánh Pháp,ex:monk/tam_quang_chanh_phap,1
ăn qua,Tâm Quang Chánh Pháp,ex:monk/tam_quang_chanh_phap,1
hầu hạ,Tâm Quang Chánh Pháp,ex:monk/tam_quang_chanh_phap,1
xin Hòa,Tâm Quang Chánh Pháp,ex:monk/tam_quang_chanh_phap,1
những trang,Tâm Quang Chánh Pháp,ex:monk/tam_quang_chanh_phap,1
với thầy,Tâm Quang Chánh Pháp,ex:monk/tam_quang_chanh_phap,1
làng Đa,Tâm Quang Chánh Pháp,ex:monk/tam_quang_chanh_phap,1
đều chung,Tâm Quang Chánh Pháp,ex:monk/tam_quang_chanh_phap,1
Huế ngày,Tâm Quang Chánh Pháp,ex:monk/tam_quang_chanh_phap,1
nấy,Tâm Quang Chánh Pháp,ex:monk/tam_quang_chanh_phap,1
ở Thần,Tâm Thanh Chơn Hiền,ex:monk/tam_thanh_chon_hien,1
thành niềm,Tâm Thanh Chơn Hiền,ex:monk/tam_thanh_chon_hien,1
đi vào,Tâm Thanh Chơn Hiền,ex:monk/tam_thanh_chon_hien,1
cấp bậc,Tâm Thanh Chơn Hiền,ex:monk/tam_thanh_chon_hien,1
nguyện thành,Tâm Thanh Chơn Hiền,ex:monk/tam_thanh_chon_hien,1
giữa lúc,Tâm Thanh Chơn Hiền,ex:monk/tam_thanh_chon_hien,1
về xin,Tâm Thanh Chơn Hiền,ex:monk/tam_thanh_chon_hien,1
cầu xuất,Tâm Thanh Chơn Hiền,ex:monk/tam_thanh_chon_hien,1
ngại ấy,Tâm Thanh Chơn Hiền,ex:monk/tam_thanh_chon_hien,1
lớp Nội,Tâm Thanh Chơn Hiền,ex:monk/tam_thanh_chon_hien,1
Ni rải,Tâm Quang Đàm Minh,ex:monk/tam_quang_dam_minh,1
xa,Tâm Quang Đàm Minh,ex:monk/tam_quang_dam_minh,1
từ oai,Tâm Quang Đàm Minh,ex:monk/tam_quang_dam_minh,1
Điệt,Tâm Quang Đàm Minh,ex:monk/tam_quang_dam_minh,1
chùa Điệt,Tâm Quang Đàm Minh,ex:monk/tam_quang_dam_minh,1
tạo nên,Tâm Quang Đàm Minh,ex:monk/tam_quang_dam_minh,1
đây mong,Tâm Quang Đàm Minh,ex:monk/tam_quang_dam_minh,1
Phố cổ,Tâm Quang Đàm Minh,ex:monk/tam_quang_dam_minh,1
xã Hưng,Tâm Quang Đàm Minh,ex:monk/tam_quang_dam_minh,1
thành Trung,Tâm Quang Đàm Minh,ex:monk/tam_quang_dam_minh,1
Ni bộ,Tâm Quang Đàm Minh,ex:monk/tam_quang_dam_minh,1
Ni để,Tâm Quang Đàm Minh,ex:monk/tam_quang_dam_minh,1
bị kẻ,Như Huệ Trí Thông,ex:monk/nhu_hue_tri_thong,1
Adelaide thuộc,Như Huệ Trí Thông,ex:monk/nhu_hue_tri_thong,1
phường Cẩm,Như Huệ Trí Thông,ex:monk/nhu_hue_tri_thong,1
Nam Úc,Như Huệ Trí Thông,ex:monk/nhu_hue_tri_thong,1
Úc năm,Như Huệ Trí Thông,ex:monk/nhu_hue_tri_thong,1
gia luân,Như Quang Trí Minh,ex:monk/nhu_quang_tri_minh,1
bệnh nặng,Như Quang Trí Minh,ex:monk/nhu_quang_tri_minh,1
dang của,Như Quang Trí Minh,ex:monk/nhu_quang_tri_minh,1
tại Hội,Như Quang Trí Minh,ex:monk/nhu_quang_tri_minh,1
gia thời,Như Quang Trí Minh,ex:monk/nhu_quang_tri_minh,1
Từ Minh,Như Quang Trí Minh,ex:monk/nhu_quang_tri_minh,1
Giác Quang,Như Quang Trí Minh,ex:monk/nhu_quang_tri_minh,1
ngọn Hỏa,Như Nhàn Trí Giác,ex:monk/nhu_nhan_tri_giac,1
Úc,Như Nhàn Trí Giác,ex:monk/nhu_nhan_tri_giac,1
ngọn Kim,Như Nhàn Trí Giác,ex:monk/nhu_nhan_tri_giac,1
thêm chi,Như Nhàn Trí Giác,ex:monk/nhu_nhan_tri_giac,1
phòng Ðông,Chơn Cảnh Trí Thắng,ex:monk/chon_canh_tri_thang,1
ấp Phủ,Chơn Cảnh Trí Thắng,ex:monk/chon_canh_tri_thang,1
ngôi vị,Chơn Cảnh Trí Thắng,ex:monk/chon_canh_tri_thang,1
làng Phật,Chơn Cảnh Trí Thắng,ex:monk/chon_canh_tri_thang,1
Bảo Vân,Chơn Cảnh Trí Thắng,ex:monk/chon_canh_tri_thang,1
thôn Nhơn,Chơn Cảnh Trí Thắng,ex:monk/chon_canh_tri_thang,1
hiệu là,Chơn Cảnh Trí Thắng,ex:monk/chon_canh_tri_thang,1
Trùng Sơn,Chơn Cảnh Trí Thắng,ex:monk/chon_canh_tri_thang,1
lớp dạy,Chơn Cảnh Trí Thắng,ex:monk/chon_canh_tri_thang,1
núi Ðá,Chơn Cảnh Trí Thắng,ex:monk/chon_canh_tri_thang,1
lớp nội,Chơn Cảnh Trí Thắng,ex:monk/chon_canh_tri_thang,1
An Nam,Chơn Cảnh Trí Thắng,ex:monk/chon_canh_tri_thang,1
bị thiêu,Chơn Cảnh Trí Thắng,ex:monk/chon_canh_tri_thang,1
tổ của,Ấn Bính Phổ Bảo,ex:monk/an_binh_pho_bao,1
Chúc Diên,Ấn Bính Phổ Bảo,ex:monk/an_binh_pho_bao,1
xã Long,Ấn Bính Phổ Bảo,ex:monk/an_binh_pho_bao,1
Chúc Viên,Chơn Trừng Hưng Duyên,ex:monk/chon_trung_hung_duyen,1
Chúc Diên,Chơn Trừng Hưng Duyên,ex:monk/chon_trung_hung_duyen,1
Từ Hiếu,Chơn Trừng Hưng Duyên,ex:monk/chon_trung_hung_duyen,1
bị tháo,Chơn Nhật Quang Minh,ex:monk/chon_nhat_quang_minh,1
Chúc Thọ,Chơn Nhật Quang Minh,ex:monk/chon_nhat_quang_minh,1
Phổ Khánh,Chơn Tấn Quý An,ex:monk/chon_tan_quy_an,1
御製應真寺,Ấn Lan Từ Trí,ex:monk/an_lan_tu_tri,1
cũng được,Ấn Lan Từ Trí,ex:monk/an_lan_tu_tri,1
từ sau,Ấn Lan Từ Trí,ex:monk/an_lan_tu_tri,1
Non Nước,Ấn Lan Từ Trí,ex:monk/an_lan_tu_tri,1
ở Non,Ấn Lan Từ Trí,ex:monk/an_lan_tu_tri,1
lại Linh,Ấn Lan Từ Trí,ex:monk/an_lan_tu_tri,1
應真寺,Ấn Lan Từ Trí,ex:monk/an_lan_tu_tri,1
về bên,Ấn Lan Từ Trí,ex:monk/an_lan_tu_tri,1
là Quan,Ấn Lan Từ Trí,ex:monk/an_lan_tu_tri,1
trang trí,Ấn Lan Từ Trí,ex:monk/an_lan_tu_tri,1
Nam châu,Ấn Lan Từ Trí,ex:monk/an_lan_tu_tri,1
Bảo tàng,Ấn Lan Từ Trí,ex:monk/an_lan_tu_tri,1
thời kỳ,Ấn Lan Từ Trí,ex:monk/an_lan_tu_tri,1
Chân Tạng,Ấn Lan Từ Trí,ex:monk/an_lan_tu_tri,1
敕賜靈應寺,Ấn Lan Từ Trí,ex:monk/an_lan_tu_tri,1
động Tàng,Ấn Lan Từ Trí,ex:monk/an_lan_tu_tri,1
cuối quyển,Ấn Lan Từ Trí,ex:monk/an_lan_tu_tri,1
vùng Quỳnh,Ấn Lan Từ Trí,ex:monk/an_lan_tu_tri,1
quay về,Ấn Lan Từ Trí,ex:monk/an_lan_tu_tri,1
Huế về,Ấn Lan Từ Trí,ex:monk/an_lan_tu_tri,1
đất Quảng,Ấn Lan Từ Trí,ex:monk/an_lan_tu_tri,1
cổ và,Ấn Lan Từ Trí,ex:monk/an_lan_tu_tri,1
trước động,Ấn Lan Từ Trí,ex:monk/an_lan_tu_tri,1
cổ trên,Ấn Lan Từ Trí,ex:monk/an_lan_tu_tri,1
gia ân,Ấn Bổn Vĩnh Gia,ex:monk/an_bon_vinh_gia,1
chốn tổ,Ấn Bổn Vĩnh Gia,ex:monk/an_bon_vinh_gia,1
các thế,Ấn Bổn Vĩnh Gia,ex:monk/an_bon_vinh_gia,1
của mình,Ấn Bổn Vĩnh Gia,ex:monk/an_bon_vinh_gia,1
Kim Bửu,Chơn Thọ Hoằng Niệm,ex:monk/chon_tho_hoang_niem,1
Bửu Kim,Chơn Thọ Hoằng Niệm,ex:monk/chon_tho_hoang_niem,1
Kim Bửu,Chơn Thọ Hoằng Niệm,ex:monk/chon_tho_hoang_niem,1
có còn,Thích Đạo Chương,ex:monk/thich_dao_chuong,1
Tuy An,Chơn Kim Pháp Lâm,ex:monk/chon_kim_phap_lam,1
Huế gồm,Chơn Kim Pháp Lâm,ex:monk/chon_kim_phap_lam,1
Tổ cách,Chơn Kim Pháp Lâm,ex:monk/chon_kim_phap_lam,1
ấp Quảng,Chơn Kim Pháp Lâm,ex:monk/chon_kim_phap_lam,1
trường đào,Chơn Hương Thiên Quang,ex:monk/chon_huong_thien_quang,1
xã Vạn,Chơn Hương Thiên Quang,ex:monk/chon_huong_thien_quang,1
huyện Sơn,Chơn Hương Thiên Quang,ex:monk/chon_huong_thien_quang,1
Thái Hòa,Chơn Tâm Pháp Thân,ex:monk/chon_tam_phap_than,1
làng Vỹ,Chơn Tâm Pháp Thân,ex:monk/chon_tam_phap_than,1
Giao Chỉ,Ấn Chất Phổ Tịnh,ex:monk/an_chat_pho_tinh,1
Đại Trạch,Ấn Chất Phổ Tịnh,ex:monk/an_chat_pho_tinh,1
vì,Chương Khước Giác Tánh,ex:monk/chuong_khuoc_giac_tanh,1
đầu kế,Ấn Tham Hoằng Phúc,ex:monk/an_tham_hoang_phuc,1
lịch sử,Ấn Tham Hoằng Phúc,ex:monk/an_tham_hoang_phuc,1
xã Hành,Ấn Lãnh Hoằng Thạc,ex:monk/an_lanh_hoang_thac,1
lấy hiệu,Ấn Lãnh Hoằng Thạc,ex:monk/an_lanh_hoang_thac,1
núi Bà,Sa Di Ni Ấn Thận Tổ Niệm,ex:monk/sa_di_ni_an_than_to_niem,1
mức giới,Sa Di Ni Ấn Thận Tổ Niệm,ex:monk/sa_di_ni_an_than_to_niem,1
riêng để,Sa Di Ni Ấn Thận Tổ Niệm,ex:monk/sa_di_ni_an_than_to_niem,1
tại TP,Chơn Đạt Thiện Ân,ex:monk/chon_dat_thien_an,1
lấy hiệu,Chơn Đạt Thiện Ân,ex:monk/chon_dat_thien_an,1
ban đầu,Thích Chơn Túc,ex:monk/thich_chon_tuc,1
Cây Da,Thích Chơn Túc,ex:monk/thich_chon_tuc,1
ngài đều,Thích Chơn Túc,ex:monk/thich_chon_tuc,1
dần bị,Thích Chơn Túc,ex:monk/thich_chon_tuc,1
nhưng đều,Thích Chơn Túc,ex:monk/thich_chon_tuc,1
làng nơi,Ấn Đức Từ Hàng,ex:monk/an_duc_tu_hang,1
Núi Hó,Ấn Hướng Pháp Nhãn,ex:monk/an_huong_phap_nhan,1
chùa Ðá,Ấn Hướng Pháp Nhãn,ex:monk/an_huong_phap_nhan,1
Cầu Cháy,Ấn Hướng Pháp Nhãn,ex:monk/an_huong_phap_nhan,1
huyện Núi,Ấn Hướng Pháp Nhãn,ex:monk/an_huong_phap_nhan,1
thành yếu,Ấn Hướng Pháp Nhãn,ex:monk/an_huong_phap_nhan,1
Ðá trên,Ấn Hướng Pháp Nhãn,ex:monk/an_huong_phap_nhan,1
thôn Châu,Ấn Hướng Pháp Nhãn,ex:monk/an_huong_phap_nhan,1
dưới búng,Chương Nhẫn Từ Nhân,ex:monk/chuong_nhan_tu_nhan,1
vùng hải,Chơn Sử Khánh Tín,ex:monk/chon_su_khanh_tin,1
lại xâm,Chơn Sử Khánh Tín,ex:monk/chon_su_khanh_tin,1
xóm Trung,Chơn Sử Khánh Tín,ex:monk/chon_su_khanh_tin,1
Hải Lâm,Chơn Sử Khánh Tín,ex:monk/chon_su_khanh_tin,1
đảo Lý,Chơn Sử Khánh Tín,ex:monk/chon_su_khanh_tin,1
Linh Ẩn,Chơn Trung Minh Ðức,ex:monk/chon_trung_minh_uc,1
Trại Mát,Chơn Trung Minh Ðức,ex:monk/chon_trung_minh_uc,1
Long Bửu,Chơn Trung Minh Ðức,ex:monk/chon_trung_minh_uc,1
Khe Sanh,Chơn Trung Minh Ðức,ex:monk/chon_trung_minh_uc,1
làng Hiệp,Chơn Trung Minh Ðức,ex:monk/chon_trung_minh_uc,1
nhà mở,Chơn Giám Trí Hải,ex:monk/chon_giam_tri_hai,1
Bến Tre,Chơn Giám Trí Hải,ex:monk/chon_giam_tri_hai,1
đây thọ,Chơn Giám Trí Hải,ex:monk/chon_giam_tri_hai,1
làng Háo,Chơn Giám Trí Hải,ex:monk/chon_giam_tri_hai,1
sinh quán,Chơn Giám Trí Hải,ex:monk/chon_giam_tri_hai,1
Tuyên Linh,Chơn Giám Trí Hải,ex:monk/chon_giam_tri_hai,1
lại tỉnh,Chơn Miên Trí Hưng,ex:monk/chon_mien_tri_hung,1
Bà Ðá,Chơn Miên Trí Hưng,ex:monk/chon_mien_tri_hung,1
Gò Bồi,Chơn Miên Trí Hưng,ex:monk/chon_mien_tri_hung,1
chùa Thần,Chơn Miên Trí Hưng,ex:monk/chon_mien_tri_hung,1
Thần Quang,Chơn Miên Trí Hưng,ex:monk/chon_mien_tri_hung,1
Hòa Giai,Chơn Miên Trí Hưng,ex:monk/chon_mien_tri_hung,1
xưa trong,Chơn Miên Trí Hưng,ex:monk/chon_mien_tri_hung,1
vùng định,Chơn Bích Trí Huy,ex:monk/chon_bich_tri_huy,1
miền đất,Chơn Bích Trí Huy,ex:monk/chon_bich_tri_huy,1
thôn Hiệp,Chơn Bích Trí Huy,ex:monk/chon_bich_tri_huy,1
tồn tại,Chơn Tá Tôn Bảo,ex:monk/chon_ta_ton_bao,1
chùa Vu,Chơn Tá Tôn Bảo,ex:monk/chon_ta_ton_bao,1
vua duy,Chơn Cảnh Huệ Duyệt,ex:monk/chon_canh_hue_duyet,1
xã mua,Chơn Cảnh Huệ Duyệt,ex:monk/chon_canh_hue_duyet,1
trên nền,Chơn Cảnh Huệ Duyệt,ex:monk/chon_canh_hue_duyet,1
cũ cũng,Chơn Cảnh Huệ Duyệt,ex:monk/chon_canh_hue_duyet,1
Thanh Phước,Chơn Cảnh Huệ Duyệt,ex:monk/chon_canh_hue_duyet,1
Tiên Long,Chơn Cảnh Huệ Duyệt,ex:monk/chon_canh_hue_duyet,1
Bà Giám,Chơn Cảnh Huệ Duyệt,ex:monk/chon_canh_hue_duyet,1
tỉnh Thanh,Chơn Cảnh Huệ Duyệt,ex:monk/chon_canh_hue_duyet,1
trai đàn,Chơn Cảnh Huệ Duyệt,ex:monk/chon_canh_hue_duyet,1
dĩ Ngài,Chơn Cảnh Huệ Duyệt,ex:monk/chon_canh_hue_duyet,1
Phật tượng,Chơn Cảnh Huệ Duyệt,ex:monk/chon_canh_hue_duyet,1
Minh Đán,Chơn Cảnh Huệ Duyệt,ex:monk/chon_canh_hue_duyet,1
thôn Thọ,Chơn Cảnh Huệ Duyệt,ex:monk/chon_canh_hue_duyet,1
cũ tại,Chơn Cảnh Huệ Duyệt,ex:monk/chon_canh_hue_duyet,1
Đào Viên,Chơn Cảnh Huệ Duyệt,ex:monk/chon_canh_hue_duyet,1
tỉnh,Chơn Đề Đương Chí,ex:monk/chon_de_duong_chi,1
Quan Tiên,Chơn Đề Đương Chí,ex:monk/chon_de_duong_chi,1
do các,Chơn Đề Đương Chí,ex:monk/chon_de_duong_chi,1
Bà Quảng,Thích Đương Dung,ex:monk/thich_duong_dung,1
Tiên Phong,Thích Đương Dung,ex:monk/thich_duong_dung,1
Hải Ấn,Thích Đương Dung,ex:monk/thich_duong_dung,1
làm xong,Chơn Quyên Hưng Long,ex:monk/chon_quyen_hung_long,1
Phúc Khương,Chơn Long Thanh Văn,ex:monk/chon_long_thanh_van,1
vào năm,Chơn Thông Đồng Phước,ex:monk/chon_thong_dong_phuoc,1
một bảng,Ấn Nghiêm Phổ Thoại,ex:monk/an_nghiem_pho_thoai,1
này lại,Ấn Nghiêm Phổ Thoại,ex:monk/an_nghiem_pho_thoai,1
bắt bớ,Ấn Nghiêm Phổ Thoại,ex:monk/an_nghiem_pho_thoai,1
hai xã,Ấn Nghiêm Phổ Thoại,ex:monk/an_nghiem_pho_thoai,1
Hội Nguyên,Ấn Nghiêm Phổ Thoại,ex:monk/an_nghiem_pho_thoai,1
chỗ này,Ấn Nghiêm Phổ Thoại,ex:monk/an_nghiem_pho_thoai,1
ấp Hậu,Ấn Nghiêm Phổ Thoại,ex:monk/an_nghiem_pho_thoai,1
đến nay,Chơn Phát Long Tôn,ex:monk/chon_phat_long_ton,1
tại Quảng,Chơn Đảnh Long Chương,ex:monk/chon_danh_long_chuong,1
và sát,Chơn Huy Long Quang,ex:monk/chon_huy_long_quang,1
Long Hải,Chơn Kim Bửu Liên,ex:monk/chon_kim_buu_lien,1
Kiết Tường,Chơn Kim Bửu Liên,ex:monk/chon_kim_buu_lien,1
Tường Minh,Chơn Kim Bửu Liên,ex:monk/chon_kim_buu_lien,1
Thiền Lâm,Chơn Kim Bửu Liên,ex:monk/chon_kim_buu_lien,1
Xuân Quang,Chơn Kim Bửu Liên,ex:monk/chon_kim_buu_lien,1
tỉnh trong,Chơn Giác Long Hải,ex:monk/chon_giac_long_hai,1
tỉnh thành,Chơn Giác Long Hải,ex:monk/chon_giac_long_hai,1
làng Thi,Chơn Giác Long Hải,ex:monk/chon_giac_long_hai,1
chưa có,Chơn Giác Long Hải,ex:monk/chon_giac_long_hai,1
này ngày,Chơn Giác Long Hải,ex:monk/chon_giac_long_hai,1
gia đã,Chơn Giác Long Hải,ex:monk/chon_giac_long_hai,1
để tiện,Chơn Giác Long Hải,ex:monk/chon_giac_long_hai,1
bị chiến,Ấn Phương Huệ Diệu,ex:monk/an_phuong_hue_dieu,1
xứ Ðồng,Chơn Trung Diệu Quang,ex:monk/chon_trung_dieu_quang,1
núi Thình,Chơn Trung Diệu Quang,ex:monk/chon_trung_dieu_quang,1
Quan Thánh,Chơn Trung Diệu Quang,ex:monk/chon_trung_dieu_quang,1
chùa Quan,Chơn Trung Diệu Quang,ex:monk/chon_trung_dieu_quang,1
lớp học,Chơn Thành Khánh Ngọc,ex:monk/chon_thanh_khanh_ngoc,1
xã Ba,Chơn Thành Khánh Ngọc,ex:monk/chon_thanh_khanh_ngoc,1
bị sát,Chơn Thành Khánh Ngọc,ex:monk/chon_thanh_khanh_ngoc,1
Ðông Phước,Chơn Thành Khánh Ngọc,ex:monk/chon_thanh_khanh_ngoc,1
chùa Ðông,Chơn Thành Khánh Ngọc,ex:monk/chon_thanh_khanh_ngoc,1
An Hội,Chơn Pháp Phước Trí,ex:monk/chon_phap_phuoc_tri,1
bị giải,Chơn Pháp Phước Trí,ex:monk/chon_phap_phuoc_tri,1
Phước Mỹ,Chơn Pháp Phước Trí,ex:monk/chon_phap_phuoc_tri,1
Phước Thiện,Chơn Đỉnh Phước Thông,ex:monk/chon_dinh_phuoc_thong,1
về Tôn,Chơn Đỉnh Phước Thông,ex:monk/chon_dinh_phuoc_thong,1
Bảo sơn,Ấn Thiên Huệ Nhãn,ex:monk/an_thien_hue_nhan,1
bằng đá,Ấn Thiên Huệ Nhãn,ex:monk/an_thien_hue_nhan,1
Bồng Sơn,Ấn Thiên Huệ Nhãn,ex:monk/an_thien_hue_nhan,1
thôn Hà,Chương Từ Quảng Thiện,ex:monk/chuong_tu_quang_thien,1
chùa Lăng,Chương Từ Quảng Thiện,ex:monk/chuong_tu_quang_thien,1
Lăng Nghiêm,Chương Từ Quảng Thiện,ex:monk/chuong_tu_quang_thien,1
Cổ Lâm,Ấn Thức Chánh Trực,ex:monk/an_thuc_chanh_truc,1
di tích,Chơn Hương Chí Bảo,ex:monk/chon_huong_chi_bao,1
Tịnh Liên,Chơn Hương Chí Bảo,ex:monk/chon_huong_chi_bao,1
Phú An,Ấn Võ Chánh Giác,ex:monk/an_vo_chanh_giac,1
Thủy nguyệt,Chân Đạo Bích Phong,ex:monk/chan_dao_bich_phong,1
đầu Thủy,Chân Đạo Bích Phong,ex:monk/chan_dao_bich_phong,1
về thủ,Chân Đạo Bích Phong,ex:monk/chan_dao_bich_phong,1
dựng Phật,Chân Đạo Bích Phong,ex:monk/chan_dao_bich_phong,1
đầu bài,Chân Đạo Bích Phong,ex:monk/chan_dao_bich_phong,1
sau đợt,Chân Đạo Bích Phong,ex:monk/chan_dao_bich_phong,1
rộng khi,Ngộ Tánh Phước Huệ,ex:monk/ngo_tanh_phuoc_hue,1
Tổ lại,Ngộ Tánh Phước Huệ,ex:monk/ngo_tanh_phuoc_hue,1
nguy nga,Ngộ Tánh Phước Huệ,ex:monk/ngo_tanh_phuoc_hue,1
đã trở,Ngộ Tánh Phước Huệ,ex:monk/ngo_tanh_phuoc_hue,1
và không,Ngộ Tánh Phước Huệ,ex:monk/ngo_tanh_phuoc_hue,1
mang hương,Ngộ Tánh Phước Huệ,ex:monk/ngo_tanh_phuoc_hue,1
cho Giáo,Ngộ Tánh Phước Huệ,ex:monk/ngo_tanh_phuoc_hue,1
lại Nha,Ngộ Tánh Phước Huệ,ex:monk/ngo_tanh_phuoc_hue,1
nhỏ và,Ngộ Tánh Phước Huệ,ex:monk/ngo_tanh_phuoc_hue,1
ấy được,Ngộ Tánh Phước Huệ,ex:monk/ngo_tanh_phuoc_hue,1
lo liệu,Ngộ Tánh Phước Huệ,ex:monk/ngo_tanh_phuoc_hue,1
nhỏ mang,Ngộ Tánh Phước Huệ,ex:monk/ngo_tanh_phuoc_hue,1
chùa Quy,Không Tâm Trí Quảng,ex:monk/khong_tam_tri_quang,1
hàng Giáo,Không Tâm Trí Quảng,ex:monk/khong_tam_tri_quang,1
gặp không,Trừng Dàn Bích Không,ex:monk/trung_dan_bich_khong,1
ra Nghệ,Trừng Dàn Bích Không,ex:monk/trung_dan_bich_khong,1
theo dân,Trừng Dàn Bích Không,ex:monk/trung_dan_bich_khong,1
miền cực,Trừng Dàn Bích Không,ex:monk/trung_dan_bich_khong,1
Đại tòng,Trừng Dàn Bích Không,ex:monk/trung_dan_bich_khong,1
Huế xong,Trừng Dàn Bích Không,ex:monk/trung_dan_bich_khong,1
quê,Trừng Dàn Bích Không,ex:monk/trung_dan_bich_khong,1
trường thi,Trừng Dàn Bích Không,ex:monk/trung_dan_bich_khong,1
Diệc,Trừng Dàn Bích Không,ex:monk/trung_dan_bich_khong,1
nông thiền,Trừng Dàn Bích Không,ex:monk/trung_dan_bich_khong,1
nhỏ ngài,Trừng Dàn Bích Không,ex:monk/trung_dan_bich_khong,1
chùa Diệc,Trừng Dàn Bích Không,ex:monk/trung_dan_bich_khong,1
lên núi,Trừng Dàn Bích Không,ex:monk/trung_dan_bich_khong,1
trường hoằng,Trừng Dàn Bích Không,ex:monk/trung_dan_bich_khong,1
những nước,Trừng Dàn Bích Không,ex:monk/trung_dan_bich_khong,1
lại thiếu,Trừng Dàn Bích Không,ex:monk/trung_dan_bich_khong,1
huyện Ninh,Trừng Dàn Bích Không,ex:monk/trung_dan_bich_khong,1
Linh Vân,Trừng Dàn Bích Không,ex:monk/trung_dan_bich_khong,1
Đông Khê,Trừng Dàn Bích Không,ex:monk/trung_dan_bich_khong,1
trường Kỳ,Trừng Dàn Bích Không,ex:monk/trung_dan_bich_khong,1
rất nhiều,Trừng Dàn Bích Không,ex:monk/trung_dan_bich_khong,1
Giác Phong,Trừng Dàn Bích Không,ex:monk/trung_dan_bich_khong,1
làng Duy,Chơn Thanh Bích Nguyên,ex:monk/chon_thanh_bich_nguyen,1
Châu Quang,Chơn An Chánh Liêm,ex:monk/chon_an_chanh_liem,1
Đại An,Chơn An Chánh Liêm,ex:monk/chon_an_chanh_liem,1
phường Đông,Chơn An Chánh Liêm,ex:monk/chon_an_chanh_liem,1
đã hồn,Chơn An Chánh Liêm,ex:monk/chon_an_chanh_liem,1
tạm,Chơn An Chánh Liêm,ex:monk/chon_an_chanh_liem,1
về thiền,Chơn An Chánh Liêm,ex:monk/chon_an_chanh_liem,1
lại gần,Chơn An Chánh Liêm,ex:monk/chon_an_chanh_liem,1
Lam Sơn,Chơn An Chánh Liêm,ex:monk/chon_an_chanh_liem,1
thành Sa,Chơn An Chánh Liêm,ex:monk/chon_an_chanh_liem,1
nhỏ bé,Chơn Phú Bích Lâm,ex:monk/chon_phu_bich_lam,1
phường Đệ,Chơn Phú Bích Lâm,ex:monk/chon_phu_bich_lam,1
Hòa Vang,Chơn Cang Phước Truyền,ex:monk/chon_cang_phuoc_truyen,1
lớp giảng,Như Thọ Huyền Tân,ex:monk/nhu_tho_huyen_tan,1
Văn Sơn,Như Thọ Huyền Tân,ex:monk/nhu_tho_huyen_tan,1
thôn Ðắc,Như Thọ Huyền Tân,ex:monk/nhu_tho_huyen_tan,1
thôn Dư,Như Thọ Huyền Tân,ex:monk/nhu_tho_huyen_tan,1
Bửu Vân,Như Hương Huyền Tâm,ex:monk/nhu_huong_huyen_tam,1
phường Ðô,Như Hương Huyền Tâm,ex:monk/nhu_huong_huyen_tam,1
Tòng lâm,Như Hạnh Huyền Thâm,ex:monk/nhu_hanh_huyen_tham,1
Châu Âu,Như Kế Huyền Vi,ex:monk/nhu_ke_huyen_vi,1
Viện Ðại,Như Kế Huyền Vi,ex:monk/nhu_ke_huyen_vi,1
thôn Ðồng,Như Ðắc Thiền Phương,ex:monk/nhu_ac_thien_phuong,1
làng Phong,Như Ðắc Thiền Phương,ex:monk/nhu_ac_thien_phuong,1
chiền đã,Như Huệ Thiền Tâm,ex:monk/nhu_hue_thien_tam,1
xã Phướng,Chơn Luận Phước Huệ,ex:monk/chon_luan_phuoc_hue,1
hoằng pháp,Chơn Luận Phước Huệ,ex:monk/chon_luan_phuoc_hue,1
kho Duy,Chơn Luận Phước Huệ,ex:monk/chon_luan_phuoc_hue,1
những thập,Chơn Luận Phước Huệ,ex:monk/chon_luan_phuoc_hue,1
về giữ,Chơn Luận Phước Huệ,ex:monk/chon_luan_phuoc_hue,1
các giảng,Chơn Luận Phước Huệ,ex:monk/chon_luan_phuoc_hue,1
làng Bàn,Chơn Luận Phước Huệ,ex:monk/chon_luan_phuoc_hue,1
một khóa,Chơn Luận Phước Huệ,ex:monk/chon_luan_phuoc_hue,1
hẳn tại,Chơn Luận Phước Huệ,ex:monk/chon_luan_phuoc_hue,1
huyện Phù,Chơn Luận Phước Huệ,ex:monk/chon_luan_phuoc_hue,1
tháp như,Chơn Luận Phước Huệ,ex:monk/chon_luan_phuoc_hue,1
ngôi giáo,Chơn Luận Phước Huệ,ex:monk/chon_luan_phuoc_hue,1
Mân Thái,Như Chí Giác Từ,ex:monk/nhu_chi_giac_tu,1
Nam Thọ,Như Chí Giác Từ,ex:monk/nhu_chi_giac_tu,1
hiền hòa,Như Vạn Trí Phước,ex:monk/nhu_van_tri_phuoc,1
về lúc,Như Vạn Trí Phước,ex:monk/nhu_van_tri_phuoc,1
Đèo Le,Như Vạn Trí Phước,ex:monk/nhu_van_tri_phuoc,1
Nha an,Như Vạn Trí Phước,ex:monk/nhu_van_tri_phuoc,1
Phổ Khánh,Như Vạn Trí Phước,ex:monk/nhu_van_tri_phuoc,1
Đôn Hậu,Như Đắc Trí Nghĩa,ex:monk/nhu_dac_tri_nghia,1
tổ đình,Như Ân Trí Nguyện,ex:monk/nhu_an_tri_nguyen,1
Phổ Thiên,Như Ân Trí Nguyện,ex:monk/nhu_an_tri_nguyen,1
Bửu Lâm,Như Quý Trí Nghiêm,ex:monk/nhu_quy_tri_nghiem,1
Huyền Trang,Như Tín Huệ Phát,ex:monk/nhu_tin_hue_phat,1
Phước Sơn,Như Tín Huệ Phát,ex:monk/nhu_tin_hue_phat,1
Chiên Đàn,Như Trúc Trí Lâm,ex:monk/nhu_truc_tri_lam,1
Pháp Tánh,Như Trúc Trí Lâm,ex:monk/nhu_truc_tri_lam,1
Chiên Đàn,Như Trúc Trí Lâm,ex:monk/nhu_truc_tri_lam,1
Tân Ninh,Như Đạt Giác Hoàng,ex:monk/nhu_dat_giac_hoang,1
ngày càng,Như Thọ Giác Hoa,ex:monk/nhu_tho_giac_hoa,1
Long Thơ,Như Thọ Giác Hoa,ex:monk/nhu_tho_giac_hoa,1
Vĩnh Phú,Như Tước Hoằng An,ex:monk/nhu_tuoc_hoang_an,1
Huỳnh Kim,Như Tước Hoằng An,ex:monk/nhu_tuoc_hoang_an,1
tiếp xúc,Như Truyện Trí Nhãn,ex:monk/nhu_truyen_tri_nhan,1
xứ Đồng,Như Truyện Trí Nhãn,ex:monk/nhu_truyen_tri_nhan,1
hàng đêm,Như Truyện Trí Nhãn,ex:monk/nhu_truyen_tri_nhan,1
Chúc Viên,Chơn Trừng Đạo Thanh,ex:monk/chon_trung_dao_thanh,1
các tổ,Chơn Trừng Đạo Thanh,ex:monk/chon_trung_dao_thanh,1
đào một,Chơn Trừng Đạo Thanh,ex:monk/chon_trung_dao_thanh,1
Xóm Thuốc,Chơn Trừng Đạo Thanh,ex:monk/chon_trung_dao_thanh,1
xã Giáng,Chơn Trừng Đạo Thanh,ex:monk/chon_trung_dao_thanh,1
Phù Mỹ,Như An Huyền Quang,ex:monk/nhu_an_huyen_quang,1
Vĩnh Khánh,Như An Huyền Quang,ex:monk/nhu_an_huyen_quang,1
thôn Háo,Như An Huyền Quang,ex:monk/nhu_an_huyen_quang,1
Geneve,Như An Huyền Quang,ex:monk/nhu_an_huyen_quang,1
trường hương,Như An Huyền Quang,ex:monk/nhu_an_huyen_quang,1
xã Khánh,Chơn Diễn Phước Hậu,ex:monk/chon_dien_phuoc_hau,1
xã Bình,Như Thùy Phước Hưng,ex:monk/nhu_thuy_phuoc_hung,1
làng Dục,Như Thanh Phước Lộc,ex:monk/nhu_thanh_phuoc_loc,1
chùa Hội,Như Thiện Phước Đạt,ex:monk/nhu_thien_phuoc_dat,1
tịnh thất,Như Thiện Phước Đạt,ex:monk/nhu_thien_phuoc_dat,1
theo giới,Như Phước Huyền Ý,ex:monk/nhu_phuoc_huyen_y,1
xã Cát,Như Phước Huyền Ý,ex:monk/nhu_phuoc_huyen_y,1
gia Ngài,Như Phước Huyền Ý,ex:monk/nhu_phuoc_huyen_y,1
nhỏ Ngài,Như Phước Huyền Ý,ex:monk/nhu_phuoc_huyen_y,1
vào Bình,Như Ðăng Trí Ðộ,ex:monk/nhu_ang_tri_o,1
thăm các,Như Ðăng Trí Ðộ,ex:monk/nhu_ang_tri_o,1
tùng lâm,Như Ðăng Trí Ðộ,ex:monk/nhu_ang_tri_o,1
trường tại,Như Ðăng Trí Ðộ,ex:monk/nhu_ang_tri_o,1
Quảng Bá,Như Ðăng Trí Ðộ,ex:monk/nhu_ang_tri_o,1
Phật sự,Như Ðăng Trí Ðộ,ex:monk/nhu_ang_tri_o,1
tòa đọc,Như Ðăng Trí Ðộ,ex:monk/nhu_ang_tri_o,1
thôn Phổ,Như Ðăng Trí Ðộ,ex:monk/nhu_ang_tri_o,1
trường Tu,Như Ðăng Trí Ðộ,ex:monk/nhu_ang_tri_o,1
học rất,Như Ðăng Trí Ðộ,ex:monk/nhu_ang_tri_o,1
lớp tiểu,Như Ái Hoằng Thâm,ex:monk/nhu_ai_hoang_tham,1
lại hoằng,Như Lễ Huyền Dung,ex:monk/nhu_le_huyen_dung,1
các phủ,Chơn Giá Phước Lộc,ex:monk/chon_gia_phuoc_loc,1
phủ Tam,Chơn Giá Phước Lộc,ex:monk/chon_gia_phuoc_loc,1
từ nam,Như Hòa Tâm Ấn,ex:monk/nhu_hoa_tam_an,1
trong môn,Như Hòa Tâm Ấn,ex:monk/nhu_hoa_tam_an,1
Thánh Kinh,Như Đạt Hoằng Thâm,ex:monk/nhu_dat_hoang_tham,1
cổ tích,Như Đạt Hoằng Thâm,ex:monk/nhu_dat_hoang_tham,1
làng Bao,Như Thừa Hoằng Nguyện,ex:monk/nhu_thua_hoang_nguyen,1
thêm,Như Thừa Hoằng Nguyện,ex:monk/nhu_thua_hoang_nguyen,1
Hải Quang,Như Quang Hoằng Phúc,ex:monk/nhu_quang_hoang_phuc,1
Linh Long,Như Quang Hoằng Phúc,ex:monk/nhu_quang_hoang_phuc,1
làng Tiên,Như Quang Hoằng Phúc,ex:monk/nhu_quang_hoang_phuc,1
Bảo châu,Không Tín Kế Châu,ex:monk/khong_tin_ke_chau,1
元韶監院,Không Tín Kế Châu,ex:monk/khong_tin_ke_chau,1
thôn Nhạn,Không Tín Kế Châu,ex:monk/khong_tin_ke_chau,1
An Nhơn,Không Tín Kế Châu,ex:monk/khong_tin_ke_chau,1
Pleiku,Không Tín Kế Châu,ex:monk/khong_tin_ke_chau,1
cho thêm,Không Tín Kế Châu,ex:monk/khong_tin_ke_chau,1
Phú Mỹ,Không Hoa Huệ Chiếu,ex:monk/khong_hoa_hue_chieu,1
Đại Viên,Không Hoa Huệ Chiếu,ex:monk/khong_hoa_hue_chieu,1
làng Trường,Không Hoa Huệ Chiếu,ex:monk/khong_hoa_hue_chieu,1
Mỹ Quốc,Không Hoa Huệ Chiếu,ex:monk/khong_hoa_hue_chieu,1
quận Phú,Không Hoa Huệ Chiếu,ex:monk/khong_hoa_hue_chieu,1
chùa Tân,Không Hoa Huệ Chiếu,ex:monk/khong_hoa_hue_chieu,1
An Khê,Không Hoa Huệ Chiếu,ex:monk/khong_hoa_hue_chieu,1
An Bình,Không Hoa Huệ Chiếu,ex:monk/khong_hoa_hue_chieu,1
học cũng,Không Hoa Huệ Chiếu,ex:monk/khong_hoa_hue_chieu,1
Đồng Phó,Không Hoa Huệ Chiếu,ex:monk/khong_hoa_hue_chieu,1
Ngưỡng Quan,Không Hoa Huệ Chiếu,ex:monk/khong_hoa_hue_chieu,1
Tx,Không Hoa Huệ Chiếu,ex:monk/khong_hoa_hue_chieu,1
Ngài còn,Không Hoa Huệ Chiếu,ex:monk/khong_hoa_hue_chieu,1
Tân An,Không Hoa Huệ Chiếu,ex:monk/khong_hoa_hue_chieu,1
huyện An,Không Hoa Huệ Chiếu,ex:monk/khong_hoa_hue_chieu,1
Xuân Lộc,Không Hoa Huệ Chiếu,ex:monk/khong_hoa_hue_chieu,1
phường Đập,Không Hoa Huệ Chiếu,ex:monk/khong_hoa_hue_chieu,1
quận Gò,Không Hoa Huệ Chiếu,ex:monk/khong_hoa_hue_chieu,1
Phú Thạnh,Không Hoa Huệ Chiếu,ex:monk/khong_hoa_hue_chieu,1
Ngưỡng Quang,Không Hoa Huệ Chiếu,ex:monk/khong_hoa_hue_chieu,1
Philadelphia,Không Hoa Huệ Chiếu,ex:monk/khong_hoa_hue_chieu,1
Đơn Dương,Không Hoa Huệ Chiếu,ex:monk/khong_hoa_hue_chieu,1
Vĩnh Tràng,Không Hoa Huệ Chiếu,ex:monk/khong_hoa_hue_chieu,1
xã Tây,Không Hoa Huệ Chiếu,ex:monk/khong_hoa_hue_chieu,1
chùa Ngưỡng,Không Hoa Huệ Chiếu,ex:monk/khong_hoa_hue_chieu,1
Penang Mã,Như Điển Trí Tâm,ex:monk/nhu_dien_tri_tam,1
thôn Mỹ,Như Điển Trí Tâm,ex:monk/nhu_dien_tri_tam,1
tại Đài,Như Điển Trí Tâm,ex:monk/nhu_dien_tri_tam,1
khu Vạn,Như Diệu Viên Như,ex:monk/nhu_dieu_vien_nhu,1
phường Sơn,Như Diệu Viên Như,ex:monk/nhu_dieu_vien_nhu,1
để hoằng,Như Tiến Quảng Hưng,ex:monk/nhu_tien_quang_hung,1
am Quảng,Như Tiến Quảng Hưng,ex:monk/nhu_tien_quang_hung,1
Thạch Châu,Như Tiến Quảng Hưng,ex:monk/nhu_tien_quang_hung,1
phố Hội,Như Tiến Quảng Hưng,ex:monk/nhu_tien_quang_hung,1
tuổi còn,Như Tiến Quảng Hưng,ex:monk/nhu_tien_quang_hung,1
xã Thạch,Như Tiến Quảng Hưng,ex:monk/nhu_tien_quang_hung,1
thôn Chí,Như Tiến Quảng Hưng,ex:monk/nhu_tien_quang_hung,1
thôn Khánh,Như Tiến Quảng Hưng,ex:monk/nhu_tien_quang_hung,1
Phước Hựu,Như Tiến Quảng Hưng,ex:monk/nhu_tien_quang_hung,1
Ngự Kiến,Như Tiến Quảng Hưng,ex:monk/nhu_tien_quang_hung,1
Linh Bảo,Như Tiến Quảng Hưng,ex:monk/nhu_tien_quang_hung,1
huyện Hàm,Như Tiến Quảng Hưng,ex:monk/nhu_tien_quang_hung,1
trí nguyên,Như Tiến Quảng Hưng,ex:monk/nhu_tien_quang_hung,1
tổng Hòa,Như Tiến Quảng Hưng,ex:monk/nhu_tien_quang_hung,1
đàn giới,Như Tiến Quảng Hưng,ex:monk/nhu_tien_quang_hung,1
ấp Cao,Như Tiến Quảng Hưng,ex:monk/nhu_tien_quang_hung,1
Hải Hội,Như Niệm Bảo Toàn,ex:monk/nhu_niem_bao_toan,1
Mân Quang,Như Niệm Bảo Toàn,ex:monk/nhu_niem_bao_toan,1
PHV Quảng,Như Phẩm Chủng Quang,ex:monk/nhu_pham_chung_quang,1
xã Lộc,Như Luận Trí Thức,ex:monk/nhu_luan_tri_thuc,1
các giới,Như Luận Trí Thức,ex:monk/nhu_luan_tri_thuc,1
chùa Tịnh,Như Khoa Thiện Chánh,ex:monk/nhu_khoa_thien_chanh,1
chùa Hòa,Như Khoa Thiện Chánh,ex:monk/nhu_khoa_thien_chanh,1
chùa Phật,Như Khoa Thiện Chánh,ex:monk/nhu_khoa_thien_chanh,1
cô nhi,Thích Như Hiền,ex:monk/thich_nhu_hien,1
PHV Nguyên,Thích Như Hiền,ex:monk/thich_nhu_hien,1
chùa Bình,Thích Như Hiền,ex:monk/thich_nhu_hien,1
ấp Đồng,Thích Như Hiền,ex:monk/thich_nhu_hien,1
tại cô,Thích Như Hiền,ex:monk/thich_nhu_hien,1
ấp Tân,Thích Như Hiền,ex:monk/thich_nhu_hien,1
Huế v,Thích Như Hiền,ex:monk/thich_nhu_hien,1
về vận,Tâm Thanh Chơn Nghiêm,ex:monk/tam_thanh_chon_nghiem,1
cùng rất,Tâm Thanh Chơn Nghiêm,ex:monk/tam_thanh_chon_nghiem,1
nhỏ nhắn,Tâm Thanh Chơn Nghiêm,ex:monk/tam_thanh_chon_nghiem,1
che,Tâm Thanh Chơn Nghiêm,ex:monk/tam_thanh_chon_nghiem,1
ngay trên,Tâm Thanh Chơn Nghiêm,ex:monk/tam_thanh_chon_nghiem,1
ấu niên,Tâm Thanh Chơn Nghiêm,ex:monk/tam_thanh_chon_nghiem,1
làng Cẩm,Như Nhiệm Giải Tánh,ex:monk/nhu_nhiem_giai_tanh,1
thôn Bồ,Chơn Phước Huệ Pháp,ex:monk/chon_phuoc_hue_phap,1
đồi cát,Chơn Phước Huệ Pháp,ex:monk/chon_phuoc_hue_phap,1
khu,Chơn Phước Huệ Pháp,ex:monk/chon_phuoc_hue_phap,1
Trường Giác,Chơn Phước Huệ Pháp,ex:monk/chon_phuoc_hue_phap,1
Hiền Long,Chơn Quý Khánh Anh,ex:monk/chon_quy_khanh_anh,1
Long Hòa,Chơn Quý Khánh Anh,ex:monk/chon_quy_khanh_anh,1
chùa Hiền,Chơn Quý Khánh Anh,ex:monk/chon_quy_khanh_anh,1
Trà Ôn,Chơn Quý Khánh Anh,ex:monk/chon_quy_khanh_anh,1
trường gia,Chơn Quý Khánh Anh,ex:monk/chon_quy_khanh_anh,1
Tân Hương,Chơn Quý Khánh Anh,ex:monk/chon_quy_khanh_anh,1
xã Phổ,Chơn Quý Khánh Anh,ex:monk/chon_quy_khanh_anh,1
Tân Hiệp,Chơn Quý Khánh Anh,ex:monk/chon_quy_khanh_anh,1
di dời,Như Minh Tánh Tịnh,ex:monk/nhu_minh_tanh_tinh,1
Từ Đàm,Như Minh Tánh Tịnh,ex:monk/nhu_minh_tanh_tinh,1
Hà Linh,Như Bút Tánh Châu,ex:monk/nhu_but_tanh_chau,1
phái quy,Như Bút Tánh Châu,ex:monk/nhu_but_tanh_chau,1
Giác Nguyên,Như Tấn Huệ Minh,ex:monk/nhu_tan_hue_minh,1
Ngự kiến,Như Cang Giải Hải,ex:monk/nhu_cang_giai_hai,1
xã Khúc,Chơn Quán Bảo Hưng,ex:monk/chon_quan_bao_hung,1
An Phước,Chơn Quang Ngộ Đạt,ex:monk/chon_quang_ngo_dat,1
những khóa,Như Quả Hoàn Tuyên,ex:monk/nhu_qua_hoan_tuyen,1
dậy được,Như Quả Hoàn Tuyên,ex:monk/nhu_qua_hoan_tuyen,1
rạch Bang,Như Quả Hoàn Tuyên,ex:monk/nhu_qua_hoan_tuyen,1
của đạo,Như Quả Hoàn Tuyên,ex:monk/nhu_qua_hoan_tuyen,1
làng Tân,Như Quả Hoàn Tuyên,ex:monk/nhu_qua_hoan_tuyen,1
của dân,Như Quả Hoàn Tuyên,ex:monk/nhu_qua_hoan_tuyen,1
Phú Văn,Như Bình Huyền Tịnh,ex:monk/nhu_binh_huyen_tinh,1
đèo Eo,Như Bình Huyền Tịnh,ex:monk/nhu_binh_huyen_tinh,1
Phú Long,Như Bình Huyền Tịnh,ex:monk/nhu_binh_huyen_tinh,1
ni trường,Như Hường Thọ Minh,ex:monk/nhu_huong_tho_minh,1
các thiền,Như Hường Thọ Minh,ex:monk/nhu_huong_tho_minh,1
Đồng Nai,Như Hường Thọ Minh,ex:monk/nhu_huong_tho_minh,1
và sớm,Như Hường Thọ Minh,ex:monk/nhu_huong_tho_minh,1
nhỏ Ni,Như Hường Thọ Minh,ex:monk/nhu_huong_tho_minh,1
Trùng Khánh,Như Danh Hoằng Tu,ex:monk/nhu_danh_hoang_tu,1
làng Khuê,Chơn Tập Phước Hải,ex:monk/chon_tap_phuoc_hai,1
xã Tân,Chơn Tập Phước Hải,ex:monk/chon_tap_phuoc_hai,1
Thanh Hà,Như Đài Giác Viên,ex:monk/nhu_dai_giac_vien,1
Quang Hòa,Như Hương Giác Hoa,ex:monk/nhu_huong_giac_hoa,1
Sùng Ðức,Chơn Thanh Từ Văn,ex:monk/chon_thanh_tu_van,1
Tam Bảo,Chơn Thanh Từ Văn,ex:monk/chon_thanh_tu_van,1
Huê Nghiêm,Chơn Thanh Từ Văn,ex:monk/chon_thanh_tu_van,1
trì tụng,Ấn Long Thiện Quới,ex:monk/an_long_thien_quoi,1
Phước Tường,Như Tâm Phước Như,ex:monk/nhu_tam_phuoc_nhu,1
đây tạm,Trí Thuyên,ex:monk/tri_thuyen,1
giữa có,Trí Thuyên,ex:monk/tri_thuyen,1
lại Kim,Trí Thuyên,ex:monk/tri_thuyen,1
đồn Văn,Trí Thuyên,ex:monk/tri_thuyen,1
trận càn,Trí Thuyên,ex:monk/tri_thuyen,1
lại tái,Trí Thuyên,ex:monk/tri_thuyen,1
phương Đông,Trí Thuyên,ex:monk/tri_thuyen,1
lại giữ,Trí Thuyên,ex:monk/tri_thuyen,1
xã Tinh,Trí Thuyên,ex:monk/tri_thuyen,1
bắt Hòa,Trí Thuyên,ex:monk/tri_thuyen,1
vùng An,Trí Thuyên,ex:monk/tri_thuyen,1
xã Trung,Chương Thư Hoằng Vĩ,ex:monk/chuong_thu_hoang_vi,1
Mỹ châu,Đồng An Bảo Lạc,ex:monk/dong_an_bao_lac,1
Úc Đại,Đồng An Bảo Lạc,ex:monk/dong_an_bao_lac,1
thôn Vọng,Đồng Chơn Long Hưng,ex:monk/dong_chon_long_hung,1
chùa Bát,Đồng Chơn Long Hưng,ex:monk/dong_chon_long_hung,1
về vùng,Ðồng Chơn Thông Niệm,ex:monk/ong_chon_thong_niem,1
xưa vào,Ðồng Chơn Thông Niệm,ex:monk/ong_chon_thong_niem,1
nghe kinh,Ðồng Chơn Thông Niệm,ex:monk/ong_chon_thong_niem,1
hiện hữu,Ðồng Chơn Thông Niệm,ex:monk/ong_chon_thong_niem,1
thôn Vọng,Ðồng Chơn Thông Niệm,ex:monk/ong_chon_thong_niem,1
các Ni,Đồng An Diệu Trí,ex:monk/dong_an_dieu_tri,1
dành cho,Đồng An Diệu Trí,ex:monk/dong_an_dieu_tri,1
lại phục,Đồng An Diệu Trí,ex:monk/dong_an_dieu_tri,1
nơi cõi,Đồng An Diệu Trí,ex:monk/dong_an_dieu_tri,1
lại Ni,Đồng An Diệu Trí,ex:monk/dong_an_dieu_tri,1
An Phú,Đồng Chơn Trí Viên,ex:monk/dong_chon_tri_vien,1
Mỹ quốc,Đồng Đạt Thanh An,ex:monk/dong_dat_thanh_an,1
thôn Cổ,Đồng Giác Giác Minh,ex:monk/dong_giac_giac_minh,1
thôn An,Đồng Giác Tịnh Giác,ex:monk/dong_giac_tinh_giac,1
ấp Ngô,Đồng Giác Tịnh Giác,ex:monk/dong_giac_tinh_giac,1
chùa Thủy,Đồng Giác Tịnh Giác,ex:monk/dong_giac_tinh_giac,1
Hòa Thịnh,Đồng Hảo Thông Hạnh,ex:monk/dong_hao_thong_hanh,1
Phổ Tịnh,Đồng Hóa Giác Định,ex:monk/dong_hoa_giac_dinh,1
Hố Dầu,Đồng Huy Pháp Độ,ex:monk/dong_huy_phap_do,1
Bình Thuận,Thị Hòa Viên Giác,ex:monk/thi_hoa_vien_giac,1
Phước Ðiền,Ðồng Kỉnh Tín Quả,ex:monk/ong_kinh_tin_qua,1
Xuân Hà,Ðồng Kỉnh Tín Quả,ex:monk/ong_kinh_tin_qua,1
Bảo Hoa,Ðồng Kỉnh Tín Quả,ex:monk/ong_kinh_tin_qua,1
Ninh Quang,Ðồng Kỉnh Tín Quả,ex:monk/ong_kinh_tin_qua,1
Diên Sơn,Ðồng Kỉnh Tín Quả,ex:monk/ong_kinh_tin_qua,1
về thọ,Ðồng Kỉnh Tín Quả,ex:monk/ong_kinh_tin_qua,1
Vạn Thắng,Ðồng Kỉnh Tín Quả,ex:monk/ong_kinh_tin_qua,1
tỉnh Khánh,Thị Thọ Nhơn Hiền,ex:monk/thi_tho_nhon_hien,1
chùa Tỉnh,Đồng Mẫn Huệ Tánh,ex:monk/dong_man_hue_tanh,1
đại học,Đồng Mẫn Huệ Tánh,ex:monk/dong_man_hue_tanh,1
Bửu Tháp,Đồng Nghĩa Thông Hạnh,ex:monk/dong_nghia_thong_hanh,1
chùa Bồ,Đồng Nguyện Bảo Tịnh,ex:monk/dong_nguyen_bao_tinh,1
PHV Huỳnh,Đồng Nguyện Bảo Tịnh,ex:monk/dong_nguyen_bao_tinh,1
làng Hòa,Đồng Nguyện Bảo Tịnh,ex:monk/dong_nguyen_bao_tinh,1
Quán Thế,Ðồng Phước Thông Bửu,ex:monk/ong_phuoc_thong_buu,1
xã Xuân,Ðồng Phước Thông Bửu,ex:monk/ong_phuoc_thong_buu,1
thứ,Ðồng Phước Thông Bửu,ex:monk/ong_phuoc_thong_buu,1
thành tu,Ðồng Phước Thông Bửu,ex:monk/ong_phuoc_thong_buu,1
rộng ngôi,Ðồng Phước Thông Bửu,ex:monk/ong_phuoc_thong_buu,1
trường hạ,Ðồng Phước Thông Bửu,ex:monk/ong_phuoc_thong_buu,1
nhà Tăng,Ðồng Phước Thông Bửu,ex:monk/ong_phuoc_thong_buu,1
Mađagui,Ðồng Phước Thông Bửu,ex:monk/ong_phuoc_thong_buu,1
làm nơi,Ðồng Phước Thông Bửu,ex:monk/ong_phuoc_thong_buu,1
chứng minh,Ðồng Phước Thông Bửu,ex:monk/ong_phuoc_thong_buu,1
xã Tu,Ðồng Phước Thông Bửu,ex:monk/ong_phuoc_thong_buu,1
trường Cao,Ðồng Phước Thông Bửu,ex:monk/ong_phuoc_thong_buu,1
Long Hà,Ðồng Phước Thông Bửu,ex:monk/ong_phuoc_thong_buu,1
Quảng Ðức,Ðồng Phước Thông Bửu,ex:monk/ong_phuoc_thong_buu,1
mang Tổ,Ðồng Phước Thông Bửu,ex:monk/ong_phuoc_thong_buu,1
Phật Bửu,Thị Thuỷ Quảng Đức,ex:monk/thi_thuy_quang_duc,1
thành biểu,Thị Thuỷ Quảng Đức,ex:monk/thi_thuy_quang_duc,1
thôn Hội,Thị Thuỷ Quảng Đức,ex:monk/thi_thuy_quang_duc,1
Hòn Ðất,Thị Thuỷ Quảng Đức,ex:monk/thi_thuy_quang_duc,1
bổn trường,Đồng Thanh Vị Thủy,ex:monk/dong_thanh_vi_thuy,1
chùa Thánh,Đồng Thanh Vị Thủy,ex:monk/dong_thanh_vi_thuy,1
Chùa Ứng,Thanh Tràng Như Tịnh,ex:monk/thanh_trang_nhu_tinh,1
cũng như,Thanh Tràng Như Tịnh,ex:monk/thanh_trang_nhu_tinh,1
Chùa Khánh,Thanh Tràng Như Tịnh,ex:monk/thanh_trang_nhu_tinh,1
Lựu Bảo,Hoàng Cảnh Viên Dung,ex:monk/hoang_canh_vien_dung,1
làng Lựu,Hoàng Cảnh Viên Dung,ex:monk/hoang_canh_vien_dung,1
về lo,Hoàng Cảnh Viên Dung,ex:monk/hoang_canh_vien_dung,1
được yên,Như Đồng Đắc Quang,ex:monk/nhu_dong_dac_quang,1
tuổi thất,Như Đồng Đắc Quang,ex:monk/nhu_dong_dac_quang,1
được no,Như Đồng Đắc Quang,ex:monk/nhu_dong_dac_quang,1
Tiền đường,Hồng Tuyên Từ Thông,ex:monk/hong_tuyen_tu_thong,1
huyện Lệ,Hồng Tuyên Từ Thông,ex:monk/hong_tuyen_tu_thong,1
được sửa,Hồng Tuyên Từ Thông,ex:monk/hong_tuyen_tu_thong,1
chỉ là,Hồng Tuyên Từ Thông,ex:monk/hong_tuyen_tu_thong,1
Tổ truyền,Hồng Tuyên Từ Thông,ex:monk/hong_tuyen_tu_thong,1
Phổ Minh,Hồng Tuyên Từ Thông,ex:monk/hong_tuyen_tu_thong,1
Minh Đức,Hồng Tuyên Từ Thông,ex:monk/hong_tuyen_tu_thong,1
một Giới,Hồng Tuyên Từ Thông,ex:monk/hong_tuyen_tu_thong,1
với gần,Hồng Tuyên Từ Thông,ex:monk/hong_tuyen_tu_thong,1
đã thực,Hồng Tuyên Từ Thông,ex:monk/hong_tuyen_tu_thong,1
Long vị,Hồng Tuyên Từ Thông,ex:monk/hong_tuyen_tu_thong,1
Tổ một,Hồng Tuyên Từ Thông,ex:monk/hong_tuyen_tu_thong,1
hiện vẫn,Hồng Tuyên Từ Thông,ex:monk/hong_tuyen_tu_thong,1
của Chi,Hồng Tuyên Từ Thông,ex:monk/hong_tuyen_tu_thong,1
làng Đức,Hồng Tuyên Từ Thông,ex:monk/hong_tuyen_tu_thong,1
còn được,Hồng Tuyên Từ Thông,ex:monk/hong_tuyen_tu_thong,1
và tịnh,Hồng Tuyên Từ Thông,ex:monk/hong_tuyen_tu_thong,1
là do,Hồng Tuyên Từ Thông,ex:monk/hong_tuyen_tu_thong,1
đúng là,Hồng Tuyên Từ Thông,ex:monk/hong_tuyen_tu_thong,1
các phường,Hồng Tuyên Từ Thông,ex:monk/hong_tuyen_tu_thong,1
thân thương,Hồng Tuyên Từ Thông,ex:monk/hong_tuyen_tu_thong,1
Quảng Bình,Hồng Tuyên Từ Thông,ex:monk/hong_tuyen_tu_thong,1
gặp lúc,Hồng Nam Huyền Không,ex:monk/hong_nam_huyen_khong,1
gia thành,Hồng Nam Huyền Không,ex:monk/hong_nam_huyen_khong,1
"trong
Giới",Hồng Nam Huyền Không,ex:monk/hong_nam_huyen_khong,1
đồng,Hồng Nam Huyền Không,ex:monk/hong_nam_huyen_khong,1
để đi,Hồng Nam Huyền Không,ex:monk/hong_nam_huyen_khong,1
bị sung,Hồng Nam Huyền Không,ex:monk/hong_nam_huyen_khong,1
nội thành,Hồng Tòng Phổ Quảng,ex:monk/hong_tong_pho_quang,1
mình để,Hồng Tòng Phổ Quảng,ex:monk/hong_tong_pho_quang,1
ngã sáu,Hồng Tòng Phổ Quảng,ex:monk/hong_tong_pho_quang,1
dinh Thống,Hồng Tòng Phổ Quảng,ex:monk/hong_tong_pho_quang,1
những lớp,Hồng Tòng Phổ Quảng,ex:monk/hong_tong_pho_quang,1
Khánh Quới,Hồng Tòng Phổ Quảng,ex:monk/hong_tong_pho_quang,1
Vũng Liêm,Hồng Tòng Phổ Quảng,ex:monk/hong_tong_pho_quang,1
Sùng Đức,Hồng Tòng Phổ Quảng,ex:monk/hong_tong_pho_quang,1
đã thoát,Hồng Tòng Phổ Quảng,ex:monk/hong_tong_pho_quang,1
cho Hòa,Hồng Tòng Phổ Quảng,ex:monk/hong_tong_pho_quang,1
Chợ Lớn,Hồng Tòng Phổ Quảng,ex:monk/hong_tong_pho_quang,1
này tuy,Hồng Tòng Phổ Quảng,ex:monk/hong_tong_pho_quang,1
đây chuyên,Hồng Tòng Phổ Quảng,ex:monk/hong_tong_pho_quang,1
này của,Hồng Tòng Phổ Quảng,ex:monk/hong_tong_pho_quang,1
đề nghị,Hồng Tòng Phổ Quảng,ex:monk/hong_tong_pho_quang,1
đất Gia,Như Hiền Chí Thiền,ex:monk/nhu_hien_chi_thien,1
Minh Đạo,Như Hiền Chí Thiền,ex:monk/nhu_hien_chi_thien,1
làng Tú,Như Hiền Chí Thiền,ex:monk/nhu_hien_chi_thien,1
Campuchia hiến,Như Hiền Chí Thiền,ex:monk/nhu_hien_chi_thien,1
hạt Khánh,Như Hiền Chí Thiền,ex:monk/nhu_hien_chi_thien,1
núi Cấm,Như Hiền Chí Thiền,ex:monk/nhu_hien_chi_thien,1
thành Pháp,Như Hiền Chí Thiền,ex:monk/nhu_hien_chi_thien,1
Việt,Như Hiền Chí Thiền,ex:monk/nhu_hien_chi_thien,1
về bàn,Như Hiền Chí Thiền,ex:monk/nhu_hien_chi_thien,1
rộng Tông,Như Hiền Chí Thiền,ex:monk/nhu_hien_chi_thien,1
nguyện viên,Như Hiền Chí Thiền,ex:monk/nhu_hien_chi_thien,1
giữa trời,Như Hiền Chí Thiền,ex:monk/nhu_hien_chi_thien,1
mang khai,Như Hiền Chí Thiền,ex:monk/nhu_hien_chi_thien,1
vắng vẻ,Như Hiền Chí Thiền,ex:monk/nhu_hien_chi_thien,1
Bắc Tông,Như Hiền Chí Thiền,ex:monk/nhu_hien_chi_thien,1
Châu Đốc,Như Hiền Chí Thiền,ex:monk/nhu_hien_chi_thien,1
xã Diêm,Như Hiền Chí Thiền,ex:monk/nhu_hien_chi_thien,1
ra phân,Như Hiền Chí Thiền,ex:monk/nhu_hien_chi_thien,1
đồng trống,Như Hiền Chí Thiền,ex:monk/nhu_hien_chi_thien,1
chỗ đêm,Như Hiền Chí Thiền,ex:monk/nhu_hien_chi_thien,1
thiền sàng,Như Hiền Chí Thiền,ex:monk/nhu_hien_chi_thien,1
Tà Lạp,Như Hiền Chí Thiền,ex:monk/nhu_hien_chi_thien,1
và cả,Như Hiền Chí Thiền,ex:monk/nhu_hien_chi_thien,1
từ một,Như Hiền Chí Thiền,ex:monk/nhu_hien_chi_thien,1
chùa Phi,Như Hiền Chí Thiền,ex:monk/nhu_hien_chi_thien,1
vùng Tây,Như Hiền Chí Thiền,ex:monk/nhu_hien_chi_thien,1
nơi lánh,Như Hiền Chí Thiền,ex:monk/nhu_hien_chi_thien,1
vách đất,Như Hiền Chí Thiền,ex:monk/nhu_hien_chi_thien,1
dinh Tổng,Như Hiền Chí Thiền,ex:monk/nhu_hien_chi_thien,1
ngay trong,Như Hiền Chí Thiền,ex:monk/nhu_hien_chi_thien,1
Thành Phố,Như Hiền Chí Thiền,ex:monk/nhu_hien_chi_thien,1
Giác Sơn,Như Hiền Chí Thiền,ex:monk/nhu_hien_chi_thien,1
đều được,Hoàng Lầu Diệu Tấn,ex:monk/hoang_lau_dieu_tan,1
lại Trảng,Hoàng Lầu Diệu Tấn,ex:monk/hoang_lau_dieu_tan,1
trường dạy,Hoàng Lầu Diệu Tấn,ex:monk/hoang_lau_dieu_tan,1
bấy giờ,Hoàng Lầu Diệu Tấn,ex:monk/hoang_lau_dieu_tan,1
chăm sóc,Hoàng Lầu Diệu Tấn,ex:monk/hoang_lau_dieu_tan,1
tu sở,Hoàng Lầu Diệu Tấn,ex:monk/hoang_lau_dieu_tan,1
Ni Từ,Hoàng Lầu Diệu Tấn,ex:monk/hoang_lau_dieu_tan,1
chiền nhỏ,Hoàng Lầu Diệu Tấn,ex:monk/hoang_lau_dieu_tan,1
nhà Phật,Hồng Xứng Thiện Quang,ex:monk/hong_xung_thien_quang,1
lại trị,Hồng Xứng Thiện Quang,ex:monk/hong_xung_thien_quang,1
Linh Bửu,Hồng Xứng Thiện Quang,ex:monk/hong_xung_thien_quang,1
Huệ Nghiêm,Hồng Xứng Thiện Quang,ex:monk/hong_xung_thien_quang,1
lại công,Hồng Xứng Thiện Quang,ex:monk/hong_xung_thien_quang,1
Giồng Keo,Hồng Xứng Thiện Quang,ex:monk/hong_xung_thien_quang,1
núi khai,Hồng Xứng Thiện Quang,ex:monk/hong_xung_thien_quang,1
nơi vắng,Hồng Xứng Thiện Quang,ex:monk/hong_xung_thien_quang,1
tháp Phổ,Hồng Xứng Thiện Quang,ex:monk/hong_xung_thien_quang,1
Tri Tôn,Hồng Xứng Thiện Quang,ex:monk/hong_xung_thien_quang,1
trên gác,Hồng Xứng Thiện Quang,ex:monk/hong_xung_thien_quang,1
trai tráng,Hồng Xứng Thiện Quang,ex:monk/hong_xung_thien_quang,1
Phật lớn,Hồng Xứng Thiện Quang,ex:monk/hong_xung_thien_quang,1
về Tây,Nhựt Bình Trí Tịnh,ex:monk/nhut_binh_tri_tinh,1
Văn phòng,Nhựt Bình Trí Tịnh,ex:monk/nhut_binh_tri_tinh,1
xã Linh,Nhựt Bình Trí Tịnh,ex:monk/nhut_binh_tri_tinh,1
Tuyền Lâm,Nhựt Bình Trí Tịnh,ex:monk/nhut_binh_tri_tinh,1
Phước Điền,Hưng Thạnh,ex:monk/hung_thanh,1
năm Tân,Hưng Thạnh,ex:monk/hung_thanh,1
Quang Bảo,Thanh Đức Tâm Khoan,ex:monk/thanh_duc_tam_khoan,1
khoảng,Thanh Đức Tâm Khoan,ex:monk/thanh_duc_tam_khoan,1
xã Diên,Trừng Diên Hưng Phước,ex:monk/trung_dien_hung_phuoc,1
đồ chúng,Trừng Diên Hưng Phước,ex:monk/trung_dien_hung_phuoc,1
là Từ,Trừng Diên Hưng Phước,ex:monk/trung_dien_hung_phuoc,1
núi Hàm,Trừng Diên Hưng Phước,ex:monk/trung_dien_hung_phuoc,1
Từ Nhơn,Trừng Khiết Hưng Nghĩa,ex:monk/trung_khiet_hung_nghia,1
Tháp và,Trừng Khiết Hưng Nghĩa,ex:monk/trung_khiet_hung_nghia,1
tiên cảnh,Trừng Gia Hưng Mãn,ex:monk/trung_gia_hung_man,1
có vườn,Trừng Gia Hưng Mãn,ex:monk/trung_gia_hung_man,1
khu vườn,Trừng Gia Hưng Mãn,ex:monk/trung_gia_hung_man,1
sống đời,Trừng Gia Hưng Mãn,ex:monk/trung_gia_hung_man,1
làng như,Trừng Hóa Hưng Dụng,ex:monk/trung_hoa_hung_dung,1
phiên họp,Trừng Hóa Hưng Dụng,ex:monk/trung_hoa_hung_dung,1
Trung Ương,Trừng Hóa Hưng Dụng,ex:monk/trung_hoa_hung_dung,1
gia ở,Trừng Hóa Hưng Dụng,ex:monk/trung_hoa_hung_dung,1
đây còn,Trừng Chiếu Từ Mãn,ex:monk/trung_chieu_tu_man,1
bịnh,Trừng Chiếu Từ Mãn,ex:monk/trung_chieu_tu_man,1
Tỉnh Lâm,Trừng Chiếu Từ Mãn,ex:monk/trung_chieu_tu_man,1
lại chốn,Trừng Chiếu Từ Mãn,ex:monk/trung_chieu_tu_man,1
về tu,Trừng Chiếu Từ Mãn,ex:monk/trung_chieu_tu_man,1
Thiền viện,Trừng Chiếu Từ Mãn,ex:monk/trung_chieu_tu_man,1
tỉnh Hội,Trừng Chiếu Từ Mãn,ex:monk/trung_chieu_tu_man,1
các Đại,Trừng Chiếu Từ Mãn,ex:monk/trung_chieu_tu_man,1
Hồ Tuyền,Trừng Chiếu Từ Mãn,ex:monk/trung_chieu_tu_man,1
Huế đều,Trừng Chiếu Từ Mãn,ex:monk/trung_chieu_tu_man,1
An Lạc,Trừng Chiếu Từ Mãn,ex:monk/trung_chieu_tu_man,1
xã Nhơn,Như Phụng Thiện Trì,ex:monk/nhu_phung_thien_tri,1
thủ phủ,Như Phụng Thiện Trì,ex:monk/nhu_phung_thien_tri,1
Sacramento và,Như Phụng Thiện Trì,ex:monk/nhu_phung_thien_tri,1
trong Tỉnh,Nguyên Định Đức Trì,ex:monk/nguyen_dinh_duc_tri,1
nông thôn,Nguyên Định Đức Trì,ex:monk/nguyen_dinh_duc_tri,1
sinh tiền,Nguyên Định Đức Trì,ex:monk/nguyen_dinh_duc_tri,1
học lại,Nguyên Định Đức Trì,ex:monk/nguyen_dinh_duc_tri,1
nên chí,Nguyên Định Đức Trì,ex:monk/nguyen_dinh_duc_tri,1
thì ừ,Nguyên Định Đức Trì,ex:monk/nguyen_dinh_duc_tri,1
Biểu đi,Nguyên Định Đức Trì,ex:monk/nguyen_dinh_duc_tri,1
giản đơn,Nguyên Định Đức Trì,ex:monk/nguyen_dinh_duc_tri,1
giữa đường,Tâm Như Trí Thủ,ex:monk/tam_nhu_tri_thu,1
trên người,Tâm Như Trí Thủ,ex:monk/tam_nhu_tri_thu,1
thôn nhà,Tâm Như Trí Thủ,ex:monk/tam_nhu_tri_thu,1
tương lai,Tâm Như Trí Thủ,ex:monk/tam_nhu_tri_thu,1
thành người,Tâm Như Trí Thủ,ex:monk/tam_nhu_tri_thu,1
nhiều Đại,Tâm Như Trí Thủ,ex:monk/tam_nhu_tri_thu,1
trường tiểu,Tâm Như Trí Thủ,ex:monk/tam_nhu_tri_thu,1
dưới người,Tâm Như Trí Thủ,ex:monk/tam_nhu_tri_thu,1
ba đại,Tâm Như Trí Thủ,ex:monk/tam_nhu_tri_thu,1
Mát,Tâm Như Trí Thủ,ex:monk/tam_nhu_tri_thu,1
Trung bộ,Tâm Như Trí Thủ,ex:monk/tam_nhu_tri_thu,1
đầu để,Tâm Như Trí Thủ,ex:monk/tam_nhu_tri_thu,1
nhà Như,Tâm Như Trí Thủ,ex:monk/tam_nhu_tri_thu,1
thành thanh,Tâm Như Trí Thủ,ex:monk/tam_nhu_tri_thu,1
những cơ,Tâm Như Trí Thủ,ex:monk/tam_nhu_tri_thu,1
mình mà,Tâm Như Trí Thủ,ex:monk/tam_nhu_tri_thu,1
đây chờ,Tâm Như Trí Thủ,ex:monk/tam_nhu_tri_thu,1
Đà nẵng,Tâm Như Trí Thủ,ex:monk/tam_nhu_tri_thu,1
ngoài chợ,Tâm Như Trí Thủ,ex:monk/tam_nhu_tri_thu,1
Tokyo Nhật,Tâm Như Trí Thủ,ex:monk/tam_nhu_tri_thu,1
thành Hòa,Tâm Như Trí Thủ,ex:monk/tam_nhu_tri_thu,1
Viêng,Tâm Như Trí Thủ,ex:monk/tam_nhu_tri_thu,1
ra Huế,Tâm Như Trí Thủ,ex:monk/tam_nhu_tri_thu,1
vùng đồi,Tâm Như Trí Thủ,ex:monk/tam_nhu_tri_thu,1
Cộng hòa,Tâm Như Trí Thủ,ex:monk/tam_nhu_tri_thu,1
nhiều Phật,Tâm Như Trí Thủ,ex:monk/tam_nhu_tri_thu,1
chùa mình,Tâm Như Trí Thủ,ex:monk/tam_nhu_tri_thu,1
này cũng,Nguyên Minh Đức Thiệu,ex:monk/nguyen_minh_duc_thieu,1
thành cơ,Nguyên Minh Đức Thiệu,ex:monk/nguyen_minh_duc_thieu,1
Bửu Tịnh,Nguyên Minh Đức Thiệu,ex:monk/nguyen_minh_duc_thieu,1
Khải Đoan,Nguyên Minh Đức Thiệu,ex:monk/nguyen_minh_duc_thieu,1
huyện Cheo,Nguyên Minh Đức Thiệu,ex:monk/nguyen_minh_duc_thieu,1
Chùa Viên,Nguyên Minh Đức Thiệu,ex:monk/nguyen_minh_duc_thieu,1
đi Ngài,Nguyên Minh Đức Thiệu,ex:monk/nguyen_minh_duc_thieu,1
Bửu Minh,Nguyên Minh Đức Thiệu,ex:monk/nguyen_minh_duc_thieu,1
Bửu Thắng,Nguyên Minh Đức Thiệu,ex:monk/nguyen_minh_duc_thieu,1
tại tỉnh,Nguyên Minh Đức Thiệu,ex:monk/nguyen_minh_duc_thieu,1
về hành,Nguyên Minh Đức Thiệu,ex:monk/nguyen_minh_duc_thieu,1
Hồng Từ,Nguyên Minh Đức Thiệu,ex:monk/nguyen_minh_duc_thieu,1
thêm phần,Nguyên Tánh Đức Tâm,ex:monk/nguyen_tanh_duc_tam,1
đừng để,Nguyên Tánh Đức Tâm,ex:monk/nguyen_tanh_duc_tam,1
được khởi,Nguyên Tánh Đức Tâm,ex:monk/nguyen_tanh_duc_tam,1
để rồi,Nguyên Tánh Đức Tâm,ex:monk/nguyen_tanh_duc_tam,1
Pháp hải,Nguyên Tánh Đức Tâm,ex:monk/nguyen_tanh_duc_tam,1
nội tâm,Nguyên Tánh Đức Tâm,ex:monk/nguyen_tanh_duc_tam,1
Trung Phần,Nguyên Tánh Đức Tâm,ex:monk/nguyen_tanh_duc_tam,1
làng Bồi,Nguyên Tánh Đức Tâm,ex:monk/nguyen_tanh_duc_tam,1
vùng xa,Nguyên Tánh Đức Tâm,ex:monk/nguyen_tanh_duc_tam,1
rộng phương,Nguyên Tánh Đức Tâm,ex:monk/nguyen_tanh_duc_tam,1
thêm lớp,Nguyên Tánh Đức Tâm,ex:monk/nguyen_tanh_duc_tam,1
khá quy,Nguyên Tánh Đức Tâm,ex:monk/nguyen_tanh_duc_tam,1
Trung tâm,Nguyên Tánh Đức Tâm,ex:monk/nguyen_tanh_duc_tam,1
Viện Đại,Nguyên Thuận Đức Tánh,ex:monk/nguyen_thuan_duc_tanh,1
Huế trực,Nguyên Thuận Đức Tánh,ex:monk/nguyen_thuan_duc_tanh,1
khoa Văn,Nguyên Thuận Đức Tánh,ex:monk/nguyen_thuan_duc_tanh,1
dạng bản,TT Nguyên Minh Minh Đức,ex:monk/tt_nguyen_minh_minh_duc,1
đây gần,Nguyên Ý Phước Châu,ex:monk/nguyen_y_phuoc_chau,1
lại thành,Nguyên Ý Phước Châu,ex:monk/nguyen_y_phuoc_chau,1
nhân công,Nguyên Ý Phước Châu,ex:monk/nguyen_y_phuoc_chau,1
từ đường,Nguyên Giác Quang Phú,ex:monk/nguyen_giac_quang_phu,1
về Thuận,Tâm Ấn Viên Quang,ex:monk/tam_an_vien_quang,1
Thọ Đức,Nguyên Phước Thiên Hỷ,ex:monk/nguyen_phuoc_thien_hy,1
Thiên Hỷ,Nguyên Phước Thiên Hỷ,ex:monk/nguyen_phuoc_thien_hy,1
đồi Dương,Nguyên Phước Thiên Hỷ,ex:monk/nguyen_phuoc_thien_hy,1
nguyện này,Thiên Ân,ex:monk/thien_an,1
Phật Giáo,Thiên Ân,ex:monk/thien_an,1
California có,Thiên Ân,ex:monk/thien_an,1
South New,Thiên Ân,ex:monk/thien_an,1
Việt đầu,Thiên Ân,ex:monk/thien_an,1
đường Phan,Thiên Ân,ex:monk/thien_an,1
nước Mỹ,Thiên Ân,ex:monk/thien_an,1
và Từ,Nguyên Minh Phước Thành,ex:monk/nguyen_minh_phuoc_thanh,1
ở Đức,Nguyên Minh Phước Thành,ex:monk/nguyen_minh_phuoc_thanh,1
Huế này,Nguyên Minh Phước Thành,ex:monk/nguyen_minh_phuoc_thanh,1
Khai Thành,Nguyên Minh Phước Thành,ex:monk/nguyen_minh_phuoc_thanh,1
Đức và,Nguyên Minh Phước Thành,ex:monk/nguyen_minh_phuoc_thanh,1
Paris Pháp,Nguyên Minh Phước Thành,ex:monk/nguyen_minh_phuoc_thanh,1
Khuông Việt,Nguyên Minh Phước Thành,ex:monk/nguyen_minh_phuoc_thanh,1
phường Trường,Nguyên Minh Phước Thành,ex:monk/nguyen_minh_phuoc_thanh,1
gia Bồ,Nguyên Minh Phước Thành,ex:monk/nguyen_minh_phuoc_thanh,1
Pháp lại,Nguyên Không Từ Phương,ex:monk/nguyen_khong_tu_phuong,1
làng Phò,Nguyên Không Từ Phương,ex:monk/nguyen_khong_tu_phuong,1
Viện Bảo,Nguyên Không Từ Phương,ex:monk/nguyen_khong_tu_phuong,1
dìu dắt,Nguyên Không Từ Phương,ex:monk/nguyen_khong_tu_phuong,1
thành hiện,Nguyên Không Từ Phương,ex:monk/nguyen_khong_tu_phuong,1
Paris một,Nguyên Không Từ Phương,ex:monk/nguyen_khong_tu_phuong,1
"nhỏ
Tu",Tâm Thọ Thiện Hỷ,ex:monk/tam_tho_thien_hy,1
phía tả,Tâm Thọ Thiện Hỷ,ex:monk/tam_tho_thien_hy,1
khám chửa,TT Nguyên Hồng Từ Phong,ex:monk/tt_nguyen_hong_tu_phong,1
nhiều tỉnh,TT Nguyên Hồng Từ Phong,ex:monk/tt_nguyen_hong_tu_phong,1
phường Vinh,TT Nguyên Hồng Từ Phong,ex:monk/tt_nguyen_hong_tu_phong,1
trường Cán,TT Nguyên Hồng Từ Phong,ex:monk/tt_nguyen_hong_tu_phong,1
xưa cũ,Tâm Tuệ Thanh Trí,ex:monk/tam_tue_thanh_tri,1
lại thêm,Tâm Tuệ Thanh Trí,ex:monk/tam_tue_thanh_tri,1
lại của,Tâm Tuệ Thanh Trí,ex:monk/tam_tue_thanh_tri,1
hầu như,Tâm Tuệ Thanh Trí,ex:monk/tam_tue_thanh_tri,1
cổ vẫn,Tâm Tuệ Thanh Trí,ex:monk/tam_tue_thanh_tri,1
cổ Sắc,Tâm Tuệ Thanh Trí,ex:monk/tam_tue_thanh_tri,1
và thư,Tâm Tuệ Thanh Trí,ex:monk/tam_tue_thanh_tri,1
mang về,Tâm Tuệ Thanh Trí,ex:monk/tam_tue_thanh_tri,1
và cùng,Tâm Tuệ Thanh Trí,ex:monk/tam_tue_thanh_tri,1
quá thấp,Nguyên Nguyện Tâm Hướng,ex:monk/nguyen_nguyen_tam_huong,1
về cảnh,Nguyên Nguyện Tâm Hướng,ex:monk/nguyen_nguyen_tam_huong,1
trường cũng,Nguyên Nguyện Tâm Hướng,ex:monk/nguyen_nguyen_tam_huong,1
học uyên,Tâm Cảnh Giác Hạnh,ex:monk/tam_canh_giac_hanh,1
Ái tử,Tâm Cảnh Giác Hạnh,ex:monk/tam_canh_giac_hanh,1
đường Tuệ,Tâm Cảnh Giác Hạnh,ex:monk/tam_canh_giac_hanh,1
Phổ Phúc,Tâm Cảnh Giác Hạnh,ex:monk/tam_canh_giac_hanh,1
chỗ cây,Tâm Cảnh Giác Hạnh,ex:monk/tam_canh_giac_hanh,1
này và,Tâm Cảnh Giác Hạnh,ex:monk/tam_canh_giac_hanh,1
là Vạn,Tâm Cảnh Giác Hạnh,ex:monk/tam_canh_giac_hanh,1
để tỏ,Tâm Cảnh Giác Hạnh,ex:monk/tam_canh_giac_hanh,1
Nghĩa Đạo,Tâm Cảnh Giác Hạnh,ex:monk/tam_canh_giac_hanh,1
làng Quảng,Nguyên Phước Quang Thể,ex:monk/nguyen_phuoc_quang_the,1
Long Tuyề,Nguyên Phước Quang Thể,ex:monk/nguyen_phuoc_quang_the,1
nước ngoài,Nguyên Phước Quang Thể,ex:monk/nguyen_phuoc_quang_the,1
trường Phật,Nguyên Phước Quang Thể,ex:monk/nguyen_phuoc_quang_the,1
rộ trong,Nguyên Phước Quang Thể,ex:monk/nguyen_phuoc_quang_the,1
xã Xuyên,Nguyên Phước Quang Thể,ex:monk/nguyen_phuoc_quang_the,1
tùy duyên,Nguyên Phước Quang Thể,ex:monk/nguyen_phuoc_quang_the,1
Thọ Quang,Nguyên Phước Quang Thể,ex:monk/nguyen_phuoc_quang_the,1
thông trí,Nguyên Phước Quang Thể,ex:monk/nguyen_phuoc_quang_the,1
hoàn tất,Nguyên Phước Quang Thể,ex:monk/nguyen_phuoc_quang_the,1
xã Hòa,Nguyên Phước Quang Thể,ex:monk/nguyen_phuoc_quang_the,1
thành vô,Nguyên Phước Quang Thể,ex:monk/nguyen_phuoc_quang_the,1
Hoằng Khê,Tâm Thái Thiện Trí,ex:monk/tam_thai_thien_tri,1
về sống,Tâm Thái Thiện Trí,ex:monk/tam_thai_thien_tri,1
đài phát,Tâm Thái Thiện Trí,ex:monk/tam_thai_thien_tri,1
nên thông,Tâm Thái Thiện Trí,ex:monk/tam_thai_thien_tri,1
Nam không,Tâm Thái Thiện Trí,ex:monk/tam_thai_thien_tri,1
cho Tăng,Tâm Thái Thiện Trí,ex:monk/tam_thai_thien_tri,1
bài Điếu,Tâm Thái Thiện Trí,ex:monk/tam_thai_thien_tri,1
trong bước,Tâm Thái Thiện Trí,ex:monk/tam_thai_thien_tri,1
vườn và,Tâm Thái Thiện Trí,ex:monk/tam_thai_thien_tri,1
phường Kim,Nguyên Thiện Đạo Dung,ex:monk/nguyen_thien_dao_dung,1
cấp chuyên,Nguyên Thiện Đạo Dung,ex:monk/nguyen_thien_dao_dung,1
Tùng Lâm,Nguyên Thiện Đạo Dung,ex:monk/nguyen_thien_dao_dung,1
gia cho,Tâm Phật Thiện Siêu,ex:monk/tam_phat_thien_sieu,1
các Tạp,Tâm Phật Thiện Siêu,ex:monk/tam_phat_thien_sieu,1
Trường Cao,Tâm Phật Thiện Siêu,ex:monk/tam_phat_thien_sieu,1
tỉnh Bà,Tâm Phật Thiện Siêu,ex:monk/tam_phat_thien_sieu,1
Ty Công,Tâm Phật Thiện Siêu,ex:monk/tam_phat_thien_sieu,1
Max,Tâm Phật Thiện Siêu,ex:monk/tam_phat_thien_sieu,1
Đài phát,Tâm Phật Thiện Siêu,ex:monk/tam_phat_thien_sieu,1
Huế cho,Tâm Phật Thiện Siêu,ex:monk/tam_phat_thien_sieu,1
Tổng trị,Tâm Phật Thiện Siêu,ex:monk/tam_phat_thien_sieu,1
thôn Chánh,TT Nguyên Chi Hạnh Minh,ex:monk/tt_nguyen_chi_hanh_minh,1
cao nguyên,TT Nguyên Chi Hạnh Minh,ex:monk/tt_nguyen_chi_hanh_minh,1
Thái Lan,Nguyên Trí Châu Toàn,ex:monk/nguyen_tri_chau_toan,1
ra năm,Nguyên Trí Châu Toàn,ex:monk/nguyen_tri_chau_toan,1
trường Nguyễn,Nguyên Trí Châu Toàn,ex:monk/nguyen_tri_chau_toan,1
nhiều trường,Nguyên Trí Châu Toàn,ex:monk/nguyen_tri_chau_toan,1
ra nhiều,Nguyên Trí Châu Toàn,ex:monk/nguyen_tri_chau_toan,1
nhỏ do,Nguyên Trí Châu Toàn,ex:monk/nguyen_tri_chau_toan,1
nương nhờ,Nguyên Trí Châu Toàn,ex:monk/nguyen_tri_chau_toan,1
Bắc quay,Nguyên Trí Châu Toàn,ex:monk/nguyen_tri_chau_toan,1
giúp đỡ,Nguyên Tuyết Như Ý,ex:monk/nguyen_tuyet_nhu_y,1
chốn kinh,Nguyên Tuyết Như Ý,ex:monk/nguyen_tuyet_nhu_y,1
Sơn Chà,Nguyên Tuyết Như Ý,ex:monk/nguyen_tuyet_nhu_y,1
đâu cũng,Nguyên Tuyết Như Ý,ex:monk/nguyen_tuyet_nhu_y,1
về Tra,Nguyên Tuyết Như Ý,ex:monk/nguyen_tuyet_nhu_y,1
về trăng,Nguyên Tuyết Như Ý,ex:monk/nguyen_tuyet_nhu_y,1
tỉnh khác,Nguyên Tuyết Như Ý,ex:monk/nguyen_tuyet_nhu_y,1
lại Cố,Nguyên Tuyết Như Ý,ex:monk/nguyen_tuyet_nhu_y,1
thành kế,Nguyên Tuyết Như Ý,ex:monk/nguyen_tuyet_nhu_y,1
đầy,Tâm Đăng Trí Hiển,ex:monk/tam_dang_tri_hien,1
lở may,Tâm Đăng Trí Hiển,ex:monk/tam_dang_tri_hien,1
mới là,Tâm Đăng Trí Hiển,ex:monk/tam_dang_tri_hien,1
khắp năm,Tâm Đăng Trí Hiển,ex:monk/tam_dang_tri_hien,1
và tương,Tâm Đăng Trí Hiển,ex:monk/tam_dang_tri_hien,1
khối Nại,Như An Huệ Mãn,ex:monk/nhu_an_hue_man,1
còn không,Vân Cư Đạo Ưng,ex:monk/van_cu_dao_ung,1
Phạm Dương,Vân Cư Đạo Ưng,ex:monk/van_cu_dao_ung,1
thiên cung,Vân Cư Đạo Ưng,ex:monk/van_cu_dao_ung,1
chùa Phạm,Vân Cư Đạo Ưng,ex:monk/van_cu_dao_ung,1
nước Nhật,Vân Cư Đạo Ưng,ex:monk/van_cu_dao_ung,1
bổn sơn,Vân Cư Đạo Ưng,ex:monk/van_cu_dao_ung,1
Vân Nham,Vân Cư Đạo Ưng,ex:monk/van_cu_dao_ung,1
thơ ấu,Vân Cư Đạo Ưng,ex:monk/van_cu_dao_ung,1
trong hàng,Vân Cư Đạo Ưng,ex:monk/van_cu_dao_ung,1
Nam xương,Vân Cư Đạo Ưng,ex:monk/van_cu_dao_ung,1
Kinh Nam,Vân Cư Đạo Ưng,ex:monk/van_cu_dao_ung,1
Hương Thủy,Trừng Ninh Diệu Hương,ex:monk/trung_ninh_dieu_huong,1
Khải Ấn,Trừng Ninh Diệu Hương,ex:monk/trung_ninh_dieu_huong,1
Đa Nghĩa,Thanh Thái Phước Chỉ,ex:monk/thanh_thai_phuoc_chi,1
am Tường,Thanh Thái Phước Chỉ,ex:monk/thanh_thai_phuoc_chi,1
cõi Ta,Thanh Thái Phước Chỉ,ex:monk/thanh_thai_phuoc_chi,1
cho Ngài,Thanh Thái Phước Chỉ,ex:monk/thanh_thai_phuoc_chi,1
núi Non,Thanh Thái Phước Chỉ,ex:monk/thanh_thai_phuoc_chi,1
Lang Xá,Thanh Thái Phước Chỉ,ex:monk/thanh_thai_phuoc_chi,1
chiền bốc,Tâm Đạo Thanh Quang,ex:monk/tam_dao_thanh_quang,1
Miền Trung,Tâm Đạo Thanh Quang,ex:monk/tam_dao_thanh_quang,1
như bắt,Tâm Đạo Thanh Quang,ex:monk/tam_dao_thanh_quang,1
những vùng,Tâm Đạo Thanh Quang,ex:monk/tam_dao_thanh_quang,1
tại Huế,Tâm Đạo Thanh Quang,ex:monk/tam_dao_thanh_quang,1
màng vô,Tâm Đạo Thanh Quang,ex:monk/tam_dao_thanh_quang,1
sự cầu,Tâm Đạo Thanh Quang,ex:monk/tam_dao_thanh_quang,1
khả năng,Tâm Đạo Thanh Quang,ex:monk/tam_dao_thanh_quang,1
đức tin,Tâm Đạo Thanh Quang,ex:monk/tam_dao_thanh_quang,1
hành vi,Tâm Đạo Thanh Quang,ex:monk/tam_dao_thanh_quang,1
một bình,Tâm Đạo Thanh Quang,ex:monk/tam_dao_thanh_quang,1
đất nước,Tâm Đạo Thanh Quang,ex:monk/tam_dao_thanh_quang,1
tinh thần,Tâm Đạo Thanh Quang,ex:monk/tam_dao_thanh_quang,1
về của,Tâm Đạo Thanh Quang,ex:monk/tam_dao_thanh_quang,1
chiền chịu,Tâm Đạo Thanh Quang,ex:monk/tam_dao_thanh_quang,1
Ký Nhi,Tâm Nguyệt Thể Yến,ex:monk/tam_nguyet_the_yen,1
nhân tiền,Trừng Hương Tịnh Hạnh,ex:monk/trung_huong_tinh_hanh,1
Huế cùng,Trừng Hương Tịnh Hạnh,ex:monk/trung_huong_tinh_hanh,1
Đặng Lâm,Chiều Đề Tuệ Lãng,ex:monk/chieu_de_tue_lang,1
Chiêu Đề,Chiều Đề Tuệ Lãng,ex:monk/chieu_de_tue_lang,1
Nhạc Tự,Chiều Đề Tuệ Lãng,ex:monk/chieu_de_tue_lang,1
Lư Lăng,Thạch Đầu Hy Thiên,ex:monk/thach_dau_hy_thien,1
lại Giang,Thạch Đầu Hy Thiên,ex:monk/thach_dau_hy_thien,1
Hành Sơn,Thạch Đầu Hy Thiên,ex:monk/thach_dau_hy_thien,1
Hương Động,Thạch Đầu Hy Thiên,ex:monk/thach_dau_hy_thien,1
Tào Khê,Thạch Đầu Hy Thiên,ex:monk/thach_dau_hy_thien,1
Đông Lĩnh,Thạch Đầu Hy Thiên,ex:monk/thach_dau_hy_thien,1
sao nhờ,Đàm Châu Trường Tỳ Khoáng,ex:monk/dam_chau_truong_ty_khoang,1
DU HUYỆN,Đàm Châu Trường Tỳ Khoáng,ex:monk/dam_chau_truong_ty_khoang,1
lại từ,Pháp Môn Phật Đà,ex:monk/phap_mon_phat_da,1
HƯNG QUỐC,Hưng Quốc Chấn Lãng,ex:monk/hung_quoc_chan_lang,1
mồ lạnh,Thiên Hoàng Đạo Ngộ,ex:monk/thien_hoang_dao_ngo,1
hỏi pháp,Thiên Hoàng Đạo Ngộ,ex:monk/thien_hoang_dao_ngo,1
núi Sài,Thiên Hoàng Đạo Ngộ,ex:monk/thien_hoang_dao_ngo,1
này nguyên,Thiên Hoàng Đạo Ngộ,ex:monk/thien_hoang_dao_ngo,1
bé thông,Thiên Hoàng Đạo Ngộ,ex:monk/thien_hoang_dao_ngo,1
của Đạo,Thiên Hoàng Đạo Ngộ,ex:monk/thien_hoang_dao_ngo,1
Kinh Châu,Thiên Hoàng Đạo Ngộ,ex:monk/thien_hoang_dao_ngo,1
vốn chẳng,Thiên Hoàng Đạo Ngộ,ex:monk/thien_hoang_dao_ngo,1
mé Tây,Thiên Hoàng Đạo Ngộ,ex:monk/thien_hoang_dao_ngo,1
Sùng Tuệ,Thiên Hoàng Đạo Ngộ,ex:monk/thien_hoang_dao_ngo,1
này thì,Thiên Hoàng Đạo Ngộ,ex:monk/thien_hoang_dao_ngo,1
chỉ thấy,Đơn Hà Thiên Nhiên,ex:monk/don_ha_thien_nhien,1
Lạc Dương,Đơn Hà Thiên Nhiên,ex:monk/don_ha_thien_nhien,1
đỉnh Hoa,Đơn Hà Thiên Nhiên,ex:monk/don_ha_thien_nhien,1
qua Giang,Đơn Hà Thiên Nhiên,ex:monk/don_ha_thien_nhien,1
chùa không,Đơn Hà Thiên Nhiên,ex:monk/don_ha_thien_nhien,1
đường la,Đơn Hà Thiên Nhiên,ex:monk/don_ha_thien_nhien,1
thế lâu,Đơn Hà Thiên Nhiên,ex:monk/don_ha_thien_nhien,1
cũng bước,Đơn Hà Thiên Nhiên,ex:monk/don_ha_thien_nhien,1
nhà không,Đơn Hà Thiên Nhiên,ex:monk/don_ha_thien_nhien,1
qua đêm,Đơn Hà Thiên Nhiên,ex:monk/don_ha_thien_nhien,1
Tuệ Lâm,Đơn Hà Thiên Nhiên,ex:monk/don_ha_thien_nhien,1
không vậy,Đơn Hà Thiên Nhiên,ex:monk/don_ha_thien_nhien,1
trọ lữ,Đơn Hà Thiên Nhiên,ex:monk/don_ha_thien_nhien,1
Đăng Châu,Đơn Hà Thiên Nhiên,ex:monk/don_ha_thien_nhien,1
trong con,Đơn Hà Thiên Nhiên,ex:monk/don_ha_thien_nhien,1
núi Đan,Đơn Hà Thiên Nhiên,ex:monk/don_ha_thien_nhien,1
TRlỀU CHÂU,Triều Châu Đại Điên,ex:monk/trieu_chau_dai_dien,1
chẳng biết,Dược Sơn Duy Nghiễm,ex:monk/duoc_son_duy_nghiem,1
bình,Dược Sơn Duy Nghiễm,ex:monk/duoc_son_duy_nghiem,1
trong gai,Dược Sơn Duy Nghiễm,ex:monk/duoc_son_duy_nghiem,1
thanh thiên,Dược Sơn Duy Nghiễm,ex:monk/duoc_son_duy_nghiem,1
mồm nói,Dược Sơn Duy Nghiễm,ex:monk/duoc_son_duy_nghiem,1
tăng môn,Dược Sơn Duy Nghiễm,ex:monk/duoc_son_duy_nghiem,1
miệng gọi,Dược Sơn Duy Nghiễm,ex:monk/duoc_son_duy_nghiem,1
Hành Nhạc,Dược Sơn Duy Nghiễm,ex:monk/duoc_son_duy_nghiem,1
Triều Dương,Dược Sơn Duy Nghiễm,ex:monk/duoc_son_duy_nghiem,1
trời xanh,Dược Sơn Duy Nghiễm,ex:monk/duoc_son_duy_nghiem,1
không mở,Dược Sơn Duy Nghiễm,ex:monk/duoc_son_duy_nghiem,1
thành thể,Phần Châu Thạch Lâu,ex:monk/phan_chau_thach_lau,1
PHẦN CHÂU,Phần Châu Thạch Lâu,ex:monk/phan_chau_thach_lau,1
Huế đã,Pháp Kiêm Minh Giác,ex:monk/phap_kiem_minh_giac,1
bị điêu,Pháp Kiêm Minh Giác,ex:monk/phap_kiem_minh_giac,1
thôn Ngọc,Pháp Kiêm Minh Giác,ex:monk/phap_kiem_minh_giac,1
nơi thị,Pháp Kiêm Minh Giác,ex:monk/phap_kiem_minh_giac,1
Chiên Ðàn,Pháp Kiêm Minh Giác,ex:monk/phap_kiem_minh_giac,1
bổn tỉnh,Chương Thiện Hoằng Ðạo,ex:monk/chuong_thien_hoang_ao,1
từ hướng,Toàn Nhâm Quán Thông,ex:monk/toan_nham_quan_thong,1
Cù Lao,Toàn Nhâm Quán Thông,ex:monk/toan_nham_quan_thong,1
quận Mộ,Toàn Chiếu Bảo Ấn,ex:monk/toan_chieu_bao_an,1
thôn Tráng,Toàn Chiếu Bảo Ấn,ex:monk/toan_chieu_bao_an,1
Tổ của,Toàn Chiếu Bảo Ấn,ex:monk/toan_chieu_bao_an,1
khoa thi,Toàn Chiếu Bảo Ấn,ex:monk/toan_chieu_bao_an,1
hữu bản,Toàn Đức Hoằng Tông,ex:monk/toan_duc_hoang_tong,1
nên tốt,Toàn Đức Hoằng Tông,ex:monk/toan_duc_hoang_tong,1
đức Từ,Toàn Đức Hoằng Tông,ex:monk/toan_duc_hoang_tong,1
hương,Toàn Đức Hoằng Tông,ex:monk/toan_duc_hoang_tong,1
huyện Diên,Toàn Đức Hoằng Tông,ex:monk/toan_duc_hoang_tong,1
đức,Toàn Đức Hoằng Tông,ex:monk/toan_duc_hoang_tong,1
Long Thụ,Toàn Đức Hoằng Tông,ex:monk/toan_duc_hoang_tong,1
hội lễ,Toàn Đức Hoằng Tông,ex:monk/toan_duc_hoang_tong,1
lòng trong,Toàn Đức Hoằng Tông,ex:monk/toan_duc_hoang_tong,1
kín nhẹm,Toàn Đức Hoằng Tông,ex:monk/toan_duc_hoang_tong,1
và đổi,Nguyên Thiều Thọ Tông,ex:monk/nguyen_thieu_tho_tong,1
Sàigòn,Nguyên Thiều Thọ Tông,ex:monk/nguyen_thieu_tho_tong,1
làng đã,Nguyên Thiều Thọ Tông,ex:monk/nguyen_thieu_tho_tong,1
chiền rộng,Nguyên Thiều Thọ Tông,ex:monk/nguyen_thieu_tho_tong,1
của Ngài,Nguyên Thiều Thọ Tông,ex:monk/nguyen_thieu_tho_tong,1
đất Nam,Nguyên Thiều Thọ Tông,ex:monk/nguyen_thieu_tho_tong,1
cổ có,Nguyên Thiều Thọ Tông,ex:monk/nguyen_thieu_tho_tong,1
國恩金剛堂,Nguyên Thiều Thọ Tông,ex:monk/nguyen_thieu_tho_tong,1
xã Hà,Nguyên Thiều Thọ Tông,ex:monk/nguyen_thieu_tho_tong,1
có,Nguyên Thiều Thọ Tông,ex:monk/nguyen_thieu_tho_tong,1
韶壽宗諱行端老和尚之塔,Nguyên Thiều Thọ Tông,ex:monk/nguyen_thieu_tho_tong,1
chùa làng,Nguyên Thiều Thọ Tông,ex:monk/nguyen_thieu_tho_tong,1
có thể,Nguyên Thiều Thọ Tông,ex:monk/nguyen_thieu_tho_tong,1
nhiều chùa,Nguyên Thiều Thọ Tông,ex:monk/nguyen_thieu_tho_tong,1
thật,Nguyên Thiều Thọ Tông,ex:monk/nguyen_thieu_tho_tong,1
Sử quán,Nguyên Thiều Thọ Tông,ex:monk/nguyen_thieu_tho_tong,1
rất đẹp,Nguyên Thiều Thọ Tông,ex:monk/nguyen_thieu_tho_tong,1
ấy hiện,Nguyên Thiều Thọ Tông,ex:monk/nguyen_thieu_tho_tong,1
làng Thuận,Nguyên Thiều Thọ Tông,ex:monk/nguyen_thieu_tho_tong,1
諱超白煥碧和上祖師之塔,Nguyên Thiều Thọ Tông,ex:monk/nguyen_thieu_tho_tong,1
Quy Ninh,Nguyên Thiều Thọ Tông,ex:monk/nguyen_thieu_tho_tong,1
Phổ Thành,Nguyên Thiều Thọ Tông,ex:monk/nguyen_thieu_tho_tong,1
vào thời,Nguyên Thiều Thọ Tông,ex:monk/nguyen_thieu_tho_tong,1
là việc,Nguyên Thiều Thọ Tông,ex:monk/nguyen_thieu_tho_tong,1
về phụng,Nguyên Thiều Thọ Tông,ex:monk/nguyen_thieu_tho_tong,1
bình phong,Nguyên Thiều Thọ Tông,ex:monk/nguyen_thieu_tho_tong,1
敕賜國恩堂,Nguyên Thiều Thọ Tông,ex:monk/nguyen_thieu_tho_tong,1
Hòn Sấm,Nguyên Thiều Thọ Tông,ex:monk/nguyen_thieu_tho_tong,1
ấp Phước,Nguyên Thiều Thọ Tông,ex:monk/nguyen_thieu_tho_tong,1
tháp Tổ,Nguyên Thiều Thọ Tông,ex:monk/nguyen_thieu_tho_tong,1
này mà,Nguyên Thiều Thọ Tông,ex:monk/nguyen_thieu_tho_tong,1
trước hay,Nguyên Thiều Thọ Tông,ex:monk/nguyen_thieu_tho_tong,1
thì được,Nguyên Thiều Thọ Tông,ex:monk/nguyen_thieu_tho_tong,1
có bia,Thành Đẳng Minh Lượng,ex:monk/thanh_dang_minh_luong,1
thư viện,Thành Đẳng Minh Lượng,ex:monk/thanh_dang_minh_luong,1
chùa thiền,Thành Đẳng Minh Lượng,ex:monk/thanh_dang_minh_luong,1
lợp bằng,Thành Đẳng Minh Lượng,ex:monk/thanh_dang_minh_luong,1
nào khác,Thành Đẳng Minh Lượng,ex:monk/thanh_dang_minh_luong,1
Bửu Phong,Thành Đẳng Minh Lượng,ex:monk/thanh_dang_minh_luong,1
có nhà,Thành Đẳng Minh Lượng,ex:monk/thanh_dang_minh_luong,1
còn tổ,Thành Đẳng Minh Lượng,ex:monk/thanh_dang_minh_luong,1
thuộc diện,Thành Đẳng Minh Lượng,ex:monk/thanh_dang_minh_luong,1
bảo quản,Thành Đẳng Minh Lượng,ex:monk/thanh_dang_minh_luong,1
Hoằng Truyền,Thành Đẳng Minh Lượng,ex:monk/thanh_dang_minh_luong,1
ngài gắn,Thành Đẳng Minh Lượng,ex:monk/thanh_dang_minh_luong,1
đó nằm,Thành Đẳng Minh Lượng,ex:monk/thanh_dang_minh_luong,1
ở Bình,Thành Đẳng Minh Lượng,ex:monk/thanh_dang_minh_luong,1
như hôm,Thành Đẳng Minh Lượng,ex:monk/thanh_dang_minh_luong,1
bài vị,Thành Đẳng Minh Lượng,ex:monk/thanh_dang_minh_luong,1
cây Cau,Thành Đẳng Minh Lượng,ex:monk/thanh_dang_minh_luong,1
cùng thôn,Thành Đẳng Minh Lượng,ex:monk/thanh_dang_minh_luong,1
縣時敦社正户普寳弘傳寺,Thành Đẳng Minh Lượng,ex:monk/thanh_dang_minh_luong,1
cổ thuộc,Thành Đẳng Minh Lượng,ex:monk/thanh_dang_minh_luong,1
chánh hộ,Thành Đẳng Minh Lượng,ex:monk/thanh_dang_minh_luong,1
trên đều,Thành Đẳng Minh Lượng,ex:monk/thanh_dang_minh_luong,1
có quy,Thành Đẳng Minh Lượng,ex:monk/thanh_dang_minh_luong,1
tiêu biểu,Thành Đẳng Minh Lượng,ex:monk/thanh_dang_minh_luong,1
Hội Tông,Thành Đẳng Minh Lượng,ex:monk/thanh_dang_minh_luong,1
chùa Hoằng,Thành Đẳng Minh Lượng,ex:monk/thanh_dang_minh_luong,1
gồm,Thành Đẳng Minh Lượng,ex:monk/thanh_dang_minh_luong,1
thiền Hội,Thành Đẳng Minh Lượng,ex:monk/thanh_dang_minh_luong,1
công của,Thành Đẳng Minh Lượng,ex:monk/thanh_dang_minh_luong,1
nằm sát,Thành Đẳng Minh Lượng,ex:monk/thanh_dang_minh_luong,1
Ôn Lăng,Thành Đẳng Minh Lượng,ex:monk/thanh_dang_minh_luong,1
rộng sang,Thành Đẳng Minh Lượng,ex:monk/thanh_dang_minh_luong,1
xuất hiện,Thành Đẳng Minh Lượng,ex:monk/thanh_dang_minh_luong,1
tọa lạc,Thành Đẳng Minh Lượng,ex:monk/thanh_dang_minh_luong,1
Triều Châu,Thành Đẳng Minh Lượng,ex:monk/thanh_dang_minh_luong,1
thôn Đồng,Thành Đẳng Minh Lượng,ex:monk/thanh_dang_minh_luong,1
Long Thiền,Thành Đẳng Minh Lượng,ex:monk/thanh_dang_minh_luong,1
nằm ở,Thành Đẳng Minh Lượng,ex:monk/thanh_dang_minh_luong,1
Cổ Ngô,Thành Đẳng Minh Lượng,ex:monk/thanh_dang_minh_luong,1
歸仁府時敦属弘傳普寳寺,Thành Đẳng Minh Lượng,ex:monk/thanh_dang_minh_luong,1
rất phong,Thành Đẳng Minh Lượng,ex:monk/thanh_dang_minh_luong,1
đất miền,Minh Vật Nhứt Tri,ex:monk/minh_vat_nhut_tri,1
kỹ càng,Minh Hằng Định Nhiên,ex:monk/minh_hang_dinh_nhien,1
lên đến,Minh Hằng Định Nhiên,ex:monk/minh_hang_dinh_nhien,1
huyện Đồng,Minh Hải Pháp Bảo,ex:monk/minh_hai_phap_bao,1
đầu có,Minh Hải Pháp Bảo,ex:monk/minh_hai_phap_bao,1
do Ngài,Minh Hải Pháp Bảo,ex:monk/minh_hai_phap_bao,1
hậu đầu,Minh Hải Pháp Bảo,ex:monk/minh_hai_phap_bao,1
Nam Châu,Minh Hải Pháp Bảo,ex:monk/minh_hai_phap_bao,1
nơi phát,Minh Hải Pháp Bảo,ex:monk/minh_hai_phap_bao,1
nhiều tư,Minh Hải Pháp Bảo,ex:monk/minh_hai_phap_bao,1
lại An,Minh Hải Pháp Bảo,ex:monk/minh_hai_phap_bao,1
năm Giáp,Minh Hải Pháp Bảo,ex:monk/minh_hai_phap_bao,1
sao Hải,Minh Hải Pháp Bảo,ex:monk/minh_hai_phap_bao,1
bến Hoàng,Minh Hải Pháp Bảo,ex:monk/minh_hai_phap_bao,1
Văn bia,Minh Hải Pháp Bảo,ex:monk/minh_hai_phap_bao,1
chỗ khác,Minh Hải Pháp Bảo,ex:monk/minh_hai_phap_bao,1
làng Thiệu,Minh Hải Pháp Bảo,ex:monk/minh_hai_phap_bao,1
Ấn Tông,Minh Hải Pháp Bảo,ex:monk/minh_hai_phap_bao,1
các châu,Minh Hải Pháp Bảo,ex:monk/minh_hai_phap_bao,1
lại Hội,Minh Hải Pháp Bảo,ex:monk/minh_hai_phap_bao,1
dĩ,Minh Hải Pháp Bảo,ex:monk/minh_hai_phap_bao,1
dòng Lâm,Minh Hải Pháp Bảo,ex:monk/minh_hai_phap_bao,1
rộng nguồn,Minh Hải Pháp Bảo,ex:monk/minh_hai_phap_bao,1
những năm,Minh Hải Pháp Bảo,ex:monk/minh_hai_phap_bao,1
ở Nam,Minh Hải Pháp Bảo,ex:monk/minh_hai_phap_bao,1
nơi mảnh,Minh Hải Pháp Bảo,ex:monk/minh_hai_phap_bao,1
Cẩm Hà,Minh Hải Pháp Bảo,ex:monk/minh_hai_phap_bao,1
ngôi chỉ,Minh Hải Pháp Bảo,ex:monk/minh_hai_phap_bao,1
vào lại,Minh Hải Pháp Bảo,ex:monk/minh_hai_phap_bao,1
Cẩm Phô,Minh Hải Pháp Bảo,ex:monk/minh_hai_phap_bao,1
đi thăm,Trừng San Hải Tuệ,ex:monk/trung_san_hai_tue,1
đâu cần,Trừng San Hải Tuệ,ex:monk/trung_san_hai_tue,1
nhà ngục,Trừng San Hải Tuệ,ex:monk/trung_san_hai_tue,1
đã tổ,TT Tâm Chí Tịnh Hạnh,ex:monk/tt_tam_chi_tinh_hanh,1
Tu Viện,TT Tâm Chí Tịnh Hạnh,ex:monk/tt_tam_chi_tinh_hanh,1
gia noi,TT Tâm Chí Tịnh Hạnh,ex:monk/tt_tam_chi_tinh_hanh,1
thôn Trung,TT Tâm Chí Tịnh Hạnh,ex:monk/tt_tam_chi_tinh_hanh,1
thành tấm,TT Tâm Chí Tịnh Hạnh,ex:monk/tt_tam_chi_tinh_hanh,1
đường Yersin,TT Tâm Chí Tịnh Hạnh,ex:monk/tt_tam_chi_tinh_hanh,1
Diên Thọ,TT Tâm Chí Tịnh Hạnh,ex:monk/tt_tam_chi_tinh_hanh,1
nhiều ngôi,Tổ Đạt Trí Tâm,ex:monk/to_dat_tri_tam,1
cõi của,Tổ Đạt Trí Tâm,ex:monk/to_dat_tri_tam,1
Chánh điện,Tổ Đạt Trí Tâm,ex:monk/to_dat_tri_tam,1
đất Thuận,Phật Ý Linh Nhạc,ex:monk/phat_y_linh_nhac,1
nên an,Phật Ý Linh Nhạc,ex:monk/phat_y_linh_nhac,1
từ giã,Phật Ý Linh Nhạc,ex:monk/phat_y_linh_nhac,1
chức,Phật Ý Linh Nhạc,ex:monk/phat_y_linh_nhac,1
dinh Trấn,Phật Ý Linh Nhạc,ex:monk/phat_y_linh_nhac,1
đạo ở,Phật Ý Linh Nhạc,ex:monk/phat_y_linh_nhac,1
đạo cho,Phật Ý Linh Nhạc,ex:monk/phat_y_linh_nhac,1
rộng đất,Phật Ý Linh Nhạc,ex:monk/phat_y_linh_nhac,1
nên khá,Phật Ý Linh Nhạc,ex:monk/phat_y_linh_nhac,1
lâu được,Phật Ý Linh Nhạc,ex:monk/phat_y_linh_nhac,1
rộng ảnh,Tổ Tông Viên Quang,ex:monk/to_tong_vien_quang,1
lại kinh,Tổ Ấn Mật Hoằng,ex:monk/to_an_mat_hoang,1
đó thì,Tổ Ấn Mật Hoằng,ex:monk/to_an_mat_hoang,1
chân đồi,Liễu Thông Huệ Giám,ex:monk/lieu_thong_hue_giam,1
Tổ Quốc,Tế Lịch Chánh Văn,ex:monk/te_lich_chanh_van,1
được tái,Tế Lịch Chánh Văn,ex:monk/te_lich_chanh_van,1
thì Hòa,Tế Lịch Chánh Văn,ex:monk/te_lich_chanh_van,1
ngại trong,Tâm Lượng Từ Mẫn,ex:monk/tam_luong_tu_man,1
trường cơ,Tâm Lượng Từ Mẫn,ex:monk/tam_luong_tu_man,1
nên khởi,Tâm Lượng Từ Mẫn,ex:monk/tam_luong_tu_man,1
phường Bình,Tâm Lượng Từ Mẫn,ex:monk/tam_luong_tu_man,1
lại sinh,Tâm Lượng Từ Mẫn,ex:monk/tam_luong_tu_man,1
được khang,Tâm Lượng Từ Mẫn,ex:monk/tam_luong_tu_man,1
nhà người,Tâm Lượng Từ Mẫn,ex:monk/tam_luong_tu_man,1
lớn của,Tâm Lượng Từ Mẫn,ex:monk/tam_luong_tu_man,1
với,Tâm Lượng Từ Mẫn,ex:monk/tam_luong_tu_man,1
trường phần,Tâm Lượng Từ Mẫn,ex:monk/tam_luong_tu_man,1
nên chật,Tâm Lượng Từ Mẫn,ex:monk/tam_luong_tu_man,1
của trường,Trừng Kệ Tôn Thắng,ex:monk/trung_ke_ton_thang,1
vào Đà,Trừng Kệ Tôn Thắng,ex:monk/trung_ke_ton_thang,1
khắp ba,Trừng Kệ Tôn Thắng,ex:monk/trung_ke_ton_thang,1
Liên Trì,Trừng Kệ Tôn Thắng,ex:monk/trung_ke_ton_thang,1
Trung Bộ,Trừng Kệ Tôn Thắng,ex:monk/trung_ke_ton_thang,1
Lộc Tân,Tâm Niệm Từ Ý,ex:monk/tam_niem_tu_y,1
xã Kỳ,Tâm Niệm Từ Ý,ex:monk/tam_niem_tu_y,1
đập Bà,Tâm Niệm Từ Ý,ex:monk/tam_niem_tu_y,1
quê cha,Tâm Niệm Từ Ý,ex:monk/tam_niem_tu_y,1
về Tam,Tâm Niệm Từ Ý,ex:monk/tam_niem_tu_y,1
chi hội,Tâm Niệm Từ Ý,ex:monk/tam_niem_tu_y,1
ngồi dậy,Tâm Niệm Từ Ý,ex:monk/tam_niem_tu_y,1
Tam Kỳ,Tâm Niệm Từ Ý,ex:monk/tam_niem_tu_y,1
gia nương,Tâm Niệm Từ Ý,ex:monk/tam_niem_tu_y,1
Tế Nam,Tâm Niệm Từ Ý,ex:monk/tam_niem_tu_y,1
Hang,Tâm Niệm Từ Ý,ex:monk/tam_niem_tu_y,1
huyện Long,Tâm Niệm Từ Ý,ex:monk/tam_niem_tu_y,1
Hưng Quang,Tâm Niệm Từ Ý,ex:monk/tam_niem_tu_y,1
xã Trà,Tâm Niệm Từ Ý,ex:monk/tam_niem_tu_y,1
gốc mà,Tâm Hồng Từ Hương,ex:monk/tam_hong_tu_huong,1
cho chư,Tâm Hồng Từ Hương,ex:monk/tam_hong_tu_huong,1
chỗ nạn,Tâm Hồng Từ Hương,ex:monk/tam_hong_tu_huong,1
về Đà,Tâm Hồng Từ Hương,ex:monk/tam_hong_tu_huong,1
"vàng
Và",Tâm Hồng Từ Hương,ex:monk/tam_hong_tu_huong,1
Vạn Thạnh,Tâm Hồng Từ Hương,ex:monk/tam_hong_tu_huong,1
khu phố,Tâm Hồng Từ Hương,ex:monk/tam_hong_tu_huong,1
là Diệu,Tâm Hồng Từ Hương,ex:monk/tam_hong_tu_huong,1
đường thong,Tâm Hồng Từ Hương,ex:monk/tam_hong_tu_huong,1
làng Tây,Tâm Hồng Từ Hương,ex:monk/tam_hong_tu_huong,1
để giúp,Tâm Hồng Từ Hương,ex:monk/tam_hong_tu_huong,1
Bát quan,Tâm Hồng Từ Hương,ex:monk/tam_hong_tu_huong,1
gia đều,Tâm Hồng Từ Hương,ex:monk/tam_hong_tu_huong,1
trại Hầm,Tâm Hồng Từ Hương,ex:monk/tam_hong_tu_huong,1
về sinh,Tâm Hồng Từ Hương,ex:monk/tam_hong_tu_huong,1
thỉnh Ni,Tâm Hồng Từ Hương,ex:monk/tam_hong_tu_huong,1
vào lúc,Tâm Hồng Từ Hương,ex:monk/tam_hong_tu_huong,1
thì là,Thạch Sương Khánh Chư,ex:monk/thach_suong_khanh_chu,1
sao nói,Thạch Sương Khánh Chư,ex:monk/thach_suong_khanh_chu,1
phường Đào,Thạch Sương Khánh Chư,ex:monk/thach_suong_khanh_chu,1
các sư,Thạch Sương Khánh Chư,ex:monk/thach_suong_khanh_chu,1
sao Thạch,Thạch Sương Khánh Chư,ex:monk/thach_suong_khanh_chu,1
Tung Nhạc,Thạch Sương Khánh Chư,ex:monk/thach_suong_khanh_chu,1
miệng ngay,Thạch Sương Khánh Chư,ex:monk/thach_suong_khanh_chu,1
BÀNH CHÂU,Bành Châu Thiên Thai,ex:monk/banh_chau_thien_thai,1
mà sư,Nam Nhạc Huyền Thái,ex:monk/nam_nhac_huyen_thai,1
"tri
Mỗi",Nam Nhạc Huyền Thái,ex:monk/nam_nhac_huyen_thai,1
"tri
Niên",Nam Nhạc Huyền Thái,ex:monk/nam_nhac_huyen_thai,1
NAM NHẠC,Nam Nhạc Huyền Thái,ex:monk/nam_nhac_huyen_thai,1
Bồ Pha,Thê Nham Tồn Thọ,ex:monk/the_nham_ton_tho,1
PHỤNG TƯỜNG,Phụng Tường Thạch Trụ,ex:monk/phung_tuong_thach_tru,1
vườn Lộc,Thạch Sương Huy,ex:monk/thach_suong_huy,1
THẠCH SƯƠNG,Thạch Sương Huy,ex:monk/thach_suong_huy,1
LÃNG CHÂU,Tồn Đức Tuệ Không,ex:monk/ton_duc_tue_khong,1
HỒ NAM,Hồ Nam Văn Thù,ex:monk/ho_nam_van_thu,1
Dũng Tuyền,Cảnh Hân Dũng Tuyền,ex:monk/canh_han_dung_tuyen,1
DŨNG TUYỀN,Cảnh Hân Dũng Tuyền,ex:monk/canh_han_dung_tuyen,1
DĨNH CHÂU,Dĩnh Châu Ba Tiêu,ex:monk/dinh_chau_ba_tieu,1
Lô Sơn,Lô Sơn Hoài Hựu,ex:monk/lo_son_hoai_huu,1
núi Thê,Lô Sơn Hoài Hựu,ex:monk/lo_son_hoai_huu,1
LÔ SƠN,Lô Sơn Hoài Hựu,ex:monk/lo_son_hoai_huu,1
núi Cửu,Lô Sơn Hoài Hựu,ex:monk/lo_son_hoai_huu,1
CỐC SƠN,Đàm Châu Cốc Sơn Tạng,ex:monk/dam_chau_coc_son_tang,1
của nạp,Nam Tế Tăng Nhất,ex:monk/nam_te_tang_nhat,1
Mạt Sơn,Nam Tế Tăng Nhất,ex:monk/nam_te_tang_nhat,1
đắc của,Đại Quang Cư Hối,ex:monk/dai_quang_cu_hoi,1
Lưu Dương,Đại Quang Cư Hối,ex:monk/dai_quang_cu_hoi,1
giữa sự,Cửu Phong Đạo Kiền,ex:monk/cuu_phong_dao_kien,1
QUÂN CHÂU,Cửu Phong Đạo Kiền,ex:monk/cuu_phong_dao_kien,1
Tỉnh hội,Thị Uẩn Thuần Phong,ex:monk/thi_uan_thuan_phong,1
Càn Minh,Càn Minh Cơ Thông,ex:monk/can_minh_co_thong,1
Phúc Châu,Càn Minh Cơ Thông,ex:monk/can_minh_co_thong,1
Huệ Châu,La Phù Hiển Như,ex:monk/la_phu_hien_nhu,1
La Phù,La Phù Hiển Như,ex:monk/la_phu_hien_nhu,1
núi La,La Phù Hiển Như,ex:monk/la_phu_hien_nhu,1
Phước Nghiêm,Phước Nghiêm Thẩm Thừa,ex:monk/phuoc_nghiem_tham_thua,1
Bạch Vân,Đầu Tử Nghĩa Thanh,ex:monk/dau_tu_nghia_thanh,1
Vị Tăng,Đầu Tử Nghĩa Thanh,ex:monk/dau_tu_nghia_thanh,1
am Tam,Đầu Tử Nghĩa Thanh,ex:monk/dau_tu_nghia_thanh,1
xã thuộc,Đầu Tử Nghĩa Thanh,ex:monk/dau_tu_nghia_thanh,1
bóng trăng,Đầu Tử Nghĩa Thanh,ex:monk/dau_tu_nghia_thanh,1
Diệu Tướng,Đầu Tử Nghĩa Thanh,ex:monk/dau_tu_nghia_thanh,1
thưa,Đầu Tử Nghĩa Thanh,ex:monk/dau_tu_nghia_thanh,1
hang núi,Đầu Tử Nghĩa Thanh,ex:monk/dau_tu_nghia_thanh,1
Hưng Dương,Hưng Dương Thanh Phẩu,ex:monk/hung_duong_thanh_phau,1
trong chúng,Hào Châu Tư Minh,ex:monk/hao_chau_tu_minh,1
thế trước,Thiểm Phủ Thiên Phước,ex:monk/thiem_phu_thien_phuoc,1
Phổ Chiếu,Hoằng Trí Chánh Giác,ex:monk/hoang_tri_chanh_giac,1
hoa nhạc,Hoằng Trí Chánh Giác,ex:monk/hoang_tri_chanh_giac,1
Đông Cốc,Hoằng Trí Chánh Giác,ex:monk/hoang_tri_chanh_giac,1
toan,Hoằng Trí Chánh Giác,ex:monk/hoang_tri_chanh_giac,1
mang làm,Hoằng Trí Chánh Giác,ex:monk/hoang_tri_chanh_giac,1
đầu đãy,Hoằng Trí Chánh Giác,ex:monk/hoang_tri_chanh_giac,1
"về

Kịp",Hoằng Trí Chánh Giác,ex:monk/hoang_tri_chanh_giac,1
Ngũ Đài,Hoằng Trí Chánh Giác,ex:monk/hoang_tri_chanh_giac,1
lại nói,Hoằng Trí Chánh Giác,ex:monk/hoang_tri_chanh_giac,1
trong bào,Hoằng Trí Chánh Giác,ex:monk/hoang_tri_chanh_giac,1
Thấp Châu,Hoằng Trí Chánh Giác,ex:monk/hoang_tri_chanh_giac,1
tòa thứ,Hoằng Trí Chánh Giác,ex:monk/hoang_tri_chanh_giac,1
lại nhận,Hoằng Trí Chánh Giác,ex:monk/hoang_tri_chanh_giac,1
không kiếp,Hoằng Trí Chánh Giác,ex:monk/hoang_tri_chanh_giac,1
Bản Tông,Hoằng Trí Chánh Giác,ex:monk/hoang_tri_chanh_giac,1
gió sớm,Quang Hiếu Tư Triệt,ex:monk/quang_hieu_tu_triet,1
Quang Hiếu,Quang Hiếu Tư Triệt,ex:monk/quang_hieu_tu_triet,1
cửa ngọc,Quang Hiếu Tư Triệt,ex:monk/quang_hieu_tu_triet,1
công huân,Trường Lô Lâm,ex:monk/truong_lo_lam,1
Thường Châu,Thiện Quyền Pháp Trí,ex:monk/thien_quyen_phap_tri,1
Thánh Quả,Thiện Quyền Pháp Trí,ex:monk/thien_quyen_phap_tri,1
Thiểm Phủ,Thiện Quyền Pháp Trí,ex:monk/thien_quyen_phap_tri,1
Thiện Quyền,Thiện Quyền Pháp Trí,ex:monk/thien_quyen_phap_tri,1
Bản Sơn,Tuyết Đậu Tự Tông,ex:monk/tuyet_dau_tu_tong,1
Huy Châu,Tuyết Đậu Tự Tông,ex:monk/tuyet_dau_tu_tong,1
quận Chi,Thụy Nham Pháp Cung,ex:monk/thuy_nham_phap_cung,1
Thụy Nham,Thụy Nham Pháp Cung,ex:monk/thuy_nham_phap_cung,1
viện Thê,Thụy Nham Pháp Cung,ex:monk/thuy_nham_phap_cung,1
Cối Kê,Huệ Huy Tự Đắc,ex:monk/hue_huy_tu_dac,1
Bổ Đà,Huệ Huy Tự Đắc,ex:monk/hue_huy_tu_dac,1
phía hữu,Huệ Huy Tự Đắc,ex:monk/hue_huy_tu_dac,1
về hiếm,Huệ Huy Tự Đắc,ex:monk/hue_huy_tu_dac,1
về đốt,Huệ Huy Tự Đắc,ex:monk/hue_huy_tu_dac,1
rơi,Huệ Huy Tự Đắc,ex:monk/hue_huy_tu_dac,1
tại Dược,Đại Hồng Khánh Dự,ex:monk/dai_hong_khanh_du,1
Xử Châu,Trị Bình Ngẫu,ex:monk/tri_binh_ngau,1
Trị Bình,Trị Bình Ngẫu,ex:monk/tri_binh_ngau,1
đất Mân,Chân Yết Thanh Liễu,ex:monk/chan_yet_thanh_lieu,1
Sùng Tiên,Chân Yết Thanh Liễu,ex:monk/chan_yet_thanh_lieu,1
rừng sâu,Chân Yết Thanh Liễu,ex:monk/chan_yet_thanh_lieu,1
Ôn Châu,Chân Yết Thanh Liễu,ex:monk/chan_yet_thanh_lieu,1
Tả Miên,Chân Yết Thanh Liễu,ex:monk/chan_yet_thanh_lieu,1
nơi tiên,Chân Yết Thanh Liễu,ex:monk/chan_yet_thanh_lieu,1
trước một,Chân Yết Thanh Liễu,ex:monk/chan_yet_thanh_lieu,1
thấy Phật,Chân Yết Thanh Liễu,ex:monk/chan_yet_thanh_lieu,1
gò Hoa,Chân Yết Thanh Liễu,ex:monk/chan_yet_thanh_lieu,1
kiếp không,Chân Yết Thanh Liễu,ex:monk/chan_yet_thanh_lieu,1
Cao Minh,Chân Yết Thanh Liễu,ex:monk/chan_yet_thanh_lieu,1
Bồ,Chân Yết Thanh Liễu,ex:monk/chan_yet_thanh_lieu,1
lớp chuyên,Thị Khai Ðỗng Minh,ex:monk/thi_khai_ong_minh,1
về Nha,Thị Khai Ðỗng Minh,ex:monk/thi_khai_ong_minh,1
Ðài Loan,Thị Khai Ðỗng Minh,ex:monk/thi_khai_ong_minh,1
vào nam,Thị Khai Ðỗng Minh,ex:monk/thi_khai_ong_minh,1
thôn Quan,Thị Khai Ðỗng Minh,ex:monk/thi_khai_ong_minh,1
ruộng hoang,Lạc Phổ Nguyên An,ex:monk/lac_pho_nguyen_an,1
nhà chết,Lạc Phổ Nguyên An,ex:monk/lac_pho_nguyen_an,1
trong chốn,Lạc Phổ Nguyên An,ex:monk/lac_pho_nguyen_an,1
đất này,Lạc Phổ Nguyên An,ex:monk/lac_pho_nguyen_an,1
hai núi,Lạc Phổ Nguyên An,ex:monk/lac_pho_nguyen_an,1
Hoài Ân,Lạc Phổ Nguyên An,ex:monk/lac_pho_nguyen_an,1
Lãng Châu,Lạc Phổ Nguyên An,ex:monk/lac_pho_nguyen_an,1
Hà đồ,Lạc Phổ Nguyên An,ex:monk/lac_pho_nguyen_an,1
ra đọc,Lạc Phổ Nguyên An,ex:monk/lac_pho_nguyen_an,1
ổ phụng,Lạc Phổ Nguyên An,ex:monk/lac_pho_nguyen_an,1
mũi nhọn,Lạc Phổ Nguyên An,ex:monk/lac_pho_nguyen_an,1
sao mỗ,Giáp Sơn Thiện Hội,ex:monk/giap_son_thien_hoi,1
ngại tư,Giáp Sơn Thiện Hội,ex:monk/giap_son_thien_hoi,1
rộng huyền,Giáp Sơn Thiện Hội,ex:monk/giap_son_thien_hoi,1
núi nhà,Giáp Sơn Thiện Hội,ex:monk/giap_son_thien_hoi,1
viện Thượng,Bàn Long Khả Văn,ex:monk/ban_long_kha_van,1
Hồng Tỉnh,Thượng Lam Linh Siêu,ex:monk/thuong_lam_linh_sieu,1
thuyền không,Tiêu Dao Hoài Trung,ex:monk/tieu_dao_hoai_trung,1
BẠCH THỤY,Gia Châu Bạch Thủy Tự,ex:monk/gia_chau_bach_thuy_tu,1
GIA CHÂU,Gia Châu Bạch Thủy Tự,ex:monk/gia_chau_bach_thuy_tu,1
trong rừng,Thiều Sơn Hoàn Phổ,ex:monk/thieu_son_hoan_pho,1
PHỦ CHÂU,Hoàng Sơn Nguyệt Luân,ex:monk/hoang_son_nguyet_luan,1
núi Hoàng,Hoàng Sơn Nguyệt Luân,ex:monk/hoang_son_nguyet_luan,1
Hoàng Sơn,Hoàng Sơn Nguyệt Luân,ex:monk/hoang_son_nguyet_luan,1
bổn quận,Hoàng Sơn Nguyệt Luân,ex:monk/hoang_son_nguyet_luan,1
ẩn,Hoàng Sơn Nguyệt Luân,ex:monk/hoang_son_nguyet_luan,1
tại Hoàng,Hoàng Sơn Nguyệt Luân,ex:monk/hoang_son_nguyet_luan,1
về được,Tuyết Phong Nghĩa Tồn,ex:monk/tuyet_phong_nghia_ton,1
qua nói,Tuyết Phong Nghĩa Tồn,ex:monk/tuyet_phong_nghia_ton,1
Phật thì,Tuyết Phong Nghĩa Tồn,ex:monk/tuyet_phong_nghia_ton,1
Bồ Điền,Tuyết Phong Nghĩa Tồn,ex:monk/tuyet_phong_nghia_ton,1
trên trời,Tuyết Phong Nghĩa Tồn,ex:monk/tuyet_phong_nghia_ton,1
tận Chiết,Tuyết Phong Nghĩa Tồn,ex:monk/tuyet_phong_nghia_ton,1
lại đó,Tuyết Phong Nghĩa Tồn,ex:monk/tuyet_phong_nghia_ton,1
dậy nói,Tuyết Phong Nghĩa Tồn,ex:monk/tuyet_phong_nghia_ton,1
Ngao Sơn,Tuyết Phong Nghĩa Tồn,ex:monk/tuyet_phong_nghia_ton,1
luôn lại,Tuyết Phong Nghĩa Tồn,ex:monk/tuyet_phong_nghia_ton,1
núi Tuyết,Tuyết Phong Nghĩa Tồn,ex:monk/tuyet_phong_nghia_ton,1
U Châu,Tuyết Phong Nghĩa Tồn,ex:monk/tuyet_phong_nghia_ton,1
Ngọc Giản,Tuyết Phong Nghĩa Tồn,ex:monk/tuyet_phong_nghia_ton,1
miếu,Tuyết Phong Nghĩa Tồn,ex:monk/tuyet_phong_nghia_ton,1
Bảo Sát,Tuyết Phong Nghĩa Tồn,ex:monk/tuyet_phong_nghia_ton,1
cửa ra,Tuyết Phong Nghĩa Tồn,ex:monk/tuyet_phong_nghia_ton,1
cõi người,Tuyết Phong Nghĩa Tồn,ex:monk/tuyet_phong_nghia_ton,1
KIẾN CHÂU,Kiến Châu Mộng Bút,ex:monk/kien_chau_mong_but,1
cửa hợp,Đại Tiền Tùng Tập,ex:monk/dai_tien_tung_tap,1
Thạch Phật,Kim Luân Khả Quán,ex:monk/kim_luan_kha_quan,1
nơi Tuyết,Kim Luân Khả Quán,ex:monk/kim_luan_kha_quan,1
tháp Đại,Long Hưng Tông Tĩnh,ex:monk/long_hung_tong_tinh,1
viện Lục,Long Hưng Tông Tĩnh,ex:monk/long_hung_tong_tinh,1
đại điện,Long Hưng Tông Tĩnh,ex:monk/long_hung_tong_tinh,1
toang,Động Nham Khả Hưu,ex:monk/dong_nham_kha_huu,1
THIỀU CHÂU,Thiều Châu Lâm Tuyền,ex:monk/thieu_chau_lam_tuyen,1
lầu Thanh,Việt Châu Việt Sơn Nãi,ex:monk/viet_chau_viet_son_nai,1
"toang
Phổ",Việt Châu Việt Sơn Nãi,ex:monk/viet_chau_viet_son_nai,1
chính vị,An Quốc Hoằng Thao,ex:monk/an_quoc_hoang_thao,1
xem,An Quốc Hoằng Thao,ex:monk/an_quoc_hoang_thao,1
Ma Kiệt,Long Hoa Linh Chiếu,ex:monk/long_hoa_linh_chieu,1
chốn nào,Long Hoa Linh Chiếu,ex:monk/long_hoa_linh_chieu,1
Kim Hoa,Long Hoa Linh Chiếu,ex:monk/long_hoa_linh_chieu,1
Tỳ Da,Long Hoa Linh Chiếu,ex:monk/long_hoa_linh_chieu,1
LONG HOA,Long Hoa Linh Chiếu,ex:monk/long_hoa_linh_chieu,1
núi Tề,Long Hoa Linh Chiếu,ex:monk/long_hoa_linh_chieu,1
đây làm,Vĩnh Phước Tùng Yểm,ex:monk/vinh_phuoc_tung_yem,1
thế cũng,Cổ Sơn Thần Yến,ex:monk/co_son_than_yen,1
bày phương,Cổ Sơn Thần Yến,ex:monk/co_son_than_yen,1
Sùng Nhạc,Cổ Sơn Thần Yến,ex:monk/co_son_than_yen,1
không nổi,Cổ Sơn Thần Yến,ex:monk/co_son_than_yen,1
ai đây,Báo Ân Hoài Nhạc,ex:monk/bao_an_hoai_nhac,1
Long Khê,Báo Ân Hoài Nhạc,ex:monk/bao_an_hoai_nhac,1
trong hang,Báo Ân Hoài Nhạc,ex:monk/bao_an_hoai_nhac,1
bổn châu,Báo Ân Hoài Nhạc,ex:monk/bao_an_hoai_nhac,1
núi Trường,Trường Sanh Hạo Nhiên,ex:monk/truong_sanh_hao_nhien,1
chẳng giống,Trường Sanh Hạo Nhiên,ex:monk/truong_sanh_hao_nhien,1
Sùng Thọ,Trường Sanh Hạo Nhiên,ex:monk/truong_sanh_hao_nhien,1
Nga Hồ,Nga Hồ Trí Phù,ex:monk/nga_ho_tri_phu,1
trên đường,Nga Hồ Trí Phù,ex:monk/nga_ho_tri_phu,1
rộng pháp,Thúy Nham Linh Tham,ex:monk/thuy_nham_linh_tham,1
Thúy Nham,Thúy Nham Linh Tham,ex:monk/thuy_nham_linh_tham,1
PHƯỚC CHÂU,Phước Châu Vĩnh Thái,ex:monk/phuoc_chau_vinh_thai,1
núi Đâu,Phước Châu Huyền Thông,ex:monk/phuoc_chau_huyen_thong,1
hôm nay,Bảo Phước Tùng Triển,ex:monk/bao_phuoc_tung_trien,1
Đại Trung,Bảo Phước Tùng Triển,ex:monk/bao_phuoc_tung_trien,1
Trường Khánh,Bảo Phước Tùng Triển,ex:monk/bao_phuoc_tung_trien,1
về chấp,Bảo Phước Tùng Triển,ex:monk/bao_phuoc_tung_trien,1
Dự Chương,Huyền Sa Sư Bị,ex:monk/huyen_sa_su_bi,1
tại hội,Huyền Sa Sư Bị,ex:monk/huyen_sa_su_bi,1
yên,Huyền Sa Sư Bị,ex:monk/huyen_sa_su_bi,1
hiện,Huyền Sa Sư Bị,ex:monk/huyen_sa_su_bi,1
che trùm,Huyền Sa Sư Bị,ex:monk/huyen_sa_su_bi,1
ngộ còn,Huyền Sa Sư Bị,ex:monk/huyen_sa_su_bi,1
Mai Khê,Huyền Sa Sư Bị,ex:monk/huyen_sa_su_bi,1
môn cúng,Huyền Sa Sư Bị,ex:monk/huyen_sa_su_bi,1
mọi nơi,Huyền Sa Sư Bị,ex:monk/huyen_sa_su_bi,1
Tây Viện,Trường Khánh Huệ Lăng,ex:monk/truong_khanh_hue_lang,1
lên nổi,Trường Khánh Huệ Lăng,ex:monk/truong_khanh_hue_lang,1
chùa Thông,Trường Khánh Huệ Lăng,ex:monk/truong_khanh_hue_lang,1
trường gì,Trường Khánh Huệ Lăng,ex:monk/truong_khanh_hue_lang,1
Báo Từ,Trường Khánh Huệ Lăng,ex:monk/truong_khanh_hue_lang,1
tự xà,Trường Khánh Huệ Lăng,ex:monk/truong_khanh_hue_lang,1
Thông Huyền,Trường Khánh Huệ Lăng,ex:monk/truong_khanh_hue_lang,1
thiên Lý,Vân Môn Văn Yển,ex:monk/van_mon_van_yen,1
trong bụng,Vân Môn Văn Yển,ex:monk/van_mon_van_yen,1
Ích Châu,Vân Môn Văn Yển,ex:monk/van_mon_van_yen,1
lâu tại,Vân Môn Văn Yển,ex:monk/van_mon_van_yen,1
đầu gậy,Vân Môn Văn Yển,ex:monk/van_mon_van_yen,1
ngôn cú,Vân Môn Văn Yển,ex:monk/van_mon_van_yen,1
trong cây,Vân Môn Văn Yển,ex:monk/van_mon_van_yen,1
tại đầu,Vân Môn Văn Yển,ex:monk/van_mon_van_yen,1
hẳn cửa,Vân Môn Văn Yển,ex:monk/van_mon_van_yen,1
tỉnh ngộ,Vân Môn Văn Yển,ex:monk/van_mon_van_yen,1
của cả,Vân Môn Văn Yển,ex:monk/van_mon_van_yen,1
miệng là,Vân Môn Văn Yển,ex:monk/van_mon_van_yen,1
tại lời,Vân Môn Văn Yển,ex:monk/van_mon_van_yen,1
ngôn từ,Vân Môn Văn Yển,ex:monk/van_mon_van_yen,1
nước khe,Vân Môn Văn Yển,ex:monk/van_mon_van_yen,1
ra không,Vân Môn Văn Yển,ex:monk/van_mon_van_yen,1
không biết,Vân Môn Văn Yển,ex:monk/van_mon_van_yen,1
làm ông,Vân Môn Văn Yển,ex:monk/van_mon_van_yen,1
cửa nhìn,Vân Môn Văn Yển,ex:monk/van_mon_van_yen,1
ngoài sân,Vân Môn Văn Yển,ex:monk/van_mon_van_yen,1
đây ta,Vân Môn Văn Yển,ex:monk/van_mon_van_yen,1
lời lẽ,Vân Môn Văn Yển,ex:monk/van_mon_van_yen,1
viện Linh,Vân Môn Văn Yển,ex:monk/van_mon_van_yen,1
cho các,Vân Môn Văn Yển,ex:monk/van_mon_van_yen,1
trách các,Vân Môn Văn Yển,ex:monk/van_mon_van_yen,1
Bồ Châu,Vân Môn Văn Yển,ex:monk/van_mon_van_yen,1
Mục Châu,Vân Môn Văn Yển,ex:monk/van_mon_van_yen,1
chẳng chút,Vân Môn Văn Yển,ex:monk/van_mon_van_yen,1
khò khè,Hóa Độ Sư Úc,ex:monk/hoa_do_su_uc,1
Cảnh Hồ,Hóa Độ Sư Úc,ex:monk/hoa_do_su_uc,1
Cảnh Thanh,Long Sách Đạo Phó,ex:monk/long_sach_dao_pho,1
đâu sao,Long Sách Đạo Phó,ex:monk/long_sach_dao_pho,1
ba nơi,Long Sách Đạo Phó,ex:monk/long_sach_dao_pho,1
rộng Thiền,Long Sách Đạo Phó,ex:monk/long_sach_dao_pho,1
mới có,Long Sách Đạo Phó,ex:monk/long_sach_dao_pho,1
LONG SÁCH,Long Sách Đạo Phó,ex:monk/long_sach_dao_pho,1
góc núi,Long Sách Đạo Phó,ex:monk/long_sach_dao_pho,1
và dựng,Tâm Phổ Trí Uyên,ex:monk/tam_pho_tri_uyen,1
sao tôi,Viên Thành Trừng Thông,ex:monk/vien_thanh_trung_thong,1
chỗ đó,Viên Thành Trừng Thông,ex:monk/vien_thanh_trung_thong,1
bước sang,Viên Thành Trừng Thông,ex:monk/vien_thanh_trung_thong,1
điệu,Viên Thành Trừng Thông,ex:monk/vien_thanh_trung_thong,1
còn là,Viên Thành Trừng Thông,ex:monk/vien_thanh_trung_thong,1
thế lửa,Viên Thành Trừng Thông,ex:monk/vien_thanh_trung_thong,1
không nỡ,Tâm Thọ Trí Giải,ex:monk/tam_tho_tri_giai,1
vùng Long,Tâm Thọ Trí Giải,ex:monk/tam_tho_tri_giai,1
Phù Cát,Thanh Ninh Tâm Truyền,ex:monk/thanh_ninh_tam_truyen,1
núi lập,Trừng Khiết Như Như,ex:monk/trung_khiet_nhu_nhu,1
gáy sách,Trừng Khiết Như Như,ex:monk/trung_khiet_nhu_nhu,1
tháp mộ,Trừng Khiết Như Như,ex:monk/trung_khiet_nhu_nhu,1
dạng cảo,Trừng Khiết Như Như,ex:monk/trung_khiet_nhu_nhu,1
dưới có,Trừng Khiết Như Như,ex:monk/trung_khiet_nhu_nhu,1
Thi xã,Trừng Khiết Như Như,ex:monk/trung_khiet_nhu_nhu,1
thế tục,Trừng Khiết Như Như,ex:monk/trung_khiet_nhu_nhu,1
Đào Hoa,Trừng Khiết Như Như,ex:monk/trung_khiet_nhu_nhu,1
ở Thuận,Trừng Khiết Như Như,ex:monk/trung_khiet_nhu_nhu,1
Bắc Việt,Như Trung Phước Hậu,ex:monk/nhu_trung_phuoc_hau,1
các số,Như Trung Phước Hậu,ex:monk/nhu_trung_phuoc_hau,1
vẫn là,Như Trung Phước Hậu,ex:monk/nhu_trung_phuoc_hau,1
mục Thi,Như Trung Phước Hậu,ex:monk/nhu_trung_phuoc_hau,1
rộng thu,Như Trung Phước Hậu,ex:monk/nhu_trung_phuoc_hau,1
nên nặng,Như Trung Phước Hậu,ex:monk/nhu_trung_phuoc_hau,1
vào nên,Như Trung Phước Hậu,ex:monk/nhu_trung_phuoc_hau,1
Xướng Quốc,Tuyết Đậu Ðại Chứng,ex:monk/tuyet_dau_ai_chung,1
Lô Châu,Tuyết Đậu Ðại Chứng,ex:monk/tuyet_dau_ai_chung,1
Định Thủy,Tuyết Đậu Ðại Chứng,ex:monk/tuyet_dau_ai_chung,1
chùa Xướng,Tuyết Đậu Ðại Chứng,ex:monk/tuyet_dau_ai_chung,1
Nam Thiền,Tuyết Đậu Ðại Chứng,ex:monk/tuyet_dau_ai_chung,1
sau am,Tuyết Đậu Ðại Chứng,ex:monk/tuyet_dau_ai_chung,1
Tín Châu,Tuyết Đậu Ðại Chứng,ex:monk/tuyet_dau_ai_chung,1
Khánh Nguyên,Tuyết Đậu Ðại Chứng,ex:monk/tuyet_dau_ai_chung,1
Tháp Châu,Tuyết Đậu Ðại Chứng,ex:monk/tuyet_dau_ai_chung,1
phòng bên,Tuyết Đậu Ðại Chứng,ex:monk/tuyet_dau_ai_chung,1
Nhiêu Châu,Tuyết Đậu Ðại Chứng,ex:monk/tuyet_dau_ai_chung,1
còn chữ,Hoa Đình Thuyền Tử Đức Thành,ex:monk/hoa_dinh_thuyen_tu_duc_thanh,1
đầm sâu,Hoa Đình Thuyền Tử Đức Thành,ex:monk/hoa_dinh_thuyen_tu_duc_thanh,1
Vũ Sơn,Hoa Đình Thuyền Tử Đức Thành,ex:monk/hoa_dinh_thuyen_tu_duc_thanh,1
"trời
Trừ",Hoa Đình Thuyền Tử Đức Thành,ex:monk/hoa_dinh_thuyen_tu_duc_thanh,1
miệng liền,Hoa Đình Thuyền Tử Đức Thành,ex:monk/hoa_dinh_thuyen_tu_duc_thanh,1
câu đầm,Hoa Đình Thuyền Tử Đức Thành,ex:monk/hoa_dinh_thuyen_tu_duc_thanh,1
Kinh Khẩu,Hoa Đình Thuyền Tử Đức Thành,ex:monk/hoa_dinh_thuyen_tu_duc_thanh,1
rỗng ánh,Hoa Đình Thuyền Tử Đức Thành,ex:monk/hoa_dinh_thuyen_tu_duc_thanh,1
bến Hoa,Hoa Đình Thuyền Tử Đức Thành,ex:monk/hoa_dinh_thuyen_tu_duc_thanh,1
đâu được,Hoa Đình Thuyền Tử Đức Thành,ex:monk/hoa_dinh_thuyen_tu_duc_thanh,1
đắc một,Hoa Đình Thuyền Tử Đức Thành,ex:monk/hoa_dinh_thuyen_tu_duc_thanh,1
Bà Đá,Quang Lư Như Như,ex:monk/quang_lu_nhu_nhu,1
sân rồng,Quang Lư Như Như,ex:monk/quang_lu_nhu_nhu,1
có tượng,Quang Lư Như Như,ex:monk/quang_lu_nhu_nhu,1
thành Thăng,Quang Lư Như Như,ex:monk/quang_lu_nhu_nhu,1
dựng theo,Quang Lư Như Như,ex:monk/quang_lu_nhu_nhu,1
Hà Thành,Quang Lư Như Như,ex:monk/quang_lu_nhu_nhu,1
có cặp,Quang Lư Như Như,ex:monk/quang_lu_nhu_nhu,1
thành Hà,Quang Lư Như Như,ex:monk/quang_lu_nhu_nhu,1
xưa có,Quang Lư Như Như,ex:monk/quang_lu_nhu_nhu,1
Thiên Trúc,Quang Lư Như Như,ex:monk/quang_lu_nhu_nhu,1
kính ghi,Quang Lư Như Như,ex:monk/quang_lu_nhu_nhu,1
to lớn,Quang Lư Như Như,ex:monk/quang_lu_nhu_nhu,1
được dựng,Quang Lư Như Như,ex:monk/quang_lu_nhu_nhu,1
rộng đạo,Quang Lư Như Như,ex:monk/quang_lu_nhu_nhu,1
rộng tương,Quang Lư Như Như,ex:monk/quang_lu_nhu_nhu,1
như chùa,Quang Lư Như Như,ex:monk/quang_lu_nhu_nhu,1
mãi đến,Quang Lư Như Như,ex:monk/quang_lu_nhu_nhu,1
có hai,Quang Lư Như Như,ex:monk/quang_lu_nhu_nhu,1
cổ lừng,Quang Lư Như Như,ex:monk/quang_lu_nhu_nhu,1
vắn than,Quang Lư Như Như,ex:monk/quang_lu_nhu_nhu,1
thần kinh,Quang Lư Như Như,ex:monk/quang_lu_nhu_nhu,1
thành danh,Tế Ân Lưu Quang,ex:monk/te_an_luu_quang,1
gần sân,Tế Ân Lưu Quang,ex:monk/te_an_luu_quang,1
kham khổ,Thiệt Diệu Liễu Quán,ex:monk/thiet_dieu_lieu_quan,1
cõi Thuận,Thiệt Diệu Liễu Quán,ex:monk/thiet_dieu_lieu_quan,1
lại quê,Thiệt Diệu Liễu Quán,ex:monk/thiet_dieu_lieu_quan,1
suối rừng,Thiệt Diệu Liễu Quán,ex:monk/thiet_dieu_lieu_quan,1
和尚來廣進全院,Thiệt Diệu Liễu Quán,ex:monk/thiet_dieu_lieu_quan,1
丁丑年禮慈林,Thiệt Diệu Liễu Quán,ex:monk/thiet_dieu_lieu_quan,1
巍巍堂堂,Thiệt Diệu Liễu Quán,ex:monk/thiet_dieu_lieu_quan,1
忽然會入因海隔山,Thiệt Diệu Liễu Quán,ex:monk/thiet_dieu_lieu_quan,1
cạnh chùa,Thiệt Diệu Liễu Quán,ex:monk/thiet_dieu_lieu_quan,1
詔敕入宮緣師高尚志在林,Thiệt Diệu Liễu Quán,ex:monk/thiet_dieu_lieu_quan,1
núi An,Thiệt Diệu Liễu Quán,ex:monk/thiet_dieu_lieu_quan,1
hàng,Thiệt Diệu Liễu Quán,ex:monk/thiet_dieu_lieu_quan,1
任午往龍山,Thiệt Diệu Liễu Quán,ex:monk/thiet_dieu_lieu_quan,1
至戊子春方往龍山,Thiệt Diệu Liễu Quán,ex:monk/thiet_dieu_lieu_quan,1
末能為大事者故有如了觀,Thiệt Diệu Liễu Quán,ex:monk/thiet_dieu_lieu_quan,1
癸亥年二月十九日入塔,Thiệt Diệu Liễu Quán,ex:monk/thiet_dieu_lieu_quan,1
社黎氏子法名實耀字了觀,Thiệt Diệu Liễu Quán,ex:monk/thiet_dieu_lieu_quan,1
高高山,Thiệt Diệu Liễu Quán,ex:monk/thiet_dieu_lieu_quan,1
vùng Lịch,Thiệt Diệu Liễu Quán,ex:monk/thiet_dieu_lieu_quan,1
壬戌春重開戒壇於圓通寺,Thiệt Diệu Liễu Quán,ex:monk/thiet_dieu_lieu_quan,1
phủ chúa,Thiệt Diệu Liễu Quán,ex:monk/thiet_dieu_lieu_quan,1
làng Bạc,Thiệt Diệu Liễu Quán,ex:monk/thiet_dieu_lieu_quan,1
塔建在香茶縣安舊山,Thiệt Diệu Liễu Quán,ex:monk/thiet_dieu_lieu_quan,1
ra Từ,Thiệt Diệu Liễu Quán,ex:monk/thiet_dieu_lieu_quan,1
lớn thật,Thiệt Diệu Liễu Quán,ex:monk/thiet_dieu_lieu_quan,1
中華福建省溫陵桑蓮寺,Thiệt Diệu Liễu Quán,ex:monk/thiet_dieu_lieu_quan,1
tổ,Thiệt Diệu Liễu Quán,ex:monk/thiet_dieu_lieu_quan,1
bốn giới,Thiệt Diệu Liễu Quán,ex:monk/thiet_dieu_lieu_quan,1
lại Thuận,Thiệt Diệu Liễu Quán,ex:monk/thiet_dieu_lieu_quan,1
lại Long,Thiệt Diệu Liễu Quán,ex:monk/thiet_dieu_lieu_quan,1
và tự,Thiệt Diệu Liễu Quán,ex:monk/thiet_dieu_lieu_quan,1
父即送詣會宗寺,Thiệt Diệu Liễu Quán,ex:monk/thiet_dieu_lieu_quan,1
luôn trong,Thiệt Diệu Liễu Quán,ex:monk/thiet_dieu_lieu_quan,1
賜臨濟正宗三拾五世了觀,Thiệt Diệu Liễu Quán,ex:monk/thiet_dieu_lieu_quan,1
玆諸門人及薙徒等念塔,Thiệt Diệu Liễu Quán,ex:monk/thiet_dieu_lieu_quan,1
chiền của,Đại Huệ Chiếu Nhiên,ex:monk/dai_hue_chieu_nhien,1
về nhóm,Đại Huệ Chiếu Nhiên,ex:monk/dai_hue_chieu_nhien,1
lại trú,Tế Nhơn Hữu Bùi,ex:monk/te_nhon_huu_bui,1
kỳ trung,Tế Nhơn Hữu Bùi,ex:monk/te_nhon_huu_bui,1
và nay,Tế Pháp Chí Khả,ex:monk/te_phap_chi_kha,1
không dứt,Tế Pháp Chí Khả,ex:monk/te_phap_chi_kha,1
được Sắc,Tế Pháp Chí Khả,ex:monk/te_phap_chi_kha,1
và một,Tế Pháp Chí Khả,ex:monk/te_phap_chi_kha,1
trong biển,Tế Pháp Chí Khả,ex:monk/te_phap_chi_kha,1
được ân,Tế Hiệp Hải Điện,ex:monk/te_hiep_hai_dien,1
天台山禪宗寺,Tế Hiệp Hải Điện,ex:monk/te_hiep_hai_dien,1
có long,Tế Hiệp Hải Điện,ex:monk/te_hiep_hai_dien,1
trong thời,Tế Hiệp Hải Điện,ex:monk/te_hiep_hai_dien,1
từ năm,Tế Mẫn Tổ Huấn,ex:monk/te_man_to_huan,1
bàn Tổ,Tế Vĩ Trường Chiếu,ex:monk/te_vi_truong_chieu,1
Đông Thuyền,Tế Vĩ Trường Chiếu,ex:monk/te_vi_truong_chieu,1
Tây Thuyền,Tế Vĩ Trường Chiếu,ex:monk/te_vi_truong_chieu,1
rộng,Tế Phổ Viên Trì,ex:monk/te_pho_vien_tri,1
Kỳ Viên,Đạo Trung Chánh Định,ex:monk/dao_trung_chanh_dinh,1
vùng chợ,Đạo Trung Chánh Định,ex:monk/dao_trung_chanh_dinh,1
chiền mới,Đạo Thiện Quang Tuấn,ex:monk/dao_thien_quang_tuan,1
đã sử,Đạo Thiện Quang Tuấn,ex:monk/dao_thien_quang_tuan,1
làng quê,Tế Hiển Bửu Dương,ex:monk/te_hien_buu_duong,1
bàu,Tế Hiển Bửu Dương,ex:monk/te_hien_buu_duong,1
đáy bàu,Tế Hiển Bửu Dương,ex:monk/te_hien_buu_duong,1
giữa lòng,Tế Hiển Bửu Dương,ex:monk/te_hien_buu_duong,1
Phổ Hóa,Tế Hiển Bửu Dương,ex:monk/te_hien_buu_duong,1
bàu Bơi,Tế Hiển Bửu Dương,ex:monk/te_hien_buu_duong,1
mang chung,Tế Hiển Bửu Dương,ex:monk/te_hien_buu_duong,1
liên hoa,Tế Hiển Bửu Dương,ex:monk/te_hien_buu_duong,1
đạo,Tế Hiển Bửu Dương,ex:monk/te_hien_buu_duong,1
清涼寺,Tế Hiển Bửu Dương,ex:monk/te_hien_buu_duong,1
thôn Điềm,Tế Hiển Bửu Dương,ex:monk/te_hien_buu_duong,1
xã Ninh,Tế Hiển Bửu Dương,ex:monk/te_hien_buu_duong,1
Tổ toạ,Tế Hiển Bửu Dương,ex:monk/te_hien_buu_duong,1
xứ trầm,Tế Hiển Bửu Dương,ex:monk/te_hien_buu_duong,1
Thiên Y,Thiên Y Pháp Thông,ex:monk/thien_y_phap_thong,1
phủ Toại,N Hương Sơn Phật Thông,ex:monk/n_huong_son_phat_thong,1
tại Nguyên,Thanh Nguyên Tề,ex:monk/thanh_nguyen_te,1
Nguyên chỉ,Thanh Nguyên Tề,ex:monk/thanh_nguyen_te,1
Vân Cái,Thanh Nguyên Tề,ex:monk/thanh_nguyen_te,1
đó rõ,Thanh Nguyên Tề,ex:monk/thanh_nguyen_te,1
Cát Châu,Thanh Nguyên Tề,ex:monk/thanh_nguyen_te,1
Nghi Châu,Động Sơn Vân,ex:monk/dong_son_van,1
đường đi,Động Sơn Vân,ex:monk/dong_son_van,1
một bên,Động Sơn Vân,ex:monk/dong_son_van,1
địa vị,Động Sơn Vân,ex:monk/dong_son_van,1
Phước Ứng,Phước Ứng Văn,ex:monk/phuoc_ung_van,1
Lê Dương,Đại Hồng Báo Ân,ex:monk/dai_hong_bao_an,1
lại nơi,Đại Hồng Báo Ân,ex:monk/dai_hong_bao_an,1
trong đây,Đại Hồng Báo Ân,ex:monk/dai_hong_bao_an,1
Đầu Tử,Đại Hồng Báo Ân,ex:monk/dai_hong_bao_an,1
hoa tỏa,Đại Hồng Báo Ân,ex:monk/dai_hong_bao_an,1
Long Bàng,Long Bàng Ðàm Quảng,ex:monk/long_bang_am_quang,1
ấp Tích,Thanh Từ,ex:monk/thanh_tu,1
Thạch sương,Thạch Sương Tiết Thành,ex:monk/thach_suong_tiet_thanh,1
Ðàm châu,Thạch Sương Tiết Thành,ex:monk/thach_suong_tiet_thanh,1
Nhữ châu,Cao Dương Pháp Quảng,ex:monk/cao_duong_phap_quang,1
Cao dương,Cao Dương Pháp Quảng,ex:monk/cao_duong_phap_quang,1
Bình Định,Chương Truyền Pháp Hóa,ex:monk/chuong_truyen_phap_hoa,1
tại tổ,Chương Truyền Pháp Hóa,ex:monk/chuong_truyen_phap_hoa,1
đối tháp,Tế Chánh Bổn Giác,ex:monk/te_chanh_bon_giac,1
chùa đối,Tế Chánh Bổn Giác,ex:monk/te_chanh_bon_giac,1
Phú Lâm,Tế Chánh Bổn Giác,ex:monk/te_chanh_bon_giac,1
gần tháp,Liễu Kiến Từ Hòa,ex:monk/lieu_kien_tu_hoa,1
敕賜國恩寺,Liễu Kiến Từ Hòa,ex:monk/lieu_kien_tu_hoa,1
nhà Tổ,Liễu Kiến Từ Hòa,ex:monk/lieu_kien_tu_hoa,1
住持諱了見慈和大師之塔,Liễu Kiến Từ Hòa,ex:monk/lieu_kien_tu_hoa,1
đồi Cử,Liễu Kiến Từ Hòa,ex:monk/lieu_kien_tu_hoa,1
辛和尚之塔,Liễu Đạo Chí Tân,ex:monk/lieu_dao_chi_tan,1
sự,Đức Sơn Tuyên Giám,ex:monk/duc_son_tuyen_giam,1
núi Độc,Đức Sơn Tuyên Giám,ex:monk/duc_son_tuyen_giam,1
thành hình,Đức Sơn Tuyên Giám,ex:monk/duc_son_tuyen_giam,1
không thể,Đức Sơn Tuyên Giám,ex:monk/duc_son_tuyen_giam,1
Đức Sơn,Đức Sơn Tuyên Giám,ex:monk/duc_son_tuyen_giam,1
Chử Cung,Long Đàm Sùng Tín,ex:monk/long_dam_sung_tin,1
ĐẠI NINH,Cảm Đàm Tư Quốc,ex:monk/cam_dam_tu_quoc,1
TUYỀN CHÂU,Tuyền Châu Ngõa Quan,ex:monk/tuyen_chau_ngoa_quan,1
Phụng Nhật,Thụy Long Viện Tuệ Cung,ex:monk/thuy_long_vien_tue_cung,1
nơi hội,Nham Đầu Toàn Khoát,ex:monk/nham_dau_toan_khoat,1
đâu cái,Nham Đầu Toàn Khoát,ex:monk/nham_dau_toan_khoat,1
núi Ngọa,Nham Đầu Toàn Khoát,ex:monk/nham_dau_toan_khoat,1
Qua Châu,Nham Đầu Toàn Khoát,ex:monk/nham_dau_toan_khoat,1
về báo,Nham Đầu Toàn Khoát,ex:monk/nham_dau_toan_khoat,1
Dư Hàng,Nham Đầu Toàn Khoát,ex:monk/nham_dau_toan_khoat,1
miệng tức,Thiệp Châu Mậu Nguyên,ex:monk/thiep_chau_mau_nguyen,1
NHỮ CHÂU,Lặc Đàm Bửu Long,ex:monk/lac_dam_buu_long,1
về bẩm,Lặc Đàm Bửu Long,ex:monk/lac_dam_buu_long,1
TUYÊN CHÂU,Tuệ Tĩnh Tỳ Thọ,ex:monk/tue_tinh_ty_tho,1
phòng phía,Dược Sơn Sa Di Cao,ex:monk/duoc_son_sa_di_cao,1
lại phương,Đạo Ngô Viên Trí,ex:monk/dao_ngo_vien_tri,1
bên góc,Đạo Ngô Viên Trí,ex:monk/dao_ngo_vien_tri,1
sao dấu,Đạo Ngô Viên Trí,ex:monk/dao_ngo_vien_tri,1
thư xem,Đạo Ngô Viên Trí,ex:monk/dao_ngo_vien_tri,1
cơm cháo,Bá Nhan Minh Triết,ex:monk/ba_nhan_minh_triet,1
hạ giới,Vân Nham Đàm Thạnh,ex:monk/van_nham_dam_thanh,1
tại Bách,Vân Nham Đàm Thạnh,ex:monk/van_nham_dam_thanh,1
chỗ Bách,Vân Nham Đàm Thạnh,ex:monk/van_nham_dam_thanh,1
chỗ gần,Bạch Triệu Chỉ Viên,ex:monk/bach_trieu_chi_vien,1
Kim Lăng,Bạch Triệu Chỉ Viên,ex:monk/bach_trieu_chi_vien,1
Huế tại,Trừng Nguyên Đôn Hậu,ex:monk/trung_nguyen_don_hau,1
vương quốc,Trừng Nguyên Đôn Hậu,ex:monk/trung_nguyen_don_hau,1
linh Mụ,Trừng Nguyên Đôn Hậu,ex:monk/trung_nguyen_don_hau,1
lớp giáo,Thanh Ninh Tâm Tịnh,ex:monk/thanh_ninh_tam_tinh,1
làng Hội,Tâm Trực Giới Hương,ex:monk/tam_truc_gioi_huong,1
Cao Đẳng,Trừng Văn Giác Nguyên,ex:monk/trung_van_giac_nguyen,1
Phủ Trung,Trừng Văn Giác Nguyên,ex:monk/trung_van_giac_nguyen,1
ấp Thuận,Trừng Văn Giác Nguyên,ex:monk/trung_van_giac_nguyen,1
vị,Trừng Thủy Giác Nhiên,ex:monk/trung_thuy_giac_nhien,1
gia tu,Trừng Thủy Giác Nhiên,ex:monk/trung_thuy_giac_nhien,1
hình thức,Trừng Thủy Giác Nhiên,ex:monk/trung_thuy_giac_nhien,1
gia qua,Trừng Thủy Giác Nhiên,ex:monk/trung_thuy_giac_nhien,1
nơi các,Trừng Thủy Giác Nhiên,ex:monk/trung_thuy_giac_nhien,1
nhân gian,Trừng Thủy Giác Nhiên,ex:monk/trung_thuy_giac_nhien,1
kính thành,Trừng Thủy Giác Nhiên,ex:monk/trung_thuy_giac_nhien,1
thiêng phủ,Trừng Thủy Giác Nhiên,ex:monk/trung_thuy_giac_nhien,1
không phải,Trừng Thủy Giác Nhiên,ex:monk/trung_thuy_giac_nhien,1
ở thế,Trừng Thủy Giác Nhiên,ex:monk/trung_thuy_giac_nhien,1
bước cuộc,Trừng Thủy Giác Nhiên,ex:monk/trung_thuy_giac_nhien,1
ấy Vua,Trừng Thủy Giác Nhiên,ex:monk/trung_thuy_giac_nhien,1
trong Hội,Trừng Thủy Giác Nhiên,ex:monk/trung_thuy_giac_nhien,1
giữa chốn,Trừng Thủy Giác Nhiên,ex:monk/trung_thuy_giac_nhien,1
với thế,Trừng Thủy Giác Nhiên,ex:monk/trung_thuy_giac_nhien,1
nên chông,Trừng Thủy Giác Nhiên,ex:monk/trung_thuy_giac_nhien,1
thành cố,Trừng Thủy Giác Nhiên,ex:monk/trung_thuy_giac_nhien,1
đầu phong,Trừng Thủy Giác Nhiên,ex:monk/trung_thuy_giac_nhien,1
Cao nguyên,Trừng Thủy Giác Nhiên,ex:monk/trung_thuy_giac_nhien,1
Ngài thì,Trừng Thủy Giác Nhiên,ex:monk/trung_thuy_giac_nhien,1
phi thường,Trừng Thủy Giác Nhiên,ex:monk/trung_thuy_giac_nhien,1
Quốc tự,Trừng Thủy Giác Nhiên,ex:monk/trung_thuy_giac_nhien,1
sự thể,Trừng Thủy Giác Nhiên,ex:monk/trung_thuy_giac_nhien,1
những hình,Trừng Thủy Giác Nhiên,ex:monk/trung_thuy_giac_nhien,1
trước không,Trừng Thủy Giác Nhiên,ex:monk/trung_thuy_giac_nhien,1
về tịnh,Trừng Thủy Giác Nhiên,ex:monk/trung_thuy_giac_nhien,1
lạnh,Trừng Thủy Giác Nhiên,ex:monk/trung_thuy_giac_nhien,1
lại độ,Trừng Thủy Giác Nhiên,ex:monk/trung_thuy_giac_nhien,1
thành lời,Trừng Thủy Giác Nhiên,ex:monk/trung_thuy_giac_nhien,1
Hà Tĩnh,Trừng Huệ Giác Viên,ex:monk/trung_hue_giac_vien,1
Trường kỳ,Trừng Huệ Giác Viên,ex:monk/trung_hue_giac_vien,1
trong nếp,Trừng Huệ Giác Viên,ex:monk/trung_hue_giac_vien,1
về phía,Trừng Ba Giác Ngạn,ex:monk/trung_ba_giac_ngan,1
Bảo tháo,Trừng Ba Giác Ngạn,ex:monk/trung_ba_giac_ngan,1
Tổ Tây,Trừng Ba Giác Ngạn,ex:monk/trung_ba_giac_ngan,1
Tổ với,Trừng Ba Giác Ngạn,ex:monk/trung_ba_giac_ngan,1
chùa Tổ,Trừng Ba Giác Ngạn,ex:monk/trung_ba_giac_ngan,1
Cô,Tâm Ðăng Chơn Như,ex:monk/tam_ang_chon_nhu,1
Tịnh Ðức,Tâm Ðăng Chơn Như,ex:monk/tam_ang_chon_nhu,1
mang tu,Tâm Ðăng Chơn Như,ex:monk/tam_ang_chon_nhu,1
Tiểu giới,Tâm Ðăng Chơn Như,ex:monk/tam_ang_chon_nhu,1
thành nội,Tâm Ðăng Chơn Như,ex:monk/tam_ang_chon_nhu,1
Phổ Ðà,Tâm Ðăng Chơn Như,ex:monk/tam_ang_chon_nhu,1
nhiều Tiểu,Tâm Ðăng Chơn Như,ex:monk/tam_ang_chon_nhu,1
đồi núi,Tâm Ðăng Chơn Như,ex:monk/tam_ang_chon_nhu,1
đồi Trại,Tâm Ðăng Chơn Như,ex:monk/tam_ang_chon_nhu,1
Diên Toàn,Tâm Ðăng Chơn Như,ex:monk/tam_ang_chon_nhu,1
Cổ thành,Tâm Ðăng Chơn Như,ex:monk/tam_ang_chon_nhu,1
được di,Pháp Thân Đạo Minh,ex:monk/phap_than_dao_minh,1
chùa tổ,Pháp Thân Đạo Minh,ex:monk/phap_than_dao_minh,1
Thiên Tứ,Pháp Thân Đạo Minh,ex:monk/phap_than_dao_minh,1
thành thông,Pháp Thân Đạo Minh,ex:monk/phap_than_dao_minh,1
Thiên Tứ,Pháp Thân Đạo Minh,ex:monk/phap_than_dao_minh,1
đàng ngoài,Pháp Thân Đạo Minh,ex:monk/phap_than_dao_minh,1
phải chuyển,Pháp Thân Đạo Minh,ex:monk/phap_than_dao_minh,1
của con,Pháp Thân Đạo Minh,ex:monk/phap_than_dao_minh,1
lần nữa,Pháp Thân Đạo Minh,ex:monk/phap_than_dao_minh,1
"đình
Đồng",Pháp Thân Đạo Minh,ex:monk/phap_than_dao_minh,1
Cổ tự,Pháp Thân Đạo Minh,ex:monk/phap_than_dao_minh,1
ấy đã,Pháp Thân Đạo Minh,ex:monk/phap_than_dao_minh,1
được nằm,Pháp Thân Đạo Minh,ex:monk/phap_than_dao_minh,1
gò Cây,Pháp Thân Đạo Minh,ex:monk/phap_than_dao_minh,1
ấy đều,Pháp Thân Đạo Minh,ex:monk/phap_than_dao_minh,1
đi rồi,Pháp Thân Đạo Minh,ex:monk/phap_than_dao_minh,1
xã Bến,Thiệt Dinh Ân Triêm,ex:monk/thiet_dinh_an_triem,1
ấp Trảng,Thiệt Dinh Ân Triêm,ex:monk/thiet_dinh_an_triem,1
phía tây,Thiệt Dinh Ân Triêm,ex:monk/thiet_dinh_an_triem,1
giữa thờ,Tỳ Ni Đa Lưu Chi,ex:monk/ty_ni_da_luu_chi,1
ngay nơi,Tỳ Ni Đa Lưu Chi,ex:monk/ty_ni_da_luu_chi,1
Tướng,Tỳ Ni Đa Lưu Chi,ex:monk/ty_ni_da_luu_chi,1
nhụy hoa,Tỳ Ni Đa Lưu Chi,ex:monk/ty_ni_da_luu_chi,1
Dâu thuộc,Tỳ Ni Đa Lưu Chi,ex:monk/ty_ni_da_luu_chi,1
Đậu hay,Tỳ Ni Đa Lưu Chi,ex:monk/ty_ni_da_luu_chi,1
ở làng,Tỳ Ni Đa Lưu Chi,ex:monk/ty_ni_da_luu_chi,1
Dâu này,Tỳ Ni Đa Lưu Chi,ex:monk/ty_ni_da_luu_chi,1
Dâu viên,Tỳ Ni Đa Lưu Chi,ex:monk/ty_ni_da_luu_chi,1
các đền,Tỳ Ni Đa Lưu Chi,ex:monk/ty_ni_da_luu_chi,1
Siêu Loại,Tỳ Ni Đa Lưu Chi,ex:monk/ty_ni_da_luu_chi,1
Pháp Lôi,Tỳ Ni Đa Lưu Chi,ex:monk/ty_ni_da_luu_chi,1
Cổ Châu,Tỳ Ni Đa Lưu Chi,ex:monk/ty_ni_da_luu_chi,1
Dâu hay,Tỳ Ni Đa Lưu Chi,ex:monk/ty_ni_da_luu_chi,1
từng thứ,Tỳ Ni Đa Lưu Chi,ex:monk/ty_ni_da_luu_chi,1
Dâu cũng,Tỳ Ni Đa Lưu Chi,ex:monk/ty_ni_da_luu_chi,1
thôn Mãn,Tỳ Ni Đa Lưu Chi,ex:monk/ty_ni_da_luu_chi,1
Phi Tướng,Tỳ Ni Đa Lưu Chi,ex:monk/ty_ni_da_luu_chi,1
Dàn hay,Tỳ Ni Đa Lưu Chi,ex:monk/ty_ni_da_luu_chi,1
Phật Man,Tỳ Ni Đa Lưu Chi,ex:monk/ty_ni_da_luu_chi,1
Dâu với,Tỳ Ni Đa Lưu Chi,ex:monk/ty_ni_da_luu_chi,1
chùa Đậu,Tỳ Ni Đa Lưu Chi,ex:monk/ty_ni_da_luu_chi,1
giữa sân,Tỳ Ni Đa Lưu Chi,ex:monk/ty_ni_da_luu_chi,1
Dâu và,Tỳ Ni Đa Lưu Chi,ex:monk/ty_ni_da_luu_chi,1
chiền trong,Tỳ Ni Đa Lưu Chi,ex:monk/ty_ni_da_luu_chi,1
Dâu khang,Tỳ Ni Đa Lưu Chi,ex:monk/ty_ni_da_luu_chi,1
Thiền Định,Tỳ Ni Đa Lưu Chi,ex:monk/ty_ni_da_luu_chi,1
chùa bị,Tỳ Ni Đa Lưu Chi,ex:monk/ty_ni_da_luu_chi,1
Pháp Vũ,Tỳ Ni Đa Lưu Chi,ex:monk/ty_ni_da_luu_chi,1
ngay nền,Tỳ Ni Đa Lưu Chi,ex:monk/ty_ni_da_luu_chi,1
Dâu trở,Tỳ Ni Đa Lưu Chi,ex:monk/ty_ni_da_luu_chi,1
Dâu là,Tỳ Ni Đa Lưu Chi,ex:monk/ty_ni_da_luu_chi,1
bốn cửa,Tỳ Ni Đa Lưu Chi,ex:monk/ty_ni_da_luu_chi,1
Dâu có,Tỳ Ni Đa Lưu Chi,ex:monk/ty_ni_da_luu_chi,1
nối liền,Tỳ Ni Đa Lưu Chi,ex:monk/ty_ni_da_luu_chi,1
chiền được,Tỳ Ni Đa Lưu Chi,ex:monk/ty_ni_da_luu_chi,1
Trí Quả,Tỳ Ni Đa Lưu Chi,ex:monk/ty_ni_da_luu_chi,1
Phương Quan,Tỳ Ni Đa Lưu Chi,ex:monk/ty_ni_da_luu_chi,1
phía trong,Tỳ Ni Đa Lưu Chi,ex:monk/ty_ni_da_luu_chi,1
đền Sĩ,Tỳ Ni Đa Lưu Chi,ex:monk/ty_ni_da_luu_chi,1
ở giữa,Tỳ Ni Đa Lưu Chi,ex:monk/ty_ni_da_luu_chi,1
về Ấn,Tỳ Ni Đa Lưu Chi,ex:monk/ty_ni_da_luu_chi,1
nơi tháp,Tỳ Ni Đa Lưu Chi,ex:monk/ty_ni_da_luu_chi,1
nhiều nước,Tỳ Ni Đa Lưu Chi,ex:monk/ty_ni_da_luu_chi,1
đầu sinhhoạt,Tỳ Ni Đa Lưu Chi,ex:monk/ty_ni_da_luu_chi,1
đầu bằng,Tỳ Ni Đa Lưu Chi,ex:monk/ty_ni_da_luu_chi,1
Giao Chỉ,Tỳ Ni Đa Lưu Chi,ex:monk/ty_ni_da_luu_chi,1
hư nát,Tỳ Ni Đa Lưu Chi,ex:monk/ty_ni_da_luu_chi,1
Dâu đã,Tỳ Ni Đa Lưu Chi,ex:monk/ty_ni_da_luu_chi,1
là sân,Tỳ Ni Đa Lưu Chi,ex:monk/ty_ni_da_luu_chi,1
còn các,Tỳ Ni Đa Lưu Chi,ex:monk/ty_ni_da_luu_chi,1
Dâu vào,Tỳ Ni Đa Lưu Chi,ex:monk/ty_ni_da_luu_chi,1
bờ sông,Tỳ Ni Đa Lưu Chi,ex:monk/ty_ni_da_luu_chi,1
toác thật,Tỳ Ni Đa Lưu Chi,ex:monk/ty_ni_da_luu_chi,1
Diên Ứng,Tỳ Ni Đa Lưu Chi,ex:monk/ty_ni_da_luu_chi,1
Tướng hay,Tỳ Ni Đa Lưu Chi,ex:monk/ty_ni_da_luu_chi,1
Pháp Điện,Tỳ Ni Đa Lưu Chi,ex:monk/ty_ni_da_luu_chi,1
đạo thiền,Tỳ Ni Đa Lưu Chi,ex:monk/ty_ni_da_luu_chi,1
tức thì,Tỳ Ni Đa Lưu Chi,ex:monk/ty_ni_da_luu_chi,1
xưa nhất,Tỳ Ni Đa Lưu Chi,ex:monk/ty_ni_da_luu_chi,1
chỉ có,Tỳ Ni Đa Lưu Chi,ex:monk/ty_ni_da_luu_chi,1
Dâu thì,Tỳ Ni Đa Lưu Chi,ex:monk/ty_ni_da_luu_chi,1
Kiến Sơ,Tỳ Ni Đa Lưu Chi,ex:monk/ty_ni_da_luu_chi,1
Đậu,Tỳ Ni Đa Lưu Chi,ex:monk/ty_ni_da_luu_chi,1
Thành Đạo,Tỳ Ni Đa Lưu Chi,ex:monk/ty_ni_da_luu_chi,1
bốn chùa,Tỳ Ni Đa Lưu Chi,ex:monk/ty_ni_da_luu_chi,1
Dâu rất,Tỳ Ni Đa Lưu Chi,ex:monk/ty_ni_da_luu_chi,1
làng Đậu,Tỳ Ni Đa Lưu Chi,ex:monk/ty_ni_da_luu_chi,1
mãi Tây,Tỳ Ni Đa Lưu Chi,ex:monk/ty_ni_da_luu_chi,1
làng Dàn,Tỳ Ni Đa Lưu Chi,ex:monk/ty_ni_da_luu_chi,1
Mãn Xá,Tỳ Ni Đa Lưu Chi,ex:monk/ty_ni_da_luu_chi,1
bị đổ,Tỳ Ni Đa Lưu Chi,ex:monk/ty_ni_da_luu_chi,1
Lũng Khê,Tỳ Ni Đa Lưu Chi,ex:monk/ty_ni_da_luu_chi,1
tỉnh Hà,Tỳ Ni Đa Lưu Chi,ex:monk/ty_ni_da_luu_chi,1
Kiến Nghiệp,Tỳ Ni Đa Lưu Chi,ex:monk/ty_ni_da_luu_chi,1
phía cửa,Tỳ Ni Đa Lưu Chi,ex:monk/ty_ni_da_luu_chi,1
trùng tu,Tỳ Ni Đa Lưu Chi,ex:monk/ty_ni_da_luu_chi,1
Liên Lâu,Tỳ Ni Đa Lưu Chi,ex:monk/ty_ni_da_luu_chi,1
lòng từ,Tỳ Ni Đa Lưu Chi,ex:monk/ty_ni_da_luu_chi,1
bốn góc,Tỳ Ni Đa Lưu Chi,ex:monk/ty_ni_da_luu_chi,1
đền thờ,Tỳ Ni Đa Lưu Chi,ex:monk/ty_ni_da_luu_chi,1
làng Dâu,Tỳ Ni Đa Lưu Chi,ex:monk/ty_ni_da_luu_chi,1
như có,Tỳ Ni Đa Lưu Chi,ex:monk/ty_ni_da_luu_chi,1
Dâu lại,Tỳ Ni Đa Lưu Chi,ex:monk/ty_ni_da_luu_chi,1
Giao Châu,Tỳ Ni Đa Lưu Chi,ex:monk/ty_ni_da_luu_chi,1
với khu,Tỳ Ni Đa Lưu Chi,ex:monk/ty_ni_da_luu_chi,1
phía bắc,Tỳ Ni Đa Lưu Chi,ex:monk/ty_ni_da_luu_chi,1
dư ngàn,Tỳ Ni Đa Lưu Chi,ex:monk/ty_ni_da_luu_chi,1
đó lâu,Tỳ Ni Đa Lưu Chi,ex:monk/ty_ni_da_luu_chi,1
Chế Chỉ,Tỳ Ni Đa Lưu Chi,ex:monk/ty_ni_da_luu_chi,1
Dâu còn,Tỳ Ni Đa Lưu Chi,ex:monk/ty_ni_da_luu_chi,1
thành Liên,Tỳ Ni Đa Lưu Chi,ex:monk/ty_ni_da_luu_chi,1
ngoài làvòm,Tỳ Ni Đa Lưu Chi,ex:monk/ty_ni_da_luu_chi,1
giữa cất,Tỳ Ni Đa Lưu Chi,ex:monk/ty_ni_da_luu_chi,1
phía ngoài,Tỳ Ni Đa Lưu Chi,ex:monk/ty_ni_da_luu_chi,1
xứ Đông,Tỳ Ni Đa Lưu Chi,ex:monk/ty_ni_da_luu_chi,1
Dàn còn,Tỳ Ni Đa Lưu Chi,ex:monk/ty_ni_da_luu_chi,1
chùa Dâu,Tỳ Ni Đa Lưu Chi,ex:monk/ty_ni_da_luu_chi,1
Vạn Xuân,Tỳ Ni Đa Lưu Chi,ex:monk/ty_ni_da_luu_chi,1
Tổ ở,Tỳ Ni Đa Lưu Chi,ex:monk/ty_ni_da_luu_chi,1
ngay phủ,Tỳ Ni Đa Lưu Chi,ex:monk/ty_ni_da_luu_chi,1
Dâu vì,Tỳ Ni Đa Lưu Chi,ex:monk/ty_ni_da_luu_chi,1
cửa phòng,Tỳ Ni Đa Lưu Chi,ex:monk/ty_ni_da_luu_chi,1
Diệu Tuệ,N Diệu Tuệ Tuệ Quang,ex:monk/n_dieu_tue_tue_quang,1
xong vậy,Thiên Phong Tử Quy,ex:monk/thien_phong_tu_quy,1
Thiên Phong,Thiên Phong Tử Quy,ex:monk/thien_phong_tu_quy,1
lửa dữ,Hòa Sơn Vô Ân,ex:monk/hoa_son_vo_an,1
Thượng Lam,Hòa Sơn Vô Ân,ex:monk/hoa_son_vo_an,1
Trì Châu,Hòa Sơn Vô Ân,ex:monk/hoa_son_vo_an,1
Giang Nam,Hòa Sơn Vô Ân,ex:monk/hoa_son_vo_an,1
con hỏi,Động Sơn Lương Giới,ex:monk/dong_son_luong_gioi,1
to hai,Động Sơn Lương Giới,ex:monk/dong_son_luong_gioi,1
tiên sư,Động Sơn Lương Giới,ex:monk/dong_son_luong_gioi,1
núi Tân,Động Sơn Lương Giới,ex:monk/dong_son_luong_gioi,1
sao đem,Động Sơn Lương Giới,ex:monk/dong_son_luong_gioi,1
động dụng,Động Sơn Lương Giới,ex:monk/dong_son_luong_gioi,1
không được,Động Sơn Lương Giới,ex:monk/dong_son_luong_gioi,1
Quân Châu,Động Sơn Lương Giới,ex:monk/dong_son_luong_gioi,1
lại ngay,Động Sơn Lương Giới,ex:monk/dong_son_luong_gioi,1
trong động,Động Sơn Lương Giới,ex:monk/dong_son_luong_gioi,1
được không,Động Sơn Lương Giới,ex:monk/dong_son_luong_gioi,1
dậy đến,Động Sơn Lương Giới,ex:monk/dong_son_luong_gioi,1
ông đó,Động Sơn Lương Giới,ex:monk/dong_son_luong_gioi,1
thử thiết,Động Sơn Lương Giới,ex:monk/dong_son_luong_gioi,1
trời,Động Sơn Lương Giới,ex:monk/dong_son_luong_gioi,1
lại thì,Động Sơn Lương Giới,ex:monk/dong_son_luong_gioi,1
thành ngọc,Động Sơn Lương Giới,ex:monk/dong_son_luong_gioi,1
sao sư,Động Sơn Lương Giới,ex:monk/dong_son_luong_gioi,1
trước sân,Bạch Thủy Bổn Nhân,ex:monk/bach_thuy_bon_nhan,1
tại viện,Bạch Thủy Bổn Nhân,ex:monk/bach_thuy_bon_nhan,1
theo khói,Bạch Thủy Bổn Nhân,ex:monk/bach_thuy_bon_nhan,1
CAO AN,Bạch Thủy Bổn Nhân,ex:monk/bach_thuy_bon_nhan,1
viện Bạch,Bạch Thủy Bổn Nhân,ex:monk/bach_thuy_bon_nhan,1
THAI CHÂU,U Thê Đạo U,ex:monk/u_the_dao_u,1
miếu Bạch,Kinh Triệu Hiện Tử,ex:monk/kinh_trieu_hien_tu,1
đống tiền,Kinh Triệu Hiện Tử,ex:monk/kinh_trieu_hien_tu,1
dãy Mân,Kinh Triệu Hiện Tử,ex:monk/kinh_trieu_hien_tu,1
Kinh Triệu,Kinh Triệu Hiện Tử,ex:monk/kinh_trieu_hien_tu,1
KINH TRIỆU,Kinh Triệu Hiện Tử,ex:monk/kinh_trieu_hien_tu,1
nhất định,Kinh Triệu Hiện Tử,ex:monk/kinh_trieu_hien_tu,1
Mân Giang,Kinh Triệu Hiện Tử,ex:monk/kinh_trieu_hien_tu,1
HOA NGHIÊM,Hoa Nghiêm Hưu Tĩnh,ex:monk/hoa_nghiem_huu_tinh,1
sao các,Hoa Nghiêm Hưu Tĩnh,ex:monk/hoa_nghiem_huu_tinh,1
tại pháp,Hoa Nghiêm Hưu Tĩnh,ex:monk/hoa_nghiem_huu_tinh,1
thắp hương,Hoa Nghiêm Hưu Tĩnh,ex:monk/hoa_nghiem_huu_tinh,1
núi Chung,Hoa Nghiêm Hưu Tĩnh,ex:monk/hoa_nghiem_huu_tinh,1
sao phải,Động Sơn Đạo Toàn,ex:monk/dong_son_dao_toan,1
triều ban,Động Sơn Kiền,ex:monk/dong_son_kien,1
Vũ Lăng,Động Sơn Kiền,ex:monk/dong_son_kien,1
Thổ Môn,Động Sơn Kiền,ex:monk/dong_son_kien,1
Tiểu Thanh,Động Sơn Kiền,ex:monk/dong_son_kien,1
dưới cửa,Sơ Sơn Quang Nhân,ex:monk/so_son_quang_nhan,1
trước phương,Long Nha Cư Độn,ex:monk/long_nha_cu_don,1
Mãn Điền,Long Nha Cư Độn,ex:monk/long_nha_cu_don,1
chùa Mãn,Long Nha Cư Độn,ex:monk/long_nha_cu_don,1
Thúy Vi,Long Nha Cư Độn,ex:monk/long_nha_cu_don,1
Hồ Nam,Long Nha Cư Độn,ex:monk/long_nha_cu_don,1
người hay,Long Nha Cư Độn,ex:monk/long_nha_cu_don,1
người mà,Long Nha Cư Độn,ex:monk/long_nha_cu_don,1
tại Thúy,Long Nha Cư Độn,ex:monk/long_nha_cu_don,1
hậu lai,Long Nha Cư Độn,ex:monk/long_nha_cu_don,1
Khâm Sơn,Khâm Sơn Văn Thúy,ex:monk/kham_son_van_thuy,1
như thế,Khâm Sơn Văn Thúy,ex:monk/kham_son_van_thuy,1
chúng,Khâm Sơn Văn Thúy,ex:monk/kham_son_van_thuy,1
nhỏ nương,Khâm Sơn Văn Thúy,ex:monk/kham_son_van_thuy,1
LỄ CHÂU,Khâm Sơn Văn Thúy,ex:monk/kham_son_van_thuy,1
VIỆT CHÂU,Việt Châu Càn Phong,ex:monk/viet_chau_can_phong,1
Phủ Châu,Tào Sơn Bổn Tịch,ex:monk/tao_son_bon_tich,1
núi Linh,Tào Sơn Bổn Tịch,ex:monk/tao_son_bon_tich,1
dậy đây,Tào Sơn Bổn Tịch,ex:monk/tao_son_bon_tich,1
có đức,Tào Sơn Bổn Tịch,ex:monk/tao_son_bon_tich,1
tại một,Tào Sơn Bổn Tịch,ex:monk/tao_son_bon_tich,1
biển khổ,Tào Sơn Bổn Tịch,ex:monk/tao_son_bon_tich,1
trần tục,Tào Sơn Bổn Tịch,ex:monk/tao_son_bon_tich,1
khởi lên,Tào Sơn Bổn Tịch,ex:monk/tao_son_bon_tich,1
núi Hà,Tào Sơn Bổn Tịch,ex:monk/tao_son_bon_tich,1
hữu nhất,Tào Sơn Bổn Tịch,ex:monk/tao_son_bon_tich,1
dậy,Tào Sơn Bổn Tịch,ex:monk/tao_son_bon_tich,1
về chỗ,U Khê,ex:monk/u_khe,1
TRÁC CHÂU,Hạnh Sơn Giám Hồng,ex:monk/hanh_son_giam_hong,1
An Kiết,Nhất Cú Trí Giáo,ex:monk/nhat_cu_tri_giao,1
thiền đường,Nhất Cú Trí Giáo,ex:monk/nhat_cu_tri_giao,1
Hồ Châu,Nhất Cú Trí Giáo,ex:monk/nhat_cu_tri_giao,1
hoa hoàng,Thủy Nguyệt Thông Giác,ex:monk/thuy_nguyet_thong_giac,1
về chân,Thủy Nguyệt Thông Giác,ex:monk/thuy_nguyet_thong_giac,1
thái hư,Thủy Nguyệt Thông Giác,ex:monk/thuy_nguyet_thong_giac,1
mọi người,Thủy Nguyệt Thông Giác,ex:monk/thuy_nguyet_thong_giac,1
điện nguy,Thủy Nguyệt Thông Giác,ex:monk/thuy_nguyet_thong_giac,1
về sẽ,Thủy Nguyệt Thông Giác,ex:monk/thuy_nguyet_thong_giac,1
tu theo,Thủy Nguyệt Thông Giác,ex:monk/thuy_nguyet_thong_giac,1
nước nhà,Thủy Nguyệt Thông Giác,ex:monk/thuy_nguyet_thong_giac,1
nhờ ngoài,Thủy Nguyệt Thông Giác,ex:monk/thuy_nguyet_thong_giac,1
giữa hư,Thủy Nguyệt Thông Giác,ex:monk/thuy_nguyet_thong_giac,1
Tư Phúc,Thủy Nguyệt Thông Giác,ex:monk/thuy_nguyet_thong_giac,1
rộng thuyền,Thủy Nguyệt Thông Giác,ex:monk/thuy_nguyet_thong_giac,1
Côn Sơn,Thủy Nguyệt Thông Giác,ex:monk/thuy_nguyet_thong_giac,1
trình vị,Thủy Nguyệt Thông Giác,ex:monk/thuy_nguyet_thong_giac,1
Hun,Thủy Nguyệt Thông Giác,ex:monk/thuy_nguyet_thong_giac,1
hết lại,Thủy Nguyệt Thông Giác,ex:monk/thuy_nguyet_thong_giac,1
chùa Hạ,Thủy Nguyệt Thông Giác,ex:monk/thuy_nguyet_thong_giac,1
núi Côn,Thủy Nguyệt Thông Giác,ex:monk/thuy_nguyet_thong_giac,1
đầu trên,Thủy Nguyệt Thông Giác,ex:monk/thuy_nguyet_thong_giac,1
chùa thấy,Thủy Nguyệt Thông Giác,ex:monk/thuy_nguyet_thong_giac,1
Thượng Long,Thủy Nguyệt Thông Giác,ex:monk/thuy_nguyet_thong_giac,1
đấy,Thủy Nguyệt Thông Giác,ex:monk/thuy_nguyet_thong_giac,1
hang trên,Thủy Nguyệt Thông Giác,ex:monk/thuy_nguyet_thong_giac,1
ấp Kim,Thiệt Úy Khánh Vân,ex:monk/thiet_uy_khanh_van,1
Thập Tháp,Thiệt Uyên Chí Bảo,ex:monk/thiet_uyen_chi_bao,1
Đức Sơn,Thiệt Uyên Chí Bảo,ex:monk/thiet_uyen_chi_bao,1
Bảo Lâm,Thiệt Uyên Chí Bảo,ex:monk/thiet_uyen_chi_bao,1
chùa Sơn,Thiệt Đăng Bảo Quang,ex:monk/thiet_dang_bao_quang,1
Tập Phước,Thiệt Bảo Cảm Ứng,ex:monk/thiet_bao_cam_ung,1
Bảo Sơn,Thiệt Đàm Chánh Luân,ex:monk/thiet_dam_chanh_luan,1
Long Bàn,Thiệt Đàm Chánh Luân,ex:monk/thiet_dam_chanh_luan,1
Tường Vân,Thiệt Đàm Chánh Luân,ex:monk/thiet_dam_chanh_luan,1
hai thôn,Đại Bửu Kim Cang,ex:monk/dai_buu_kim_cang,1
Sa Long,Đại Bửu Kim Cang,ex:monk/dai_buu_kim_cang,1
cửa sông,Đại Bửu Kim Cang,ex:monk/dai_buu_kim_cang,1
với thời,Đại Bửu Kim Cang,ex:monk/dai_buu_kim_cang,1
Bàu Bơi,Đại Bửu Kim Cang,ex:monk/dai_buu_kim_cang,1
ở Khánh,Đại Bửu Kim Cang,ex:monk/dai_buu_kim_cang,1
một cách,Đại Bửu Kim Cang,ex:monk/dai_buu_kim_cang,1
thì chuông,Đại Bửu Kim Cang,ex:monk/dai_buu_kim_cang,1
đã chú,Đại Bửu Kim Cang,ex:monk/dai_buu_kim_cang,1
thôn Hiền,Đại Bửu Kim Cang,ex:monk/dai_buu_kim_cang,1
còn một,Đại Bửu Kim Cang,ex:monk/dai_buu_kim_cang,1
một ngày,Đại Bửu Kim Cang,ex:monk/dai_buu_kim_cang,1
bên cạnh,Đại Bửu Kim Cang,ex:monk/dai_buu_kim_cang,1
đất lập,Đại Bửu Kim Cang,ex:monk/dai_buu_kim_cang,1
lại đổi,Đại Bửu Kim Cang,ex:monk/dai_buu_kim_cang,1
tu của,Đạo Minh Phổ Tịnh,ex:monk/dao_minh_pho_tinh,1
đã không,Đạo Minh Phổ Tịnh,ex:monk/dao_minh_pho_tinh,1
rất trang,Đạo Minh Phổ Tịnh,ex:monk/dao_minh_pho_tinh,1
tâm nguyên,Đạo Minh Phổ Tịnh,ex:monk/dao_minh_pho_tinh,1
trên gò,Đạo Minh Phổ Tịnh,ex:monk/dao_minh_pho_tinh,1
và trú,Đạo Minh Phổ Tịnh,ex:monk/dao_minh_pho_tinh,1
Vua,Tánh Thiên Nhất Định,ex:monk/tanh_thien_nhat_dinh,1
Phường Ân,Tánh Thiên Nhất Định,ex:monk/tanh_thien_nhat_dinh,1
正宗諱性天一定和尚之塔,Tánh Thiên Nhất Định,ex:monk/tanh_thien_nhat_dinh,1
thưa thớt,Tánh Thiên Nhất Định,ex:monk/tanh_thien_nhat_dinh,1
thay am,Tánh Thiên Nhất Định,ex:monk/tanh_thien_nhat_dinh,1
tranh này,Tánh Huệ Nhất Chơn,ex:monk/tanh_hue_nhat_chon,1
giữ chùa,Tánh Huệ Nhất Chơn,ex:monk/tanh_hue_nhat_chon,1
nên hư,Tánh Huệ Nhất Chơn,ex:monk/tanh_hue_nhat_chon,1
cũ bên,Tánh Huệ Nhất Chơn,ex:monk/tanh_hue_nhat_chon,1
được một,Tánh Huệ Nhất Chơn,ex:monk/tanh_hue_nhat_chon,1
cho ngài,Tánh Huệ Nhất Chơn,ex:monk/tanh_hue_nhat_chon,1
thì xây,Tánh Huệ Nhất Chơn,ex:monk/tanh_hue_nhat_chon,1
thuộc ấp,Tánh Huệ Nhất Chơn,ex:monk/tanh_hue_nhat_chon,1
và phú,Tánh Huệ Nhất Chơn,ex:monk/tanh_hue_nhat_chon,1
gần lăng,Tánh Hoạt Huệ Cảnh,ex:monk/tanh_hoat_hue_canh,1
Vua Tâm,Tánh Hoạt Huệ Cảnh,ex:monk/tanh_hoat_hue_canh,1
là tên,Tánh Hoạt Huệ Cảnh,ex:monk/tanh_hoat_hue_canh,1
Trường Phước,Tánh Hoạt Huệ Cảnh,ex:monk/tanh_hoat_hue_canh,1
Cồn Tốt,Hải Đăng,ex:monk/hai_dang,1
được Bổn,Hải Đăng,ex:monk/hai_dang,1
Sư Lỗ,Hải Đăng,ex:monk/hai_dang,1
cao đăng,Hải Toàn Linh Cơ,ex:monk/hai_toan_linh_co,1
làng Phó,Hải Toàn Linh Cơ,ex:monk/hai_toan_linh_co,1
làm một,Hải Toàn Linh Cơ,ex:monk/hai_toan_linh_co,1
và cho,Hải Toàn Linh Cơ,ex:monk/hai_toan_linh_co,1
và đặt,Hải Toàn Linh Cơ,ex:monk/hai_toan_linh_co,1
đây chúng,Hải Toàn Linh Cơ,ex:monk/hai_toan_linh_co,1
"cầu
Phước",Hải Toàn Linh Cơ,ex:monk/hai_toan_linh_co,1
vua tâm,Hải Toàn Linh Cơ,ex:monk/hai_toan_linh_co,1
An Nghiệp,Hải Bình Khiết Bạch,ex:monk/hai_binh_khiet_bach,1
Hoằng Ân,Hải Bình Khiết Bạch,ex:monk/hai_binh_khiet_bach,1
để hầu,Hải Bình Khiết Bạch,ex:monk/hai_binh_khiet_bach,1
của bầy,Hải Bình Khiết Bạch,ex:monk/hai_binh_khiet_bach,1
Ninh Lăng,Hải Bình Khiết Bạch,ex:monk/hai_binh_khiet_bach,1
làm việc,Hải Bình Khiết Bạch,ex:monk/hai_binh_khiet_bach,1
Huế xin,Viên Thông,ex:monk/vien_thong,1
chùa Đông,Viên Thông,ex:monk/vien_thong,1
tu tập,Viên Thông,ex:monk/vien_thong,1
với Trưởng,Viên Thông,ex:monk/vien_thong,1
Đông Thiền,Viên Thông,ex:monk/vien_thong,1
chân,Tâm Thị Thiện Minh,ex:monk/tam_thi_thien_minh,1
của Tổng,Tâm Thị Thiện Minh,ex:monk/tam_thi_thien_minh,1
không chấp,Tâm Tuệ Thiện Giải,ex:monk/tam_tue_thien_giai,1
đâu Hòa,Tâm Tuệ Thiện Giải,ex:monk/tam_tue_thien_giai,1
Bảo Lộc,Tâm Tuệ Thiện Giải,ex:monk/tam_tue_thien_giai,1
và trí,Tâm Tuệ Thiện Giải,ex:monk/tam_tue_thien_giai,1
thành thiên,Tâm Tuệ Thiện Giải,ex:monk/tam_tue_thien_giai,1
Phú Hậu,TT Tâm Ý Trường Định,ex:monk/tt_tam_y_truong_dinh,1
chùa Phú,TT Tâm Ý Trường Định,ex:monk/tt_tam_y_truong_dinh,1
về Y,Như Thuật Tâm Minh,ex:monk/nhu_thuat_tam_minh,1
vô biên,Như Thuật Tâm Minh,ex:monk/nhu_thuat_tam_minh,1
Ngọc Sơn,Như Thuật Tâm Minh,ex:monk/nhu_thuat_tam_minh,1
hàng chữ,Hải Thuận Lương Duyên,ex:monk/hai_thuan_luong_duyen,1
bên bửu,Hải Thuận Lương Duyên,ex:monk/hai_thuan_luong_duyen,1
quan chùa,Thanh Liêm Tâm Thiền,ex:monk/thanh_liem_tam_thien,1
người và,Thanh Liêm Tâm Thiền,ex:monk/thanh_liem_tam_thien,1
則江山,Thanh Liêm Tâm Thiền,ex:monk/thanh_liem_tam_thien,1
dĩ ba,Thanh Liêm Tâm Thiền,ex:monk/thanh_liem_tam_thien,1
八月移建寺,Thanh Liêm Tâm Thiền,ex:monk/thanh_liem_tam_thien,1
讚萬法圓完撫信美之江山,Thanh Liêm Tâm Thiền,ex:monk/thanh_liem_tam_thien,1
ở người,Thanh Liêm Tâm Thiền,ex:monk/thanh_liem_tam_thien,1
七法嗣心禪大師為禪宗寺,Thanh Liêm Tâm Thiền,ex:monk/thanh_liem_tam_thien,1
適潮山,Thanh Liêm Tâm Thiền,ex:monk/thanh_liem_tam_thien,1
十一年三月諸官山寺,Thanh Liêm Tâm Thiền,ex:monk/thanh_liem_tam_thien,1
ở phía,Thanh Liêm Tâm Thiền,ex:monk/thanh_liem_tam_thien,1
而了觀,Thanh Liêm Tâm Thiền,ex:monk/thanh_liem_tam_thien,1
thôn Đa,Thanh Vân Tâm Thành,ex:monk/thanh_van_tam_thanh,1
khu mộ,Thanh Vân Tâm Thành,ex:monk/thanh_van_tam_thanh,1
đạo mạch,Thanh Vân Tâm Thành,ex:monk/thanh_van_tam_thanh,1
xã Sơn,Nguyên Tuệ Diệu Định,ex:monk/nguyen_tue_dieu_dinh,1
đối Nam,Nguyên Tuệ Diệu Định,ex:monk/nguyen_tue_dieu_dinh,1
ni viện,Nguyên Tuệ Diệu Định,ex:monk/nguyen_tue_dieu_dinh,1
Hải Lạc,Nguyên Tuệ Diệu Định,ex:monk/nguyen_tue_dieu_dinh,1
bằng công,Tâm Trung Chánh Trực,ex:monk/tam_trung_chanh_truc,1
chốn Tổ,Tâm Trung Chánh Trực,ex:monk/tam_trung_chanh_truc,1
tôn đơn,Tâm Trung Chánh Trực,ex:monk/tam_trung_chanh_truc,1
thành ngày,Tâm Trung Chánh Trực,ex:monk/tam_trung_chanh_truc,1
Di Linh,Tâm Trung Chánh Trực,ex:monk/tam_trung_chanh_truc,1
Hội quán,Tâm Trung Chánh Trực,ex:monk/tam_trung_chanh_truc,1
Trí Thông,Trí Thông Cảnh Thâm,ex:monk/tri_thong_canh_tham,1
Hưng Quốc,Trí Thông Cảnh Thâm,ex:monk/tri_thong_canh_tham,1
không nương,Trí Thông Cảnh Thâm,ex:monk/tri_thong_canh_tham,1
viện Quảng,Trí Thông Cảnh Thâm,ex:monk/tri_thong_canh_tham,1
Tứ Minh,Hoa Dược Trí Bằng,ex:monk/hoa_duoc_tri_bang,1
Vụ Châu,Hoa Dược Trí Bằng,ex:monk/hoa_duoc_tri_bang,1
"hoa

Sau",Hoa Dược Trí Bằng,ex:monk/hoa_duoc_tri_bang,1
Hoa Dược,Hoa Dược Trí Bằng,ex:monk/hoa_duoc_tri_bang,1
tại Lịch,Viên Thông Ðức Chỉ,ex:monk/vien_thong_uc_chi,1
Lịch Dương,Viên Thông Ðức Chỉ,ex:monk/vien_thong_uc_chi,1
núi Tư,Viên Thông Ðức Chỉ,ex:monk/vien_thong_uc_chi,1
giữa đời,Viên Thông Ðức Chỉ,ex:monk/vien_thong_uc_chi,1
nơi dừng,Viên Thông Ðức Chỉ,ex:monk/vien_thong_uc_chi,1
vẫn giữ,Thiệt Địa Pháp Ấn,ex:monk/thiet_dia_phap_an,1
thành lễ,Thiệt Địa Pháp Ấn,ex:monk/thiet_dia_phap_an,1
có lập,Thiệt Địa Pháp Ấn,ex:monk/thiet_dia_phap_an,1
đạo nơi,Thiệt Địa Pháp Ấn,ex:monk/thiet_dia_phap_an,1
xưa đã,Thiệt Địa Pháp Ấn,ex:monk/thiet_dia_phap_an,1
mở,Thiệt Địa Pháp Ấn,ex:monk/thiet_dia_phap_an,1
am để,Thiệt Địa Pháp Ấn,ex:monk/thiet_dia_phap_an,1
được sắc,Thiệt Địa Pháp Ấn,ex:monk/thiet_dia_phap_an,1
núi Gành,Thiệt Địa Pháp Ấn,ex:monk/thiet_dia_phap_an,1
nhiều tự,Thiệt Địa Pháp Ấn,ex:monk/thiet_dia_phap_an,1
tan hoang,Thiệt Địa Pháp Ấn,ex:monk/thiet_dia_phap_an,1
từng bị,Thiệt Địa Pháp Ấn,ex:monk/thiet_dia_phap_an,1
và ban,Thiệt Địa Pháp Ấn,ex:monk/thiet_dia_phap_an,1
chùa như,Phật Tuyết Tường Quang,ex:monk/phat_tuyet_tuong_quang,1
chính điện,Phật Tuyết Tường Quang,ex:monk/phat_tuyet_tuong_quang,1
phần hậu,Phật Tuyết Tường Quang,ex:monk/phat_tuyet_tuong_quang,1
"tự

PHẦN",Phật Tuyết Tường Quang,ex:monk/phat_tuyet_tuong_quang,1
có thế,Phật Tuyết Tường Quang,ex:monk/phat_tuyet_tuong_quang,1
lấy ngày,Phật Tuyết Tường Quang,ex:monk/phat_tuyet_tuong_quang,1
thành lập,Phật Tuyết Tường Quang,ex:monk/phat_tuyet_tuong_quang,1
khúc lở,Phật Tuyết Tường Quang,ex:monk/phat_tuyet_tuong_quang,1
miếu thiêng,Phật Tuyết Tường Quang,ex:monk/phat_tuyet_tuong_quang,1
trong xã,Phật Tuyết Tường Quang,ex:monk/phat_tuyet_tuong_quang,1
khúc bồi,Phật Tuyết Tường Quang,ex:monk/phat_tuyet_tuong_quang,1
Nam tiến,Phật Tuyết Tường Quang,ex:monk/phat_tuyet_tuong_quang,1
tiền nhơn,Phật Tuyết Tường Quang,ex:monk/phat_tuyet_tuong_quang,1
nằm phía,Phật Tuyết Tường Quang,ex:monk/phat_tuyet_tuong_quang,1
nào đã,Phật Tuyết Tường Quang,ex:monk/phat_tuyet_tuong_quang,1
trụ cổng,Phật Tuyết Tường Quang,ex:monk/phat_tuyet_tuong_quang,1
ở Quảng,Phật Tuyết Tường Quang,ex:monk/phat_tuyet_tuong_quang,1
lẫn đối,TT Thích Viên Tịnh,ex:monk/tt_thich_vien_tinh,1
Quảng Điền,TT Thích Viên Tịnh,ex:monk/tt_thich_vien_tinh,1
Cần Thơ,TT Thích Viên Tịnh,ex:monk/tt_thich_vien_tinh,1
Phật Ân,TT Thích Viên Tịnh,ex:monk/tt_thich_vien_tinh,1
chùa lẫn,TT Thích Viên Tịnh,ex:monk/tt_thich_vien_tinh,1
tại Gia,Phật Tỉnh Từ Nghiêm,ex:monk/phat_tinh_tu_nghiem,1
để đổi,Phật Tỉnh Từ Nghiêm,ex:monk/phat_tinh_tu_nghiem,1
gắn liền,Phật Tỉnh Từ Nghiêm,ex:monk/phat_tinh_tu_nghiem,1
dĩ buổi,Phật Tỉnh Từ Nghiêm,ex:monk/phat_tinh_tu_nghiem,1
chúng ta,Phật Tỉnh Từ Nghiêm,ex:monk/phat_tinh_tu_nghiem,1
trong Đại,Phật Tỉnh Từ Nghiêm,ex:monk/phat_tinh_tu_nghiem,1
興隆寺,Phật Tỉnh Từ Nghiêm,ex:monk/phat_tinh_tu_nghiem,1
ở Gia,Phật Tỉnh Từ Nghiêm,ex:monk/phat_tinh_tu_nghiem,1
để gọi,Phật Tỉnh Từ Nghiêm,ex:monk/phat_tinh_tu_nghiem,1
新平縣新富臨村福安禪寺,Phật Tỉnh Từ Nghiêm,ex:monk/phat_tinh_tu_nghiem,1
trùng tên,Phật Tỉnh Từ Nghiêm,ex:monk/phat_tinh_tu_nghiem,1
sao Đại,Phật Tỉnh Từ Nghiêm,ex:monk/phat_tinh_tu_nghiem,1
Thư viện,Phật Tỉnh Từ Nghiêm,ex:monk/phat_tinh_tu_nghiem,1
Diên Phước,Phật Tỉnh Từ Nghiêm,ex:monk/phat_tinh_tu_nghiem,1
chùa Đức,Phật Tỉnh Từ Nghiêm,ex:monk/phat_tinh_tu_nghiem,1
đây hành,Phật Tỉnh Từ Nghiêm,ex:monk/phat_tinh_tu_nghiem,1
Đức Lâm,Phật Tỉnh Từ Nghiêm,ex:monk/phat_tinh_tu_nghiem,1
xây cất,Phật Tỉnh Từ Nghiêm,ex:monk/phat_tinh_tu_nghiem,1
臨濟正宗三十五世興隆堂,Phật Tỉnh Từ Nghiêm,ex:monk/phat_tinh_tu_nghiem,1
開山興隆寺,Phật Tỉnh Từ Nghiêm,ex:monk/phat_tinh_tu_nghiem,1
lá,Phật Tỉnh Từ Nghiêm,ex:monk/phat_tinh_tu_nghiem,1
cù lao,Thiệt Thành Liễu Đạt,ex:monk/thiet_thanh_lieu_dat,1
còn lại,Tế Bổn Viên Thường,ex:monk/te_bon_vien_thuong,1
canh tác,Tế Bổn Viên Thường,ex:monk/te_bon_vien_thuong,1
hòa Quang,Thị Việt Huệ Nghiêm,ex:monk/thi_viet_hue_nghiem,1
thế kỷ,Pháp Chuyên Diệu Nghiêm,ex:monk/phap_chuyen_dieu_nghiem,1
am Khánh,Pháp Chuyên Diệu Nghiêm,ex:monk/phap_chuyen_dieu_nghiem,1
Thượng Tiên,Pháp Chuyên Diệu Nghiêm,ex:monk/phap_chuyen_dieu_nghiem,1
Đáo Âm,Pháp Chuyên Diệu Nghiêm,ex:monk/phap_chuyen_dieu_nghiem,1
này có,Pháp Chuyên Diệu Nghiêm,ex:monk/phap_chuyen_dieu_nghiem,1
chùa Trùng,Pháp Chuyên Diệu Nghiêm,ex:monk/phap_chuyen_dieu_nghiem,1
Pháp Quang,Pháp Chuyên Diệu Nghiêm,ex:monk/phap_chuyen_dieu_nghiem,1
trấn Hà,Pháp Chuyên Diệu Nghiêm,ex:monk/phap_chuyen_dieu_nghiem,1
Trùng Quang,Pháp Chuyên Diệu Nghiêm,ex:monk/phap_chuyen_dieu_nghiem,1
ẩn trong,Pháp Chuyên Diệu Nghiêm,ex:monk/phap_chuyen_dieu_nghiem,1
Thiên Hải,Pháp Chuyên Diệu Nghiêm,ex:monk/phap_chuyen_dieu_nghiem,1
lại Phước,Pháp Chuyên Diệu Nghiêm,ex:monk/phap_chuyen_dieu_nghiem,1
thôn Ðịnh,Toàn Nhật Quang Đài,ex:monk/toan_nhat_quang_dai,1
ba mươi,Toàn Nhật Quang Đài,ex:monk/toan_nhat_quang_dai,1
từ Quảng,Toàn Nhật Quang Đài,ex:monk/toan_nhat_quang_dai,1
Long Tường,Toàn Thể Linh Nguyên,ex:monk/toan_the_linh_nguyen,1
Thiên Chương,Thiên Chương Xu,ex:monk/thien_chuong_xu,1
cấp thủy,Đại Hồng Thủ Toại,ex:monk/dai_hong_thu_toai,1
Toại Ninh,Đại Hồng Thủ Toại,ex:monk/dai_hong_thu_toai,1
Dược Sư,Thị Trực Bửu Nghĩa,ex:monk/thi_truc_buu_nghia,1
lui ba,Thúy Vi Vô Học,ex:monk/thuy_vi_vo_hoc,1
Dương Châu,Động Sơn Hiểu Thông,ex:monk/dong_son_hieu_thong,1
tại Giang,Động Sơn Hiểu Thông,ex:monk/dong_son_hieu_thong,1
làm con,Động Sơn Hiểu Thông,ex:monk/dong_son_hieu_thong,1
hạt châu,Động Sơn Hiểu Thông,ex:monk/dong_son_hieu_thong,1
núi Liên,Động Sơn Hiểu Thông,ex:monk/dong_son_hieu_thong,1
đáy cây,Động Sơn Hiểu Thông,ex:monk/dong_son_hieu_thong,1
đáy chim,Động Sơn Hiểu Thông,ex:monk/dong_son_hieu_thong,1
Thủy Lục,Chương Chí Thiên Phước,ex:monk/chuong_chi_thien_phuoc,1
Lào đến,Trừng Nguyên Chơn Như,ex:monk/trung_nguyen_chon_nhu,1
gia được,Trừng Nguyên Chơn Như,ex:monk/trung_nguyen_chon_nhu,1
về dùi,Trừng Nguyên Chơn Như,ex:monk/trung_nguyen_chon_nhu,1
đồi thông,Trừng Nguyên Chơn Như,ex:monk/trung_nguyen_chon_nhu,1
tâm con,Trừng Nguyên Chơn Như,ex:monk/trung_nguyen_chon_nhu,1
từ đó,Trừng Liên Quang Diệp,ex:monk/trung_lien_quang_diep,1
đồng ý,Trừng Liên Quang Diệp,ex:monk/trung_lien_quang_diep,1
với chức,Trừng Liên Quang Diệp,ex:monk/trung_lien_quang_diep,1
với tư,Trừng Liên Quang Diệp,ex:monk/trung_lien_quang_diep,1
Mít,Trừng Liên Quang Diệp,ex:monk/trung_lien_quang_diep,1
thời bấy,Trừng Liên Quang Diệp,ex:monk/trung_lien_quang_diep,1
thành thân,Trừng Liên Quang Diệp,ex:monk/trung_lien_quang_diep,1
Mít ở,Trừng Liên Quang Diệp,ex:monk/trung_lien_quang_diep,1
Am cốc,Trừng Liên Quang Diệp,ex:monk/trung_lien_quang_diep,1
Nam Sơn,Trừng Liên Quang Diệp,ex:monk/trung_lien_quang_diep,1
để lập,Trừng Liên Quang Diệp,ex:monk/trung_lien_quang_diep,1
riêng,Trừng Liên Quang Diệp,ex:monk/trung_lien_quang_diep,1
chùa Nam,Trừng Liên Quang Diệp,ex:monk/trung_lien_quang_diep,1
chùa Mít,Trừng Liên Quang Diệp,ex:monk/trung_lien_quang_diep,1
ban,Trừng Liên Quang Diệp,ex:monk/trung_lien_quang_diep,1
xã Thủy,Tâm Lễ Chánh Kiến,ex:monk/tam_le_chanh_kien,1
và lời,Tâm Lễ Chánh Kiến,ex:monk/tam_le_chanh_kien,1
để dưỡng,Tâm Lễ Chánh Kiến,ex:monk/tam_le_chanh_kien,1
nơi ngài,Tâm Lễ Chánh Kiến,ex:monk/tam_le_chanh_kien,1
tranh tại,Trừng Thành Hướng Đạo,ex:monk/trung_thanh_huong_dao,1
Ni nên,Trừng Thành Hướng Đạo,ex:monk/trung_thanh_huong_dao,1
đã dần,Trừng Thành Hướng Đạo,ex:monk/trung_thanh_huong_dao,1
thành ngôi,Trừng Thành Hướng Đạo,ex:monk/trung_thanh_huong_dao,1
Ni đầu,Trừng Thành Hướng Đạo,ex:monk/trung_thanh_huong_dao,1
Đàm Hoa,Trừng Trì Chí Niệm,ex:monk/trung_tri_chi_niem,1
với dòng,Trừng Trì Chí Niệm,ex:monk/trung_tri_chi_niem,1
ổn định,Trừng Trì Chí Niệm,ex:monk/trung_tri_chi_niem,1
nên xán,Trừng Tuệ Chí Mậu,ex:monk/trung_tue_chi_mau,1
cũ cỏ,Trừng Tuệ Chí Mậu,ex:monk/trung_tue_chi_mau,1
và tiếp,Trừng Tuệ Chí Mậu,ex:monk/trung_tue_chi_mau,1
世諱實性號智海和尚之塔,Thiệt Tánh Trí Hải,ex:monk/thiet_tanh_tri_hai,1
về viện,Lục Thông Thai Châu Thiệu,ex:monk/luc_thong_thai_chau_thieu,1
ngọn Hoa,Lục Thông Thai Châu Thiệu,ex:monk/luc_thong_thai_chau_thieu,1
ruộng đốt,Lục Thông Thai Châu Thiệu,ex:monk/luc_thong_thai_chau_thieu,1
tòa Khâm,Nguyên Chánh Minh Bổn,ex:monk/nguyen_chanh_minh_bon,1
học sở,Nguyên Chánh Minh Bổn,ex:monk/nguyen_chanh_minh_bon,1
việc học,Nguyên Chánh Minh Bổn,ex:monk/nguyen_chanh_minh_bon,1
như hiện,Nguyên Chánh Minh Bổn,ex:monk/nguyen_chanh_minh_bon,1
chùa Bắc,Thanh Bình Linh Tuân,ex:monk/thanh_binh_linh_tuan,1
nhỏ tại,Thanh Bình Linh Tuân,ex:monk/thanh_binh_linh_tuan,1
sao cây,Thanh Bình Linh Tuân,ex:monk/thanh_binh_linh_tuan,1
mà thôi,Thanh Bình Linh Tuân,ex:monk/thanh_binh_linh_tuan,1
nơi tăng,Thanh Bình Linh Tuân,ex:monk/thanh_binh_linh_tuan,1
Hoạt Châu,Thanh Bình Linh Tuân,ex:monk/thanh_binh_linh_tuan,1
biển cả,Thanh Bình Linh Tuân,ex:monk/thanh_binh_linh_tuan,1
Bắc Bồ,Thanh Bình Linh Tuân,ex:monk/thanh_binh_linh_tuan,1
tại cương,Kiến Châu Bạch Vân Ước,ex:monk/kien_chau_bach_van_uoc,1
tháp chép,Đạo Tràng Như Nột,ex:monk/dao_trang_nhu_not,1
tại núi,Đạo Tràng Như Nột,ex:monk/dao_trang_nhu_not,1
thấp cao,Đạo Tràng Như Nột,ex:monk/dao_trang_nhu_not,1
núi Đạo,Đạo Tràng Như Nột,ex:monk/dao_trang_nhu_not,1
Kinh sư,Đạo Tràng Như Nột,ex:monk/dao_trang_nhu_not,1
CHƯƠNG CHÂU,Tam Bình Nghĩa Trung,ex:monk/tam_binh_nghia_trung,1
trường Sơ,Tâm Khai Nhật Liên,ex:monk/tam_khai_nhat_lien,1
Chùa Bàng,Tâm Khai Nhật Liên,ex:monk/tam_khai_nhat_lien,1
Lào phát,Tâm Khai Nhật Liên,ex:monk/tam_khai_nhat_lien,1
Chùa Hưng,Tâm Khai Nhật Liên,ex:monk/tam_khai_nhat_lien,1
Chùa Xá,Tâm Khai Nhật Liên,ex:monk/tam_khai_nhat_lien,1
Sơ đẳng,Tâm Khai Nhật Liên,ex:monk/tam_khai_nhat_lien,1
Chùa Quán,Tâm Khai Nhật Liên,ex:monk/tam_khai_nhat_lien,1
Chùa Tây,Tâm Khai Nhật Liên,ex:monk/tam_khai_nhat_lien,1
thôn Diên,Tâm Khai Nhật Liên,ex:monk/tam_khai_nhat_lien,1
Chùa Trúc,Tâm Khai Nhật Liên,ex:monk/tam_khai_nhat_lien,1
Khóa Huấn,Tâm Khai Nhật Liên,ex:monk/tam_khai_nhat_lien,1
Chùa Kim,Tâm Khai Nhật Liên,ex:monk/tam_khai_nhat_lien,1
Chùa Ấn,Tâm Khai Nhật Liên,ex:monk/tam_khai_nhat_lien,1
Chùa Diên,Tâm Khai Nhật Liên,ex:monk/tam_khai_nhat_lien,1
vào Chùa,Tâm Khai Nhật Liên,ex:monk/tam_khai_nhat_lien,1
Chùa Sùng,Tâm Khai Nhật Liên,ex:monk/tam_khai_nhat_lien,1
về Cố,Tâm Khai Nhật Liên,ex:monk/tam_khai_nhat_lien,1
vào Long,Tâm Khai Nhật Liên,ex:monk/tam_khai_nhat_lien,1
rộng và,Tâm Khai Nhật Liên,ex:monk/tam_khai_nhat_lien,1
tại Chùa,Tâm Khai Nhật Liên,ex:monk/tam_khai_nhat_lien,1
lớp bồi,Tâm Khai Nhật Liên,ex:monk/tam_khai_nhat_lien,1
Chùa Long,Tâm Khai Nhật Liên,ex:monk/tam_khai_nhat_lien,1
tỉnh Trà,Tâm Khai Nhật Liên,ex:monk/tam_khai_nhat_lien,1
đi về,Tâm Phổ Thiện Lộc,ex:monk/tam_pho_thien_loc,1
đây lâu,Tâm Phổ Thiện Lộc,ex:monk/tam_pho_thien_loc,1
phiền trách,Tâm Phổ Thiện Lộc,ex:monk/tam_pho_thien_loc,1
lại oán,Tâm Phổ Thiện Lộc,ex:monk/tam_pho_thien_loc,1
tịch mịch,Tâm Phổ Thiện Lộc,ex:monk/tam_pho_thien_loc,1
không đến,Tâm Phổ Thiện Lộc,ex:monk/tam_pho_thien_loc,1
giấy rác,Tâm Phổ Thiện Lộc,ex:monk/tam_pho_thien_loc,1
một ngôi,Tâm Phổ Thiện Lộc,ex:monk/tam_pho_thien_loc,1
Paris hiện,Tâm Thật Thiện Châu,ex:monk/tam_that_thien_chau,1
giờ phút,Tâm Thật Thiện Châu,ex:monk/tam_that_thien_chau,1
trường Đông,Tâm Thật Thiện Châu,ex:monk/tam_that_thien_chau,1
những cuộc,Tâm Thật Thiện Châu,ex:monk/tam_that_thien_chau,1
về quét,Tâm Thật Thiện Châu,ex:monk/tam_that_thien_chau,1
Villebon Sur,Tâm Thật Thiện Châu,ex:monk/tam_that_thien_chau,1
đâu thì,Tâm Thật Thiện Châu,ex:monk/tam_that_thien_chau,1
Anh,Tâm Thật Thiện Châu,ex:monk/tam_that_thien_chau,1
châu Âu,Tâm Thật Thiện Châu,ex:monk/tam_that_thien_chau,1
Đức chẳng,Tâm Thật Thiện Châu,ex:monk/tam_that_thien_chau,1
về trên,Tâm Thật Thiện Châu,ex:monk/tam_that_thien_chau,1
Nalanda,Tâm Thật Thiện Châu,ex:monk/tam_that_thien_chau,1
Sài gòn,Tâm Thật Thiện Châu,ex:monk/tam_that_thien_chau,1
Khoai,Tâm Thật Thiện Châu,ex:monk/tam_that_thien_chau,1
Huế sẽ,Tâm Thật Thiện Châu,ex:monk/tam_that_thien_chau,1
đâu đấy,Tâm Thật Thiện Châu,ex:monk/tam_that_thien_chau,1
Huế có,Tâm Thật Thiện Châu,ex:monk/tam_that_thien_chau,1
trong thế,Tâm Thật Thiện Châu,ex:monk/tam_that_thien_chau,1
của Việt,Tâm Thật Thiện Châu,ex:monk/tam_that_thien_chau,1
nơi Thầy,Tâm Thật Thiện Châu,ex:monk/tam_that_thien_chau,1
này đây,Tâm Thật Thiện Châu,ex:monk/tam_that_thien_chau,1
Thiền Viện,Tâm Thật Thiện Châu,ex:monk/tam_that_thien_chau,1
Lâm Ðồng,Như Trực Vĩnh Châu,ex:monk/nhu_truc_vinh_chau,1
huyện Nghĩa,Như Trực Vĩnh Châu,ex:monk/nhu_truc_vinh_chau,1
tỉnh Kontum,Như Trực Vĩnh Châu,ex:monk/nhu_truc_vinh_chau,1
Bửu Long,Như Trực Vĩnh Châu,ex:monk/nhu_truc_vinh_chau,1
Viên Giác,Toàn Võ Viên Quang,ex:monk/toan_vo_vien_quang,1
sao còn,Thứu Lãnh Thiện Bổn,ex:monk/thuu_lanh_thien_bon,1
mắt không,Bắc Sơn Pháp Thông,ex:monk/bac_son_phap_thong,1
Bắc Sơn,Bắc Sơn Pháp Thông,ex:monk/bac_son_phap_thong,1
Quy Sơn,Quy Sơn Nghĩa Sơ,ex:monk/quy_son_nghia_so,1
Bảo Ninh,Bảo Ninh Hưng Dự,ex:monk/bao_ninh_hung_du,1
Đạo Ngô,Đạo Ngô Khế Thuyên,ex:monk/dao_ngo_khe_thuyen,1
Đàm Châu,Đạo Ngô Khế Thuyên,ex:monk/dao_ngo_khe_thuyen,1
sân vườn,Đạo Ngô Khế Thuyên,ex:monk/dao_ngo_khe_thuyen,1
khe suối,Đạo Ngô Khế Thuyên,ex:monk/dao_ngo_khe_thuyen,1
Thạch Cư,Thạch Cư Hạo Thăng,ex:monk/thach_cu_hao_thang,1
Quả Châu,Thạch Cư Hạo Thăng,ex:monk/thach_cu_hao_thang,1
"Hóa
Thiền",Chí Siêu,ex:monk/chi_sieu,1
Hóa tại,Chí Siêu,ex:monk/chi_sieu,1
chùa đến,Toàn Ðịnh Bảo Tạng,ex:monk/toan_dinh_bao_tang,1
ngói,Toàn Ðịnh Bảo Tạng,ex:monk/toan_dinh_bao_tang,1
ngói từ,Toàn Ðịnh Bảo Tạng,ex:monk/toan_dinh_bao_tang,1
làng ở,Toàn Ðịnh Bảo Tạng,ex:monk/toan_dinh_bao_tang,1
hồ Long,Toàn Ðịnh Bảo Tạng,ex:monk/toan_dinh_bao_tang,1
rừng xay,Toàn Ðịnh Bảo Tạng,ex:monk/toan_dinh_bao_tang,1
được ban,Toàn Ðịnh Bảo Tạng,ex:monk/toan_dinh_bao_tang,1
về Chùa,Toàn Ðịnh Bảo Tạng,ex:monk/toan_dinh_bao_tang,1
tranh được,Toàn Ðịnh Bảo Tạng,ex:monk/toan_dinh_bao_tang,1
lại nằm,Toàn Ðịnh Bảo Tạng,ex:monk/toan_dinh_bao_tang,1
nơi hồ,Toàn Ðịnh Bảo Tạng,ex:monk/toan_dinh_bao_tang,1
bên hữu,Toàn Ðịnh Bảo Tạng,ex:monk/toan_dinh_bao_tang,1
chùa cây,Toàn Ðịnh Bảo Tạng,ex:monk/toan_dinh_bao_tang,1
lưng chừng,Toàn Ðịnh Bảo Tạng,ex:monk/toan_dinh_bao_tang,1
Huyện Phù,Toàn Ðịnh Bảo Tạng,ex:monk/toan_dinh_bao_tang,1
Quang phước,Toàn Ðịnh Bảo Tạng,ex:monk/toan_dinh_bao_tang,1
hướng đông,Toàn Ðịnh Bảo Tạng,ex:monk/toan_dinh_bao_tang,1
Xã Các,Toàn Ðịnh Bảo Tạng,ex:monk/toan_dinh_bao_tang,1
từ chùa,Toàn Ðịnh Bảo Tạng,ex:monk/toan_dinh_bao_tang,1
chùa thập,Toàn Ðịnh Bảo Tạng,ex:monk/toan_dinh_bao_tang,1
Thiền Quang,Toàn Ðịnh Bảo Tạng,ex:monk/toan_dinh_bao_tang,1
xa vẫn,Toàn Ðịnh Bảo Tạng,ex:monk/toan_dinh_bao_tang,1
thành Nam,Toàn Ðịnh Bảo Tạng,ex:monk/toan_dinh_bao_tang,1
làng cây,Toàn Ðịnh Bảo Tạng,ex:monk/toan_dinh_bao_tang,1
Tam Quan,Toàn Ðịnh Bảo Tạng,ex:monk/toan_dinh_bao_tang,1
đây thật,Toàn Ðịnh Bảo Tạng,ex:monk/toan_dinh_bao_tang,1
xã Hoài,Toàn Ðịnh Bảo Tạng,ex:monk/toan_dinh_bao_tang,1
tại rừng,Toàn Ðịnh Bảo Tạng,ex:monk/toan_dinh_bao_tang,1
cây xay,Toàn Ðịnh Bảo Tạng,ex:monk/toan_dinh_bao_tang,1
chùa Thắng,Toàn Ðịnh Bảo Tạng,ex:monk/toan_dinh_bao_tang,1
đất Hoài,Toàn Ðịnh Bảo Tạng,ex:monk/toan_dinh_bao_tang,1
Thiên An,Toàn Ðịnh Bảo Tạng,ex:monk/toan_dinh_bao_tang,1
rơi vào,Toàn Ðịnh Bảo Tạng,ex:monk/toan_dinh_bao_tang,1
lại tiêu,Toàn Ðịnh Bảo Tạng,ex:monk/toan_dinh_bao_tang,1
thập tháp,Toàn Ðịnh Bảo Tạng,ex:monk/toan_dinh_bao_tang,1
toạ lạc,Toàn Ðịnh Bảo Tạng,ex:monk/toan_dinh_bao_tang,1
thôn Hy,Toàn Ðịnh Bảo Tạng,ex:monk/toan_dinh_bao_tang,1
thì không,Toàn Ðịnh Bảo Tạng,ex:monk/toan_dinh_bao_tang,1
đến ngày,Toàn Ðịnh Bảo Tạng,ex:monk/toan_dinh_bao_tang,1
Giới Đàn,Toàn Ðịnh Bảo Tạng,ex:monk/toan_dinh_bao_tang,1
châu thành,Toàn Ðịnh Bảo Tạng,ex:monk/toan_dinh_bao_tang,1
sân trường,Toàn Ðịnh Bảo Tạng,ex:monk/toan_dinh_bao_tang,1
ấp Hội,Toàn Ðịnh Bảo Tạng,ex:monk/toan_dinh_bao_tang,1
Hoài Châu,Toàn Ðịnh Bảo Tạng,ex:monk/toan_dinh_bao_tang,1
Thị Trấn,Toàn Ðịnh Bảo Tạng,ex:monk/toan_dinh_bao_tang,1
sau đó,Toàn Ðịnh Bảo Tạng,ex:monk/toan_dinh_bao_tang,1
đến khi,Toàn Ðịnh Bảo Tạng,ex:monk/toan_dinh_bao_tang,1
lại hoăng,Toàn Ðịnh Bảo Tạng,ex:monk/toan_dinh_bao_tang,1
Thắng quang,Toàn Ðịnh Bảo Tạng,ex:monk/toan_dinh_bao_tang,1
rồi theo,Toàn Ðịnh Bảo Tạng,ex:monk/toan_dinh_bao_tang,1
lại và,Toàn Ðịnh Bảo Tạng,ex:monk/toan_dinh_bao_tang,1
đây từ,Toàn Ðịnh Bảo Tạng,ex:monk/toan_dinh_bao_tang,1
đây rất,Toàn Ðịnh Bảo Tạng,ex:monk/toan_dinh_bao_tang,1
là vuông,Toàn Ðịnh Bảo Tạng,ex:monk/toan_dinh_bao_tang,1
đàn thí,Toàn Ðịnh Bảo Tạng,ex:monk/toan_dinh_bao_tang,1
có phần,Toàn Ðịnh Bảo Tạng,ex:monk/toan_dinh_bao_tang,1
Thập tháp,Toàn Ðịnh Bảo Tạng,ex:monk/toan_dinh_bao_tang,1
Thiên Hòa,Pháp Tịnh Viên Quang,ex:monk/phap_tinh_vien_quang,1
chánh kỵ,Pháp Tịnh Viên Quang,ex:monk/phap_tinh_vien_quang,1
Xuân Yên,Thị Thỉnh Bảo Quang,ex:monk/thi_thinh_bao_quang,1
Thạch Quang,Thị Thỉnh Bảo Quang,ex:monk/thi_thinh_bao_quang,1
ta không,Thích Chương Bình,ex:monk/chuong_binh,1
Hải Tạng,Toàn Đạt Gia Hào,ex:monk/toan_dat_gia_hao,1
về hoằng,Tông Diễn Chân Dung,ex:monk/tong_dien_chan_dung,1
cửa trông,Tông Diễn Chân Dung,ex:monk/tong_dien_chan_dung,1
ao,Tông Diễn Chân Dung,ex:monk/tong_dien_chan_dung,1
cõi Tây,Tông Diễn Chân Dung,ex:monk/tong_dien_chan_dung,1
vùng quê,Tông Diễn Chân Dung,ex:monk/tong_dien_chan_dung,1
ở vùng,Tông Diễn Chân Dung,ex:monk/tong_dien_chan_dung,1
Khán Sơn,Tông Diễn Chân Dung,ex:monk/tong_dien_chan_dung,1
Vọng Lão,Tông Diễn Chân Dung,ex:monk/tong_dien_chan_dung,1
lên kinh,Tông Diễn Chân Dung,ex:monk/tong_dien_chan_dung,1
gần cặp,Tông Diễn Chân Dung,ex:monk/tong_dien_chan_dung,1
núi rừng,Tông Diễn Chân Dung,ex:monk/tong_dien_chan_dung,1
chùa Khán,Tông Diễn Chân Dung,ex:monk/tong_dien_chan_dung,1
Cầu Đông,Tông Diễn Chân Dung,ex:monk/tong_dien_chan_dung,1
chùa Vọng,Tông Diễn Chân Dung,ex:monk/tong_dien_chan_dung,1
cõi Đông,Tông Diễn Chân Dung,ex:monk/tong_dien_chan_dung,1
phủ Chúa,Tông Diễn Chân Dung,ex:monk/tong_dien_chan_dung,1
Cổ pháp,Tông Diễn Chân Dung,ex:monk/tong_dien_chan_dung,1
nổi lên,Tông Diễn Chân Dung,ex:monk/tong_dien_chan_dung,1
Thu về,Tông Diễn Chân Dung,ex:monk/tong_dien_chan_dung,1
trình bày,Tông Diễn Chân Dung,ex:monk/tong_dien_chan_dung,1
nhỏ thờ,Tông Diễn Chân Dung,ex:monk/tong_dien_chan_dung,1
cũ để,Tông Diễn Chân Dung,ex:monk/tong_dien_chan_dung,1
vùng rừng,Tông Diễn Chân Dung,ex:monk/tong_dien_chan_dung,1
Hương,Thanh Đàm Minh Chánh,ex:monk/thanh_dam_minh_chanh,1
Trung phải,Thanh Đàm Minh Chánh,ex:monk/thanh_dam_minh_chanh,1
hưng thịnh,Thanh Đàm Minh Chánh,ex:monk/thanh_dam_minh_chanh,1
viện Liêm,Thanh Đàm Minh Chánh,ex:monk/thanh_dam_minh_chanh,1
Trung,Thanh Đàm Minh Chánh,ex:monk/thanh_dam_minh_chanh,1
Hạ phía,Thanh Đàm Minh Chánh,ex:monk/thanh_dam_minh_chanh,1
Trung có,Thanh Đàm Minh Chánh,ex:monk/thanh_dam_minh_chanh,1
cổ của,Thanh Đàm Minh Chánh,ex:monk/thanh_dam_minh_chanh,1
là chùa,Thanh Đàm Minh Chánh,ex:monk/thanh_dam_minh_chanh,1
phía xa,Thanh Đàm Minh Chánh,ex:monk/thanh_dam_minh_chanh,1
Thượng ở,Thanh Đàm Minh Chánh,ex:monk/thanh_dam_minh_chanh,1
Thượng,Thanh Đàm Minh Chánh,ex:monk/thanh_dam_minh_chanh,1
Trấn Quốc,Thanh Đàm Minh Chánh,ex:monk/thanh_dam_minh_chanh,1
làng Đam,Thanh Đàm Minh Chánh,ex:monk/thanh_dam_minh_chanh,1
Hạ đi,Thanh Đàm Minh Chánh,ex:monk/thanh_dam_minh_chanh,1
cùng tu,Thanh Đàm Minh Chánh,ex:monk/thanh_dam_minh_chanh,1
Thái Vi,Thanh Đàm Minh Chánh,ex:monk/thanh_dam_minh_chanh,1
Thượng nhìn,Thanh Đàm Minh Chánh,ex:monk/thanh_dam_minh_chanh,1
thiền môn,Thanh Đàm Minh Chánh,ex:monk/thanh_dam_minh_chanh,1
Vọng Danh,Thanh Đàm Minh Chánh,ex:monk/thanh_dam_minh_chanh,1
thành như,Thanh Đàm Minh Chánh,ex:monk/thanh_dam_minh_chanh,1
Bích Sơn,Thanh Đàm Minh Chánh,ex:monk/thanh_dam_minh_chanh,1
Quang Khánh,Khoan Dực Thanh Lãng,ex:monk/khoan_duc_thanh_lang,1
xã La,Khoan Dực Thanh Lãng,ex:monk/khoan_duc_thanh_lang,1
Ninh Bình,Thanh Nguyên Minh Nam,ex:monk/thanh_nguyen_minh_nam,1
đầm trong,Thanh Nguyên Minh Nam,ex:monk/thanh_nguyen_minh_nam,1
Hà Đông,Thanh Nguyên Minh Nam,ex:monk/thanh_nguyen_minh_nam,1
ngô vi,Thanh Nguyên Minh Nam,ex:monk/thanh_nguyen_minh_nam,1
Chưởng Phước,Minh Phương Chơn Hương,ex:monk/minh_phuong_chon_huong,1
huyện Cần,Minh Phương Chơn Hương,ex:monk/minh_phuong_chon_huong,1
Phước Tường,Minh Phương Chơn Hương,ex:monk/minh_phuong_chon_huong,1
hay sai,Minh Phương Chơn Hương,ex:monk/minh_phuong_chon_huong,1
do vua,Tiên Giác Hải Tịnh,ex:monk/tien_giac_hai_tinh,1
nơi chốn,Tiên Giác Hải Tịnh,ex:monk/tien_giac_hai_tinh,1
hay các,Tiên Giác Hải Tịnh,ex:monk/tien_giac_hai_tinh,1
nhà các,Tiên Giác Hải Tịnh,ex:monk/tien_giac_hai_tinh,1
chùa hay,Tiên Giác Hải Tịnh,ex:monk/tien_giac_hai_tinh,1
thành thuộc,Tiên Giác Hải Tịnh,ex:monk/tien_giac_hai_tinh,1
núi Sam,Tiên Giác Hải Tịnh,ex:monk/tien_giac_hai_tinh,1
đã họp,Tiên Giác Hải Tịnh,ex:monk/tien_giac_hai_tinh,1
Phiên An,Tiên Giác Hải Tịnh,ex:monk/tien_giac_hai_tinh,1
học tập,Tiên Giác Hải Tịnh,ex:monk/tien_giac_hai_tinh,1
tiếp trai,Tiên Giác Hải Tịnh,ex:monk/tien_giac_hai_tinh,1
lại thấy,Tiên Giác Hải Tịnh,ex:monk/tien_giac_hai_tinh,1
nên hưng,Minh Vi Mật Hạnh,ex:monk/minh_vi_mat_hanh,1
chốn thần,TT Nguyên Cát Thiện Tường,ex:monk/tt_nguyen_cat_thien_tuong,1
Connec Aicut,TT Nguyên Cát Thiện Tường,ex:monk/tt_nguyen_cat_thien_tuong,1
xứ người,TT Nguyên Cát Thiện Tường,ex:monk/tt_nguyen_cat_thien_tuong,1
xã Hiền,TT Nguyên Cát Thiện Tường,ex:monk/tt_nguyen_cat_thien_tuong,1
Phước Hải,Tâm Ưng Đảnh Lễ,ex:monk/tam_ung_danh_le,1
hầu hết,Thị An Phước Bình,ex:monk/thi_an_phuoc_binh,1
Hiệp Châu,Thị An Phước Bình,ex:monk/thi_an_phuoc_binh,1
chùa Chánh,Thị An Phước Bình,ex:monk/thi_an_phuoc_binh,1
chùa Hiệp,Thị An Phước Bình,ex:monk/thi_an_phuoc_binh,1
đất Sài,Thị An Phước Bình,ex:monk/thi_an_phuoc_binh,1
Chánh Giác,Thị An Phước Bình,ex:monk/thi_an_phuoc_binh,1
Sa Ðéc,Thị An Phước Bình,ex:monk/thi_an_phuoc_binh,1
đường cho,Thị An Phước Bình,ex:monk/thi_an_phuoc_binh,1
An Phước,Thị An Phước Bình,ex:monk/thi_an_phuoc_binh,1
ra để,Thị An Phước Bình,ex:monk/thi_an_phuoc_binh,1
Vĩnh Long,Thị An Phước Bình,ex:monk/thi_an_phuoc_binh,1
Huê Lâm,Ðồng Chánh Tịnh Như,ex:monk/ong_chanh_tinh_nhu,1
Quới Sơn,Ðồng Chánh Tịnh Như,ex:monk/ong_chanh_tinh_nhu,1
Ðại hội,Ðồng Chánh Tịnh Như,ex:monk/ong_chanh_tinh_nhu,1
Phật Ấn,Ðồng Chánh Tịnh Như,ex:monk/ong_chanh_tinh_nhu,1
gần đấy,Ðồng Chánh Tịnh Như,ex:monk/ong_chanh_tinh_nhu,1
lớp Sơ,Ðồng Chánh Tịnh Như,ex:monk/ong_chanh_tinh_nhu,1
Từ Nguyên,Ðồng Chánh Tịnh Như,ex:monk/ong_chanh_tinh_nhu,1
Phật đường,Ðồng Chánh Tịnh Như,ex:monk/ong_chanh_tinh_nhu,1
làng Tam,Ðồng Chánh Tịnh Như,ex:monk/ong_chanh_tinh_nhu,1
Ký nhi,Ðồng Ðộ Tịnh Khiết,ex:monk/ong_o_tinh_khiet,1
Cổ Loan,Ðồng Ðộ Tịnh Khiết,ex:monk/ong_o_tinh_khiet,1
Bình Trị,Ðồng Chánh Tịnh Giác,ex:monk/ong_chanh_tinh_giac,1
mảnh đất,Ðồng Chánh Tịnh Giác,ex:monk/ong_chanh_tinh_giac,1
cho hàng,Thị Chí Phước Hộ,ex:monk/thi_chi_phuoc_ho,1
Thiên Bảo,Thị Chí Phước Hộ,ex:monk/thi_chi_phuoc_ho,1
Từ Giác,Thị Chí Phước Hộ,ex:monk/thi_chi_phuoc_ho,1
thôn Triều,Thị Niệm Phước Ninh,ex:monk/thi_niem_phuoc_ninh,1
Cảnh Phước,Thị Niệm Phước Ninh,ex:monk/thi_niem_phuoc_ninh,1
Thái Nguyên,Thị Niệm Phước Ninh,ex:monk/thi_niem_phuoc_ninh,1
Từ Phong,Thị Niệm Phước Ninh,ex:monk/thi_niem_phuoc_ninh,1
THOẠI NHAM,Thụy Nham Sư Ngạn,ex:monk/thuy_nham_su_ngan,1
Đan Khâu,Thụy Nham Sư Ngạn,ex:monk/thuy_nham_su_ngan,1
điện Phổ,Thụy Nham Sư Ngạn,ex:monk/thuy_nham_su_ngan,1
dậy chưa,Thụy Nham Sư Ngạn,ex:monk/thuy_nham_su_ngan,1
Cổ Sơn,Hương Khê Tùng Phạm,ex:monk/huong_khe_tung_pham,1
HUYỀN TUYỀN,Hoài Châu Huyền Tuyền Ngạn,ex:monk/hoai_chau_huyen_tuyen_ngan,1
trong lữ,Hoài Châu Huyền Tuyền Ngạn,ex:monk/hoai_chau_huyen_tuyen_ngan,1
đằng ấy,Thánh Thọ La Nguyên Nghiêm,ex:monk/thanh_tho_la_nguyen_nghiem,1
rộng đại,La Sơn Đạo Nhàn,ex:monk/la_son_dao_nhan,1
toang cửa,La Sơn Đạo Nhàn,ex:monk/la_son_dao_nhan,1
Bồ Ðề,Thị Huệ Bảo An,ex:monk/thi_hue_bao_an,1
về Việt,Thị Huệ Bảo An,ex:monk/thi_hue_bao_an,1
giữa thời,Thị Huệ Bảo An,ex:monk/thi_hue_bao_an,1
thôn Tịnh,Thị Huệ Bảo An,ex:monk/thi_hue_bao_an,1
nên khốc,Thị Huệ Bảo An,ex:monk/thi_hue_bao_an,1
ba tỉnh,Thị Huệ Bảo An,ex:monk/thi_hue_bao_an,1
Du Huyện,Thạch Thất Thiện Đạo,ex:monk/thach_that_thien_dao,1
nơi ta,Thạch Thất Thiện Đạo,ex:monk/thach_that_thien_dao,1
song hành,Thạch Thất Thiện Đạo,ex:monk/thach_that_thien_dao,1
cơ sở,Như Tuyết Lưu Đức,ex:monk/nhu_tuyet_luu_duc,1
充妙諦寺,Tánh Thiện An Cư,ex:monk/tanh_thien_an_cu,1
改修寺,Tánh Thiện An Cư,ex:monk/tanh_thien_an_cu,1
妙覺塔,Đạo Tâm Trung Hậu,ex:monk/dao_tam_trung_hau,1
壇那接武建瓦屋築芼堂,Đạo Tâm Trung Hậu,ex:monk/dao_tam_trung_hau,1
營正殿築前堂,Đạo Tâm Trung Hậu,ex:monk/dao_tam_trung_hau,1
lại nguy,Đạo Tâm Trung Hậu,ex:monk/dao_tam_trung_hau,1
lại như,Đạo Tâm Trung Hậu,ex:monk/dao_tam_trung_hau,1
đồ đạt,Đạo Tâm Trung Hậu,ex:monk/dao_tam_trung_hau,1
các xã,Đạo Tâm Trung Hậu,ex:monk/dao_tam_trung_hau,1
初西山,Đạo Tâm Trung Hậu,ex:monk/dao_tam_trung_hau,1
經奉敕禁寺,Đạo Tâm Trung Hậu,ex:monk/dao_tam_trung_hau,1
sửa lại,Đạo Tâm Trung Hậu,ex:monk/dao_tam_trung_hau,1
重建禪宗寺,Đạo Tâm Trung Hậu,ex:monk/dao_tam_trung_hau,1
lại tập,Đạo Tâm Trung Hậu,ex:monk/dao_tam_trung_hau,1
Tổ cho,Đạo Tâm Trung Hậu,ex:monk/dao_tam_trung_hau,1
hai huyện,Đạo Tâm Trung Hậu,ex:monk/dao_tam_trung_hau,1
tập I,Đạo Tâm Trung Hậu,ex:monk/dao_tam_trung_hau,1
lại rực,Đạo Tâm Trung Hậu,ex:monk/dao_tam_trung_hau,1
忠厚謚圓覺覺靈和尚之塔,Đạo Tâm Trung Hậu,ex:monk/dao_tam_trung_hau,1
thì ngài,Đạo Tâm Trung Hậu,ex:monk/dao_tam_trung_hau,1
nhưng thời,Tâm Hòa Thiên Thái,ex:monk/tam_hoa_thien_thai,1
Phương Trượng,Tâm Hòa Thiên Thái,ex:monk/tam_hoa_thien_thai,1
những nơi,Tâm Hòa Thiên Thái,ex:monk/tam_hoa_thien_thai,1
để sớm,Tâm Hòa Thiên Thái,ex:monk/tam_hoa_thien_thai,1
gia hay,Tâm Hòa Thiên Thái,ex:monk/tam_hoa_thien_thai,1
trường Mỹ,Tâm Hòa Thiên Thái,ex:monk/tam_hoa_thien_thai,1
Huế không,Tâm Hòa Thiên Thái,ex:monk/tam_hoa_thien_thai,1
An Lộc,Tâm Hòa Thiên Thái,ex:monk/tam_hoa_thien_thai,1
ra ở,Tâm Thông Quảng Huệ,ex:monk/tam_thong_quang_hue,1
trong hạnh,Tâm Thông Quảng Huệ,ex:monk/tam_thong_quang_hue,1
làng Khuông,Tâm Thông Quảng Huệ,ex:monk/tam_thong_quang_hue,1
ba miền,Tâm Thông Quảng Huệ,ex:monk/tam_thong_quang_hue,1
về Cực,Tâm Thông Quảng Huệ,ex:monk/tam_thong_quang_hue,1
ấp Bình,Tâm Thông Quảng Huệ,ex:monk/tam_thong_quang_hue,1
các phương,Tâm Thông Quảng Huệ,ex:monk/tam_thong_quang_hue,1
thành mảnh,Tâm Thông Quảng Huệ,ex:monk/tam_thong_quang_hue,1
nhỏ nằm,Tâm Thông Quảng Huệ,ex:monk/tam_thong_quang_hue,1
trong tánh,Tâm Thông Quảng Huệ,ex:monk/tam_thong_quang_hue,1
những chức,Tâm Thông Quảng Huệ,ex:monk/tam_thong_quang_hue,1
cái tấm,Tâm Thông Quảng Huệ,ex:monk/tam_thong_quang_hue,1
để cùng,Tâm Giải Tương Ưng,ex:monk/tam_giai_tuong_ung,1
đến năm,Tâm Giải Tương Ưng,ex:monk/tam_giai_tuong_ung,1
gia hữu,Tâm Giải Tương Ưng,ex:monk/tam_giai_tuong_ung,1
đất do,Tâm Giải Tương Ưng,ex:monk/tam_giai_tuong_ung,1
phối trí,Tâm Giải Tương Ưng,ex:monk/tam_giai_tuong_ung,1
hương thôn,Tiệm Nguyên Trọng Hưng,ex:monk/tiem_nguyen_trong_hung,1
ở hương,Tiệm Nguyên Trọng Hưng,ex:monk/tiem_nguyen_trong_hung,1
nơi hương,Tiệm Nguyên Trọng Hưng,ex:monk/tiem_nguyen_trong_hung,1
chùa nơi,Tiệm Nguyên Trọng Hưng,ex:monk/tiem_nguyen_trong_hung,1
chỗ pháp,Tiệm Nguyên Trọng Hưng,ex:monk/tiem_nguyen_trong_hung,1
Tịnh Độ,Thị Lợi Hạnh Lộc,ex:monk/thi_loi_hanh_loc,1
in tạp,Tâm Lương Diệu Hoằng,ex:monk/tam_luong_dieu_hoang,1
xưa hôm,Tâm Lương Diệu Hoằng,ex:monk/tam_luong_dieu_hoang,1
các vị,Tâm Lương Diệu Hoằng,ex:monk/tam_luong_dieu_hoang,1
Cố đô,Tâm Lương Diệu Hoằng,ex:monk/tam_luong_dieu_hoang,1
gia cũng,Tâm Lương Diệu Hoằng,ex:monk/tam_luong_dieu_hoang,1
đây là,Tâm Lương Diệu Hoằng,ex:monk/tam_luong_dieu_hoang,1
gia đình,Tâm Lương Diệu Hoằng,ex:monk/tam_luong_dieu_hoang,1
vùng đồng,Đại Thông Chánh Niệm,ex:monk/dai_thong_chanh_niem,1
đường Hoàng,Đại Thông Chánh Niệm,ex:monk/dai_thong_chanh_niem,1
cũ khoảng,Đại Thông Chánh Niệm,ex:monk/dai_thong_chanh_niem,1
rộng mềm,Đại Thông Chánh Niệm,ex:monk/dai_thong_chanh_niem,1
Chùa Tân,Đại Thông Chánh Niệm,ex:monk/dai_thong_chanh_niem,1
Cát,Đại Thông Chánh Niệm,ex:monk/dai_thong_chanh_niem,1
mới gồm,Đại Thông Chánh Niệm,ex:monk/dai_thong_chanh_niem,1
từ trên,Đại Thông Chánh Niệm,ex:monk/dai_thong_chanh_niem,1
nên nơi,Tâm Trí Viên Giác,ex:monk/tam_tri_vien_giac,1
bất cứ,Tâm Trí Viên Giác,ex:monk/tam_tri_vien_giac,1
lại phát,Tâm Trí Viên Giác,ex:monk/tam_tri_vien_giac,1
Hùng Nhĩ,Hùng Nhĩ Từ,ex:monk/hung_nhi_tu,1
hang Long,Hải Chánh Bảo Thanh,ex:monk/hai_chanh_bao_thanh,1
thuộc các,Hải Chánh Bảo Thanh,ex:monk/hai_chanh_bao_thanh,1
Long Điền,Hải Chánh Bảo Thanh,ex:monk/hai_chanh_bao_thanh,1
bài tựa,Hải Chánh Bảo Thanh,ex:monk/hai_chanh_bao_thanh,1
Núi Gò,Tánh Thông Giác Ngộ,ex:monk/tanh_thong_giac_ngo,1
phủ Gia,Tánh Thông Giác Ngộ,ex:monk/tanh_thong_giac_ngo,1
Hang ở,Tánh Thông Giác Ngộ,ex:monk/tanh_thong_giac_ngo,1
phải đổi,Tánh Thông Giác Ngộ,ex:monk/tanh_thong_giac_ngo,1
cũ trụ,Tánh Thông Giác Ngộ,ex:monk/tanh_thong_giac_ngo,1
Tháp,Tánh Thông Giác Ngộ,ex:monk/tanh_thong_giac_ngo,1
ở núi,Tánh Thông Giác Ngộ,ex:monk/tanh_thong_giac_ngo,1
đó từ,Tánh Thông Giác Ngộ,ex:monk/tanh_thong_giac_ngo,1
Hang trên,Tánh Thông Giác Ngộ,ex:monk/tanh_thong_giac_ngo,1
núi Cổ,Tánh Thông Giác Ngộ,ex:monk/tanh_thong_giac_ngo,1
Linh Hựu,Tánh Thông Giác Ngộ,ex:monk/tanh_thong_giac_ngo,1
khắp nước,Tánh Thông Giác Ngộ,ex:monk/tanh_thong_giac_ngo,1
đó ai,Tánh Thông Giác Ngộ,ex:monk/tanh_thong_giac_ngo,1
đâu trong,Tánh Thông Giác Ngộ,ex:monk/tanh_thong_giac_ngo,1
hướng nào,Tánh Thông Giác Ngộ,ex:monk/tanh_thong_giac_ngo,1
nhiều vùng,Tánh Thông Giác Ngộ,ex:monk/tanh_thong_giac_ngo,1
Giác hoàng,Tánh Thông Giác Ngộ,ex:monk/tanh_thong_giac_ngo,1
xóm Núi,Tánh Thông Giác Ngộ,ex:monk/tanh_thong_giac_ngo,1
chiền nơi,Tánh Thông Giác Ngộ,ex:monk/tanh_thong_giac_ngo,1
trên ban,Bảo Chân,ex:monk/bao_chan,1
chùa vào,Bảo Chân,ex:monk/bao_chan,1
yên trên,Bảo Chân,ex:monk/bao_chan,1
trong lùm,Bảo Chân,ex:monk/bao_chan,1
quanh đó,Bảo Chân,ex:monk/bao_chan,1
chùa Gò,Bảo Chân,ex:monk/bao_chan,1
chùa đó,Bảo Chân,ex:monk/bao_chan,1
thấy thiền,Bảo Chân,ex:monk/bao_chan,1
để tìm,Bảo Chân,ex:monk/bao_chan,1
đó trụ,Bảo Chân,ex:monk/bao_chan,1
và họ,Bảo Chân,ex:monk/bao_chan,1
lại thế,Bảo Chân,ex:monk/bao_chan,1
Gò Mọi,Bảo Chân,ex:monk/bao_chan,1
xin lỗi,Bảo Chân,ex:monk/bao_chan,1
núi chứa,Bảo Chân,ex:monk/bao_chan,1
nhà một,Bảo Chân,ex:monk/bao_chan,1
đỡ tượng,Bảo Chân,ex:monk/bao_chan,1
hang này,Bảo Chân,ex:monk/bao_chan,1
vào giờ,Bảo Chân,ex:monk/bao_chan,1
vùng Bà,Bảo Chân,ex:monk/bao_chan,1
ở quanh,Bảo Chân,ex:monk/bao_chan,1
chùa Vân,Bảo Chân,ex:monk/bao_chan,1
cửa thất,Bảo Chân,ex:monk/bao_chan,1
móc họng,Bảo Chân,ex:monk/bao_chan,1
Tuệ Lực,Tuệ Lực Ngộ,ex:monk/tue_luc_ngo,1
Lâm Giang,Tuệ Lực Ngộ,ex:monk/tue_luc_ngo,1
các Tăng,Thị Lạc Hưng Từ,ex:monk/thi_lac_hung_tu,1
Lạc Tánh,Thị Lạc Hưng Từ,ex:monk/thi_lac_hung_tu,1
Minh Sơn,Thị Lạc Hưng Từ,ex:monk/thi_lac_hung_tu,1
Miếu được,Từ Sơn Hành Nhất,ex:monk/tu_son_hanh_nhat,1
thác bản,Từ Sơn Hành Nhất,ex:monk/tu_son_hanh_nhat,1
đó là,Từ Sơn Hành Nhất,ex:monk/tu_son_hanh_nhat,1
Non Đông,Từ Sơn Hành Nhất,ex:monk/tu_son_hanh_nhat,1
tầng thứ,Từ Sơn Hành Nhất,ex:monk/tu_son_hanh_nhat,1
chùa Hòe,Từ Sơn Hành Nhất,ex:monk/tu_son_hanh_nhat,1
洪福寺,Từ Sơn Hành Nhất,ex:monk/tu_son_hanh_nhat,1
Quảng Nghiêm,Từ Sơn Hành Nhất,ex:monk/tu_son_hanh_nhat,1
Viện Nghiên,Từ Sơn Hành Nhất,ex:monk/tu_son_hanh_nhat,1
沙門如山,Từ Sơn Hành Nhất,ex:monk/tu_son_hanh_nhat,1
là tổ,Từ Sơn Hành Nhất,ex:monk/tu_son_hanh_nhat,1
圓明塔,Từ Sơn Hành Nhất,ex:monk/tu_son_hanh_nhat,1
lại phó,Từ Sơn Hành Nhất,ex:monk/tu_son_hanh_nhat,1
lại vấn,Từ Sơn Hành Nhất,ex:monk/tu_son_hanh_nhat,1
Tường Quang,Từ Sơn Hành Nhất,ex:monk/tu_son_hanh_nhat,1
Bút Tháp,Từ Sơn Hành Nhất,ex:monk/tu_son_hanh_nhat,1
Bằng,Từ Sơn Hành Nhất,ex:monk/tu_son_hanh_nhat,1
Đại Quang,Từ Sơn Hành Nhất,ex:monk/tu_son_hanh_nhat,1
Hương Ngãi,Từ Sơn Hành Nhất,ex:monk/tu_son_hanh_nhat,1
như Hòe,Từ Sơn Hành Nhất,ex:monk/tu_son_hanh_nhat,1
Vạn Phúc,Từ Sơn Hành Nhất,ex:monk/tu_son_hanh_nhat,1
Long Động,Từ Sơn Hành Nhất,ex:monk/tu_son_hanh_nhat,1
Phật Tích,Từ Sơn Hành Nhất,ex:monk/tu_son_hanh_nhat,1
đây chính,Từ Sơn Hành Nhất,ex:monk/tu_son_hanh_nhat,1
rừng Sư,Duy Tắc,ex:monk/duy_tac,1
Tô Châu,Duy Tắc,ex:monk/duy_tac,1
Bồ Đề,Duy Tắc,ex:monk/duy_tac,1
rộng tông,Duy Tắc,ex:monk/duy_tac,1
kho giúp,Tịnh Độ Duy Chính,ex:monk/tinh_do_duy_chinh,1
gắng sức,Tịnh Độ Duy Chính,ex:monk/tinh_do_duy_chinh,1
viện Tịnh,Tịnh Độ Duy Chính,ex:monk/tinh_do_duy_chinh,1
viện Tư,Tịnh Độ Duy Chính,ex:monk/tinh_do_duy_chinh,1
phủ có,Tịnh Độ Duy Chính,ex:monk/tinh_do_duy_chinh,1
hang cốc,Tịnh Độ Duy Chính,ex:monk/tinh_do_duy_chinh,1
lại cũng,Tịnh Độ Duy Chính,ex:monk/tinh_do_duy_chinh,1
lại viện,Tịnh Độ Duy Chính,ex:monk/tinh_do_duy_chinh,1
Tiền Đường,Tịnh Độ Duy Chính,ex:monk/tinh_do_duy_chinh,1
Hữu Ty,Tịnh Độ Duy Chính,ex:monk/tinh_do_duy_chinh,1
phong giải,Hải Nhu Tín Nhậm,ex:monk/hai_nhu_tin_nham,1
các ngôi,Hải Nhu Tín Nhậm,ex:monk/hai_nhu_tin_nham,1
四十世崇興廣濟寺,Hải Nhu Tín Nhậm,ex:monk/hai_nhu_tin_nham,1
tươi màu,Hải Nhu Tín Nhậm,ex:monk/hai_nhu_tin_nham,1
敕賜靈姥寺,Hải Nhu Tín Nhậm,ex:monk/hai_nhu_tin_nham,1
信公和尚寶塔,Hải Nhu Tín Nhậm,ex:monk/hai_nhu_tin_nham,1
đâu vẫn,Hải Trân Thụy Uyển,ex:monk/hai_tran_thuy_uyen,1
xã Tả,Hải Trân Thụy Uyển,ex:monk/hai_tran_thuy_uyen,1
Ngự viên,Nam An Nham Tự Nghiêm,ex:monk/nam_an_nham_tu_nghiem,1
thuộc viết,Nam An Nham Tự Nghiêm,ex:monk/nam_an_nham_tu_nghiem,1
gạch xây,Nam An Nham Tự Nghiêm,ex:monk/nam_an_nham_tu_nghiem,1
chùa Ngọa,Nam An Nham Tự Nghiêm,ex:monk/nam_an_nham_tu_nghiem,1
Tây Phong,Nam An Nham Tự Nghiêm,ex:monk/nam_an_nham_tu_nghiem,1
thuyền đi,Nam An Nham Tự Nghiêm,ex:monk/nam_an_nham_tu_nghiem,1
Nam Hải,Nam An Nham Tự Nghiêm,ex:monk/nam_an_nham_tu_nghiem,1
có vị,Nam An Nham Tự Nghiêm,ex:monk/nam_an_nham_tu_nghiem,1
dây neo,Nam An Nham Tự Nghiêm,ex:monk/nam_an_nham_tu_nghiem,1
núi ấy,Nam An Nham Tự Nghiêm,ex:monk/nam_an_nham_tu_nghiem,1
Kiến Hưng,Nam An Nham Tự Nghiêm,ex:monk/nam_an_nham_tu_nghiem,1
đó ba,Nam An Nham Tự Nghiêm,ex:monk/nam_an_nham_tu_nghiem,1
Ngọa Tượng,Nam An Nham Tự Nghiêm,ex:monk/nam_an_nham_tu_nghiem,1
xuống đều,Nam An Nham Tự Nghiêm,ex:monk/nam_an_nham_tu_nghiem,1
Giác Vương,Hưng Triệt,ex:monk/hung_triet,1
lại giúp,Hưng Triệt,ex:monk/hung_triet,1
lại Trung,Hưng Triệt,ex:monk/hung_triet,1
lại Đàng,Hưng Triệt,ex:monk/hung_triet,1
ngoài khơi,Thạch Liêm Đại Sán,ex:monk/thach_liem_dai_san,1
cửa điện,Thạch Liêm Đại Sán,ex:monk/thach_liem_dai_san,1
gia đìng,Thạch Liêm Đại Sán,ex:monk/thach_liem_dai_san,1
ngay chân,Thạch Liêm Đại Sán,ex:monk/thach_liem_dai_san,1
có tiện,Thạch Liêm Đại Sán,ex:monk/thach_liem_dai_san,1
ẩn mình,Thạch Liêm Đại Sán,ex:monk/thach_liem_dai_san,1
phương xa,Thạch Liêm Đại Sán,ex:monk/thach_liem_dai_san,1
ai tìm,Thạch Liêm Đại Sán,ex:monk/thach_liem_dai_san,1
chỗ hình,Thạch Liêm Đại Sán,ex:monk/thach_liem_dai_san,1
này tức,Thạch Liêm Đại Sán,ex:monk/thach_liem_dai_san,1
địa ngục,Thạch Liêm Đại Sán,ex:monk/thach_liem_dai_san,1
đàng trong,Thạch Liêm Đại Sán,ex:monk/thach_liem_dai_san,1
đường Giác,Thạch Liêm Đại Sán,ex:monk/thach_liem_dai_san,1
nơi việc,Thạch Liêm Đại Sán,ex:monk/thach_liem_dai_san,1
lớn do,Thạch Liêm Đại Sán,ex:monk/thach_liem_dai_san,1
cột trụ,Thạch Liêm Đại Sán,ex:monk/thach_liem_dai_san,1
các cuộc,Thạch Liêm Đại Sán,ex:monk/thach_liem_dai_san,1
một chữ,Thạch Liêm Đại Sán,ex:monk/thach_liem_dai_san,1
đó đoán,Thạch Liêm Đại Sán,ex:monk/thach_liem_dai_san,1
trong đời,Thạch Liêm Đại Sán,ex:monk/thach_liem_dai_san,1
vào Hội,Thạch Liêm Đại Sán,ex:monk/thach_liem_dai_san,1
đây bảo,Thạch Liêm Đại Sán,ex:monk/thach_liem_dai_san,1
thế xuất,Thạch Liêm Đại Sán,ex:monk/thach_liem_dai_san,1
cột kèo,Thạch Liêm Đại Sán,ex:monk/thach_liem_dai_san,1
ruột không,Thạch Liêm Đại Sán,ex:monk/thach_liem_dai_san,1
chỗ động,Thạch Liêm Đại Sán,ex:monk/thach_liem_dai_san,1
là vườn,Thạch Liêm Đại Sán,ex:monk/thach_liem_dai_san,1
nên hỗn,Thạch Liêm Đại Sán,ex:monk/thach_liem_dai_san,1
không hết,Thạch Liêm Đại Sán,ex:monk/thach_liem_dai_san,1
chỗ hữu,Thạch Liêm Đại Sán,ex:monk/thach_liem_dai_san,1
là Túy,Thạch Liêm Đại Sán,ex:monk/thach_liem_dai_san,1
một pháp,Thạch Liêm Đại Sán,ex:monk/thach_liem_dai_san,1
chỗ biết,Thạch Liêm Đại Sán,ex:monk/thach_liem_dai_san,1
đây dường,Thạch Liêm Đại Sán,ex:monk/thach_liem_dai_san,1
lại hỏi,Thạch Liêm Đại Sán,ex:monk/thach_liem_dai_san,1
một cõi,Thạch Liêm Đại Sán,ex:monk/thach_liem_dai_san,1
mé biển,Thạch Liêm Đại Sán,ex:monk/thach_liem_dai_san,1
bờ biển,Thạch Liêm Đại Sán,ex:monk/thach_liem_dai_san,1
về đảo,Thạch Liêm Đại Sán,ex:monk/thach_liem_dai_san,1
thu muộn,Thạch Liêm Đại Sán,ex:monk/thach_liem_dai_san,1
trên mặt,Thạch Liêm Đại Sán,ex:monk/thach_liem_dai_san,1
nhỏ để,Thạch Liêm Đại Sán,ex:monk/thach_liem_dai_san,1
quán dịch,Thạch Liêm Đại Sán,ex:monk/thach_liem_dai_san,1
Tây Phương,Thạch Liêm Đại Sán,ex:monk/thach_liem_dai_san,1
quan phủ,Thạch Liêm Đại Sán,ex:monk/thach_liem_dai_san,1
đón rước,Thạch Liêm Đại Sán,ex:monk/thach_liem_dai_san,1
cả trong,Thạch Liêm Đại Sán,ex:monk/thach_liem_dai_san,1
gót,Thạch Liêm Đại Sán,ex:monk/thach_liem_dai_san,1
thâu thuế,Thạch Liêm Đại Sán,ex:monk/thach_liem_dai_san,1
rộng Phật,Thạch Liêm Đại Sán,ex:monk/thach_liem_dai_san,1
đánh chuông,Thạch Liêm Đại Sán,ex:monk/thach_liem_dai_san,1
hai tăng,Thạch Liêm Đại Sán,ex:monk/thach_liem_dai_san,1
bên giỏ,Thạch Liêm Đại Sán,ex:monk/thach_liem_dai_san,1
chỗ thể,Thạch Liêm Đại Sán,ex:monk/thach_liem_dai_san,1
đây trình,Thạch Liêm Đại Sán,ex:monk/thach_liem_dai_san,1
rộng tín,Thạch Liêm Đại Sán,ex:monk/thach_liem_dai_san,1
trong vòng,Thạch Liêm Đại Sán,ex:monk/thach_liem_dai_san,1
Phật,Thạch Liêm Đại Sán,ex:monk/thach_liem_dai_san,1
ra rước,Thạch Liêm Đại Sán,ex:monk/thach_liem_dai_san,1
"cổ
Rồng",Thạch Liêm Đại Sán,ex:monk/thach_liem_dai_san,1
bóng dương,Thạch Liêm Đại Sán,ex:monk/thach_liem_dai_san,1
đâu,Thạch Liêm Đại Sán,ex:monk/thach_liem_dai_san,1
gần Xưởng,Thạch Liêm Đại Sán,ex:monk/thach_liem_dai_san,1
lại tàu,Thạch Liêm Đại Sán,ex:monk/thach_liem_dai_san,1
hành lý,Thạch Liêm Đại Sán,ex:monk/thach_liem_dai_san,1
lại tâm,Thạch Liêm Đại Sán,ex:monk/thach_liem_dai_san,1
đàn truyền,Thạch Liêm Đại Sán,ex:monk/thach_liem_dai_san,1
trước núi,Thạch Liêm Đại Sán,ex:monk/thach_liem_dai_san,1
sáng rộng,Thạch Liêm Đại Sán,ex:monk/thach_liem_dai_san,1
do các,Thạch Liêm Đại Sán,ex:monk/thach_liem_dai_san,1
trên động,Thạch Liêm Đại Sán,ex:monk/thach_liem_dai_san,1
vùng bờ,Thạch Liêm Đại Sán,ex:monk/thach_liem_dai_san,1
Trường thọ,Thạch Liêm Đại Sán,ex:monk/thach_liem_dai_san,1
tự ngày,Thạch Liêm Đại Sán,ex:monk/thach_liem_dai_san,1
Thượng Lâm,Thạch Liêm Đại Sán,ex:monk/thach_liem_dai_san,1
Quảng Đông,Thạch Liêm Đại Sán,ex:monk/thach_liem_dai_san,1
Vĩnh Hòa,Thạch Liêm Đại Sán,ex:monk/thach_liem_dai_san,1
các Vương,Thạch Liêm Đại Sán,ex:monk/thach_liem_dai_san,1
đầu thuyền,Thạch Liêm Đại Sán,ex:monk/thach_liem_dai_san,1
hội A,Thạch Liêm Đại Sán,ex:monk/thach_liem_dai_san,1
trường về,Thạch Liêm Đại Sán,ex:monk/thach_liem_dai_san,1
Chùa Di,Thạch Liêm Đại Sán,ex:monk/thach_liem_dai_san,1
giữa sông,Thạch Liêm Đại Sán,ex:monk/thach_liem_dai_san,1
bốn mươi,Thạch Liêm Đại Sán,ex:monk/thach_liem_dai_san,1
rước Hòa,Thạch Liêm Đại Sán,ex:monk/thach_liem_dai_san,1
quá chất,Thạch Liêm Đại Sán,ex:monk/thach_liem_dai_san,1
lại Đại,Thạch Liêm Đại Sán,ex:monk/thach_liem_dai_san,1
lên,Thạch Liêm Đại Sán,ex:monk/thach_liem_dai_san,1
cửa thiền,Thạch Liêm Đại Sán,ex:monk/thach_liem_dai_san,1
chung,Thạch Liêm Đại Sán,ex:monk/thach_liem_dai_san,1
Thanh Viễn,Thạch Liêm Đại Sán,ex:monk/thach_liem_dai_san,1
chỗ náo,Thạch Liêm Đại Sán,ex:monk/thach_liem_dai_san,1
tỉnh Giang,Thạch Liêm Đại Sán,ex:monk/thach_liem_dai_san,1
hậu điện,Thạch Liêm Đại Sán,ex:monk/thach_liem_dai_san,1
nửa chừng,Thạch Liêm Đại Sán,ex:monk/thach_liem_dai_san,1
Điện phía,Thạch Liêm Đại Sán,ex:monk/thach_liem_dai_san,1
chỗ hỏi,Thạch Liêm Đại Sán,ex:monk/thach_liem_dai_san,1
làm sãi,Thạch Liêm Đại Sán,ex:monk/thach_liem_dai_san,1
khá chật,Thạch Liêm Đại Sán,ex:monk/thach_liem_dai_san,1
ngôi Vua,Thạch Liêm Đại Sán,ex:monk/thach_liem_dai_san,1
thẳng bước,Thạch Liêm Đại Sán,ex:monk/thach_liem_dai_san,1
làm tăng,Thạch Liêm Đại Sán,ex:monk/thach_liem_dai_san,1
điện thờ,Thạch Liêm Đại Sán,ex:monk/thach_liem_dai_san,1
đây ít,Thạch Liêm Đại Sán,ex:monk/thach_liem_dai_san,1
chiền khắp,Thạch Liêm Đại Sán,ex:monk/thach_liem_dai_san,1
trần mang,Thạch Liêm Đại Sán,ex:monk/thach_liem_dai_san,1
Hòa Thượng,Thạch Liêm Đại Sán,ex:monk/thach_liem_dai_san,1
Nội viện,Thạch Liêm Đại Sán,ex:monk/thach_liem_dai_san,1
đây hằng,Thạch Liêm Đại Sán,ex:monk/thach_liem_dai_san,1
cho mọi,Thạch Liêm Đại Sán,ex:monk/thach_liem_dai_san,1
về niết,Thạch Liêm Đại Sán,ex:monk/thach_liem_dai_san,1
mưa hoa,Thạch Liêm Đại Sán,ex:monk/thach_liem_dai_san,1
lại đi,Thạch Liêm Đại Sán,ex:monk/thach_liem_dai_san,1
nầy như,Quả Hoằng Hưng Liên,ex:monk/qua_hoang_hung_lien,1
rộng chùa,Quả Hoằng Hưng Liên,ex:monk/qua_hoang_hung_lien,1
này trở,Quả Hoằng Hưng Liên,ex:monk/qua_hoang_hung_lien,1
chùa nầy,Quả Hoằng Hưng Liên,ex:monk/qua_hoang_hung_lien,1
nên rộng,Quả Hoằng Hưng Liên,ex:monk/qua_hoang_hung_lien,1
sen xanh,Cs Thiều Dương Hầu,ex:monk/cs_thieu_duong_hau,1
lui lại,Cs Thiều Dương Hầu,ex:monk/cs_thieu_duong_hau,1
Bửu Nghiêm,Toàn Tánh Chánh Ðắc,ex:monk/toan_tanh_chanh_ac,1
nhưng không,Toàn Tánh Chánh Ðắc,ex:monk/toan_tanh_chanh_ac,1
cũ mà,Toàn Tánh Chánh Ðắc,ex:monk/toan_tanh_chanh_ac,1
chùa Tập,Toàn Tánh Chánh Ðắc,ex:monk/toan_tanh_chanh_ac,1
lại xuống,Hạnh Đạo Chủng Hoa,ex:monk/hanh_dao_chung_hoa,1
thì Ni,Hạnh Đạo Chủng Hoa,ex:monk/hanh_dao_chung_hoa,1
và nơi,Hạnh Đạo Chủng Hoa,ex:monk/hanh_dao_chung_hoa,1
Hòa Quang,Hạnh Đạo Chủng Hoa,ex:monk/hanh_dao_chung_hoa,1
Duy Sơn,Hạnh Đạo Chủng Hoa,ex:monk/hanh_dao_chung_hoa,1
chùa Liên,Như Thọ Bửu Lâm,ex:monk/nhu_tho_buu_lam,1
chùa Bửu,Như Thọ Bửu Lâm,ex:monk/nhu_tho_buu_lam,1
đường Nam,Minh Hoàng Tử Dung,ex:monk/minh_hoang_tu_dung,1
Đằng trong,Minh Hoàng Tử Dung,ex:monk/minh_hoang_tu_dung,1
góc vườn,Minh Hoàng Tử Dung,ex:monk/minh_hoang_tu_dung,1
làm hai,Minh Hoàng Tử Dung,ex:monk/minh_hoang_tu_dung,1
do Tử,Minh Hoàng Tử Dung,ex:monk/minh_hoang_tu_dung,1
ban đầu,Minh Hoàng Tử Dung,ex:monk/minh_hoang_tu_dung,1
Sơ Tổ,Minh Hoàng Tử Dung,ex:monk/minh_hoang_tu_dung,1
vào đời,Minh Hoàng Tử Dung,ex:monk/minh_hoang_tu_dung,1
phủ Bình,Minh Hoàng Tử Dung,ex:monk/minh_hoang_tu_dung,1
chu đáo,Minh Hoàng Tử Dung,ex:monk/minh_hoang_tu_dung,1
tại sắc,Thiệt Vinh Bửu Hạnh,ex:monk/thiet_vinh_buu_hanh,1
nhỏ trên,Tôn Giả Phật Đà Nan Đề,ex:monk/phat_da_nan_de,1
lại tồ,Tôn Giả Phật Đà Nan Đề,ex:monk/phat_da_nan_de,1
Bản Quận,Quảng Phước Ðạo Cần,ex:monk/quang_phuoc_ao_can,1
lộ chẳng,Phước Châu Phổ Quang,ex:monk/phuoc_chau_pho_quang,1
Tư Quốc,Tư Quốc Viên Tấn,ex:monk/tu_quoc_vien_tan,1
Vân Đài,Vân Đài Linh Sầm,ex:monk/van_dai_linh_sam,1
sao đương,Tân La Đại Lãnh,ex:monk/tan_la_dai_lanh,1
Thiền Sơn,TT Ðồng Viên Viên Ðức,ex:monk/tt_ong_vien_vien_uc,1
làng Ðịnh,TT Ðồng Viên Viên Ðức,ex:monk/tt_ong_vien_vien_uc,1
Học viện,TT Ðồng Viên Viên Ðức,ex:monk/tt_ong_vien_vien_uc,1
Tăng viện,TT Ðồng Viên Viên Ðức,ex:monk/tt_ong_vien_vien_uc,1
năm xưa,Tiên Đề Chơn Phẩm,ex:monk/tien_de_chon_pham,1
Bưng Đỉa,Tiên Đề Chơn Phẩm,ex:monk/tien_de_chon_pham,1
như miền,Tiên Đề Chơn Phẩm,ex:monk/tien_de_chon_pham,1
đã xây,Tiên Đề Chơn Phẩm,ex:monk/tien_de_chon_pham,1
núi Điện,Tiên Đề Chơn Phẩm,ex:monk/tien_de_chon_pham,1
Tổ Đỉa,Tiên Đề Chơn Phẩm,ex:monk/tien_de_chon_pham,1
Văn Hoá,Tiên Đề Chơn Phẩm,ex:monk/tien_de_chon_pham,1
Thủ Đức,Tiên Đề Chơn Phẩm,ex:monk/tien_de_chon_pham,1
để làm,Tiên Đề Chơn Phẩm,ex:monk/tien_de_chon_pham,1
gian tranh,Tiên Đề Chơn Phẩm,ex:monk/tien_de_chon_pham,1
độ khoảng,Tiên Đề Chơn Phẩm,ex:monk/tien_de_chon_pham,1
Bà Tang,Tiên Đề Chơn Phẩm,ex:monk/tien_de_chon_pham,1
tưởng niệm,Tiên Đề Chơn Phẩm,ex:monk/tien_de_chon_pham,1
ven,Tiên Đề Chơn Phẩm,ex:monk/tien_de_chon_pham,1
về bản,Tiên Thường Viên Trừng,ex:monk/tien_thuong_vien_trung,1
chiền hang,Tiên Thường Viên Trừng,ex:monk/tien_thuong_vien_trung,1
riêng biệt,Tiên Thường Viên Trừng,ex:monk/tien_thuong_vien_trung,1
đều có,Tiên Thường Viên Trừng,ex:monk/tien_thuong_vien_trung,1
các hòn,Tiên Thường Viên Trừng,ex:monk/tien_thuong_vien_trung,1
mỗi chùa,Tiên Thường Viên Trừng,ex:monk/tien_thuong_vien_trung,1
thờ tự,Tiên Thường Viên Trừng,ex:monk/tien_thuong_vien_trung,1
định ước,Tiên Thường Viên Trừng,ex:monk/tien_thuong_vien_trung,1
cửa Vân,Tiên Thường Viên Trừng,ex:monk/tien_thuong_vien_trung,1
Nhà thờ,Tiên Thường Viên Trừng,ex:monk/tien_thuong_vien_trung,1
chùa Trang,Tiên Thường Viên Trừng,ex:monk/tien_thuong_vien_trung,1
hành cung,Tiên Thường Viên Trừng,ex:monk/tien_thuong_vien_trung,1
một lần,Tiên Thường Viên Trừng,ex:monk/tien_thuong_vien_trung,1
xứ cát,Tiên Thường Viên Trừng,ex:monk/tien_thuong_vien_trung,1
quan đã,Tiên Thường Viên Trừng,ex:monk/tien_thuong_vien_trung,1
vẫn duy,Tiên Thường Viên Trừng,ex:monk/tien_thuong_vien_trung,1
động Huyền,Tiên Thường Viên Trừng,ex:monk/tien_thuong_vien_trung,1
không lệ,Tiên Thường Viên Trừng,ex:monk/tien_thuong_vien_trung,1
động Hóa,Tiên Thường Viên Trừng,ex:monk/tien_thuong_vien_trung,1
xứ Bà,Tiên Thường Viên Trừng,ex:monk/tien_thuong_vien_trung,1
trên để,Tiên Thường Viên Trừng,ex:monk/tien_thuong_vien_trung,1
lợp ngói,Tiên Thường Viên Trừng,ex:monk/tien_thuong_vien_trung,1
đầu giường,Tiên Thường Viên Trừng,ex:monk/tien_thuong_vien_trung,1
Trang Nghiêm,Tiên Thường Viên Trừng,ex:monk/tien_thuong_vien_trung,1
Ứng Chân,Tiên Thường Viên Trừng,ex:monk/tien_thuong_vien_trung,1
đây vào,Tiên Thường Viên Trừng,ex:monk/tien_thuong_vien_trung,1
đây đang,Tiên Thường Viên Trừng,ex:monk/tien_thuong_vien_trung,1
nói trên,Tiên Thường Viên Trừng,ex:monk/tien_thuong_vien_trung,1
kho Quảng,Tiên Thường Viên Trừng,ex:monk/tien_thuong_vien_trung,1
ở Ngũ,Tiên Thường Viên Trừng,ex:monk/tien_thuong_vien_trung,1
cho vị,Tiên Thường Viên Trừng,ex:monk/tien_thuong_vien_trung,1
đều biết,Tiên Thường Viên Trừng,ex:monk/tien_thuong_vien_trung,1
giữa thế,Tiên Thường Viên Trừng,ex:monk/tien_thuong_vien_trung,1
Từ Tâm,Tiên Thường Viên Trừng,ex:monk/tien_thuong_vien_trung,1
thờ,Tiên Thường Viên Trừng,ex:monk/tien_thuong_vien_trung,1
miếu ở,Tiên Thường Viên Trừng,ex:monk/tien_thuong_vien_trung,1
lại Ngũ,Tiên Thường Viên Trừng,ex:monk/tien_thuong_vien_trung,1
các núi,Tiên Thường Viên Trừng,ex:monk/tien_thuong_vien_trung,1
thành quốc,Tiên Thường Viên Trừng,ex:monk/tien_thuong_vien_trung,1
điểm cao,Tiên Thường Viên Trừng,ex:monk/tien_thuong_vien_trung,1
Vũ Khố,Tiên Thường Viên Trừng,ex:monk/tien_thuong_vien_trung,1
khu vực,Tiên Thường Viên Trừng,ex:monk/tien_thuong_vien_trung,1
hai quốc,Tiên Thường Viên Trừng,ex:monk/tien_thuong_vien_trung,1
chiền Ngũ,Tiên Thường Viên Trừng,ex:monk/tien_thuong_vien_trung,1
một tấm,Tiên Thường Viên Trừng,ex:monk/tien_thuong_vien_trung,1
mang đạo,Tiên Thường Viên Trừng,ex:monk/tien_thuong_vien_trung,1
trước kia,Tiên Thường Viên Trừng,ex:monk/tien_thuong_vien_trung,1
động thiên,Tiên Thường Viên Trừng,ex:monk/tien_thuong_vien_trung,1
một điểm,Tiên Thường Viên Trừng,ex:monk/tien_thuong_vien_trung,1
xây dựng,Tiên Thường Viên Trừng,ex:monk/tien_thuong_vien_trung,1
đâu và,Tiên Thường Viên Trừng,ex:monk/tien_thuong_vien_trung,1
đây đều,Tiên Thường Viên Trừng,ex:monk/tien_thuong_vien_trung,1
điện Thái,Tiên Thường Viên Trừng,ex:monk/tien_thuong_vien_trung,1
Quảng An,Đại Hồng Khánh Hiển,ex:monk/dai_hong_khanh_hien,1
Đa Bảo,Thị Tư Hạnh Phước,ex:monk/thi_tu_hanh_phuoc,1
Phú Đa,Thị Tư Hạnh Phước,ex:monk/thi_tu_hanh_phuoc,1
Giác Lâm,Thị Tư Hạnh Phước,ex:monk/thi_tu_hanh_phuoc,1
Liên Trì,Thị Ngọc Hạnh Châu,ex:monk/thi_ngoc_hanh_chau,1
Thăng Bình,Chương Tuấn Quảng Văn,ex:monk/chuong_tuan_quang_van,1
Long Thiền,Thị Mẫn Quang Phúc,ex:monk/thi_man_quang_phuc,1
Vĩnh Lộc,Thị Mẫn Quang Phúc,ex:monk/thi_man_quang_phuc,1
Hòa Quang,Thị Mẫn Quang Phúc,ex:monk/thi_man_quang_phuc,1
bên tháp,Như Triện Trí Nhãn,ex:monk/nhu_trien_tri_nhan,1
bổn quốc,Tiên Thiên,ex:monk/tien_thien,1
miệng trở,Hoa Nghiêm Huệ Lan,ex:monk/hoa_nghiem_hue_lan,1
năm cánh,Hoa Nghiêm Huệ Lan,ex:monk/hoa_nghiem_hue_lan,1
ngược tay,Hoa Nghiêm Huệ Lan,ex:monk/hoa_nghiem_hue_lan,1
và nông,Thị Tiết Hạnh Phong,ex:monk/thi_tiet_hanh_phong,1
Phước Duyên,Thị Tiết Hạnh Phong,ex:monk/thi_tiet_hanh_phong,1
Bồ Đề,Thị Nguyên Phước Huệ,ex:monk/thi_nguyen_phuoc_hue,1
Siêu Hóa,Siêu Hóa Tảo,ex:monk/sieu_hoa_tao,1
giáp Phổ,Như Giác Tôn Hội,ex:monk/nhu_giac_ton_hoi,1
quận Hải,Như Hiến Huệ Hựu,ex:monk/nhu_hien_hue_huu,1
nhỏ với,Như Hoàn Huệ Tràng,ex:monk/nhu_hoan_hue_trang,1
Chợ Lớn,Như Khanh Huệ Tiên,ex:monk/nhu_khanh_hue_tien,1
thôn Tứ,Như Lâm Minh Trí,ex:monk/nhu_lam_minh_tri,1
thì thượng,Như Lâm Minh Trí,ex:monk/nhu_lam_minh_tri,1
chùa Hoa,Như Thị Huệ Oai,ex:monk/nhu_thi_hue_oai,1
chùa Khánh,Như Trạch Bảo Đảnh,ex:monk/nhu_trach_bao_danh,1
chùa Hưng,Như Trạch Bảo Đảnh,ex:monk/nhu_trach_bao_danh,1
xã Nghi,Như Trạch Huệ Lâm,ex:monk/nhu_trach_hue_lam,1
đây từ,Tâm Đương Nhất Tâm,ex:monk/tam_duong_nhat_tam,1
làng Lộc,Tâm Đương Nhất Tâm,ex:monk/tam_duong_nhat_tam,1
các chùa,Thị Hải Chánh Niệm,ex:monk/thi_hai_chanh_niem,1
thôn Bàn,Thị Hải Chánh Niệm,ex:monk/thi_hai_chanh_niem,1
Giác Minh,Thị Nguyện Thanh Quang,ex:monk/thi_nguyen_thanh_quang,1
Phật Quang,Thị Nguyện Thanh Quang,ex:monk/thi_nguyen_thanh_quang,1
Giác Ngộ,Thị Nhật Hạnh Đạt,ex:monk/thi_nhat_hanh_dat,1
Giác Sanh,Thị Nhật Hạnh Đạt,ex:monk/thi_nhat_hanh_dat,1
Sơn Linh,Thị Phước Tuệ Viên,ex:monk/thi_phuoc_tue_vien,1
tỉnh Bình,Thị Quang Huệ Minh,ex:monk/thi_quang_hue_minh,1
chùa Phú,Thị Quang Huệ Minh,ex:monk/thi_quang_hue_minh,1
Ân Triêm,Thị Tập Huệ Thông,ex:monk/thi_tap_hue_thong,1
Phước Ân,Thị Tập Huệ Thông,ex:monk/thi_tap_hue_thong,1
Trà Sơn,Thị Thiện Đoan Nghiêm,ex:monk/thi_thien_doan_nghiem,1
châu Kim,Thị Trung Ngộ Thông,ex:monk/thi_trung_ngo_thong,1
Kim Bồng,Thị Trung Ngộ Thông,ex:monk/thi_trung_ngo_thong,1
